old_id,resource_id,tileid,nodegroup,Unnamed: 4
,,,dhim_1_dhif_2_has_parent  (n),
22995,99325117-67ee-45e1-8dca-8e8bcc8ea219,,,
22996,63d5fab1-c8b3-46ba-9c1e-5c3b94731e97,,,
22998,0b508650-d009-4392-9fd9-16ff3c3caa74,,,
22999,5e5a977e-9aef-4cd2-b697-556cbb136aa8,,,
23000,145c7226-6bf0-42f1-9d07-2dc4e07abc96,,,
23001,f10b1446-eda1-4eb8-8443-7c1cef76d2b8,,,
23002,27958a94-436f-4d83-bd94-793985fb620a,,,
23003,4e9aa1a4-906c-401d-8db3-92464c16e8f9,,,
23004,db535961-f6a8-444e-91c0-51ea9b8d8e91,,,
23005,2a5b71a8-1da8-4b47-a72a-ea230184f134,,,
23006,5163e067-524c-45ad-a311-0f948f694f44,,,
23007,41e473e8-4ed2-4d4a-87f4-fa3f13cb7836,,,
23008,0e2a5eee-e886-403c-b18d-a4724e40785b,,,
23010,abb9f25d-8b50-4baf-a8d0-478a97c91bc0,,,
23011,646318c1-baa9-47f9-99e9-6f53630bbe45,,,
23012,d01244fb-92c1-485d-9655-558327dfa9a9,,,
23013,ee2a9746-357b-4f3e-a3f0-d950e7048330,,,
23014,b8b98473-484e-4dc0-9e71-333bff03c301,,,
23015,d8aef0d5-01ff-4ad1-b13c-bdc800459b0d,,,
23016,2e85f439-99d1-4d3a-b90b-e518519ee836,,,[{'resourceId': '69256881-6082-4627-93d0-466728d9124c'}]
23017,30d92a95-c6d1-4c56-876c-7c0cc1dd6b44,,,
23018,3e99b304-3f0c-42bf-a7fc-09ca188b36a4,,,
23019,679a1e85-3735-4c5f-99f2-5ac9ce5f92a2,,,
23020,a6b945e0-08f1-4367-a1f9-d75e7ec68e21,,,[{'resourceId': '646318c1-baa9-47f9-99e9-6f53630bbe45'}]
23021,14c007a3-fd30-40cc-b1dd-174dd9d7aef8,,,
23022,a3602b87-b753-4c97-be3c-4a0fe22422e4,,,
23023,feb86792-edd8-4feb-8d5f-d5a42fcdfbae,,,
23024,f19bf547-487b-4b91-93c6-95483b41c993,,,
23025,33080be5-40fc-43f0-b182-3aaa2a484585,,,
23026,028bd9c3-794a-4594-b344-cb62e48e1da4,,,
23027,97604369-9666-41dc-b275-11340c367983,,,
23029,e78beb8e-6df8-4f09-888d-a952742368a8,,,
23030,4f7cd4a9-33b5-4627-b1bb-55b194e7b3a0,,,
23031,97076705-7c38-4757-930e-c625c7ec6d53,,,
23032,70e5174f-e17a-4acf-8821-37a4aecd022e,,,
23034,b167b2a6-43ef-452a-ba0c-f70ed716ada8,,,[{'resourceId': '0b508650-d009-4392-9fd9-16ff3c3caa74'}]
23035,69256881-6082-4627-93d0-466728d9124c,,,
23036,6694b635-2ab0-452c-8619-4e84efe2ae7f,,,
23037,a6545e12-744e-453d-bc9e-d0e12ec3071f,,,
23038,71ef6995-d100-4c94-a69d-77ab81f4e12b,,,
23039,05e88f7e-c475-474e-981f-b94e77bb30df,,,
23040,960e91f9-75e8-4419-a600-d5e54db80ffc,,,
23041,635037b9-8368-4fbf-9f25-244324d656d3,,,
23042,f447cf9f-24c6-410f-9b9f-0b65661e0af8,,,
23043,c2ea2eda-53d4-47c4-a4f1-5b54e6a89073,,,
23044,1bed15d1-5660-49e9-871c-a6eede394725,,,
23045,1633f4a3-a6d4-4866-94cf-342c55f22768,,,
23046,3871ad32-4e6c-492e-a1fd-a85d6d747343,,,
23047,fdb61d25-5ed0-4327-998e-1d9e54be6bef,,,
23048,25919037-acc7-4a22-822f-7669d7f382dc,,,
23049,8a80ccc0-6449-4e4c-93ad-b1dfa53d5ce5,,,
23050,5c9d7cbf-dcab-4caa-99fc-672c97273134,,,
23051,a2abfc4f-e83b-40bb-9e25-021101767ee9,,,
23052,3ec5ce17-8fcb-44f9-84fb-fe114c1904b7,,,
23053,76314e7b-cd33-4cb9-aedb-ac9ebbb24109,,,[{'resourceId': 'eb32158a-18f1-499e-9f95-29dcc6c1da60'}]
23054,d0ac0c3b-809b-4d46-9b3e-7578b33ef04c,,,[{'resourceId': '934abdae-43f4-497f-bcdc-0cedd05267cc'}]
23055,b872f4cf-2960-4a23-8633-8c98cef3e3e9,,,
23056,9acf8f2f-4edb-4d5f-b5fd-7ae7a739b8a7,,,
23057,da066736-02cc-4273-9c38-e74ebdf1b98e,,,
23058,bcb79a1a-c2e8-42f1-9f5a-38a143a67307,,,[{'resourceId': 'b52ced45-bbab-4474-a8d8-552c129b48e4'}]
23059,1fc36760-2f9d-4b09-aae7-41b374926b27,,,
23060,df5b7f51-d6db-45f1-8712-9ad9355561f5,,,
23061,459f7de8-62a0-4005-8ca8-ba63e4f48678,,,
23062,7803028c-2db4-440f-9fb4-a546b0ec4a2b,,,
23063,b39cef99-4c67-4711-81a2-476897a34e0f,,,
23064,188d535a-1bd8-4f16-aef9-01d5bd339cc9,,,[{'resourceId': 'b39cef99-4c67-4711-81a2-476897a34e0f'}]
23065,2d251b92-d5ab-499a-80db-450e306ac801,,,[{'resourceId': 'd04f1a86-d0d0-4914-9e23-cdf3d9ca0881'}]
23067,0bba6e5f-f792-44be-bda2-334fd6e203fc,,,
23068,c9cd3a09-dd07-43da-8a2a-8d0c680162e8,,,[{'resourceId': '0bba6e5f-f792-44be-bda2-334fd6e203fc'}]
23069,03fd1b5e-c760-439d-bed6-935f039de9ef,,,
23070,29a91ac5-2592-4711-b342-d23823c0ecbf,,,[{'resourceId': '03fd1b5e-c760-439d-bed6-935f039de9ef'}]
23071,982472cc-4af6-425d-8b4e-600c13312ee9,,,[{'resourceId': 'd6aeca3a-04e0-4771-95aa-930b02b1d9dc'}]
23072,d6aeca3a-04e0-4771-95aa-930b02b1d9dc,,,
23073,9dbc2e65-6dd3-4a6f-af56-4c9f82966fd3,,,
23074,3fe160f7-90ad-462d-8a01-679ef876c0e3,,,[{'resourceId': '9dbc2e65-6dd3-4a6f-af56-4c9f82966fd3'}]
23075,71760824-7560-4f3a-83db-ba5a00c2ce89,,,[{'resourceId': '016628e8-60c6-4679-8c29-68823566e8cf'}]
23076,016628e8-60c6-4679-8c29-68823566e8cf,,,
23077,f09fd712-902d-4850-a253-3d5f2b003a95,,,
23078,793b2b66-4cf5-402c-889b-ff233bb6d546,,,[{'resourceId': 'f09fd712-902d-4850-a253-3d5f2b003a95'}]
23079,898855ec-9c58-4b5d-8342-4636f2e3c53f,,,
23080,5732559b-b61e-4224-9ba1-3047b719573c,,,
23081,fb3f55ac-052d-4ccd-b536-1577b5f46075,,,[{'resourceId': '5732559b-b61e-4224-9ba1-3047b719573c'}]
23082,9ce1301a-a286-4124-a7da-3214476deb06,,,
23083,c9d11660-9fc8-4c28-b1b8-d4613650f36f,,,[{'resourceId': '9ce1301a-a286-4124-a7da-3214476deb06'}]
23084,6b069911-6c1a-4f45-b1e9-fe8d3df5c4ba,,,
23085,88d229a1-97e9-4e47-b698-235ea92fd8d3,,,[{'resourceId': '6b069911-6c1a-4f45-b1e9-fe8d3df5c4ba'}]
23086,e0e125d2-f04f-40c9-97dd-74c93390ab8a,,,
23089,0d906b2d-4578-4c6c-bdd8-97f49cf73d60,,,[{'resourceId': '87e8296b-aab1-4ddd-9887-d556af696d4a'}]
23090,87e8296b-aab1-4ddd-9887-d556af696d4a,,,
23092,bac3b170-437e-4d00-ac2d-6697367cb16e,,,[{'resourceId': '56200512-0aa5-4924-91e9-6b7d220635fd'}]
23093,56200512-0aa5-4924-91e9-6b7d220635fd,,,[{'resourceId': '9cf5fe25-b462-49d7-8df8-961c69a89bd4'}]
23093,56200512-0aa5-4924-91e9-6b7d220635fd,,,[{'resourceId': 'a2b3ccc7-4663-4e76-8ec7-bc59c769ab4e'}]
23094,8331d4c8-7096-4ee1-ae13-95f3c41d9b74,,,[{'resourceId': 'b9431f18-fc22-4fc0-a7a3-57effab46adf'}]
23095,9cf5fe25-b462-49d7-8df8-961c69a89bd4,,,
23096,a5816aba-0118-4cff-9630-cf30680e1234,,,[{'resourceId': '9cf5fe25-b462-49d7-8df8-961c69a89bd4'}]
23096,a5816aba-0118-4cff-9630-cf30680e1234,,,[{'resourceId': 'a2b3ccc7-4663-4e76-8ec7-bc59c769ab4e'}]
23097,be7dbb5d-c151-4253-9e9e-2b3a48f7c962,,,[{'resourceId': 'f1423284-1a9c-4b38-b950-4ef13a91852e'}]
23098,6ee16680-2bdf-40b2-9d5a-b0751ea56aa9,,,[{'resourceId': 'a5816aba-0118-4cff-9630-cf30680e1234'}]
23099,ae9e343b-54f8-418d-9ec9-bae0b3396918,,,[{'resourceId': '53c70939-10a9-4db7-a6c3-e982cf97af9e'}]
23100,b9431f18-fc22-4fc0-a7a3-57effab46adf,,,[{'resourceId': 'a5816aba-0118-4cff-9630-cf30680e1234'}]
23101,53c70939-10a9-4db7-a6c3-e982cf97af9e,,,[{'resourceId': 'a5816aba-0118-4cff-9630-cf30680e1234'}]
23102,f1423284-1a9c-4b38-b950-4ef13a91852e,,,[{'resourceId': '53c70939-10a9-4db7-a6c3-e982cf97af9e'}]
23103,b0170d3e-387f-49b5-9b8a-41e1073cbb89,,,
23104,5aa58604-3250-4275-abbc-8c241b190290,,,[{'resourceId': 'b0170d3e-387f-49b5-9b8a-41e1073cbb89'}]
23106,314c8177-969d-4d4e-bc09-4c3e2712f468,,,
23108,0dc956c6-b279-446b-97cc-8cf115f66343,,,
23109,adf741f3-89df-4728-881a-437e5d60a83b,,,[{'resourceId': '0dc956c6-b279-446b-97cc-8cf115f66343'}]
23110,7486e885-6e8d-4921-9790-e31ebb539cde,,,
23111,4317f2e8-1645-4ef5-a3af-3ec98b4bb7dd,,,[{'resourceId': '4e6bdd38-fc55-4183-adc9-3e59e46a1b78'}]
23112,4e6bdd38-fc55-4183-adc9-3e59e46a1b78,,,
23113,b65be120-8ef0-428c-b14d-ffa1d473bd4e,,,
23114,2d799c59-393b-45a4-9306-12dd8a9e3537,,,
23115,18125c40-754a-44ef-a29e-a98fa60d7e79,,,[{'resourceId': '2d799c59-393b-45a4-9306-12dd8a9e3537'}]
23116,e926f8e5-4e3c-406a-a6c3-b121bd573d63,,,[{'resourceId': '31759aca-e136-44ee-8ca2-3aaecca88363'}]
23118,bbb000b4-2dc0-4c2c-8bbc-13ac2334e893,,,
23119,83bdaff2-959b-4680-8384-b1ca5166c9c3,,,[{'resourceId': 'bbb000b4-2dc0-4c2c-8bbc-13ac2334e893'}]
23120,217ebc48-9198-4745-b7a6-8216be1a298a,,,
23121,bd07a964-a2cd-48a0-8401-f4a21ba7ac3e,,,[{'resourceId': 'bf6fb349-5e09-4b86-9f51-a505c9dbbf62'}]
23122,a067dbb7-bf13-4550-8cc0-be7f3e552647,,,
23123,39947a34-30a1-442a-a91a-2804bfc2c34c,,,[{'resourceId': 'c8a5a67c-ed37-4caf-92ab-74eff1dbd8da'}]
23124,acc1b712-dda0-492c-9017-521498e33939,,,[{'resourceId': '56478253-10da-4226-b513-87ad3e087655'}]
23125,ca55a7bd-f876-464e-9ba9-00b294b5414e,,,[{'resourceId': '52ecb231-73f2-472e-a4c8-eac41fea3ad7'}]
23126,f7f19afa-7ff2-477f-95d2-ebeeb10bd2a9,,,[{'resourceId': '3df8ccaf-b7e3-4def-ad89-3ae5958672a6'}]
23127,56478253-10da-4226-b513-87ad3e087655,,,[{'resourceId': 'ca55a7bd-f876-464e-9ba9-00b294b5414e'}]
23128,b80c502b-72ec-4544-a7ab-aad42e91a73a,,,
23129,a2c559e9-73c2-4c2d-acce-a82c6bf3cc6f,,,
23130,3a563154-1803-4715-924c-ef9900a820d3,,,[{'resourceId': 'a2c559e9-73c2-4c2d-acce-a82c6bf3cc6f'}]
23131,c637e183-ddf9-467e-8c2c-f295f14ee7a3,,,
23132,692d49c8-8541-47e5-84cf-252dc4899041,,,
23133,6db335df-3f6c-4d43-b95b-ae7c96ad318e,,,[{'resourceId': '692d49c8-8541-47e5-84cf-252dc4899041'}]
23134,c8a5a67c-ed37-4caf-92ab-74eff1dbd8da,,,
23135,03267065-45b6-4b97-9d61-fd61287e9dc9,,,[{'resourceId': 'f7f19afa-7ff2-477f-95d2-ebeeb10bd2a9'}]
23137,6b8ebdf7-0c6a-4544-8b64-91cb19764d62,,,[{'resourceId': 'f35202af-c960-4537-89bc-03c677dac832'}]
23138,3edc127c-a767-4bc7-9a4d-4cef04f4e30e,,,[{'resourceId': 'e20716e6-7be7-48fb-82d1-67e25ffb3a95'}]
23139,7cbc198a-d5d8-4011-9d2d-608780460810,,,[{'resourceId': '5e29aa7a-66be-4a9a-a6e1-01a0037e165f'}]
23140,dc5209e7-6741-47cf-985b-7ed3850ae9b4,,,[{'resourceId': '27958a94-436f-4d83-bd94-793985fb620a'}]
23140,dc5209e7-6741-47cf-985b-7ed3850ae9b4,,,[{'resourceId': '2b24bf29-4bd0-46fa-8f69-ddbb7262ae34'}]
23141,cb1b2a49-b725-4f2f-857a-1933cff4d7bc,,,
23142,2b24bf29-4bd0-46fa-8f69-ddbb7262ae34,,,[{'resourceId': '5e29aa7a-66be-4a9a-a6e1-01a0037e165f'}]
23143,5e29aa7a-66be-4a9a-a6e1-01a0037e165f,,,[{'resourceId': 'f4028ea7-fdf5-43f8-a05d-a653cd24632f'}]
23145,914e364b-7f64-48e1-8368-4dacbc0e8c1c,,,[{'resourceId': 'cb1b2a49-b725-4f2f-857a-1933cff4d7bc'}]
23146,f3fe8d3f-09e6-429f-afe8-7f7b6d5291bb,,,[{'resourceId': 'f35202af-c960-4537-89bc-03c677dac832'}]
23147,e20716e6-7be7-48fb-82d1-67e25ffb3a95,,,
23148,ba243a8a-b282-48e3-86d6-f90fdb7ae1f5,,,[{'resourceId': '5e29aa7a-66be-4a9a-a6e1-01a0037e165f'}]
23149,5c4e40d2-eea8-4ac5-b2f1-f683995de2bf,,,[{'resourceId': '2b24bf29-4bd0-46fa-8f69-ddbb7262ae34'}]
23149,5c4e40d2-eea8-4ac5-b2f1-f683995de2bf,,,[{'resourceId': '42232586-1b9c-4852-83a4-47a5addf0ab5'}]
23150,07f148bc-5081-461f-bf45-21c9fc60c096,,,[{'resourceId': '27958a94-436f-4d83-bd94-793985fb620a'}]
23150,07f148bc-5081-461f-bf45-21c9fc60c096,,,[{'resourceId': '2b24bf29-4bd0-46fa-8f69-ddbb7262ae34'}]
23151,f35202af-c960-4537-89bc-03c677dac832,,,[{'resourceId': 'f4028ea7-fdf5-43f8-a05d-a653cd24632f'}]
23152,4c553284-883a-4899-b7e8-2f5a1599f61e,,,[{'resourceId': '4604d09c-c39b-46e5-b67e-e08381d6e8ad'}]
23153,5e85e5a9-9603-432d-9ae4-e8027238e38f,,,[{'resourceId': '90a0a948-6611-4159-9b96-7227687954d8'}]
23154,4604d09c-c39b-46e5-b67e-e08381d6e8ad,,,
23155,e1baabbb-dcb2-40da-a173-cd22c325b5ee,,,[{'resourceId': 'ea768a66-b33b-4e27-9397-c68f46b1d273'}]
23156,90a0a948-6611-4159-9b96-7227687954d8,,,
23157,c73dacd7-f0d0-4263-982f-2152447b1cd3,,,[{'resourceId': 'e1baabbb-dcb2-40da-a173-cd22c325b5ee'}]
23158,f7257240-5435-4736-9c4f-ea2667633dda,,,
23159,f9b2a79d-6fb6-4bab-877b-7a54c669ae2f,,,
23160,ea178f35-8814-46e0-b8b0-a2cde5badbea,,,[{'resourceId': 'f9b2a79d-6fb6-4bab-877b-7a54c669ae2f'}]
23161,58fcf64f-9636-45cc-adf8-35cbb550026c,,,[{'resourceId': '6c4f0879-6f82-4edd-a5f0-2f48bb56c8cb'}]
23162,cdf8188d-eacd-4f39-b4ff-3c19792d068f,,,[{'resourceId': 'fc10299a-7f51-4bc1-9e8d-56de62156bbe'}]
23164,fb4e2a4f-b12e-4d35-bf7f-80792120bb51,,,
23165,b1e6c281-4dba-4091-a5e4-a487ec882748,,,
23166,a0f34a06-1f43-4b63-ac5e-79b436270367,,,[{'resourceId': '141d2a28-90ea-4102-965a-99cc05dc9c98'}]
23167,141d2a28-90ea-4102-965a-99cc05dc9c98,,,
23168,207a161c-0485-425d-aaee-d9c9fbbd842d,,,[{'resourceId': 'e4979407-5b99-460d-a965-007f5c60473c'}]
23169,40b8fc70-a7ab-457d-9d36-802ac3d76861,,,[{'resourceId': '6a62f7d3-59de-4bdc-9700-2c3eeaf2ef2f'}]
23170,6a62f7d3-59de-4bdc-9700-2c3eeaf2ef2f,,,
23171,e4979407-5b99-460d-a965-007f5c60473c,,,
23172,f6d9af94-125f-4960-9b10-dd5b53549800,,,[{'resourceId': '40b8fc70-a7ab-457d-9d36-802ac3d76861'}]
23173,b4755f73-70d9-427f-87e4-79eac568ae1a,,,
23174,1ee4d293-f09f-4f49-a3c2-b49a484dac2a,,,[{'resourceId': 'b4755f73-70d9-427f-87e4-79eac568ae1a'}]
23175,f16e51dd-6f62-4887-9dfd-fb888f9c9df4,,,[{'resourceId': 'fe82ecd4-1c58-4010-a3bf-d478e11c3276'}]
23176,fe82ecd4-1c58-4010-a3bf-d478e11c3276,,,
23177,07a92e65-4222-432b-84d9-0daea191322f,,,[{'resourceId': '37e8fbc5-bdf3-4c0b-8bad-f7eafb4763df'}]
23177,07a92e65-4222-432b-84d9-0daea191322f,,,[{'resourceId': '9b8f1d38-0c49-4b67-b1c6-f11c72ded7cd'}]
23178,37e8fbc5-bdf3-4c0b-8bad-f7eafb4763df,,,
23179,102f37cd-138d-4954-b532-dd15f7492864,,,
23180,595e3ae2-bdae-4127-ba4d-7c67a227903f,,,[{'resourceId': '2eab3cab-3eb7-4a9c-bf03-637a024bdd37'}]
23181,cecc6f84-5f7b-4dd0-a653-5fac3b5820dc,,,
23182,c9247d00-d089-440e-9c1c-3d1cba1d69de,,,[{'resourceId': 'cecc6f84-5f7b-4dd0-a653-5fac3b5820dc'}]
23183,2eab3cab-3eb7-4a9c-bf03-637a024bdd37,,,
23185,f500ed41-f05b-4188-b205-76298c5b77b7,,,
23186,deaba9fa-fe5f-4bea-b2e6-f0282592fe9a,,,
23187,064a2bfe-b2d4-4f48-af91-ca3eeec1fc28,,,
23188,a5a160a8-32a5-4bc7-a32e-42910cd6f3b9,,,[{'resourceId': 'b7524753-1954-463a-92f5-f14c12373fd4'}]
23189,947346da-62ba-481f-863c-b10a217f63a8,,,[{'resourceId': '58918e5d-a2c7-46a9-beca-816d5d91271d'}]
23190,37e47d1a-72be-42be-bd0f-ca2373011fbb,,,[{'resourceId': 'edae368c-1adb-4a4b-8e0b-ad757ff1abc1'}]
23191,186548c5-c0c6-4643-a0eb-a0fbe982d4fd,,,[{'resourceId': 'eeefa5b5-a109-4460-b132-4591a84b5ae7'}]
23192,e7c306d2-acbd-41c3-823e-60057831e6f6,,,[{'resourceId': 'a6bee7ce-4137-4e8f-be33-08c28ccf45ec'}]
23192,e7c306d2-acbd-41c3-823e-60057831e6f6,,,[{'resourceId': 'a39ee110-1e7e-4742-82b9-a001d01359e7'}]
23193,b163a22e-1207-4730-aae3-ce1cee7fb75f,,,[{'resourceId': '064a2bfe-b2d4-4f48-af91-ca3eeec1fc28'}]
23194,a5f90470-d6a0-43c8-b02c-e1b28601c7b2,,,[{'resourceId': '4a77c1e3-f937-4246-816f-e181324039cf'}]
23195,564cfc6e-4b22-4b79-9aca-4d22049b877d,,,[{'resourceId': '4f8bcf59-e8f0-40e2-8027-ca219211dda7'}]
23196,9b8676d4-8c19-4f5c-8595-fbb84d3fddd8,,,[{'resourceId': 'c87f225b-d04f-4be5-a8b9-337d6f2527cc'}]
23197,b7524753-1954-463a-92f5-f14c12373fd4,,,[{'resourceId': 'c5336f88-1067-4c25-90d2-6547c6544f03'}]
23198,a62b58b6-ba88-4103-bed6-1977013f16f6,,,[{'resourceId': '564cfc6e-4b22-4b79-9aca-4d22049b877d'}]
23199,f451e2f6-c6bd-49f7-9bd9-7ebada821860,,,[{'resourceId': 'd1c16646-531a-4093-9058-7c49eb76b997'}]
23200,4f8bcf59-e8f0-40e2-8027-ca219211dda7,,,
23202,9182c3eb-fb0b-4aca-9438-cecaa77cf931,,,[{'resourceId': 'e1751f83-eabb-4e23-bfd2-759ad6278e37'}]
23203,4d159acf-21f7-445c-9fe9-f4a408eb6d7d,,,[{'resourceId': '50e9f723-d36c-4f4f-87ab-a8a07caddea2'}]
23204,28379a71-a06c-4fe9-a544-9d3ef8da6079,,,[{'resourceId': 'f500ed41-f05b-4188-b205-76298c5b77b7'}]
23205,50e9f723-d36c-4f4f-87ab-a8a07caddea2,,,
23206,c70cf9f9-a298-49b3-804b-a4e96939b64c,,,[{'resourceId': 'df0b30c5-bdad-4375-8b31-2b6d21f87dda'}]
23207,c5336f88-1067-4c25-90d2-6547c6544f03,,,
23208,d1c16646-531a-4093-9058-7c49eb76b997,,,[{'resourceId': '9f6ef23f-2e1d-4fc8-8e50-e0ec83b169b1'}]
23209,a6bee7ce-4137-4e8f-be33-08c28ccf45ec,,,[{'resourceId': '8f6f4a45-76dc-485e-94ea-784f50a7f25f'}]
23210,50f009c7-63f5-4634-bf96-91c2145f0c91,,,[{'resourceId': 'adafd166-e7ef-4b3b-b468-368183717dbd'}]
23211,4e717e8d-ec0b-4a0b-bfb2-60b292af4ce4,,,[{'resourceId': 'e07ebc41-2776-488a-8d6e-166faac67d24'}]
23212,e1751f83-eabb-4e23-bfd2-759ad6278e37,,,[{'resourceId': '022059ef-97a8-4c64-a1aa-01db1e4997f3'}]
23213,49c4575f-e408-4f41-8c83-a240c7ba8089,,,[{'resourceId': 'c5336f88-1067-4c25-90d2-6547c6544f03'}]
23214,6e372af5-057c-4b05-8207-28c0071fb9fe,,,[{'resourceId': 'a5f90470-d6a0-43c8-b02c-e1b28601c7b2'}]
23215,df0b30c5-bdad-4375-8b31-2b6d21f87dda,,,[{'resourceId': '2573253b-9426-466e-85a1-76f26eadbdbc'}]
23216,ebdf255a-0e41-4b3a-acce-2b7f95e30ce0,,,[{'resourceId': '50f009c7-63f5-4634-bf96-91c2145f0c91'}]
23217,ca71aaee-1527-4436-acca-238efb86d8da,,,[{'resourceId': 'd95b4d0c-86a8-4f83-85d5-0ab9bf622cda'}]
23218,b20761a6-e68c-4a3a-9a26-d2c9a29e3fd8,,,
23219,0509e0e8-ed99-4c2c-9212-a380b975b470,,,[{'resourceId': '320ace07-473b-4af8-8cdd-ddc7ca402fd6'}]
23220,861ed6af-8c57-4d74-af3a-676cbfeeb5b5,,,[{'resourceId': 'a6bee7ce-4137-4e8f-be33-08c28ccf45ec'}]
23220,861ed6af-8c57-4d74-af3a-676cbfeeb5b5,,,[{'resourceId': 'a39ee110-1e7e-4742-82b9-a001d01359e7'}]
23221,e003adcc-f5af-4239-8855-4b0d39bd2b62,,,[{'resourceId': 'deaba9fa-fe5f-4bea-b2e6-f0282592fe9a'}]
23222,190fa4c8-7888-407a-9e15-babcb2cfc7e3,,,[{'resourceId': 'a62b58b6-ba88-4103-bed6-1977013f16f6'}]
23222,190fa4c8-7888-407a-9e15-babcb2cfc7e3,,,[{'resourceId': '668e325d-7519-4e9d-a552-a2c40aadddc4'}]
23223,c87f225b-d04f-4be5-a8b9-337d6f2527cc,,,
23224,eeefa5b5-a109-4460-b132-4591a84b5ae7,,,
23225,58918e5d-a2c7-46a9-beca-816d5d91271d,,,
23226,320ace07-473b-4af8-8cdd-ddc7ca402fd6,,,
23227,ad413437-b6bf-49c4-b5d4-b5c1060142be,,,
23228,9ca23542-7f45-47a9-af71-835d3864af34,,,[{'resourceId': 'ad413437-b6bf-49c4-b5d4-b5c1060142be'}]
23229,edae368c-1adb-4a4b-8e0b-ad757ff1abc1,,,
23230,e07ebc41-2776-488a-8d6e-166faac67d24,,,
23232,06763273-6e19-4660-90fb-2cb99f877bca,,,
23233,c46a8940-cb00-4bc2-a248-011263b16e33,,,
23234,95d3708f-13d4-40b9-93e8-263766e5eec2,,,[{'resourceId': 'c46a8940-cb00-4bc2-a248-011263b16e33'}]
23235,d52f8330-4a70-4c0f-a0b0-a0f58c3598ac,,,[{'resourceId': '8778cea4-af65-468c-ba43-2fec70ef9273'}]
23236,75cd7e68-7bfb-4f1f-9c5b-ad4f3a8cc5fb,,,[{'resourceId': '4533eef1-68a5-4f90-8d9c-a478793341df'}]
23237,9cfa22d9-2ef0-4890-b984-17c336f96a1e,,,[{'resourceId': 'a2178c62-7f31-46ed-bf2e-e55cfa9b1aa8'}]
23238,a2178c62-7f31-46ed-bf2e-e55cfa9b1aa8,,,
23239,5c83ac92-f5d2-4e0c-afe2-318ce41aebc3,,,
23240,40bd6fa7-6409-4b2c-b040-157448492194,,,[{'resourceId': '247ea988-224c-4c75-add6-a4308199e294'}]
23241,2463926e-01d9-41f5-9aa2-87f0f1b4ee55,,,[{'resourceId': '1a71b753-99d7-4b33-aba6-5afda58ab35e'}]
23242,6cae7248-fee1-421a-baba-4a0bfd2526f6,,,[{'resourceId': '27091866-6d3e-4ba1-9f69-f3d4a1c9a3a5'}]
23242,6cae7248-fee1-421a-baba-4a0bfd2526f6,,,[{'resourceId': 'd378a410-a097-4aec-aca1-bf91a666aa83'}]
23243,3c350e78-65b8-4ccf-9f14-3a04ae4a58a3,,,[{'resourceId': '40bd6fa7-6409-4b2c-b040-157448492194'}]
23244,3fc93356-33ed-46af-961a-1d9fb5bde070,,,[{'resourceId': 'c3b29b0a-3a20-45c7-9299-ff0c3f384361'}]
23245,1a71b753-99d7-4b33-aba6-5afda58ab35e,,,[{'resourceId': 'd4f8dd5f-c7e6-4682-bcb2-935790f7282b'}]
23246,27091866-6d3e-4ba1-9f69-f3d4a1c9a3a5,,,[{'resourceId': 'ff2abd20-e078-4c31-a1f8-0397425214cc'}]
23247,ea3a68e6-9e4c-4203-914a-ec52e89d9cb1,,,
23248,940b2846-1f2b-4afa-9e4c-f542dafe6505,,,
23249,225f35b9-76f6-43ad-af23-80ae3ef0b701,,,
23250,d6d5d3d0-1846-4251-9a26-9acb6a497135,,,[{'resourceId': '78e8eb9b-830f-4e79-a34a-6dcaaf732b57'}]
23250,d6d5d3d0-1846-4251-9a26-9acb6a497135,,,[{'resourceId': '00f58443-7d4d-42a4-8028-087af08771d7'}]
23251,c2b1a61d-a63a-4a21-ab5e-42d5bfb73a64,,,
23252,8019c711-b480-4f6f-92db-300acc35fa89,,,[{'resourceId': 'ea3a68e6-9e4c-4203-914a-ec52e89d9cb1'}]
23253,fa7dd5dc-71fe-4ff2-b300-063ce827afa6,,,[{'resourceId': 'c2b1a61d-a63a-4a21-ab5e-42d5bfb73a64'}]
23254,7c2d5787-a22a-484d-8c6e-a6c679a4dabb,,,
23255,4533eef1-68a5-4f90-8d9c-a478793341df,,,[{'resourceId': '40bd6fa7-6409-4b2c-b040-157448492194'}]
23256,f21921fc-d15f-485d-a145-b74fe55e6cd4,,,[{'resourceId': 'ee18c427-88fe-4bfa-b0ca-81befa4e9f67'}]
23257,90105f45-fa20-4f9d-adfd-027fda15f456,,,[{'resourceId': '7865c67f-a823-4a03-83e9-4d99cd6f03ee'}]
23258,287c907a-a853-4b8f-aa91-4058793dfd70,,,[{'resourceId': 'd4f8dd5f-c7e6-4682-bcb2-935790f7282b'}]
23259,7865c67f-a823-4a03-83e9-4d99cd6f03ee,,,
23260,ee18c427-88fe-4bfa-b0ca-81befa4e9f67,,,
23261,a387cd8d-0e66-471c-bad6-adf8c50c8d90,,,[{'resourceId': '5c83ac92-f5d2-4e0c-afe2-318ce41aebc3'}]
23262,a5552462-cd15-4831-8b17-c930a48915d7,,,[{'resourceId': 'c32c6565-110f-4283-a168-bff2198a8089'}]
23263,63666608-2e0f-45dd-82c2-3db353c9f321,,,[{'resourceId': 'd4f8dd5f-c7e6-4682-bcb2-935790f7282b'}]
23264,646cff13-565f-421d-9a73-c2147bec94ff,,,[{'resourceId': '7c2d5787-a22a-484d-8c6e-a6c679a4dabb'}]
23265,d4f8dd5f-c7e6-4682-bcb2-935790f7282b,,,[{'resourceId': 'd52f8330-4a70-4c0f-a0b0-a0f58c3598ac'}]
23266,c3ffe521-5ead-4679-82ca-c1be20fa3ba3,,,[{'resourceId': 'a3fb2f70-aa79-4c0f-bd36-7bcf159fad24'}]
23267,c32c6565-110f-4283-a168-bff2198a8089,,,
23268,27051d26-c714-4656-8d4c-d6e61b3b2323,,,[{'resourceId': 'd4f8dd5f-c7e6-4682-bcb2-935790f7282b'}]
23270,78e8eb9b-830f-4e79-a34a-6dcaaf732b57,,,[{'resourceId': 'bc044495-9ce9-46b7-9fef-407f3e2ed7c0'}]
23271,8798fbba-f158-43aa-ab83-f83e4ac6c5e1,,,[{'resourceId': 'c989988b-434c-480c-a1b0-e4923d1e4c9c'}]
23272,2dc5584e-e810-43a7-b8e3-dd97edbd7eae,,,[{'resourceId': 'ee18c427-88fe-4bfa-b0ca-81befa4e9f67'}]
23273,bc044495-9ce9-46b7-9fef-407f3e2ed7c0,,,
23274,a3fb2f70-aa79-4c0f-bd36-7bcf159fad24,,,
23275,f30a3db7-e201-443b-a378-74ae052bda16,,,[{'resourceId': '940b2846-1f2b-4afa-9e4c-f542dafe6505'}]
23276,c989988b-434c-480c-a1b0-e4923d1e4c9c,,,
23277,c3b29b0a-3a20-45c7-9299-ff0c3f384361,,,
23278,1e09b542-5075-4c09-8386-26a67dc4331f,,,
23279,e3ccad86-8442-4621-90bd-eb7551a08338,,,
23280,ec732cd8-dfa3-4de0-9a05-366c78eb5717,,,[{'resourceId': 'e3ccad86-8442-4621-90bd-eb7551a08338'}]
23281,9ba0e919-ffdd-4421-b987-467d2609c743,,,[{'resourceId': 'c74b70f4-5991-47e7-af72-ae3fe7a0cfec'}]
23282,ea308bad-b06e-4b99-9cd9-fbff9f9750ae,,,
23283,01ace0c4-2cdc-478d-8a0d-711dca32b2f8,,,[{'resourceId': 'ea308bad-b06e-4b99-9cd9-fbff9f9750ae'}]
23283,01ace0c4-2cdc-478d-8a0d-711dca32b2f8,,,[{'resourceId': '86e35d35-6979-4be4-bbcf-1af80272a224'}]
23284,c74b70f4-5991-47e7-af72-ae3fe7a0cfec,,,
23285,5c5b9487-4c9f-4ba6-ac34-dbc80c84c1a9,,,[{'resourceId': '6acd8452-3558-4da0-9e84-58e3273075ff'}]
23285,5c5b9487-4c9f-4ba6-ac34-dbc80c84c1a9,,,[{'resourceId': 'cd636718-f237-4852-9411-508c57064e03'}]
23286,6573ec60-bb5b-4fdb-b413-71b00b402f6e,,,[{'resourceId': '59bc2d13-e3bc-4e47-919e-8f7feb8f6a6e'}]
23287,41ed07b3-fa72-4388-ba8b-a93913269db1,,,[{'resourceId': 'd135a12d-45f5-4080-abc4-f5b38e0866c3'}]
23287,41ed07b3-fa72-4388-ba8b-a93913269db1,,,[{'resourceId': 'f886a644-b795-4977-857d-749c99fdd53d'}]
23288,f5b7d282-f214-4659-8e09-d5af4ecc49a3,,,[{'resourceId': '7b0cf051-3474-44c6-8b0a-7fcf7bff7433'}]
23290,6acd8452-3558-4da0-9e84-58e3273075ff,,,
23291,a869fce4-c5d4-453f-a61f-37f4355bdb00,,,
23292,20ad5d17-2ba6-4715-94ae-2578969c2763,,,
23293,7b0cf051-3474-44c6-8b0a-7fcf7bff7433,,,
23294,066ad8e3-6ead-497a-b07f-46657223bccd,,,[{'resourceId': '59bc2d13-e3bc-4e47-919e-8f7feb8f6a6e'}]
23295,bc572ea1-6a18-4e9d-8d87-a60bca6c9d09,,,[{'resourceId': '0b893868-1645-4b6a-afd6-68b43eedf047'}]
23296,8d93d158-cc18-42e2-bd36-b1350414fb18,,,[{'resourceId': 'b4e98e9a-9840-414d-9b92-db2d55455e27'}]
23297,d135a12d-45f5-4080-abc4-f5b38e0866c3,,,
23298,77700862-e18d-4012-a896-951fa291b9fc,,,[{'resourceId': 'd135a12d-45f5-4080-abc4-f5b38e0866c3'}]
23298,77700862-e18d-4012-a896-951fa291b9fc,,,[{'resourceId': 'f886a644-b795-4977-857d-749c99fdd53d'}]
23299,890b348b-7bef-468c-8cde-4a9c8d489c26,,,[{'resourceId': '77210676-546f-4219-855b-6170edb0342d'}]
23300,1f886a05-405c-49e5-b660-dfa54b28f82f,,,[{'resourceId': '59bc2d13-e3bc-4e47-919e-8f7feb8f6a6e'}]
23301,59bc2d13-e3bc-4e47-919e-8f7feb8f6a6e,,,[{'resourceId': '890b348b-7bef-468c-8cde-4a9c8d489c26'}]
23302,c29df6ee-496c-48db-8248-ef60deb3b5f4,,,[{'resourceId': '41ed07b3-fa72-4388-ba8b-a93913269db1'}]
23303,caf9fa37-3773-4171-ad06-e7e02aa5bcc0,,,
23304,969c4523-88f7-4160-9643-5848b108d29b,,,[{'resourceId': '8bdf67f8-4a0d-4202-93a8-6ea63911fef8'}]
23305,8bdf67f8-4a0d-4202-93a8-6ea63911fef8,,,
23306,f81662cd-9e2d-4baf-9cb9-fb53c1e74eb7,,,
23307,b0450aa5-907a-4864-ae6f-65bf841a1409,,,[{'resourceId': '7e3eefd8-f193-471f-8793-5d61988cb2f4'}]
23308,7e3eefd8-f193-471f-8793-5d61988cb2f4,,,
23309,d52f0470-0a18-44ef-9976-acc211148a3c,,,[{'resourceId': '6d2d3df2-c27b-49b3-97b6-61ea1fc43e78'}]
23310,6d2d3df2-c27b-49b3-97b6-61ea1fc43e78,,,
23311,58fa229c-73e8-4032-9156-0e37049db518,,,
23312,e4a3ee9e-5ae1-45e8-9aa4-f3754742bd1a,,,
23313,114bb456-e4db-42db-a1d0-8e66f53996b4,,,[{'resourceId': 'a113555e-3ae3-4170-88a5-a5b9dc175511'}]
23314,c079b09d-5d13-4aca-a952-06b1970fdc09,,,
23315,922e0f97-6693-4dfe-8ebc-7a0f520c69e2,,,
23316,917f6ee5-95a5-4f6d-919b-b545642a7795,,,
23317,42f3da80-9738-4b66-8927-7fb845c60c6a,,,
23318,9d95e6f7-1d6b-4750-8f97-c773c23530c8,,,
23319,3463ec3a-46e2-4e82-b7bc-81c81243fc63,,,[{'resourceId': '9d95e6f7-1d6b-4750-8f97-c773c23530c8'}]
23321,e4632609-64cd-4555-8ca8-1f0d54ec9676,,,[{'resourceId': 'e6660484-5e21-4034-82cb-193e0fa2da98'}]
23322,70ab02db-d351-4dae-9380-4e5ebe755a4a,,,
23323,0e57ff3e-785f-4c02-a589-f10e1efd3279,,,[{'resourceId': 'ed7722ca-f63c-4dce-b106-8dab58877545'}]
23324,ed7722ca-f63c-4dce-b106-8dab58877545,,,
23325,3a6a403a-836a-497e-8d68-208472db9b6f,,,
23327,c9f71f11-d853-43a8-a938-b409344261b1,,,[{'resourceId': 'f60f83dc-a4a4-49e5-8ac3-8f38ae407696'}]
23328,f3f0ea54-374f-4638-bf69-a7f7503902cf,,,
23329,a91c926b-a618-4892-a486-a110925c993b,,,[{'resourceId': 'e3a71623-dcff-47c5-9c7d-020087c35bad'}]
23330,584f1f14-4e93-4b77-a136-845d25b7a895,,,[{'resourceId': 'ba5b3ace-9a52-4998-8d04-813897e73833'}]
23331,38acc985-bc51-4f09-9d86-96e3be56b2e4,,,
23332,b7b1dd88-a68c-4c6a-ab5d-5f28e0d559e0,,,[{'resourceId': '23970b9f-1d76-4e9c-bfe8-4093f913ef8a'}]
23333,ba5b3ace-9a52-4998-8d04-813897e73833,,,
23334,5cca9b19-854f-4a35-b26b-8a4a72c8db88,,,[{'resourceId': '584f1f14-4e93-4b77-a136-845d25b7a895'}]
23335,c6ac11bd-8577-4aa7-8632-2da9720f427b,,,
23336,0dbacfc1-072c-4663-8339-9d9ab5328ed4,,,[{'resourceId': '1379a289-7783-4d2f-bc9d-82d147266935'}]
23337,f95cb426-fcd5-4f36-8a79-d3bee887864d,,,[{'resourceId': '4fa8ba0d-0c3e-4113-bffe-335f2f9f0ef1'}]
23338,4e961bfd-79bb-4bad-bfe3-a9528c128be5,,,
23339,6718f1d7-3b5e-49cc-9254-dbfac23dbc9c,,,[{'resourceId': '37af3aff-ebc6-498a-897a-3fcc167afdf3'}]
23340,153c06ce-2b79-4105-90f8-cd7a54426f11,,,[{'resourceId': '73b7b175-fd54-4b70-93a0-21402839ea05'}]
23341,b6c8aa5b-9c11-43c0-b0c2-244904789492,,,[{'resourceId': '2e97bae6-5544-4c0f-8028-a26f2d6d42e2'}]
23342,5c824872-afeb-4faf-b09e-4db627b9d02f,,,
23343,5b760c5a-0aa2-489d-a591-a30195971a8a,,,
23344,e99871d8-2e70-4f66-bfdf-1c87358809c3,,,[{'resourceId': 'c9f71f11-d853-43a8-a938-b409344261b1'}]
23345,ef9a8030-80cc-4105-8bbe-f622ec7a553c,,,[{'resourceId': '8f8e27f3-630a-43fd-a890-64a2668a3d88'}]
23345,ef9a8030-80cc-4105-8bbe-f622ec7a553c,,,[{'resourceId': 'c06ef22c-5f2c-455a-af9c-1011f509b2f0'}]
23346,31ad82bc-488b-49f2-b3ca-3e8a7d3a7adb,,,
23347,da0a9682-1234-4b34-85e2-8b7b131f211d,,,[{'resourceId': '1c8f5466-ef31-44f1-8d3c-4367a469c6f0'}]
23348,010448e4-b371-4f89-9c9e-c1e6ee1795cc,,,[{'resourceId': '73fb3138-438f-438b-8ee8-582bc6c4e1e9'}]
23349,66a835c6-4349-4ebd-816e-2deca320f13f,,,[{'resourceId': '05f1758f-bcd9-4c5f-bcec-6ca9babd0bae'}]
23350,22144d54-ccaf-49a6-ac3b-ab5ab57a4ea3,,,[{'resourceId': '19dc6c75-1050-4e2c-a1f0-72a0d1d38ff1'}]
23351,b832f69c-4298-4b0d-a695-3bd4bc9e5143,,,[{'resourceId': '3b0ba021-2dee-4cdc-96a4-0f2ba2545a8c'}]
23352,05f1758f-bcd9-4c5f-bcec-6ca9babd0bae,,,[{'resourceId': '31ad82bc-488b-49f2-b3ca-3e8a7d3a7adb'}]
23353,39695fac-9ce5-402d-a1d7-1d65ae430125,,,[{'resourceId': 'f82dbf49-d7cc-40fb-b884-1eaa85befaa0'}]
23353,39695fac-9ce5-402d-a1d7-1d65ae430125,,,[{'resourceId': '8d2f9101-9cee-43e0-916c-0bbbb18d7d3b'}]
23354,77c94fc6-a636-40d3-b5ad-9ff420296e74,,,[{'resourceId': '31ad82bc-488b-49f2-b3ca-3e8a7d3a7adb'}]
23355,e5e1e1e7-71ee-4abc-8b55-5c33de9e0c79,,,[{'resourceId': '9bcc854b-05de-4500-9d90-26a808259a07'}]
23356,3b0ba021-2dee-4cdc-96a4-0f2ba2545a8c,,,[{'resourceId': '6c90395e-1902-4108-a7b9-b204cb112997'}]
23357,f60f83dc-a4a4-49e5-8ac3-8f38ae407696,,,[{'resourceId': 'b832f69c-4298-4b0d-a695-3bd4bc9e5143'}]
23358,dd8acb84-1466-4278-9275-4963e1dc7bd8,,,[{'resourceId': '5c824872-afeb-4faf-b09e-4db627b9d02f'}]
23359,d8d90fad-9e47-4ef5-9a06-c40928c827c7,,,
23362,ae638262-077d-41f9-b44b-b3d7c3531455,,,[{'resourceId': 'caaa274d-5d3f-4801-8178-4bbebaaf69ab'}]
23362,ae638262-077d-41f9-b44b-b3d7c3531455,,,[{'resourceId': 'f341c771-a7c9-4622-88d6-db1581e90dca'}]
23363,a9b9a97b-066c-4f41-a674-524c42e5c8fc,,,[{'resourceId': '6ed72f20-7777-4f0a-8308-473e024eb34b'}]
23364,b2b96b56-fbbe-4f0c-9e6d-7324c9df69df,,,[{'resourceId': '6c90395e-1902-4108-a7b9-b204cb112997'}]
23365,3bf042b2-a68a-45a4-a0c0-36ccf6538c66,,,[{'resourceId': '579e1c20-4ecf-4a85-a8a3-2cb8c2d4b840'}]
23366,2f877400-c039-49ba-b191-17c7fa79576f,,,
23367,f8ba15d1-1bf7-4d4b-a6b8-678f61d828b4,,,[{'resourceId': '4036bbf5-751d-4e71-bcef-be6dd9056479'}]
23368,62cc1070-2c7d-4e4e-9cac-f69a60dde9ea,,,
23369,a9e601d3-dd65-4810-b548-fa7e0718ae35,,,
23370,87cafedb-3b78-4074-8165-346420895167,,,
23371,1d396964-86c6-49cd-9f5f-a24017bf1f37,,,
23372,19dc6c75-1050-4e2c-a1f0-72a0d1d38ff1,,,
23373,982a1312-8a32-488f-b68b-2b852b41081a,,,[{'resourceId': 'ba5b3ace-9a52-4998-8d04-813897e73833'}]
23374,6c5f1c12-eefd-4036-985b-74fb6fbfa465,,,[{'resourceId': 'a73b8c76-f781-4f78-a48e-18057f965cdc'}]
23375,1c8f5466-ef31-44f1-8d3c-4367a469c6f0,,,
23376,476323a6-8a14-49c1-88c1-56cb453d4487,,,[{'resourceId': 'dd3950b6-3cf3-4eb6-b5a6-7b8c9b218eb0'}]
23377,c5ba68d7-5619-4111-9151-88e280ae6f79,,,[{'resourceId': '674ab525-a4e2-40b9-b28d-c046e3fd1816'}]
23378,15355754-e048-4561-a39c-2d1c0da84be4,,,[{'resourceId': '5c824872-afeb-4faf-b09e-4db627b9d02f'}]
23379,cca9e21e-3482-4dff-ae66-7fc9a91d687d,,,[{'resourceId': '96a86b0c-1d86-40eb-9f5a-effd584f2e9a'}]
23380,4bb57a63-affc-4940-ad22-734a7878ccaa,,,[{'resourceId': 'd1532761-9905-4525-a9e1-5965de0c21d8'}]
23381,ecd1b449-c46e-4606-9d90-a2ca7959a28d,,,[{'resourceId': '8f8e27f3-630a-43fd-a890-64a2668a3d88'}]
23381,ecd1b449-c46e-4606-9d90-a2ca7959a28d,,,[{'resourceId': 'c06ef22c-5f2c-455a-af9c-1011f509b2f0'}]
23382,c1a83832-7088-4155-8004-49f2d9eb7ab4,,,[{'resourceId': 'cca9e21e-3482-4dff-ae66-7fc9a91d687d'}]
23383,674ab525-a4e2-40b9-b28d-c046e3fd1816,,,
23384,0c4cbbac-b42d-4ebc-886d-747c074eeb3b,,,[{'resourceId': 'ceb4f09c-1ae2-4aeb-a16f-42855ce1095b'}]
23385,e3a71623-dcff-47c5-9c7d-020087c35bad,,,[{'resourceId': 'f3f0ea54-374f-4638-bf69-a7f7503902cf'}]
23386,b28c4b90-9344-4bf9-8c45-1f4fe18488b3,,,[{'resourceId': '1d396964-86c6-49cd-9f5f-a24017bf1f37'}]
23387,23970b9f-1d76-4e9c-bfe8-4093f913ef8a,,,
23388,e0d4f37a-7c17-4d70-b3e2-1f3bf7aee482,,,
23389,4d300555-79dc-4b55-84df-fa4cfdcdd2ca,,,[{'resourceId': 'c9f71f11-d853-43a8-a938-b409344261b1'}]
23390,dd3950b6-3cf3-4eb6-b5a6-7b8c9b218eb0,,,[{'resourceId': '9bcc854b-05de-4500-9d90-26a808259a07'}]
23391,c62819a5-b2a5-4426-91c7-a92166e155bf,,,[{'resourceId': '62cc1070-2c7d-4e4e-9cac-f69a60dde9ea'}]
23392,bede5d43-94c7-4a28-9c20-164db38aae3f,,,
23393,a9e2cf39-b107-4aa0-9471-7099824c72e5,,,[{'resourceId': 'c9f71f11-d853-43a8-a938-b409344261b1'}]
23394,2e97bae6-5544-4c0f-8028-a26f2d6d42e2,,,[{'resourceId': '5b760c5a-0aa2-489d-a591-a30195971a8a'}]
23395,3f38c4cd-f982-42a1-bbd2-6f511c2e228c,,,[{'resourceId': 'c9f71f11-d853-43a8-a938-b409344261b1'}]
23396,085126a8-f3c5-4e96-bc5a-f77dffbaefb3,,,[{'resourceId': 'a9e601d3-dd65-4810-b548-fa7e0718ae35'}]
23397,9019ad2b-ef2c-4cf3-89e6-2a98a650c53b,,,
23398,6f173589-7f55-4f6f-83ed-1b254de50388,,,[{'resourceId': 'bede5d43-94c7-4a28-9c20-164db38aae3f'}]
23399,13eb06a6-4d02-4315-aac2-bcad5cd78420,,,
23400,d1fcbfc5-60c1-4a81-8471-f543f9131df1,,,
23401,6ede482a-f660-4e7b-9493-f1411ee4dc31,,,
23402,37af3aff-ebc6-498a-897a-3fcc167afdf3,,,
23403,efe08156-585e-4bbc-ac91-8d5be4ed2ce0,,,
23404,c0a449bc-ff8a-4083-8df5-86ad0032c83a,,,
23405,d464278e-7cd5-427e-962a-4b15b7da0c7b,,,[{'resourceId': '8569e4e0-a752-4d99-9020-a1cf74d5d405'}]
23406,c0277a21-40c7-4ea1-af23-61f95079ecd7,,,[{'resourceId': 'd8d90fad-9e47-4ef5-9a06-c40928c827c7'}]
23407,c1b002f5-46e6-4d49-a0af-d7645734d4e5,,,[{'resourceId': 'efe08156-585e-4bbc-ac91-8d5be4ed2ce0'}]
23408,73fb3138-438f-438b-8ee8-582bc6c4e1e9,,,
23409,9bcc854b-05de-4500-9d90-26a808259a07,,,
23410,cafd6bb3-9c6d-4569-9a28-0981b5e4d499,,,
23411,1584a588-8d66-4b09-93b9-e3f154b67962,,,[{'resourceId': '2cebce3e-e35b-48de-baf7-6bf935fef458'}]
23412,7c8c729b-e33e-4216-885a-9c172fd4d8b6,,,[{'resourceId': '8ff5e4d1-a10c-4b0e-b68a-6dd1399eadc2'}]
23413,dcad4e0b-e660-45a7-82ac-02d274890b69,,,[{'resourceId': 'c62819a5-b2a5-4426-91c7-a92166e155bf'}]
23414,4fa8ba0d-0c3e-4113-bffe-335f2f9f0ef1,,,[{'resourceId': 'e092f579-f2b2-42a7-b803-60a24e47f426'}]
23415,e092f579-f2b2-42a7-b803-60a24e47f426,,,
23416,8569e4e0-a752-4d99-9020-a1cf74d5d405,,,
23417,522b974b-fef2-424d-971c-a7633f767ba0,,,
23418,e762e0b6-0d4c-4985-96c3-38727b8d45a9,,,[{'resourceId': '5cca9b19-854f-4a35-b26b-8a4a72c8db88'}]
23419,ce87fb61-4591-4e61-861d-51aaa0da65a4,,,[{'resourceId': '6ede482a-f660-4e7b-9493-f1411ee4dc31'}]
23420,a73b8c76-f781-4f78-a48e-18057f965cdc,,,
23421,88f31b63-d8a6-4bf5-8c7d-dc6a23b3ed3f,,,
23422,73b7b175-fd54-4b70-93a0-21402839ea05,,,
23423,485fa37d-91a1-4e6f-ba9c-36841c1190a0,,,[{'resourceId': 'c0a449bc-ff8a-4083-8df5-86ad0032c83a'}]
23424,1e622c87-d744-4875-947d-ae142e8dd26c,,,
23425,1379a289-7783-4d2f-bc9d-82d147266935,,,
23426,f82dbf49-d7cc-40fb-b884-1eaa85befaa0,,,[{'resourceId': '1b36c01f-f6ef-4a4e-a032-54f0a16f37cb'}]
23426,f82dbf49-d7cc-40fb-b884-1eaa85befaa0,,,[{'resourceId': 'ecefe64d-5cf6-41d2-be3e-fd09848eddcc'}]
23427,1d3448b3-538c-43ba-8594-2f7de77ee1e2,,,[{'resourceId': '87cafedb-3b78-4074-8165-346420895167'}]
23428,6c90395e-1902-4108-a7b9-b204cb112997,,,
23429,0ecaf4e3-438c-4088-b5a1-15594cf3ab09,,,
23430,e37d6607-a9bb-4929-9185-c247075f8747,,,[{'resourceId': '38acc985-bc51-4f09-9d86-96e3be56b2e4'}]
23431,62418a24-1443-4967-bdde-7c7bfce127a5,,,
23432,db3f1697-1537-42a4-b2a4-dbfdbbdc8077,,,[{'resourceId': 'e0d4f37a-7c17-4d70-b3e2-1f3bf7aee482'}]
23433,4dcef1af-1870-4bcb-a7a7-a2ff77c47c53,,,[{'resourceId': '4d300555-79dc-4b55-84df-fa4cfdcdd2ca'}]
23434,ddfe9a81-d040-4b23-9abc-6efeccf805ab,,,[{'resourceId': 'b28c4b90-9344-4bf9-8c45-1f4fe18488b3'}]
23435,a424676d-970d-496c-b294-9bb4d8b8e46c,,,[{'resourceId': 'c0a449bc-ff8a-4083-8df5-86ad0032c83a'}]
23436,6700c13d-8741-447b-b5b9-cba71cf2dce6,,,[{'resourceId': '1d3448b3-538c-43ba-8594-2f7de77ee1e2'}]
23437,6ed72f20-7777-4f0a-8308-473e024eb34b,,,[{'resourceId': '7e5332fa-84ee-4751-aafb-933847c77cf9'}]
23438,8ff5e4d1-a10c-4b0e-b68a-6dd1399eadc2,,,[{'resourceId': 'cafd6bb3-9c6d-4569-9a28-0981b5e4d499'}]
23439,89fbfe19-b532-43d9-848b-08fbe53c7897,,,[{'resourceId': 'c62819a5-b2a5-4426-91c7-a92166e155bf'}]
23440,9d566fef-8296-4d09-81f0-c3e7138708b8,,,[{'resourceId': '010448e4-b371-4f89-9c9e-c1e6ee1795cc'}]
23441,d45cb5d6-9480-42b4-9d2b-aa569d82c5e1,,,[{'resourceId': '2f877400-c039-49ba-b191-17c7fa79576f'}]
23442,d1532761-9905-4525-a9e1-5965de0c21d8,,,[{'resourceId': 'a1870bc5-a5d9-446e-8b6c-5da91e2f710b'}]
23442,d1532761-9905-4525-a9e1-5965de0c21d8,,,[{'resourceId': '25371b32-087e-440f-b015-188dfe45475f'}]
23443,ceb4f09c-1ae2-4aeb-a16f-42855ce1095b,,,
23444,4036bbf5-751d-4e71-bcef-be6dd9056479,,,
23445,57b56539-ce69-4862-bd8e-e2c8c030053b,,,[{'resourceId': '522b974b-fef2-424d-971c-a7633f767ba0'}]
23446,528b2978-1c6f-4419-be89-03ffeeecc00d,,,
23447,837c4cfd-adc4-491d-a328-f6fc14ea7479,,,[{'resourceId': 'c0a449bc-ff8a-4083-8df5-86ad0032c83a'}]
23448,0a68871e-78fd-4b75-9b96-fb63ad54979c,,,[{'resourceId': '857fe794-f47e-475e-bd20-7e9837ed211b'}]
23449,b7b8e077-ecdc-4dc9-b09e-805118e01d8d,,,[{'resourceId': '5dbce0a5-1bf8-4a04-bfc5-7c7baf103cc7'}]
23450,5dbce0a5-1bf8-4a04-bfc5-7c7baf103cc7,,,
23452,67579fd0-8347-426f-bdab-51ee5fde4c96,,,
23453,b9075197-9a50-4fd3-b51b-9b5b999764bd,,,
23454,470ec411-000f-4a1a-a163-9d3bd5fd8e2a,,,[{'resourceId': '4faff563-452a-41b3-b301-48a0300091eb'}]
23455,25b64152-ec7a-4c8d-967d-d1a150cff585,,,
23456,50a2dd8c-5de9-4b50-97fb-b0f415624f99,,,[{'resourceId': '7c68c957-b98f-4744-a218-87607d35f627'}]
23457,2e3c651b-5a24-48df-ba7a-8b7602d653ab,,,
23458,7bc206a8-d124-41f1-b0ad-120d053d548a,,,[{'resourceId': '556805b3-5d42-4f72-9537-f2f570ed1490'}]
23459,3073fd4b-5a2f-4720-a74c-c8790efaef8c,,,[{'resourceId': '6ce0b0fe-f41e-4c7f-9466-92d7d144a561'}]
23460,3200c921-58f4-4004-a4fb-43857fdb2edd,,,[{'resourceId': '9087c230-8492-40ac-945f-f2f707679a48'}]
23461,37a78749-0eaf-4571-a8c1-06af0a7758f8,,,
23462,7c68c957-b98f-4744-a218-87607d35f627,,,
23463,148cfb3d-eeb6-403f-b822-fd87dc99d13a,,,[{'resourceId': 'de59f508-1fcb-4fc8-8d4f-6b5faecd1c0e'}]
23465,de59f508-1fcb-4fc8-8d4f-6b5faecd1c0e,,,
23466,0bcacb5c-2732-428f-b93c-e702072ac792,,,
23467,b7849ebd-0dd3-4d5d-8ab2-9cd920b30960,,,
23468,2089d353-1df2-4293-a23a-c35722113005,,,
23469,9f64765c-778c-47ea-8dc3-dad708dfdc20,,,
23470,e099f669-c75d-457e-bda7-13ab2309b2ad,,,[{'resourceId': '8a6d3cd8-8257-4a56-a52d-ea5840bd55d4'}]
23470,e099f669-c75d-457e-bda7-13ab2309b2ad,,,[{'resourceId': 'ad908628-1a22-42a0-bd59-4e20eb4be341'}]
23471,e7030ec9-9a54-4717-9eec-4ab523d71718,,,[{'resourceId': '4c256b57-0334-49f5-87ac-d7eca425c163'}]
23472,6c4d3875-4ad6-40c4-8141-b5be9b4d2a10,,,
23473,5f66e761-0641-464f-bd2a-582b557b6749,,,[{'resourceId': '2089d353-1df2-4293-a23a-c35722113005'}]
23474,916414fe-13f3-464b-8dc7-f65df0c63783,,,
23475,4c256b57-0334-49f5-87ac-d7eca425c163,,,
23476,b302736c-76f9-4bb9-98af-2ef516eea0cd,,,
23477,76ac7799-6b7c-44aa-9a2a-a3b30e1a8d72,,,
23478,9087c230-8492-40ac-945f-f2f707679a48,,,[{'resourceId': 'e099f669-c75d-457e-bda7-13ab2309b2ad'}]
23479,5d322159-d588-441b-829d-1d8ac4af0a03,,,[{'resourceId': '6ce0b0fe-f41e-4c7f-9466-92d7d144a561'}]
23480,9f50b534-16fc-4502-b9f3-7ee258d3fe1c,,,[{'resourceId': 'd0001bf2-2e84-4bd7-8741-0f755140bbb8'}]
23481,ab2edf06-69c6-4149-a984-42bb80d80f85,,,[{'resourceId': '76ac7799-6b7c-44aa-9a2a-a3b30e1a8d72'}]
23482,6d7922c0-fa30-4997-be76-ee00b059ab86,,,[{'resourceId': 'ab2edf06-69c6-4149-a984-42bb80d80f85'}]
23483,1c16e949-db54-4f10-a2a0-8222a02f99b1,,,[{'resourceId': '6c4d3875-4ad6-40c4-8141-b5be9b4d2a10'}]
23484,b062e08c-78b6-4d25-9bf0-222565b662a0,,,[{'resourceId': 'abe197cb-4b60-46b1-9b83-0362f054b969'}]
23485,1a473c17-2a15-453b-814c-dfa8f92429a8,,,[{'resourceId': '5d322159-d588-441b-829d-1d8ac4af0a03'}]
23486,cd198268-ff76-439d-bbbb-15568f29c268,,,[{'resourceId': '9f63a44c-bd09-42d3-abfb-94efbc2e4ded'}]
23487,a4c587b9-eb6c-4784-9ad5-854109d52516,,,
23488,51b516c6-6291-43fc-a52f-ac4948279a49,,,[{'resourceId': '76ac7799-6b7c-44aa-9a2a-a3b30e1a8d72'}]
23489,d0001bf2-2e84-4bd7-8741-0f755140bbb8,,,[{'resourceId': '2089d353-1df2-4293-a23a-c35722113005'}]
23490,32c0690e-f467-4c3d-a20f-2058ac3e7df5,,,[{'resourceId': '148cfb3d-eeb6-403f-b822-fd87dc99d13a'}]
23491,19bfc93c-3c72-471d-91d1-7f70ebaafd52,,,[{'resourceId': '0d657b77-b5a7-48e9-91e0-6e1753d2c1e6'}]
23492,6ce0b0fe-f41e-4c7f-9466-92d7d144a561,,,[{'resourceId': '37a78749-0eaf-4571-a8c1-06af0a7758f8'}]
23493,9f63a44c-bd09-42d3-abfb-94efbc2e4ded,,,
23494,8a6d3cd8-8257-4a56-a52d-ea5840bd55d4,,,[{'resourceId': 'e7030ec9-9a54-4717-9eec-4ab523d71718'}]
23494,8a6d3cd8-8257-4a56-a52d-ea5840bd55d4,,,[{'resourceId': 'f6cf61ad-7542-4808-8e98-d2aa292d39cb'}]
23495,52277d20-e80d-4f50-b43b-aa69df2069ed,,,[{'resourceId': '2e3c651b-5a24-48df-ba7a-8b7602d653ab'}]
23496,0d657b77-b5a7-48e9-91e0-6e1753d2c1e6,,,
23497,abe197cb-4b60-46b1-9b83-0362f054b969,,,
23498,519c529f-e0b6-4e09-b45c-183870157973,,,
23499,7d11323b-8c23-4c21-a184-b10a06984358,,,[{'resourceId': '68ca3da2-e602-4f0f-8cc0-54b701796e89'}]
23500,68ca3da2-e602-4f0f-8cc0-54b701796e89,,,
23501,60f9081b-6aaf-4ae9-9ad3-8cfb07cbea23,,,[{'resourceId': '0bcacb5c-2732-428f-b93c-e702072ac792'}]
23502,556805b3-5d42-4f72-9537-f2f570ed1490,,,
23503,134035b1-8543-44e6-b26e-65a78078b0f5,,,[{'resourceId': 'abe197cb-4b60-46b1-9b83-0362f054b969'}]
23504,492fb7d0-6ef2-4515-96e4-ff5de82e4525,,,
23505,6ebf5d66-ca62-4f6a-87f6-b649ad204b8a,,,
23506,ee99198b-b576-40fe-8cd4-3d77490a222f,,,
23507,81f48433-23d8-400f-af76-6c8483a8b922,,,
23508,cb322175-cba1-4717-9c9b-6cb020385a6a,,,[{'resourceId': 'a0d593f3-fd8d-4490-8aad-773bed731916'}]
23509,84bda200-458e-4afe-8cf4-b1853d8209b0,,,[{'resourceId': '3e6a38a2-04cb-4488-8933-b8c723f5e25e'}]
23510,a0d593f3-fd8d-4490-8aad-773bed731916,,,
23511,d9c5f7c3-b685-441f-ab7a-c8bb5ff917cf,,,
23512,31ab23bc-9793-4277-8aae-6e138a932e23,,,
23513,05ff2366-93b6-4d98-839c-5db9b04b62ab,,,
23514,62b83292-8f07-4d6d-974c-713fc1ea392f,,,[{'resourceId': '05ff2366-93b6-4d98-839c-5db9b04b62ab'}]
23515,ce60bde9-2dbe-480b-8bd5-1cfe3273a0ed,,,[{'resourceId': 'e960bd2c-fcd7-45ad-9bb8-0f5ad32523f0'}]
23516,00f3c92c-0020-42b7-9cf8-bcfc85cd16ca,,,[{'resourceId': 'ce60bde9-2dbe-480b-8bd5-1cfe3273a0ed'}]
23517,e960bd2c-fcd7-45ad-9bb8-0f5ad32523f0,,,
23518,0869a800-07e2-42ea-a7cd-8d3d26e47028,,,[{'resourceId': 'c322ae10-e1c0-42a8-acd1-e50325ebcbea'}]
23519,c322ae10-e1c0-42a8-acd1-e50325ebcbea,,,[{'resourceId': 'a22f26b8-d715-4c71-bb84-5775720dfb39'}]
23520,31015488-0162-4567-8ffe-eaa17717055d,,,[{'resourceId': '0869a800-07e2-42ea-a7cd-8d3d26e47028'}]
23521,1827a0a6-2c00-48d1-8936-27a2b31dce11,,,
23522,541c1940-d900-4d84-b3e1-11a9c1a9311c,,,
23523,b864c194-dd90-43ed-be07-bee344df8f07,,,
23524,22040981-79fe-44f2-848b-79024ace6c62,,,
23525,daf3a764-2ba5-4b54-9fd8-8c0711100210,,,
23526,27cc3a6c-30f0-4436-b048-25fde35c37fc,,,
23529,30817dd7-f0d4-4f7a-afb2-4c65bf4bf7aa,,,
23530,2c63eeda-fefa-4416-a57e-4f484f27d236,,,[{'resourceId': '52578534-5ee3-4978-ad3d-d5967073aae8'}]
23531,3093c611-faa0-4769-b6c2-efb74393d054,,,[{'resourceId': '6b37143f-ada4-43cb-8c63-6c608230eef8'}]
23532,7db4cd87-c299-40dc-903b-14fa4f138fe1,,,[{'resourceId': '54262b10-7eff-4191-8c26-bd4228b4af92'}]
23532,7db4cd87-c299-40dc-903b-14fa4f138fe1,,,[{'resourceId': '88155e01-e362-47bd-91be-c69828b2902e'}]
23533,04d11860-6929-4227-99e4-23028eb55c61,,,[{'resourceId': '4dda5b66-96e6-442e-9a5a-aa39c1a2ae5a'}]
23534,8a8f6236-353d-4527-90c8-7d8ae17a0989,,,[{'resourceId': '27cc3a6c-30f0-4436-b048-25fde35c37fc'}]
23535,5ed3ead9-872a-49a6-9798-9eb4797dde4f,,,[{'resourceId': '1507c4e6-81f9-4c61-a802-fc2372775e9c'}]
23536,c757d7d0-cbef-4815-944f-8e5f2ec18897,,,[{'resourceId': '7ecc55eb-f864-4f42-9e52-1f02f2d5429a'}]
23537,63331397-b9c8-4ac7-9b07-66990e592372,,,[{'resourceId': '7d947aa2-4ce9-4fca-9dea-7d9cff5de4f1'}]
23538,3f4fb87b-0f95-4332-901b-70350822837f,,,
23539,837dc9a4-6bd8-441c-ae07-04c086748bbf,,,[{'resourceId': '1f621b26-ac69-45bd-b25e-2868c251ae0c'}]
23540,f9cf9520-4309-4e0d-a9f3-dd54c4dbce08,,,[{'resourceId': 'fb3587f5-f611-40f8-9cb9-09d0c4cef813'}]
23541,59f80a01-d3c5-46cf-9e74-734443a1a493,,,[{'resourceId': '103cad4c-1118-4782-b02c-8d40e19e6fe3'}]
23542,b761ad94-b4ed-4d89-a30c-e7310571cb5d,,,[{'resourceId': '073f34d9-ab12-4f2d-bf1c-a938470e8fc3'}]
23543,4dda5b66-96e6-442e-9a5a-aa39c1a2ae5a,,,
23544,8ff4c3cf-5569-4436-8dba-6dbe459af02b,,,[{'resourceId': '3093c611-faa0-4769-b6c2-efb74393d054'}]
23545,42cc426e-300e-4134-9382-d1ceca47e00a,,,[{'resourceId': 'a7a0fe96-72a4-412a-a67d-8d7e316eab92'}]
23546,1f621b26-ac69-45bd-b25e-2868c251ae0c,,,[{'resourceId': '103cad4c-1118-4782-b02c-8d40e19e6fe3'}]
23549,16f7a65c-05b5-4cf0-b8e9-d54f2151a774,,,[{'resourceId': '1f621b26-ac69-45bd-b25e-2868c251ae0c'}]
23550,41f345aa-74bb-4d45-8bbf-fe9c2befe716,,,[{'resourceId': '2da4218b-5973-40b9-ab59-c16c85187cb2'}]
23551,6d394034-3a8d-42d5-b0af-8fb59286bebe,,,
23552,2da4218b-5973-40b9-ab59-c16c85187cb2,,,
23553,e2f3e764-d1c8-44ad-80e3-65fa19b42a41,,,
23554,cbff4beb-4d5f-4935-8be8-9e4d6ae116dc,,,[{'resourceId': 'c16e128d-5f01-4803-9b2f-b9ed306aec85'}]
23555,838369e7-9658-40c9-9bca-1d03bfc9e2f2,,,[{'resourceId': '1f621b26-ac69-45bd-b25e-2868c251ae0c'}]
23556,a63b3575-744c-4efd-b420-4448580c70c7,,,[{'resourceId': '5bf82326-efb7-4a96-9f3e-c98d6a87db95'}]
23557,73c8e72e-36ec-433a-a8f8-0a8f2128aa4b,,,
23558,b57eb613-ca1d-4e40-a416-f5833d65d91f,,,
23559,78655b92-5326-487f-ad2b-e8614fb6def8,,,[{'resourceId': '4b43d2ec-e938-4061-95e9-7be3616cd31b'}]
23560,51e11031-37c2-4261-ba51-8e55543310f9,,,[{'resourceId': '6d394034-3a8d-42d5-b0af-8fb59286bebe'}]
23561,58f79ed5-51bb-4889-ad95-3de5505d3618,,,[{'resourceId': '1a6dcfb0-9237-464e-a55c-3ac6be5ea8f4'}]
23562,54262b10-7eff-4191-8c26-bd4228b4af92,,,[{'resourceId': 'c09697f5-ce9e-4c1d-9cd3-50b1239adfa2'}]
23563,33f15bd4-480b-41b7-9bd0-37a7c035f855,,,[{'resourceId': '099e783a-24de-4b12-b4dd-b7dc2f71a673'}]
23564,3ff707d7-1cd4-4f8c-9784-2e0efc872eb4,,,[{'resourceId': '1507c4e6-81f9-4c61-a802-fc2372775e9c'}]
23565,1a6dcfb0-9237-464e-a55c-3ac6be5ea8f4,,,[{'resourceId': '6d394034-3a8d-42d5-b0af-8fb59286bebe'}]
23566,95700167-4f6f-46ff-b5b3-57301565ccdf,,,
23567,b8846d13-edca-404a-a196-01191a5c1a44,,,
23568,d09158ab-4aae-4f47-8086-bfa84ee6a61e,,,
23569,9ab3f2f7-2ce4-4391-a910-b52ec71d56ca,,,[{'resourceId': 'e2f3e764-d1c8-44ad-80e3-65fa19b42a41'}]
23570,59d1b1b1-a6fb-4588-a0a9-12262cc27273,,,
23571,119035c6-45fe-4fda-90cd-660d1e31d54b,,,[{'resourceId': '8a8f6236-353d-4527-90c8-7d8ae17a0989'}]
23572,5d75d31d-096b-4750-bad3-b82396765e4b,,,[{'resourceId': '95700167-4f6f-46ff-b5b3-57301565ccdf'}]
23573,945fb80f-52ee-4768-8b8e-6fa4d7cb173b,,,[{'resourceId': 'b57eb613-ca1d-4e40-a416-f5833d65d91f'}]
23574,4b43d2ec-e938-4061-95e9-7be3616cd31b,,,
23575,099e783a-24de-4b12-b4dd-b7dc2f71a673,,,
23576,9b4faa71-70c3-4126-92d7-44a081b26267,,,[{'resourceId': 'f9cf9520-4309-4e0d-a9f3-dd54c4dbce08'}]
23577,5bf82326-efb7-4a96-9f3e-c98d6a87db95,,,
23578,a7a0fe96-72a4-412a-a67d-8d7e316eab92,,,[{'resourceId': '945fb80f-52ee-4768-8b8e-6fa4d7cb173b'}]
23579,2fc6f5fb-23dc-4b1d-9eb4-46701fbdd8ff,,,[{'resourceId': 'b5955120-afa0-4a35-bb0d-5b4209cee7c6'}]
23580,d86feb3d-d661-4c19-ae30-0519188b078a,,,[{'resourceId': '9572abf9-ee61-4e1a-88bb-d4f9898331ec'}]
23581,073f34d9-ab12-4f2d-bf1c-a938470e8fc3,,,[{'resourceId': '73c8e72e-36ec-433a-a8f8-0a8f2128aa4b'}]
23582,1507c4e6-81f9-4c61-a802-fc2372775e9c,,,
23583,7d947aa2-4ce9-4fca-9dea-7d9cff5de4f1,,,[{'resourceId': '3f4fb87b-0f95-4332-901b-70350822837f'}]
23584,7627597b-e671-4c63-bb39-7c481fffdf07,,,[{'resourceId': 'b8846d13-edca-404a-a196-01191a5c1a44'}]
23585,103cad4c-1118-4782-b02c-8d40e19e6fe3,,,
23586,c16e128d-5f01-4803-9b2f-b9ed306aec85,,,[{'resourceId': '3784bd4d-1896-4c20-9a25-fbe46070dc1d'}]
23587,52578534-5ee3-4978-ad3d-d5967073aae8,,,[{'resourceId': '103cad4c-1118-4782-b02c-8d40e19e6fe3'}]
23588,9572abf9-ee61-4e1a-88bb-d4f9898331ec,,,
23589,d1d65240-e74c-4bc5-a1bf-7a297cbc9f8e,,,[{'resourceId': '30817dd7-f0d4-4f7a-afb2-4c65bf4bf7aa'}]
23590,7ecc55eb-f864-4f42-9e52-1f02f2d5429a,,,
23591,b5955120-afa0-4a35-bb0d-5b4209cee7c6,,,[{'resourceId': '103cad4c-1118-4782-b02c-8d40e19e6fe3'}]
23592,d7ebe35e-c648-4e6d-b716-8dd38f0b7944,,,[{'resourceId': '7ecc55eb-f864-4f42-9e52-1f02f2d5429a'}]
23593,84c419fc-be6c-40bf-8cc7-b7e1acb8a06d,,,[{'resourceId': '0f73274e-4af8-42e4-9873-0d1993e00dba'}]
23594,bf143c08-9c8c-45a4-aac1-f47bf3f40bf3,,,
23595,92a058b1-c2d8-4fc9-bdbe-c98fbf5869e5,,,
23596,1ee8f425-cb0e-4dae-8deb-39b34bbaeb9d,,,[{'resourceId': 'bf143c08-9c8c-45a4-aac1-f47bf3f40bf3'}]
23597,188dd02d-884b-436f-81ec-8439df32e3ea,,,[{'resourceId': '92a058b1-c2d8-4fc9-bdbe-c98fbf5869e5'}]
23598,0f73274e-4af8-42e4-9873-0d1993e00dba,,,
23599,6f795fe8-cbcc-470d-922a-a7d11612bc84,,,
23600,eaa2cdbd-c39a-4af9-ab65-1d37f4817eca,,,[{'resourceId': '7e9e72d8-1a59-4193-a46d-077b819c284d'}]
23601,d4706a38-ccf8-4c58-8cca-87e657e5803a,,,
23602,249030b5-4c0d-45db-af9e-9af672932658,,,
23603,7e9e72d8-1a59-4193-a46d-077b819c284d,,,[{'resourceId': '56e3d4af-c91f-407d-a679-e64c6b7fb921'}]
23604,033388cf-5b91-44ff-ae48-a23c580c715c,,,
23605,92d3fbbb-e1e9-4a93-80ca-61aef10b4d1d,,,[{'resourceId': '86bd4f75-bc11-49d1-87f0-93de08bea913'}]
23606,f4ad5a40-509b-4598-bcaf-30dce9cc86a1,,,[{'resourceId': 'c94eeead-c1a3-4fcf-b264-436236dc02be'}]
23607,c94eeead-c1a3-4fcf-b264-436236dc02be,,,[{'resourceId': '07134038-b05d-43ac-9e31-1b88f22f2034'}]
23608,a2ca41b1-325e-4a65-8d4b-d5a71d78a24c,,,
23609,f37e866a-394e-45b5-b904-6e006caa0896,,,[{'resourceId': '92d3fbbb-e1e9-4a93-80ca-61aef10b4d1d'}]
23610,62db3d53-61a8-440b-9acc-8758eaa0396e,,,[{'resourceId': 'd4706a38-ccf8-4c58-8cca-87e657e5803a'}]
23611,ef1d7ad2-daef-4f16-8c1d-95125a0f881d,,,[{'resourceId': '249030b5-4c0d-45db-af9e-9af672932658'}]
23612,f83c8891-0237-46e6-bbc6-d28976148705,,,[{'resourceId': '72ebf798-d156-46e5-80b2-5328026ba757'}]
23613,5a6a3d6b-5afb-4512-8b72-1d120697e1b4,,,
23614,db49f687-9ca9-4cda-a73a-7fd868360a24,,,
23615,36d25913-2ba9-4e97-b83b-7306473b84f3,,,[{'resourceId': '4d13717d-11d7-4d4c-968c-839df06f1e17'}]
23616,5faf00eb-4891-4d7c-b3d3-99d988969347,,,[{'resourceId': '72c4ca73-4d37-41f2-a9c4-35661d8f15e2'}]
23617,a5d7ded4-ee0e-44cc-9b92-2de47553ac87,,,
23618,52ee2d67-09bf-4084-a39a-0c75ddbef05f,,,[{'resourceId': 'cec35b29-2d08-44fd-9d81-37084705c183'}]
23619,e7b3c70b-826b-4c73-ace4-e2ad7f7a7342,,,
23620,5d13c7bf-cf75-4f89-81c4-46cb1e927c04,,,[{'resourceId': '5a6a3d6b-5afb-4512-8b72-1d120697e1b4'}]
23621,9974f2b4-ee59-4d77-a9a3-9dcddb727a18,,,[{'resourceId': '2e6296d8-6af8-440b-8113-fb2e999261d6'}]
23622,72c4ca73-4d37-41f2-a9c4-35661d8f15e2,,,
23623,738ecfb9-e519-46b8-b743-8c1daa109c85,,,[{'resourceId': 'e97a2b7a-a949-426d-b5eb-a7990ef98597'}]
23624,26e736ec-834e-42fe-8555-0d36f2fb92e4,,,
23625,7710b137-9c66-4c4a-95cb-09b724bdc483,,,[{'resourceId': '8e06d323-aa31-4fc5-9df2-7b8241eefd4e'}]
23626,cec35b29-2d08-44fd-9d81-37084705c183,,,[{'resourceId': 'e6c003fc-d500-4abf-9d66-73480b953dec'}]
23627,7c1b126b-b12b-42fb-98af-29bc1f6cf88e,,,
23628,e7a768bf-af65-45ba-a5bb-35da99d247b8,,,
23629,7b14e228-ae72-426e-968e-4b0838562569,,,[{'resourceId': 'db49f687-9ca9-4cda-a73a-7fd868360a24'}]
23630,2919abce-7f87-4410-9ba4-c4c3badf5470,,,[{'resourceId': '36d25913-2ba9-4e97-b83b-7306473b84f3'}]
23631,e97a2b7a-a949-426d-b5eb-a7990ef98597,,,
23632,53a8a62f-6793-4054-a5cb-8a393b76b35a,,,[{'resourceId': '05451afe-0410-459e-81f5-ee5c92176d8e'}]
23633,69cc96dc-bbf3-4f3a-afa4-980486a92e5d,,,[{'resourceId': '26e736ec-834e-42fe-8555-0d36f2fb92e4'}]
23634,8d5a2b66-4c12-4d33-b417-e0c85eb61558,,,[{'resourceId': 'e7a768bf-af65-45ba-a5bb-35da99d247b8'}]
23635,05451afe-0410-459e-81f5-ee5c92176d8e,,,[{'resourceId': '60135b42-2d72-46a8-85e1-acda7a718fe1'}]
23636,75e4f546-6ccf-4051-81b9-b8dac272a14d,,,
23637,4d13717d-11d7-4d4c-968c-839df06f1e17,,,
23638,de95dad9-6a5e-4956-97b3-23f2bf20825c,,,[{'resourceId': 'e7b3c70b-826b-4c73-ace4-e2ad7f7a7342'}]
23639,8e06d323-aa31-4fc5-9df2-7b8241eefd4e,,,[{'resourceId': 'a5d7ded4-ee0e-44cc-9b92-2de47553ac87'}]
23640,bf796e89-1888-480c-b6cb-94b4c1e46d6c,,,[{'resourceId': '75e4f546-6ccf-4051-81b9-b8dac272a14d'}]
23641,4f8c6584-6ced-4658-bb15-ed3d0eaaf50d,,,
23642,82414210-aff5-4c5d-977e-74eeee5df3ae,,,[{'resourceId': 'b9d9376e-34b3-4a52-b77d-ade5d06c0994'}]
23643,53372738-2155-4f11-972f-ade73df97eba,,,[{'resourceId': '52b44f44-4703-4da7-a6d0-6afa39cc9bdd'}]
23644,9317150d-5905-4588-99a5-62293544c1a4,,,
23645,15aa2cad-69d6-4898-a8d5-3ea2ea35ec6a,,,[{'resourceId': 'f1430d78-0c54-44b7-b132-2a1be1d94b95'}]
23646,f1430d78-0c54-44b7-b132-2a1be1d94b95,,,
23647,f90b9e96-ed8b-4846-b5f5-41abd205207f,,,[{'resourceId': 'ad466a44-933f-4ce8-9739-415e1393c5cc'}]
23648,c1b6575b-797b-4eff-8b5d-fd1e0f51f672,,,
23649,36171446-8093-44cc-a589-27de759c2dd6,,,[{'resourceId': '280c8fb6-1851-43f0-88eb-e06af297f387'}]
23650,0144ae8e-264a-439e-93b0-4fd349c576d0,,,[{'resourceId': 'e86c71e3-62d7-49a4-b65a-6f5c859c0f6b'}]
23650,0144ae8e-264a-439e-93b0-4fd349c576d0,,,[{'resourceId': '99205b67-23f6-43ef-b1dd-c4e4864cdbb8'}]
23651,98b43929-2b5a-4815-be46-353950acc51d,,,
23652,4ef5acfe-d07b-4f6b-ad82-3262861ebd38,,,[{'resourceId': 'e966483c-519b-412e-a77e-473c1694e285'}]
23653,a306e94f-a2b3-46a9-8ca7-67575ea1aed3,,,
23654,5c87df2d-9a2c-4b6f-88eb-7f3aed5633c4,,,[{'resourceId': '39b83afe-fb11-4791-bc5c-0431406b5755'}]
23655,ccfc3b66-feb7-447a-9645-df6bec7e0100,,,[{'resourceId': 'ad466a44-933f-4ce8-9739-415e1393c5cc'}]
23656,5aba82b9-b3fc-423a-9179-fb52995e7a30,,,[{'resourceId': '8cf05e60-167f-45ff-9501-fd0380e7a424'}]
23657,5ab9820e-c68f-45ed-bdf8-34f86708c2db,,,[{'resourceId': '4fbd8492-6fa1-4f77-9840-e22c4aff7e20'}]
23658,bcb72d86-9750-4d58-a96b-21651c620521,,,[{'resourceId': '98b43929-2b5a-4815-be46-353950acc51d'}]
23658,bcb72d86-9750-4d58-a96b-21651c620521,,,[{'resourceId': 'a238519b-9621-46d8-8a20-4def3839a5d9'}]
23659,2552b322-281d-41e7-ac4c-211f4c9b58c0,,,[{'resourceId': '4fbd8492-6fa1-4f77-9840-e22c4aff7e20'}]
23660,f47e78b1-fccd-41cb-9ef0-4307a5cefbae,,,[{'resourceId': '14487d2b-6530-44cb-8963-707f6ae533c0'}]
23661,ae8839dc-ffee-43f1-ad1d-744b3701c50a,,,[{'resourceId': 'cdd442d4-f142-44af-8b38-2723fdd048c7'}]
23662,14487d2b-6530-44cb-8963-707f6ae533c0,,,[{'resourceId': '853f14d9-2944-48b3-b598-37b53d70d473'}]
23663,c718e7b7-f6fa-4cba-a86d-17c8f0a27023,,,
23664,ca3c99ed-d2bb-461e-9842-225b580d1a92,,,[{'resourceId': '065d1ffa-2a79-444f-955a-9fa4552a3963'}]
23665,49ef9868-5ddc-4fef-a64f-4031348ce4c6,,,[{'resourceId': '0144ae8e-264a-439e-93b0-4fd349c576d0'}]
23666,291ab2fb-ec48-4813-b784-8a90bb0de630,,,
23667,8cf05e60-167f-45ff-9501-fd0380e7a424,,,[{'resourceId': '598ebc8c-7892-4172-a583-02e736400cd8'}]
23668,25d2feff-ec86-4195-9a92-f9cf4b658166,,,
23669,2a42ae8d-5a39-4fab-9cb2-cd2745cb0286,,,
23670,26092784-9d05-4110-a2d9-7fbc203475ea,,,[{'resourceId': 'a306e94f-a2b3-46a9-8ca7-67575ea1aed3'}]
23671,6477fe20-a1f6-4256-9d78-8b5403e8227e,,,[{'resourceId': '4b7c11d4-d0cb-4164-8298-2ce7f4083700'}]
23672,260feded-7e57-4198-8d96-999bb90a76c6,,,[{'resourceId': '2d493ffc-681c-41ba-89bb-bc840a86bacf'}]
23673,3d974447-c1ff-4f0d-8276-1494a9d14cdf,,,
23674,cdd442d4-f142-44af-8b38-2723fdd048c7,,,[{'resourceId': '4f8c6584-6ced-4658-bb15-ed3d0eaaf50d'}]
23675,6f108413-84c6-4d40-8b75-97d4fe54a766,,,[{'resourceId': '4ef5acfe-d07b-4f6b-ad82-3262861ebd38'}]
23676,5119cc77-4e8c-4cf0-8da6-8c31e37c07cf,,,[{'resourceId': 'c9ff917e-e696-4aa6-8f9f-9e1652668156'}]
23677,d499872c-c17b-4e7e-9318-b210840e8e9e,,,[{'resourceId': '7e50f2bb-2e28-460c-a3af-6e134171d3c9'}]
23678,52b44f44-4703-4da7-a6d0-6afa39cc9bdd,,,
23679,2d02cc99-943e-4bfc-b120-ae427fb1f460,,,[{'resourceId': '4953428b-4104-43ea-8ef7-76290219d793'}]
23680,1c73ea1a-46a5-4b93-853b-86061519adeb,,,
23681,759b9b55-5e60-4fd1-a975-13ae1beaa0d0,,,[{'resourceId': '5c5f8f81-f547-40cf-be6e-c92f3d99a785'}]
23682,57450bfa-be0c-4080-94a3-5ac616e65318,,,[{'resourceId': '8cf05e60-167f-45ff-9501-fd0380e7a424'}]
23684,280c8fb6-1851-43f0-88eb-e06af297f387,,,
23685,4fbd8492-6fa1-4f77-9840-e22c4aff7e20,,,[{'resourceId': '5119cc77-4e8c-4cf0-8da6-8c31e37c07cf'}]
23686,8ae3fdd8-fa2c-463e-b393-0e8034be91e4,,,[{'resourceId': '836ef080-a314-4ff7-b52a-02c51281b680'}]
23687,0087c044-ecbe-40a2-b265-1cb0d4412164,,,
23688,4b7c11d4-d0cb-4164-8298-2ce7f4083700,,,
23689,8f87bd22-60d4-4773-afa1-6d1080d5a4dc,,,[{'resourceId': '836ef080-a314-4ff7-b52a-02c51281b680'}]
23690,7e50f2bb-2e28-460c-a3af-6e134171d3c9,,,
23691,de7aef02-e0a4-4d51-9cfa-0a5cf9a1578e,,,
23692,e86c71e3-62d7-49a4-b65a-6f5c859c0f6b,,,[{'resourceId': 'c718e7b7-f6fa-4cba-a86d-17c8f0a27023'}]
23693,39b83afe-fb11-4791-bc5c-0431406b5755,,,[{'resourceId': '0f4bd09b-70a1-4de8-b0bf-a2b76c5abbae'}]
23693,39b83afe-fb11-4791-bc5c-0431406b5755,,,[{'resourceId': 'd332672c-6567-4124-bb7c-20f70f74ebf3'}]
23694,cad802cb-6d3d-4393-abdd-1bfae94155f8,,,[{'resourceId': '759b9b55-5e60-4fd1-a975-13ae1beaa0d0'}]
23695,4953428b-4104-43ea-8ef7-76290219d793,,,
23696,445e43d3-098c-424d-8417-1ca412e62040,,,
23697,065d1ffa-2a79-444f-955a-9fa4552a3963,,,
23698,c8363f22-dac5-4483-a319-a41c6782e47d,,,[{'resourceId': '291ab2fb-ec48-4813-b784-8a90bb0de630'}]
23699,ad466a44-933f-4ce8-9739-415e1393c5cc,,,[{'resourceId': 'b60fc8e0-4ac0-4c5e-9c1f-b52d5ea62a2d'}]
23699,ad466a44-933f-4ce8-9739-415e1393c5cc,,,[{'resourceId': 'a9bbd99d-9cbb-4caa-b194-1d116ef217e0'}]
23700,ecfde847-a327-48ab-bc8e-cd982b22fd80,,,[{'resourceId': 'f90b9e96-ed8b-4846-b5f5-41abd205207f'}]
23701,0c8b8c1e-439d-4bb8-b1ac-08c103144238,,,
23702,1fd9865c-c56f-4b29-8b97-c8bf4777d729,,,[{'resourceId': '5ab9820e-c68f-45ed-bdf8-34f86708c2db'}]
23703,e966483c-519b-412e-a77e-473c1694e285,,,
23704,6e7cce69-468e-4cb5-9b12-999ca9c9de22,,,[{'resourceId': 'd5603967-03ea-4a89-a2b9-8945c83522b3'}]
23704,6e7cce69-468e-4cb5-9b12-999ca9c9de22,,,[{'resourceId': '20fc43fb-1fea-4979-a566-66879760efd0'}]
23705,b9d9376e-34b3-4a52-b77d-ade5d06c0994,,,
23706,0f4bd09b-70a1-4de8-b0bf-a2b76c5abbae,,,[{'resourceId': 'de7aef02-e0a4-4d51-9cfa-0a5cf9a1578e'}]
23707,87170d7a-1342-485b-9297-69da1fe08d71,,,[{'resourceId': '2a42ae8d-5a39-4fab-9cb2-cd2745cb0286'}]
23709,836ef080-a314-4ff7-b52a-02c51281b680,,,
23710,2d493ffc-681c-41ba-89bb-bc840a86bacf,,,
23711,b60fc8e0-4ac0-4c5e-9c1f-b52d5ea62a2d,,,[{'resourceId': '15aa2cad-69d6-4898-a8d5-3ea2ea35ec6a'}]
23712,2a3759cd-6589-49dc-914a-b109c25772b3,,,[{'resourceId': '25d2feff-ec86-4195-9a92-f9cf4b658166'}]
23713,8da8f853-52ea-4750-8df4-cc11b94f00de,,,
23714,96077fb9-be1c-4ee2-ae71-43b14ae61ffe,,,[{'resourceId': '8da8f853-52ea-4750-8df4-cc11b94f00de'}]
23715,be8255bd-4f52-4958-b093-8f448cb29413,,,
23716,243792ab-5108-4d50-9dfd-0d3a2223c956,,,[{'resourceId': 'be8255bd-4f52-4958-b093-8f448cb29413'}]
23717,1bd8187a-030a-463c-b337-c3275b8e65e8,,,
23718,f78010aa-38b1-4296-bb6c-e0a854466a20,,,
23719,7823fc0a-1708-42ab-a76c-5d649a0cd502,,,
23720,bfa7bdac-96cc-49b5-8b05-a718f18aaaf2,,,[{'resourceId': '7823fc0a-1708-42ab-a76c-5d649a0cd502'}]
23721,8b83510e-ce6d-406a-b3cb-44838754f6db,,,
23723,bcd94415-9a76-4a83-aa32-859acce66803,,,
23724,cbcfc39f-83e1-4234-9c6d-00955ce4b2eb,,,
23725,dd177ca9-59ae-4aa0-9bca-d00d9e6c1da1,,,
23726,7083d24b-4aa1-4370-8f63-f043f9ce33ad,,,[{'resourceId': 'dd177ca9-59ae-4aa0-9bca-d00d9e6c1da1'}]
23727,f7c7395a-64e4-45f8-9ff4-c29c2c21affa,,,
23728,ccaa86db-3ee1-47fd-9ea0-62dabceb412b,,,[{'resourceId': 'd02ca0ad-d36a-4e2a-a4a0-56dbe7a80b4c'}]
23729,594748a8-9964-412e-b80a-19de1e41c0be,,,[{'resourceId': 'd4f6bf1e-75e1-478b-9a64-efc815b54910'}]
23730,5a2f3776-31d8-4cc6-9edf-953e19867958,,,[{'resourceId': '73c1e33a-f140-4d24-8ac4-40ea24e86de4'}]
23731,d02ca0ad-d36a-4e2a-a4a0-56dbe7a80b4c,,,
23732,f0285d81-e633-404b-bc00-4bd84538c28e,,,[{'resourceId': '1b611809-ed83-49b7-b93d-427aa7af623a'}]
23733,73c1e33a-f140-4d24-8ac4-40ea24e86de4,,,
23734,d4f6bf1e-75e1-478b-9a64-efc815b54910,,,
23735,e9f51e2c-0eb5-4f17-ab0c-4f3b538d31da,,,[{'resourceId': 'f7c7395a-64e4-45f8-9ff4-c29c2c21affa'}]
23736,3963b642-9cfd-47f1-9a7a-9a8fa79edfbf,,,[{'resourceId': 'ee9aaeea-adec-4025-8151-b2256927d0f4'}]
23737,7d8fe1e2-77f9-462f-8dec-2f552abb436b,,,[{'resourceId': 'f2582dbd-9cda-45dc-914d-2870f7455460'}]
23737,7d8fe1e2-77f9-462f-8dec-2f552abb436b,,,[{'resourceId': 'b174d642-69d6-47a6-9821-2bcb484954b0'}]
23738,743643bb-76ca-43a8-ad8c-8b9c161f39f3,,,[{'resourceId': 'bb443563-5743-4f9b-ba86-bf1f6f149cc6'}]
23739,78daad2b-15cc-4b6e-89f9-37489bc38d01,,,[{'resourceId': 'bcd94415-9a76-4a83-aa32-859acce66803'}]
23740,bb443563-5743-4f9b-ba86-bf1f6f149cc6,,,[{'resourceId': 'ec7a1abb-9766-45ea-b414-42660e1575b6'}]
23741,f2582dbd-9cda-45dc-914d-2870f7455460,,,
23742,0cff9bd0-8ec6-404a-a611-ed9c1c3dd78e,,,[{'resourceId': 'd02ca0ad-d36a-4e2a-a4a0-56dbe7a80b4c'}]
23743,fe19ffb7-d563-45df-9ca6-e1808185c470,,,[{'resourceId': 'cbcfc39f-83e1-4234-9c6d-00955ce4b2eb'}]
23744,ee9aaeea-adec-4025-8151-b2256927d0f4,,,
23745,03a8fb1c-8238-41c8-90ec-ef9d9c410e54,,,
23746,5b40ec7a-fbd0-457f-bbf7-f604a089fb9b,,,
23747,3b4e5737-c1b5-4465-accd-0d7056659f8c,,,[{'resourceId': '061b0f7b-06ad-484e-943c-79969e1ab84d'}]
23748,0da03991-36a7-4e92-8291-24610ea0ff41,,,
23749,09f088f8-d2d2-4f16-8011-139efe196cde,,,[{'resourceId': '528b2978-1c6f-4419-be89-03ffeeecc00d'}]
23749,09f088f8-d2d2-4f16-8011-139efe196cde,,,[{'resourceId': '8828edf3-6b30-416f-9a34-3ebd521d2842'}]
23750,151f70d2-b45e-415d-8622-061dfb0fd75d,,,[{'resourceId': '3c835cc6-852f-4385-88d4-75583db10fcb'}]
23751,8828edf3-6b30-416f-9a34-3ebd521d2842,,,[{'resourceId': '0da03991-36a7-4e92-8291-24610ea0ff41'}]
23753,0324f1fc-8f33-4986-bf7f-25c6ac3d22ab,,,[{'resourceId': '3b4e5737-c1b5-4465-accd-0d7056659f8c'}]
23754,061b0f7b-06ad-484e-943c-79969e1ab84d,,,[{'resourceId': 'f6d8f4c7-813a-4f07-bc11-3aebe111195b'}]
23755,1760d0e8-87f4-48b7-81c0-e6328467f937,,,[{'resourceId': '86081f5a-12b9-490b-babf-2103ed47283a'}]
23756,9454ae48-d7d2-409b-b57b-20abb379e900,,,[{'resourceId': '36b098c2-b22e-4ed7-a681-fec60e4ca0b2'}]
23757,a58f0426-5e57-4f39-aace-1086920fee39,,,
23758,bf253b68-f3af-4cd8-9723-fe00160d36c2,,,
23759,65743016-78c8-4187-b6a2-5e6990b2a818,,,
23760,710e08ba-8e91-4d11-8894-23da79a66631,,,[{'resourceId': 'f6d8f4c7-813a-4f07-bc11-3aebe111195b'}]
23761,79f6c345-3e4b-4bd1-ba18-7509c1469a81,,,
23762,f53c0780-533d-4f9c-94d5-bfe23f997fdc,,,
23763,437c0fc4-861e-4333-870b-ce5116e11246,,,[{'resourceId': '83ddb9eb-99c7-4090-bc3d-d5d0d30ff607'}]
23765,524431ee-320f-4471-b13a-81f7fb22850f,,,[{'resourceId': 'be7dbb5d-c151-4253-9e9e-2b3a48f7c962'}]
23765,524431ee-320f-4471-b13a-81f7fb22850f,,,[{'resourceId': '0324f1fc-8f33-4986-bf7f-25c6ac3d22ab'}]
23766,001dbde3-acb1-4e45-a58c-4ea0cf1c4dd7,,,[{'resourceId': '10d394b2-297f-4c9e-86d5-7620596270ea'}]
23767,5e811c9a-7888-4446-b6ce-066bef31b8a9,,,[{'resourceId': '061b0f7b-06ad-484e-943c-79969e1ab84d'}]
23768,77e0539f-6feb-44fd-bf18-5772a08f24b3,,,
23769,f73007db-d5b2-42c5-91a2-e239ec897e18,,,[{'resourceId': 'b493ae6c-e335-41eb-b7c8-81c2726ec851'}]
23769,f73007db-d5b2-42c5-91a2-e239ec897e18,,,[{'resourceId': '26d574a2-3d57-4378-975c-790bc86223bd'}]
23770,2acedfc0-82f7-4e15-b37c-8e158b898cb7,,,[{'resourceId': '710e08ba-8e91-4d11-8894-23da79a66631'}]
23771,2a065cd3-ae05-4c9d-82bf-05efd13e28f4,,,[{'resourceId': 'aaf98735-992d-4e03-8530-773da495cebe'}]
23772,10d394b2-297f-4c9e-86d5-7620596270ea,,,
23773,301d0bd3-abe4-4a85-8f61-d5413d77ab28,,,
23774,1943e32b-fdb4-42e9-bb5e-5978d4e733b8,,,
23775,e5f552dc-426d-4495-b86a-50ad49e1f490,,,[{'resourceId': '77e0539f-6feb-44fd-bf18-5772a08f24b3'}]
23776,70d5163f-5568-4fde-8c30-fda847ac36f1,,,[{'resourceId': 'e898912b-8549-42f3-b6a3-9e8444b36bb3'}]
23777,aaf98735-992d-4e03-8530-773da495cebe,,,[{'resourceId': '90247382-4b77-4224-a911-5f9789d9db99'}]
23778,1157a965-eae5-4833-964b-4b89411bd4b5,,,[{'resourceId': 'bf253b68-f3af-4cd8-9723-fe00160d36c2'}]
23779,c7f012e3-7d8d-41b4-a388-f8e1920410c3,,,[{'resourceId': 'f53c0780-533d-4f9c-94d5-bfe23f997fdc'}]
23780,4b09dc00-aacf-41f7-8235-967a548456a7,,,[{'resourceId': 'e6fbd941-54ab-46ed-b70d-41c7542aa1c9'}]
23781,83ddb9eb-99c7-4090-bc3d-d5d0d30ff607,,,
23782,08038794-e065-4cbd-a694-e3175487e400,,,[{'resourceId': '0da03991-36a7-4e92-8291-24610ea0ff41'}]
23783,a2b3ccc7-4663-4e76-8ec7-bc59c769ab4e,,,[{'resourceId': '0de95c0d-8563-4464-ab4d-95c20406df58'}]
23784,fe3584da-0ccb-4881-a25d-94ef1650fd02,,,[{'resourceId': 'b302736c-76f9-4bb9-98af-2ef516eea0cd'}]
23784,fe3584da-0ccb-4881-a25d-94ef1650fd02,,,[{'resourceId': '2ba3df00-a217-4762-83d1-693905bbabbd'}]
23785,a041be4d-1ac6-4ca2-a44b-5f758796ff03,,,[{'resourceId': '5885971b-2031-4c91-928b-fb025a6f22a2'}]
23786,ad7d384d-ca69-4836-ac04-2c4dc0803a54,,,
23787,36b098c2-b22e-4ed7-a681-fec60e4ca0b2,,,[{'resourceId': 'fb43e3ee-9f85-4550-a8f2-5edbd3f059a8'}]
23788,0de95c0d-8563-4464-ab4d-95c20406df58,,,
23789,53a55748-b00c-46f6-abe9-bf781ce1fd4f,,,[{'resourceId': '3fd0e238-cc47-4020-97d1-90bfa1868ef5'}]
23790,e898912b-8549-42f3-b6a3-9e8444b36bb3,,,[{'resourceId': '79f6c345-3e4b-4bd1-ba18-7509c1469a81'}]
23791,be03862d-7a98-4c95-aaea-ebc3d0842fa4,,,[{'resourceId': '65743016-78c8-4187-b6a2-5e6990b2a818'}]
23791,be03862d-7a98-4c95-aaea-ebc3d0842fa4,,,[{'resourceId': '5e6696ca-c819-483f-84ef-e27ca64f99c2'}]
23792,21688365-78db-42a6-9232-136cc6aec632,,,[{'resourceId': 'a58f0426-5e57-4f39-aace-1086920fee39'}]
23793,cee656ec-cfd9-4791-a51c-e8e7e1b84788,,,[{'resourceId': 'a041be4d-1ac6-4ca2-a44b-5f758796ff03'}]
23794,82a86d39-6fc9-433f-80b0-c0f7302d50c2,,,[{'resourceId': '53a55748-b00c-46f6-abe9-bf781ce1fd4f'}]
23794,82a86d39-6fc9-433f-80b0-c0f7302d50c2,,,[{'resourceId': 'd93f8224-c9bd-4f30-9845-882c25c50114'}]
23795,1e227faa-a7e2-4226-bf1a-9802d38947c3,,,[{'resourceId': 'd1fcbfc5-60c1-4a81-8471-f543f9131df1'}]
23795,1e227faa-a7e2-4226-bf1a-9802d38947c3,,,[{'resourceId': '7237c343-e12c-44b0-b5b7-93cacdcdc08b'}]
23796,dbca0433-0d57-4594-b1e6-cbb6635a803f,,,[{'resourceId': '77e0539f-6feb-44fd-bf18-5772a08f24b3'}]
23797,50a9cf75-4859-4879-b649-a9024ca998aa,,,[{'resourceId': '001dbde3-acb1-4e45-a58c-4ea0cf1c4dd7'}]
23798,626fc33e-559c-48ce-abc4-065151e3f751,,,[{'resourceId': '301d0bd3-abe4-4a85-8f61-d5413d77ab28'}]
23799,2ba3df00-a217-4762-83d1-693905bbabbd,,,[{'resourceId': '08038794-e065-4cbd-a694-e3175487e400'}]
23800,414eb458-2d9e-4aa5-ba00-267ad4725c93,,,[{'resourceId': 'ad7d384d-ca69-4836-ac04-2c4dc0803a54'}]
23801,52e7ce9c-a2eb-4320-93e0-397b0728c596,,,
23802,f38a7b1a-7f2b-49e1-abd9-7e1cd3594b33,,,[{'resourceId': 'e898912b-8549-42f3-b6a3-9e8444b36bb3'}]
23803,dab5a421-ad4c-4cf6-991d-e0f1ec4e8e78,,,[{'resourceId': 'fe3584da-0ccb-4881-a25d-94ef1650fd02'}]
23803,dab5a421-ad4c-4cf6-991d-e0f1ec4e8e78,,,[{'resourceId': 'f11d9ae6-9338-4558-b846-39fd54e5015d'}]
23804,e55afa90-d4ce-475f-8f04-318f3a4e0f1f,,,[{'resourceId': '601fb976-0141-4c41-bddf-d91cc52336f7'}]
23805,3d3a4c8e-ce7e-440f-8fa6-bd85200d6242,,,
23806,90247382-4b77-4224-a911-5f9789d9db99,,,
23807,601fb976-0141-4c41-bddf-d91cc52336f7,,,[{'resourceId': '1943e32b-fdb4-42e9-bb5e-5978d4e733b8'}]
23808,86081f5a-12b9-490b-babf-2103ed47283a,,,
23809,b493ae6c-e335-41eb-b7c8-81c2726ec851,,,
23810,f6d8f4c7-813a-4f07-bc11-3aebe111195b,,,
23811,e6fbd941-54ab-46ed-b70d-41c7542aa1c9,,,
23812,4dd04db7-87b3-4a6a-be9c-b9f3e5d7755b,,,[{'resourceId': '86081f5a-12b9-490b-babf-2103ed47283a'}]
23813,3e74de1c-121f-4d3d-acb1-5bc6fe40e09c,,,[{'resourceId': '96f2e7d6-05c7-4ab7-9b52-bc909ea30f60'}]
23814,96f2e7d6-05c7-4ab7-9b52-bc909ea30f60,,,
23815,2c517253-86e4-4241-91e4-aef602d59857,,,
23816,3d3536ae-7c84-408e-b1b1-65ea9840d0ec,,,[{'resourceId': '2c517253-86e4-4241-91e4-aef602d59857'}]
23818,dadc983a-ee66-4b7c-a5aa-9cbf9379d551,,,[{'resourceId': '4ae612d5-6740-4825-b499-7d7de9a9c2a8'}]
23819,03c9c85d-62bb-4b6b-8091-451975bf96f2,,,[{'resourceId': '4ae612d5-6740-4825-b499-7d7de9a9c2a8'}]
23820,4ae612d5-6740-4825-b499-7d7de9a9c2a8,,,
23821,b44a3d30-5a8b-4d74-8635-a9984298bc00,,,[{'resourceId': 'ef483d77-3159-4357-8685-6c83acbb0435'}]
23822,ef483d77-3159-4357-8685-6c83acbb0435,,,
23823,eaeeda24-ab84-495d-bb3d-a7d5d8ed1306,,,[{'resourceId': 'b890122c-f020-4843-9720-e1c0c2b594c0'}]
23824,5cb84df3-f441-4c32-8ea3-99d3446f00f4,,,[{'resourceId': '85e96cd7-06c2-4de3-a668-6bd8027532bf'}]
23825,ab2aed0a-0a42-4179-8f87-91de668377cb,,,[{'resourceId': 'b0f0cd4d-83b7-4ca6-8213-c6658e0dffe0'}]
23826,60f622cb-f9c2-4b05-a4ce-2ec505508e71,,,
23827,770d46b6-5e79-4342-83dd-057b47703fc7,,,
23828,5ed362ce-1368-48ae-9926-db9c84aff712,,,[{'resourceId': '810303a7-b2d9-45d4-88e1-aa02cc95e2ad'}]
23829,952aa3a2-c7cd-4897-bc29-6e62d6b3f53d,,,[{'resourceId': 'd86e560c-77a8-4a7b-b351-f150fff1a1b8'}]
23830,810303a7-b2d9-45d4-88e1-aa02cc95e2ad,,,
23831,83891cde-2791-4017-84da-5b3f797fbb66,,,
23832,6c49f551-4e13-4bb9-9d63-08cba1a6585f,,,
23833,c6b38bbe-ffcd-45cf-ac72-5bb0c7e6b825,,,[{'resourceId': 'cf26a8fe-c869-4369-9488-b5149e1c9448'}]
23834,8eb1cf8b-3941-4dc4-9746-67aa54e99ced,,,[{'resourceId': 'cf26a8fe-c869-4369-9488-b5149e1c9448'}]
23835,49feccc4-8d21-46f0-b1ab-b52489df611a,,,
23836,818d86dc-98fe-4448-87c6-0b8d972a2c01,,,[{'resourceId': 'cc3c57d3-0701-423a-ae70-67feacfc10ed'}]
23837,4fe5193f-c306-4e82-9e86-bce7a254e05a,,,[{'resourceId': '064d3ada-b094-4888-9b5b-9914c53b91f2'}]
23838,9be3d670-13b8-4362-8300-fb88d629fa63,,,[{'resourceId': '60f622cb-f9c2-4b05-a4ce-2ec505508e71'}]
23839,064d3ada-b094-4888-9b5b-9914c53b91f2,,,
23840,b890122c-f020-4843-9720-e1c0c2b594c0,,,[{'resourceId': '94e676a4-885c-47fb-9467-76cdba402cf7'}]
23841,1e32a940-c999-43f8-9bf4-bfab93bcf4c4,,,[{'resourceId': 'b757cfc2-cb2c-4c52-90bd-22d0deea8b12'}]
23842,b757cfc2-cb2c-4c52-90bd-22d0deea8b12,,,[{'resourceId': '49feccc4-8d21-46f0-b1ab-b52489df611a'}]
23843,cc3c57d3-0701-423a-ae70-67feacfc10ed,,,
23844,893fc9a2-183f-44c3-8a85-7a6dc107ebcb,,,[{'resourceId': '770d46b6-5e79-4342-83dd-057b47703fc7'}]
23845,b0656dbd-236c-4e04-8702-75c566f8ef8d,,,
23847,bbb95af9-8ee8-44f2-9b70-e605cdce249f,,,[{'resourceId': 'eaeeda24-ab84-495d-bb3d-a7d5d8ed1306'}]
23848,b0f0cd4d-83b7-4ca6-8213-c6658e0dffe0,,,
23849,605db703-8ccd-42b1-aa80-10cdda923d7b,,,[{'resourceId': '83891cde-2791-4017-84da-5b3f797fbb66'}]
23850,85e96cd7-06c2-4de3-a668-6bd8027532bf,,,
23851,37fc4af8-2228-4c15-816a-0df080425250,,,[{'resourceId': '2669e2ca-4d00-4a07-b176-292be97102a4'}]
23852,e965213c-49e9-4f55-9aef-16cf4736243e,,,[{'resourceId': '6c49f551-4e13-4bb9-9d63-08cba1a6585f'}]
23853,643dd693-86cb-4627-8871-8bf960a02c47,,,[{'resourceId': '61939046-208e-4bf6-a9ea-d70c9e68685a'}]
23854,61939046-208e-4bf6-a9ea-d70c9e68685a,,,
23855,b8a9881d-664d-4318-8a33-a8ed4087a5ef,,,[{'resourceId': '770d46b6-5e79-4342-83dd-057b47703fc7'}]
23856,8dd82080-f98f-49f6-8a0f-3b21bc842281,,,[{'resourceId': 'b0656dbd-236c-4e04-8702-75c566f8ef8d'}]
23857,d86e560c-77a8-4a7b-b351-f150fff1a1b8,,,[{'resourceId': '770d46b6-5e79-4342-83dd-057b47703fc7'}]
23858,2669e2ca-4d00-4a07-b176-292be97102a4,,,
23860,0c6819de-99d5-403a-b1b4-7c9ac910b088,,,[{'resourceId': '4fe5193f-c306-4e82-9e86-bce7a254e05a'}]
23861,4a3a5c74-48cf-4b9c-9612-ac4103c02208,,,[{'resourceId': '064d3ada-b094-4888-9b5b-9914c53b91f2'}]
23862,cf26a8fe-c869-4369-9488-b5149e1c9448,,,
23863,e1eb7061-059d-4725-b639-0bf2b44299ab,,,
23864,ed55d145-a99b-4806-bd4e-ea12723c2dcf,,,
23865,dcb6f5c6-e2cf-4d9b-b638-135b84602dba,,,
23866,424bd22e-ca8b-41d6-a42e-bcb1d2a2996e,,,
23867,d8b76ffe-3253-48d9-9328-bfa6d0e6c719,,,[{'resourceId': '424bd22e-ca8b-41d6-a42e-bcb1d2a2996e'}]
23868,8de135e8-9786-40ed-b638-182c9012f2ec,,,[{'resourceId': 'ebf1570c-a27e-4fa9-8562-e37f2b7d639d'}]
23869,bb9e8b78-bfd8-49b1-8efb-90b04cfe9867,,,[{'resourceId': 'a2abfc4f-e83b-40bb-9e25-021101767ee9'}]
23869,bb9e8b78-bfd8-49b1-8efb-90b04cfe9867,,,[{'resourceId': 'f80be426-53bd-4a9c-85df-9580bd4dbf20'}]
23870,d75bf206-9bb4-44f5-8f69-6d671742effb,,,[{'resourceId': '33628e9f-7fec-4dc7-be53-48ed2b163914'}]
23871,c56afacc-fa22-4d31-a7f9-377782727318,,,[{'resourceId': 'f10b1446-eda1-4eb8-8443-7c1cef76d2b8'}]
23871,c56afacc-fa22-4d31-a7f9-377782727318,,,[{'resourceId': 'fadebe02-ff24-43ce-90d4-9ad2d040a377'}]
23872,c6e80096-5df3-4088-aa38-0e81ec4a427b,,,[{'resourceId': '015408dc-f458-4dc3-8d2e-604d9c602d77'}]
23873,81e1abae-278f-4c5c-9290-a26d4f9f02ec,,,[{'resourceId': '14c007a3-fd30-40cc-b1dd-174dd9d7aef8'}]
23873,81e1abae-278f-4c5c-9290-a26d4f9f02ec,,,[{'resourceId': '039500c1-943a-4095-b467-38d29bc27196'}]
23874,887e631e-94a6-421c-b43d-8499c376e46d,,,[{'resourceId': '4e6b79bc-d87b-4288-a639-143a02dee20a'}]
23874,887e631e-94a6-421c-b43d-8499c376e46d,,,[{'resourceId': '0818d587-9bf5-487a-9035-7cc389b6a012'}]
23875,2ccd7242-6b53-4e86-81a8-0185bff88f6a,,,[{'resourceId': 'e99871d8-2e70-4f66-bfdf-1c87358809c3'}]
23875,2ccd7242-6b53-4e86-81a8-0185bff88f6a,,,[{'resourceId': '5fbc2f69-94d3-4cd2-b1b1-ff6f58d11f9f'}]
23876,958a9811-de13-497d-a58a-90cdb3a5dc8f,,,[{'resourceId': '39695fac-9ce5-402d-a1d7-1d65ae430125'}]
23876,958a9811-de13-497d-a58a-90cdb3a5dc8f,,,[{'resourceId': '4990db49-1500-47dd-8a97-0e86573ec128'}]
23877,b24233d2-e0b4-4700-a7d5-502c1f432d75,,,[{'resourceId': '4d6c078a-b041-401b-82ba-4cd06f85d029'}]
23878,a26f48da-6578-429e-9388-ec83cd3c0ead,,,[{'resourceId': '62db3d53-61a8-440b-9acc-8758eaa0396e'}]
23878,a26f48da-6578-429e-9388-ec83cd3c0ead,,,[{'resourceId': '50aba33f-3f24-48b2-9345-c4f4b3decd6b'}]
23879,9e4f9084-3699-44a6-90ec-123dfc4a025a,,,[{'resourceId': 'ffdc385f-8980-490b-968a-3ff940574328'}]
23880,c26d02a7-b9d4-4620-9495-cbb7a657ef53,,,[{'resourceId': 'e14f6d14-55c1-46fc-abb1-8a7f8055ee67'}]
23880,c26d02a7-b9d4-4620-9495-cbb7a657ef53,,,[{'resourceId': '9707240b-da07-4d83-8690-812fb7a3359b'}]
23881,1a2434cc-94a8-4a16-af99-1393c6f0c787,,,[{'resourceId': '4cf226b9-b665-414a-863a-cd95006a7819'}]
23881,1a2434cc-94a8-4a16-af99-1393c6f0c787,,,[{'resourceId': '2572e1d7-8a62-4ccd-a0c3-2e6f4e508c1b'}]
23882,beeb1302-f9fd-4edf-9816-75b389a474be,,,[{'resourceId': '6cae7248-fee1-421a-baba-4a0bfd2526f6'}]
23882,beeb1302-f9fd-4edf-9816-75b389a474be,,,[{'resourceId': 'c8c05479-0cdd-4c48-9360-f417e3b79d8d'}]
23883,626ca1ff-3445-473b-8742-01250f3d807a,,,[{'resourceId': 'f971d052-775d-441e-8a1d-4123c22e8cc1'}]
23883,626ca1ff-3445-473b-8742-01250f3d807a,,,[{'resourceId': '15e92ece-63e6-4919-a511-1847805c2b4a'}]
23884,fefe1ce2-858a-4e47-8fb4-64444ff1642d,,,[{'resourceId': '136d86e1-330a-405e-91a9-ea7305ed7851'}]
23884,fefe1ce2-858a-4e47-8fb4-64444ff1642d,,,[{'resourceId': '19a2f7b3-6ad6-4bf4-8f7d-0beb7f1fabf3'}]
23885,001dbea9-28d2-4476-9dbd-b610903c6550,,,[{'resourceId': '3f38c4cd-f982-42a1-bbd2-6f511c2e228c'}]
23885,001dbea9-28d2-4476-9dbd-b610903c6550,,,[{'resourceId': 'e2df4018-7bff-4757-a66b-7f88e837f5d9'}]
23886,c5a25424-38aa-4724-ad04-30eca9d71dd8,,,[{'resourceId': '02b5abfe-cb81-43a9-be1b-c1e12f0d6a00'}]
23886,c5a25424-38aa-4724-ad04-30eca9d71dd8,,,[{'resourceId': 'cc417d27-a2e1-4826-822f-29818252ac3c'}]
23887,8dc6ac24-99f7-45cd-90e0-e68162c3afff,,,[{'resourceId': 'd38db898-243b-477b-9615-61f6898b5243'}]
23887,8dc6ac24-99f7-45cd-90e0-e68162c3afff,,,[{'resourceId': '21c3189a-7ea5-45d1-be7b-6cb1de96eb1f'}]
23888,f6e0a5cc-a400-4470-98e9-8aa4dc74cb17,,,[{'resourceId': '2931a1b4-7519-49cd-9b3d-dd2100d1f028'}]
23888,f6e0a5cc-a400-4470-98e9-8aa4dc74cb17,,,[{'resourceId': '3918a8ed-3761-4ed7-99a2-6a3f58c999bd'}]
23889,7bc172b6-8b9d-495a-a19f-e5059d5f4a2b,,,[{'resourceId': '5241eadf-369b-4320-b577-26c7e3d3bf0a'}]
23889,7bc172b6-8b9d-495a-a19f-e5059d5f4a2b,,,[{'resourceId': '5ccc6f4e-d50d-4574-a06c-c12a2a2b31fa'}]
23890,3e5f9e0d-849a-4687-8431-37e24a383491,,,[{'resourceId': 'e695fd9f-7a32-43c7-8717-731ebe4124dc'}]
23890,3e5f9e0d-849a-4687-8431-37e24a383491,,,[{'resourceId': '8b96c638-79de-44a6-b0c6-cd3576b25630'}]
23891,a8ae7faa-7784-447d-a104-2d463af3ab90,,,[{'resourceId': '29a91ac5-2592-4711-b342-d23823c0ecbf'}]
23891,a8ae7faa-7784-447d-a104-2d463af3ab90,,,[{'resourceId': '383f1a9d-bcc6-4568-bcfb-cd6f2285e9f6'}]
23892,014ae0aa-db22-4ef2-b76f-91dc7778be3f,,,[{'resourceId': 'ccfc3b66-feb7-447a-9645-df6bec7e0100'}]
23892,014ae0aa-db22-4ef2-b76f-91dc7778be3f,,,[{'resourceId': 'b69abc3a-5c09-482b-9c26-a822fe3665b7'}]
23893,a473981c-5b0d-4424-8c37-246b076b5cec,,,[{'resourceId': 'e99871d8-2e70-4f66-bfdf-1c87358809c3'}]
23893,a473981c-5b0d-4424-8c37-246b076b5cec,,,[{'resourceId': '5fbc2f69-94d3-4cd2-b1b1-ff6f58d11f9f'}]
23894,298db106-0904-4bee-81be-170ab6d998de,,,[{'resourceId': '7627597b-e671-4c63-bb39-7c481fffdf07'}]
23894,298db106-0904-4bee-81be-170ab6d998de,,,[{'resourceId': 'df1c45f9-9ea6-406d-a8ff-1ab5bb01e79a'}]
23895,6bcf1ce8-86ad-456c-ac92-56e9f648bc46,,,[{'resourceId': '76dc5b66-25d5-4e8d-889d-54c75f9fe3e2'}]
23896,88aa40ca-cecf-4fbf-ac47-4fd91e481546,,,[{'resourceId': '0c4cbbac-b42d-4ebc-886d-747c074eeb3b'}]
23896,88aa40ca-cecf-4fbf-ac47-4fd91e481546,,,[{'resourceId': '9d8d46c1-e752-47bc-b440-8af90344fde9'}]
23897,b89ca634-e70a-40a9-99a6-0f44675e5d76,,,[{'resourceId': 'a2abfc4f-e83b-40bb-9e25-021101767ee9'}]
23897,b89ca634-e70a-40a9-99a6-0f44675e5d76,,,[{'resourceId': 'f80be426-53bd-4a9c-85df-9580bd4dbf20'}]
23898,e35c2aa4-0d46-496e-aaac-06af7d7f74e6,,,[{'resourceId': '5e5a977e-9aef-4cd2-b697-556cbb136aa8'}]
23898,e35c2aa4-0d46-496e-aaac-06af7d7f74e6,,,[{'resourceId': '693457bf-fe82-40c3-91ac-df1010f87582'}]
23899,20e944ff-6fa8-408b-a1ee-ca51d15a4d90,,,[{'resourceId': '6694b635-2ab0-452c-8619-4e84efe2ae7f'}]
23899,20e944ff-6fa8-408b-a1ee-ca51d15a4d90,,,[{'resourceId': 'f361464b-873d-4eb1-9f42-66f54dbcbb3c'}]
23900,f5067f50-faa0-43d7-8416-57ccfe803207,,,[{'resourceId': '704cc0a9-2c65-4872-89c6-b992e42ad33a'}]
23901,85915931-0988-4e37-959a-2d2d8f2ffd31,,,[{'resourceId': '3fbf27a0-952d-46ee-8414-2c62dcd49caa'}]
23902,da9aebdf-fa23-422d-a982-af59e39aff95,,,[{'resourceId': '71760824-7560-4f3a-83db-ba5a00c2ce89'}]
23902,da9aebdf-fa23-422d-a982-af59e39aff95,,,[{'resourceId': 'f75a14af-9e32-4e8a-8029-0615033fc37f'}]
23903,f5280aae-5ea7-4eee-b054-4396e00a9b59,,,[{'resourceId': 'e14f6d14-55c1-46fc-abb1-8a7f8055ee67'}]
23903,f5280aae-5ea7-4eee-b054-4396e00a9b59,,,[{'resourceId': '9707240b-da07-4d83-8690-812fb7a3359b'}]
23904,cd4e9916-251d-45bd-a526-323649dbbd93,,,[{'resourceId': '3e57fa70-dc83-4eae-97e3-7984915bcdca'}]
23904,cd4e9916-251d-45bd-a526-323649dbbd93,,,[{'resourceId': '7bae2620-0b9a-405d-8257-566c1600edfa'}]
23905,015dbdd5-2c35-4d1f-808f-b07a4c08c3fa,,,[{'resourceId': 'dadc983a-ee66-4b7c-a5aa-9cbf9379d551'}]
23905,015dbdd5-2c35-4d1f-808f-b07a4c08c3fa,,,[{'resourceId': '37b58897-1c03-46f9-9ef9-246e09b8cef2'}]
23906,0aa4ef3b-5395-4f4a-8fb2-8647be354cf2,,,[{'resourceId': '71ef6995-d100-4c94-a69d-77ab81f4e12b'}]
23906,0aa4ef3b-5395-4f4a-8fb2-8647be354cf2,,,[{'resourceId': '620c1026-7ee5-4b44-9099-f0942ba058c3'}]
23907,64d1de39-0034-40b8-b4fa-e23b50749a27,,,[{'resourceId': '39695fac-9ce5-402d-a1d7-1d65ae430125'}]
23907,64d1de39-0034-40b8-b4fa-e23b50749a27,,,[{'resourceId': '4990db49-1500-47dd-8a97-0e86573ec128'}]
23908,6303ba3e-5dc8-45eb-97e2-9e0df3c03198,,,[{'resourceId': '62db3d53-61a8-440b-9acc-8758eaa0396e'}]
23908,6303ba3e-5dc8-45eb-97e2-9e0df3c03198,,,[{'resourceId': '50aba33f-3f24-48b2-9345-c4f4b3decd6b'}]
23909,892e6997-32eb-4adc-b70c-d82cd615eaca,,,[{'resourceId': 'efd24919-d884-4237-9b0a-7e279d1dd3f7'}]
23910,806a9714-8c3e-4396-a356-9cea0ff9c8fe,,,[{'resourceId': '753e8caf-fdf3-4a07-bccf-577eb1d0ebda'}]
23911,4229d742-9e08-4999-880f-ad3ac2623dd7,,,[{'resourceId': 'eabd5f0c-8824-4529-86e9-8585430f30db'}]
23912,09066f8e-a1b4-42da-95b2-82ccfe3835db,,,[{'resourceId': '3f38c4cd-f982-42a1-bbd2-6f511c2e228c'}]
23912,09066f8e-a1b4-42da-95b2-82ccfe3835db,,,[{'resourceId': 'e2df4018-7bff-4757-a66b-7f88e837f5d9'}]
23913,1d3971be-bef5-4b7f-a69d-b20228560275,,,[{'resourceId': '59f80a01-d3c5-46cf-9e74-734443a1a493'}]
23913,1d3971be-bef5-4b7f-a69d-b20228560275,,,[{'resourceId': 'd38db898-243b-477b-9615-61f6898b5243'}]
23914,7bcd861a-b348-49de-aa25-dcad1e172891,,,[{'resourceId': 'a3602b87-b753-4c97-be3c-4a0fe22422e4'}]
23914,7bcd861a-b348-49de-aa25-dcad1e172891,,,[{'resourceId': '6277773f-45f8-48e3-8ccd-8444263a6c9e'}]
23915,4b66d7af-a4fc-40f9-90bb-4f6ffb39e693,,,[{'resourceId': '015408dc-f458-4dc3-8d2e-604d9c602d77'}]
23916,9ceecfb5-45fe-4624-98de-111417fe6d65,,,[{'resourceId': '4dcef1af-1870-4bcb-a7a7-a2ff77c47c53'}]
23916,9ceecfb5-45fe-4624-98de-111417fe6d65,,,[{'resourceId': '91840a57-c80a-4d7d-bf57-0e6c037b5ac6'}]
23917,ebf38c54-7384-40e8-a7a4-e239d1a59214,,,[{'resourceId': '5c9d7cbf-dcab-4caa-99fc-672c97273134'}]
23917,ebf38c54-7384-40e8-a7a4-e239d1a59214,,,[{'resourceId': '4b66d7af-a4fc-40f9-90bb-4f6ffb39e693'}]
23918,a2bd8405-d129-46a4-8f98-896d3c6a0323,,,[{'resourceId': '6277773f-45f8-48e3-8ccd-8444263a6c9e'}]
23918,a2bd8405-d129-46a4-8f98-896d3c6a0323,,,[{'resourceId': '18cfbddf-3826-4ef7-b367-a04e67cc325d'}]
23919,d26b80fa-194c-4962-ace2-d141f3536c34,,,[{'resourceId': '12b13176-0d70-4fea-8ac9-d142db866871'}]
23919,d26b80fa-194c-4962-ace2-d141f3536c34,,,[{'resourceId': '70a0c597-9362-41a7-968f-0a45ae1ba4fe'}]
23920,a153c4be-543c-48cf-9e5a-ff5cbf0a83b7,,,[{'resourceId': '8d49c1e6-14f0-41c7-92b9-4d03f8d4aef1'}]
23920,a153c4be-543c-48cf-9e5a-ff5cbf0a83b7,,,[{'resourceId': 'f76b4228-f4ce-4073-9a2d-ae944476170f'}]
23921,f5e51b02-7f30-4ca6-b5cf-bca82d36ca4e,,,[{'resourceId': '3f5db476-2a1c-484e-9861-c11f0af70c1b'}]
23921,f5e51b02-7f30-4ca6-b5cf-bca82d36ca4e,,,[{'resourceId': 'd95b3d2b-dd50-48ce-97a8-59955adfb2bc'}]
23922,cabb7f78-b8ac-43aa-99bd-b9b038bd9da3,,,[{'resourceId': '667d003d-da07-4f51-a385-1eed30194467'}]
23922,cabb7f78-b8ac-43aa-99bd-b9b038bd9da3,,,[{'resourceId': '32e19400-3fc6-4096-9c52-1b4e5b032e9d'}]
23923,7b76aaae-4763-4310-a8a8-5fc2aac120ad,,,[{'resourceId': 'cb7e721c-ceb9-472d-8745-a780774d182b'}]
23923,7b76aaae-4763-4310-a8a8-5fc2aac120ad,,,[{'resourceId': '323f177a-2bf3-4c86-9120-fd883f493288'}]
23924,ca7a02ec-7eae-4fba-aab5-06d83bd91e76,,,[{'resourceId': '3e57fa70-dc83-4eae-97e3-7984915bcdca'}]
23924,ca7a02ec-7eae-4fba-aab5-06d83bd91e76,,,[{'resourceId': '7bae2620-0b9a-405d-8257-566c1600edfa'}]
23925,a8e13987-b871-48e8-a42b-716d328ac177,,,[{'resourceId': '83152b76-fd9a-4727-a23a-75040836dba7'}]
23925,a8e13987-b871-48e8-a42b-716d328ac177,,,[{'resourceId': '3b0f103c-0a17-47a6-aa99-a023c510c1b3'}]
23926,9796d888-3274-4d95-95e6-e759b0fd96fe,,,[{'resourceId': '8ced19aa-bae2-417d-a6ef-b54efc2bcc20'}]
23926,9796d888-3274-4d95-95e6-e759b0fd96fe,,,[{'resourceId': '8f48bf00-491a-411e-9db5-80f02f9d552c'}]
23927,7c665ee7-aba3-44cb-9794-0186c9c6a2f4,,,[{'resourceId': '014ae0aa-db22-4ef2-b76f-91dc7778be3f'}]
23928,146d9e63-06fa-421a-aba4-3371883b7eff,,,[{'resourceId': '33628e9f-7fec-4dc7-be53-48ed2b163914'}]
23929,09de5ca1-a5af-460f-83c8-638d26eb5553,,,[{'resourceId': '2a06fbe5-a9ee-4a6c-9004-6ada6c0e8957'}]
23929,09de5ca1-a5af-460f-83c8-638d26eb5553,,,[{'resourceId': '0a755ced-7e64-425a-b868-662cb5dd0780'}]
23930,1d5234a6-8656-4484-9264-b3e1a8adc102,,,[{'resourceId': 'cf9e5c47-bb66-40ea-8645-931941545738'}]
23930,1d5234a6-8656-4484-9264-b3e1a8adc102,,,[{'resourceId': 'cd7b1554-f53c-4395-b14f-a36688425865'}]
23931,9ce474cf-76c9-45f3-b6e8-08413fd09ff6,,,[{'resourceId': '4b645bfc-bb9f-4e0d-a64d-6031981f8bfe'}]
23931,9ce474cf-76c9-45f3-b6e8-08413fd09ff6,,,[{'resourceId': 'f0832368-d4f7-4a89-966a-210144d3bdf3'}]
23932,b3dcd007-badb-4dec-abe3-039ef462f0cf,,,[{'resourceId': '30d92a95-c6d1-4c56-876c-7c0cc1dd6b44'}]
23932,b3dcd007-badb-4dec-abe3-039ef462f0cf,,,[{'resourceId': '73612254-46a3-4eb7-8917-a5bd03260f06'}]
23933,b7fc6562-469b-4a15-9303-5c70160ec4e1,,,[{'resourceId': '12b13176-0d70-4fea-8ac9-d142db866871'}]
23933,b7fc6562-469b-4a15-9303-5c70160ec4e1,,,[{'resourceId': '70a0c597-9362-41a7-968f-0a45ae1ba4fe'}]
23934,41384172-e91f-4462-ac12-20b91890a9d4,,,[{'resourceId': '568cebbc-6e76-47ed-9d3f-1141fa489876'}]
23934,41384172-e91f-4462-ac12-20b91890a9d4,,,[{'resourceId': '317196c2-6588-451d-9b0a-3678dd1fa08b'}]
23935,7de1ccfa-9f75-483c-b7a7-f00724a79c8b,,,[{'resourceId': '057d01e8-2462-45df-8980-cb1d3f5eea3c'}]
23935,7de1ccfa-9f75-483c-b7a7-f00724a79c8b,,,[{'resourceId': 'a6934968-a47e-45ac-b0b9-908eb4343b27'}]
23936,ce13021f-628d-4c8f-9ee4-bad5221572c1,,,[{'resourceId': 'abb9d253-bab7-498f-9e74-6d605f8bdd65'}]
23936,ce13021f-628d-4c8f-9ee4-bad5221572c1,,,[{'resourceId': '2c670fbc-56fc-4976-87e6-82d51d72a9b3'}]
23937,30de5a23-9986-4b46-af74-6424a980eccf,,,[{'resourceId': '8e2a79c6-e3bb-40d8-9203-7066409ef6a1'}]
23938,c82d6560-73f1-4527-b9dd-895321376c3d,,,[{'resourceId': '49c4575f-e408-4f41-8c83-a240c7ba8089'}]
23938,c82d6560-73f1-4527-b9dd-895321376c3d,,,[{'resourceId': '93edd262-93c2-4d53-a5c4-d018fb2c97bc'}]
23939,6ccd00f9-ba0a-42b1-9c7f-57cfa24c1b14,,,[{'resourceId': '1d9ee6d9-3ff6-4097-91e7-3bb10ec6c423'}]
23939,6ccd00f9-ba0a-42b1-9c7f-57cfa24c1b14,,,[{'resourceId': '2c838e09-9749-4226-945b-a38712411707'}]
23940,994934c9-0ae8-4d55-8cf3-866d3942eb86,,,[{'resourceId': '743da6cc-b96f-4bb5-93bb-7acad119fea3'}]
23941,cdff68fa-95f4-4e17-ae2a-f6d99ff0fc6b,,,[{'resourceId': 'bf54c0a4-db4e-4b4b-a25a-1edb1f2484ea'}]
23941,cdff68fa-95f4-4e17-ae2a-f6d99ff0fc6b,,,[{'resourceId': '4453e243-3d81-4487-b7da-bcc4be33a410'}]
23942,431a4725-e53e-4637-9838-99e544cb395d,,,[{'resourceId': 'ecfde847-a327-48ab-bc8e-cd982b22fd80'}]
23942,431a4725-e53e-4637-9838-99e544cb395d,,,[{'resourceId': 'b24233d2-e0b4-4700-a7d5-502c1f432d75'}]
23943,ffe7b54d-3e00-44e8-95c3-fab5aade6774,,,[{'resourceId': '3963b642-9cfd-47f1-9a7a-9a8fa79edfbf'}]
23943,ffe7b54d-3e00-44e8-95c3-fab5aade6774,,,[{'resourceId': '4215c9ee-97e1-42bf-9111-5d061ce64770'}]
23944,d0df3835-edf1-4ad5-b9f7-0cf5d7cf1b12,,,[{'resourceId': '605db703-8ccd-42b1-aa80-10cdda923d7b'}]
23944,d0df3835-edf1-4ad5-b9f7-0cf5d7cf1b12,,,[{'resourceId': '2a2a2088-37eb-4555-9f5b-55ab984b312c'}]
23945,039500c1-943a-4095-b467-38d29bc27196,,,[{'resourceId': '8a80ccc0-6449-4e4c-93ad-b1dfa53d5ce5'}]
23945,039500c1-943a-4095-b467-38d29bc27196,,,[{'resourceId': '2cc1be33-1085-403c-b90f-b19e3907c8b4'}]
23946,3d3bd756-f08f-4958-b349-e1cf6ef4e53a,,,[{'resourceId': '3e57fa70-dc83-4eae-97e3-7984915bcdca'}]
23946,3d3bd756-f08f-4958-b349-e1cf6ef4e53a,,,[{'resourceId': '7bae2620-0b9a-405d-8257-566c1600edfa'}]
23947,ca2269ee-d4fd-430a-9b7b-6cd64ae2d8c7,,,[{'resourceId': '5cda72c6-9956-4c54-b633-b254b7a78621'}]
23947,ca2269ee-d4fd-430a-9b7b-6cd64ae2d8c7,,,[{'resourceId': '17673802-5664-430f-979d-66b05b0097c8'}]
23948,56b8b21d-cc59-4ed3-a8cc-364fa02db7a8,,,[{'resourceId': '07a92e65-4222-432b-84d9-0daea191322f'}]
23948,56b8b21d-cc59-4ed3-a8cc-364fa02db7a8,,,[{'resourceId': '56d7f9d7-bace-4980-9dda-29c6999c25f1'}]
23949,27bd0a49-86c2-48ce-9c17-534e7510759d,,,[{'resourceId': '9fbb5169-a638-4dd5-a4ca-1ee1814c7163'}]
23949,27bd0a49-86c2-48ce-9c17-534e7510759d,,,[{'resourceId': '13288196-f3e2-4ddb-ae3d-babd1e6ea971'}]
23950,3c785854-dd87-4412-9ecb-e1ccd07fea98,,,[{'resourceId': 'c280aef4-491b-43f2-8dfe-ac0fbfffd6ae'}]
23951,eb800517-9c23-43d1-92af-13fe89c0bc77,,,[{'resourceId': '558a5e5f-f493-4035-8017-347865c109d0'}]
23951,eb800517-9c23-43d1-92af-13fe89c0bc77,,,[{'resourceId': '8c96a592-da6a-4285-8f4a-c6f9270cf3e4'}]
23952,fef6bd25-2cfe-4ca3-8433-d8a40134c264,,,[{'resourceId': '9c6505a0-696b-415b-ae4b-c12f19fd3a69'}]
23952,fef6bd25-2cfe-4ca3-8433-d8a40134c264,,,[{'resourceId': 'af9cb998-f127-48a7-ba13-e9acd39c570f'}]
23953,d55343bc-06ac-4705-a652-d0fc15de7052,,,[{'resourceId': '287c907a-a853-4b8f-aa91-4058793dfd70'}]
23953,d55343bc-06ac-4705-a652-d0fc15de7052,,,[{'resourceId': '9ceecfb5-45fe-4624-98de-111417fe6d65'}]
23954,a2542eab-5a91-440e-ad99-c3393236b9e3,,,[{'resourceId': 'a9b9a97b-066c-4f41-a674-524c42e5c8fc'}]
23954,a2542eab-5a91-440e-ad99-c3393236b9e3,,,[{'resourceId': 'd005b96b-547d-491d-835a-512f4ff9a6e1'}]
23955,0b30d2bd-18fb-485a-b422-c080bae218c2,,,[{'resourceId': 'feb86792-edd8-4feb-8d5f-d5a42fcdfbae'}]
23955,0b30d2bd-18fb-485a-b422-c080bae218c2,,,[{'resourceId': '86ec3565-50b7-4a3e-bcf6-4c1d0394ac11'}]
23956,c6614569-e046-4b20-86b8-cb7430bfb61c,,,[{'resourceId': '63d5fab1-c8b3-46ba-9c1e-5c3b94731e97'}]
23956,c6614569-e046-4b20-86b8-cb7430bfb61c,,,[{'resourceId': 'a0f93e14-f97d-4fac-9d1f-a1b92aa9e70c'}]
23957,4d6c078a-b041-401b-82ba-4cd06f85d029,,,[{'resourceId': '269574ec-063b-46b8-b8a9-74b48274ff06'}]
23957,4d6c078a-b041-401b-82ba-4cd06f85d029,,,[{'resourceId': '7f19ec94-bcd1-49c0-8451-1b69d267559a'}]
23958,0aecad0d-df15-4cdd-acd5-478f7b85c1dd,,,[{'resourceId': 'b2b96b56-fbbe-4f0c-9e6d-7324c9df69df'}]
23958,0aecad0d-df15-4cdd-acd5-478f7b85c1dd,,,[{'resourceId': '4a2d35d0-7f7b-4ce5-8e34-4720b833fb25'}]
23959,6879e265-71d0-4750-a61b-4768c4b2d282,,,[{'resourceId': '9a32a1b2-4b9b-437c-98cc-5f443baa3552'}]
23960,f332fff6-45d8-4dbc-adc3-b7a73d061fb6,,,[{'resourceId': 'cb7e721c-ceb9-472d-8745-a780774d182b'}]
23960,f332fff6-45d8-4dbc-adc3-b7a73d061fb6,,,[{'resourceId': '323f177a-2bf3-4c86-9120-fd883f493288'}]
23961,33628e9f-7fec-4dc7-be53-48ed2b163914,,,[{'resourceId': '38b19c98-fbfa-4256-bed9-773def580e23'}]
23962,5743688b-fd25-4732-8581-99f5f9e93bd4,,,[{'resourceId': '4d021e68-6528-458d-9302-53fa1cc94fc6'}]
23963,153ee6eb-832e-415e-b621-1b943b916149,,,[{'resourceId': 'c314cf6e-52db-4598-aa67-b55c0b18fee2'}]
23964,2e24f42b-da3e-4ee5-8425-96e0059dd89b,,,[{'resourceId': '8019c711-b480-4f6f-92db-300acc35fa89'}]
23964,2e24f42b-da3e-4ee5-8425-96e0059dd89b,,,[{'resourceId': 'b6f1d356-2152-4d20-b125-65ba0720228d'}]
23965,645bd30b-ef91-4ee6-a34e-2cc6828fabb8,,,[{'resourceId': 'b20761a6-e68c-4a3a-9a26-d2c9a29e3fd8'}]
23965,645bd30b-ef91-4ee6-a34e-2cc6828fabb8,,,[{'resourceId': '35590e24-6450-4bcd-ab10-e38d62277bec'}]
23966,e28ac5a0-dda3-4b7b-a096-9506272846fa,,,[{'resourceId': '7603d0e5-53f1-4b11-ba9a-07db0a9d5d38'}]
23966,e28ac5a0-dda3-4b7b-a096-9506272846fa,,,[{'resourceId': 'c3421ea6-a506-40c5-a394-03b0110ee818'}]
23967,a29efd9e-aee6-4d4f-a0be-236ed741bf63,,,[{'resourceId': '269574ec-063b-46b8-b8a9-74b48274ff06'}]
23967,a29efd9e-aee6-4d4f-a0be-236ed741bf63,,,[{'resourceId': '7f19ec94-bcd1-49c0-8451-1b69d267559a'}]
23968,e66213d2-64aa-4a09-b5ce-7dd85afe7701,,,[{'resourceId': '5ed3ead9-872a-49a6-9798-9eb4797dde4f'}]
23968,e66213d2-64aa-4a09-b5ce-7dd85afe7701,,,[{'resourceId': '44cf8d8d-9c52-43f3-b32f-845604c7c856'}]
23969,183565e8-8fc5-48e9-a3a9-3024b745d8a2,,,[{'resourceId': 'e14f6d14-55c1-46fc-abb1-8a7f8055ee67'}]
23969,183565e8-8fc5-48e9-a3a9-3024b745d8a2,,,[{'resourceId': '9707240b-da07-4d83-8690-812fb7a3359b'}]
23970,083e4705-620f-41d3-ab06-60f540395fcd,,,[{'resourceId': 'ff5b8ebf-5b0d-49ff-aac9-1d68306b0e96'}]
23971,78795aa5-62bc-4212-a531-7e97eefa2218,,,[{'resourceId': '136d86e1-330a-405e-91a9-ea7305ed7851'}]
23971,78795aa5-62bc-4212-a531-7e97eefa2218,,,[{'resourceId': '19a2f7b3-6ad6-4bf4-8f7d-0beb7f1fabf3'}]
23972,2bef7b36-045e-45be-93fb-dab6950a4f24,,,[{'resourceId': '12b13176-0d70-4fea-8ac9-d142db866871'}]
23972,2bef7b36-045e-45be-93fb-dab6950a4f24,,,[{'resourceId': '70a0c597-9362-41a7-968f-0a45ae1ba4fe'}]
23973,4f248ff8-b6a1-431c-b86f-2bfea22e88db,,,[{'resourceId': '8a80ccc0-6449-4e4c-93ad-b1dfa53d5ce5'}]
23973,4f248ff8-b6a1-431c-b86f-2bfea22e88db,,,[{'resourceId': '2cc1be33-1085-403c-b90f-b19e3907c8b4'}]
23974,37b58897-1c03-46f9-9ef9-246e09b8cef2,,,[{'resourceId': '5a6f7915-3318-4c8d-809b-cf512b261539'}]
23975,5a6f7915-3318-4c8d-809b-cf512b261539,,,[{'resourceId': '8e2a79c6-e3bb-40d8-9203-7066409ef6a1'}]
23976,bcaca54c-b03b-4926-8fcc-543c752d3eb7,,,[{'resourceId': '7627597b-e671-4c63-bb39-7c481fffdf07'}]
23976,bcaca54c-b03b-4926-8fcc-543c752d3eb7,,,[{'resourceId': 'df1c45f9-9ea6-406d-a8ff-1ab5bb01e79a'}]
23977,f8077fb9-a352-4c90-b640-1b50b2f72d16,,,
23978,d3b167dc-1856-4de1-a4f9-46bd5a876565,,,[{'resourceId': '1584a588-8d66-4b09-93b9-e3f154b67962'}]
23978,d3b167dc-1856-4de1-a4f9-46bd5a876565,,,[{'resourceId': '456b9455-26ed-495d-8cfd-bbb66dcee5a1'}]
23979,bb3d5ba3-0e0a-48b7-aa67-7e4414e1a824,,,[{'resourceId': '59f80a01-d3c5-46cf-9e74-734443a1a493'}]
23979,bb3d5ba3-0e0a-48b7-aa67-7e4414e1a824,,,[{'resourceId': 'd38db898-243b-477b-9615-61f6898b5243'}]
23980,92108535-238f-4525-9c09-2b4efb2b7d5c,,,[{'resourceId': '6277773f-45f8-48e3-8ccd-8444263a6c9e'}]
23981,6277773f-45f8-48e3-8ccd-8444263a6c9e,,,[{'resourceId': '5c9d7cbf-dcab-4caa-99fc-672c97273134'}]
23981,6277773f-45f8-48e3-8ccd-8444263a6c9e,,,[{'resourceId': '4b66d7af-a4fc-40f9-90bb-4f6ffb39e693'}]
23982,93edd262-93c2-4d53-a5c4-d018fb2c97bc,,,[{'resourceId': '5a7d8ea1-2a3c-43ca-8f70-7661cabfb119'}]
23982,93edd262-93c2-4d53-a5c4-d018fb2c97bc,,,[{'resourceId': '18ebcdd2-bc4b-4adc-b0b3-2d5f6c800e63'}]
23983,03727ca4-22bd-4776-99f8-1f808e91e94a,,,[{'resourceId': '136d86e1-330a-405e-91a9-ea7305ed7851'}]
23983,03727ca4-22bd-4776-99f8-1f808e91e94a,,,[{'resourceId': '19a2f7b3-6ad6-4bf4-8f7d-0beb7f1fabf3'}]
23984,b455bb5a-d799-4892-b753-dc0bd5ed5321,,,[{'resourceId': 'c4733b55-53ec-499d-9219-d2ade6e5028f'}]
23984,b455bb5a-d799-4892-b753-dc0bd5ed5321,,,[{'resourceId': '4108d3ff-4cbf-40df-9bf9-0de9ffeab9ae'}]
23985,9a1ad695-0719-4917-85f9-846692adf54e,,,[{'resourceId': '33080be5-40fc-43f0-b182-3aaa2a484585'}]
23985,9a1ad695-0719-4917-85f9-846692adf54e,,,[{'resourceId': '69821a7b-3cd3-4ceb-9ba8-b6f8422213e2'}]
23986,4adf80e5-1ab8-46b1-a868-1a17bf37c0c4,,,[{'resourceId': 'db535961-f6a8-444e-91c0-51ea9b8d8e91'}]
23986,4adf80e5-1ab8-46b1-a868-1a17bf37c0c4,,,[{'resourceId': 'c23c0cb2-d2f5-46ab-8738-59c89e5a87c6'}]
23987,5a7d8ea1-2a3c-43ca-8f70-7661cabfb119,,,[{'resourceId': 'a424676d-970d-496c-b294-9bb4d8b8e46c'}]
23987,5a7d8ea1-2a3c-43ca-8f70-7661cabfb119,,,[{'resourceId': '7b420cef-7ce8-487c-853c-d855b0b65122'}]
23988,08bf3d64-1895-4d7e-9fa0-2267e69fcb34,,,[{'resourceId': 'ec732cd8-dfa3-4de0-9a05-366c78eb5717'}]
23988,08bf3d64-1895-4d7e-9fa0-2267e69fcb34,,,[{'resourceId': '72d211a6-2e45-42e4-aa97-e9cf2b875908'}]
23989,628cbee7-f487-41c8-83a9-b4993f5bf78e,,,[{'resourceId': '605db703-8ccd-42b1-aa80-10cdda923d7b'}]
23989,628cbee7-f487-41c8-83a9-b4993f5bf78e,,,[{'resourceId': '2a2a2088-37eb-4555-9f5b-55ab984b312c'}]
23990,c40d6993-af78-4db2-9cef-5fabb0fb1bb0,,,[{'resourceId': '37e47d1a-72be-42be-bd0f-ca2373011fbb'}]
23990,c40d6993-af78-4db2-9cef-5fabb0fb1bb0,,,[{'resourceId': 'b7348bab-5c1e-40cf-b5a1-39f8ef5dbebe'}]
23991,fe377dc2-4a59-43ba-9fc7-6b63563ce558,,,[{'resourceId': '2bef7b36-045e-45be-93fb-dab6950a4f24'}]
23991,fe377dc2-4a59-43ba-9fc7-6b63563ce558,,,[{'resourceId': '76fd97e1-3587-4c0a-811a-ad55de57cf29'}]
23992,df74adb3-7837-41d7-bebf-e98d36012b0c,,,[{'resourceId': '5faf00eb-4891-4d7c-b3d3-99d988969347'}]
23992,df74adb3-7837-41d7-bebf-e98d36012b0c,,,[{'resourceId': 'ba308696-ea7a-4f5d-9e44-588a8a17f34c'}]
23993,087b4932-fed1-4ef7-9500-0c8182edd1cc,,,[{'resourceId': '5d75d31d-096b-4750-bad3-b82396765e4b'}]
23993,087b4932-fed1-4ef7-9500-0c8182edd1cc,,,[{'resourceId': 'af65ea0f-5375-4d12-8a70-855adb2d060f'}]
23994,8d49c1e6-14f0-41c7-92b9-4d03f8d4aef1,,,[{'resourceId': 'a8e13987-b871-48e8-a42b-716d328ac177'}]
23994,8d49c1e6-14f0-41c7-92b9-4d03f8d4aef1,,,[{'resourceId': 'df268090-f9d7-47b0-b8d1-0ac5b00dc383'}]
23995,83152b76-fd9a-4727-a23a-75040836dba7,,,[{'resourceId': '49c4575f-e408-4f41-8c83-a240c7ba8089'}]
23995,83152b76-fd9a-4727-a23a-75040836dba7,,,[{'resourceId': '93edd262-93c2-4d53-a5c4-d018fb2c97bc'}]
23996,1b8f0ba6-a29b-4b0b-9d8c-a3691863c09d,,,[{'resourceId': '3219f00e-b96e-4210-99a0-50f2ae47a313'}]
23996,1b8f0ba6-a29b-4b0b-9d8c-a3691863c09d,,,[{'resourceId': '08247da3-5311-4bd0-9d9a-9be30b6ffd19'}]
23997,87db1f14-6cb3-42ee-b54b-26de23439cfc,,,[{'resourceId': '9ba0e919-ffdd-4421-b987-467d2609c743'}]
23997,87db1f14-6cb3-42ee-b54b-26de23439cfc,,,[{'resourceId': 'b62f3d56-d130-42c8-817d-246c5cd6c3cc'}]
23998,5cda72c6-9956-4c54-b633-b254b7a78621,,,[{'resourceId': '3f5db476-2a1c-484e-9861-c11f0af70c1b'}]
23998,5cda72c6-9956-4c54-b633-b254b7a78621,,,[{'resourceId': 'd95b3d2b-dd50-48ce-97a8-59955adfb2bc'}]
23999,a22823e4-aff2-411b-b658-b58fc56c6650,,,[{'resourceId': 'fbb34cca-76b9-4931-8053-d5c4bc09e74e'}]
24000,4f4082ca-8ec1-4eff-ac6f-844d94a795d9,,,[{'resourceId': '2c63eeda-fefa-4416-a57e-4f484f27d236'}]
24000,4f4082ca-8ec1-4eff-ac6f-844d94a795d9,,,[{'resourceId': '3d758821-0ec2-4690-85ff-17af0d014510'}]
24001,cf9e5c47-bb66-40ea-8645-931941545738,,,[{'resourceId': '743da6cc-b96f-4bb5-93bb-7acad119fea3'}]
24002,620c1026-7ee5-4b44-9099-f0942ba058c3,,,[{'resourceId': '6694b635-2ab0-452c-8619-4e84efe2ae7f'}]
24002,620c1026-7ee5-4b44-9099-f0942ba058c3,,,[{'resourceId': 'f361464b-873d-4eb1-9f42-66f54dbcbb3c'}]
24003,8ca97406-fd6c-486c-8629-273591f8ca30,,,[{'resourceId': '0868a535-57c0-4b94-839f-f8618ba3062d'}]
24003,8ca97406-fd6c-486c-8629-273591f8ca30,,,[{'resourceId': 'fe0d3d8a-79db-4770-973e-634061b9ebdf'}]
24004,3ffd373e-a330-43e4-95ad-2774fdde6d12,,,[{'resourceId': 'a424676d-970d-496c-b294-9bb4d8b8e46c'}]
24004,3ffd373e-a330-43e4-95ad-2774fdde6d12,,,[{'resourceId': '7b420cef-7ce8-487c-853c-d855b0b65122'}]
24005,e89876a3-f461-4579-a196-7d1d92d2309b,,,[{'resourceId': '119035c6-45fe-4fda-90cd-660d1e31d54b'}]
24005,e89876a3-f461-4579-a196-7d1d92d2309b,,,[{'resourceId': 'ca9bed30-38cd-462e-b4e4-33b0b96757d8'}]
24006,e30620b4-80b9-4eb3-923c-9678ae7a2aee,,,[{'resourceId': 'cf9e5c47-bb66-40ea-8645-931941545738'}]
24007,f8a9814e-1af2-4abc-a8ef-bc2e6961e3db,,,[{'resourceId': '73f8e431-167c-4b3f-9a30-cd2ea7f32391'}]
24007,f8a9814e-1af2-4abc-a8ef-bc2e6961e3db,,,[{'resourceId': 'df6a75ae-5490-49cd-a929-45cb577a7ec0'}]
24008,17e09f18-bce3-4cb1-ad3f-0b0a4876b193,,,[{'resourceId': 'd3f903cf-abbe-4282-959f-941569f55dbf'}]
24008,17e09f18-bce3-4cb1-ad3f-0b0a4876b193,,,[{'resourceId': '4d44a67c-c9b6-4dca-a113-409a78788743'}]
24009,01a7e2fa-2c2f-4ab1-8cff-5c018c9feda3,,,[{'resourceId': '3f38c4cd-f982-42a1-bbd2-6f511c2e228c'}]
24009,01a7e2fa-2c2f-4ab1-8cff-5c018c9feda3,,,[{'resourceId': 'e2df4018-7bff-4757-a66b-7f88e837f5d9'}]
24010,4990db49-1500-47dd-8a97-0e86573ec128,,,[{'resourceId': '087b4932-fed1-4ef7-9500-0c8182edd1cc'}]
24010,4990db49-1500-47dd-8a97-0e86573ec128,,,[{'resourceId': '1fe75e5e-4a72-4c92-b0c6-c84d5050877c'}]
24011,f361464b-873d-4eb1-9f42-66f54dbcbb3c,,,[{'resourceId': '63d5fab1-c8b3-46ba-9c1e-5c3b94731e97'}]
24011,f361464b-873d-4eb1-9f42-66f54dbcbb3c,,,[{'resourceId': 'a0f93e14-f97d-4fac-9d1f-a1b92aa9e70c'}]
24012,6cfa7283-1490-407f-8e65-4b4610f61aeb,,,[{'resourceId': 'bb9e8b78-bfd8-49b1-8efb-90b04cfe9867'}]
24013,0934e4a6-cd8f-4e9d-8024-04ca4eb745bc,,,[{'resourceId': '2d23f906-d675-460b-ac5d-780234c26035'}]
24014,fb400720-228e-4b31-816b-2ebd686b9979,,,[{'resourceId': '09066f8e-a1b4-42da-95b2-82ccfe3835db'}]
24014,fb400720-228e-4b31-816b-2ebd686b9979,,,[{'resourceId': 'ab1094a8-d2e3-47d4-8e02-e38035704911'}]
24015,85382277-6aec-4bc2-9c3b-978e04122c81,,,[{'resourceId': '3e5f9e0d-849a-4687-8431-37e24a383491'}]
24015,85382277-6aec-4bc2-9c3b-978e04122c81,,,[{'resourceId': '0db30427-8b7e-4fac-b2b4-71381b0b9082'}]
24016,c83ba0b3-9175-404b-b17d-edd925b78b00,,,[{'resourceId': 'ebb31085-34ba-4ced-baf1-60423ce9e863'}]
24017,ede8b238-39da-4e29-beb2-9b4d6525f479,,,[{'resourceId': '37e47d1a-72be-42be-bd0f-ca2373011fbb'}]
24017,ede8b238-39da-4e29-beb2-9b4d6525f479,,,[{'resourceId': 'b7348bab-5c1e-40cf-b5a1-39f8ef5dbebe'}]
24018,4b3efa15-7d48-4431-bcc3-25ddbbb7ad04,,,[{'resourceId': '4e9aa1a4-906c-401d-8db3-92464c16e8f9'}]
24018,4b3efa15-7d48-4431-bcc3-25ddbbb7ad04,,,[{'resourceId': '059a037f-70ac-4464-b1e2-c3ca84681f10'}]
24019,df268090-f9d7-47b0-b8d1-0ac5b00dc383,,,[{'resourceId': '7603d0e5-53f1-4b11-ba9a-07db0a9d5d38'}]
24019,df268090-f9d7-47b0-b8d1-0ac5b00dc383,,,[{'resourceId': 'c3421ea6-a506-40c5-a394-03b0110ee818'}]
24020,b39eb52e-b4ca-4afb-9796-5b6c9498ffaa,,,[{'resourceId': 'ecfde847-a327-48ab-bc8e-cd982b22fd80'}]
24020,b39eb52e-b4ca-4afb-9796-5b6c9498ffaa,,,[{'resourceId': 'b24233d2-e0b4-4700-a7d5-502c1f432d75'}]
24021,65ce1d60-ab64-4d27-b07c-e56f86abe2ac,,,[{'resourceId': '75450f9d-4522-4498-bb62-e0e2b83d75dc'}]
24021,65ce1d60-ab64-4d27-b07c-e56f86abe2ac,,,[{'resourceId': '6d0607ed-42bd-4440-902d-9d2d653d8ad8'}]
24022,60b584d8-3c42-40fe-aac9-36744fbb675b,,,[{'resourceId': '31015488-0162-4567-8ffe-eaa17717055d'}]
24022,60b584d8-3c42-40fe-aac9-36744fbb675b,,,[{'resourceId': 'ae30dd63-e39c-49f2-a12b-ade8ae28c849'}]
24023,3b33f8e7-1a19-43ec-8e10-b62a92be5c2b,,,[{'resourceId': 'b5bc9fc1-48de-4907-9a0b-a02316a4c0d4'}]
24023,3b33f8e7-1a19-43ec-8e10-b62a92be5c2b,,,[{'resourceId': 'fb808123-abc2-4af1-9e2c-713a454e8640'}]
24024,4b2eb749-1405-48b3-b7f3-2fcc56239838,,,[{'resourceId': '9b855add-a4bb-4db6-b96c-1b3225677e79'}]
24024,4b2eb749-1405-48b3-b7f3-2fcc56239838,,,[{'resourceId': '8bff2fda-fcd5-4bee-bdad-a970c5897828'}]
24025,693457bf-fe82-40c3-91ac-df1010f87582,,,[{'resourceId': 'e78beb8e-6df8-4f09-888d-a952742368a8'}]
24025,693457bf-fe82-40c3-91ac-df1010f87582,,,[{'resourceId': '51226acd-b6bd-4a4c-8859-6784ffef1274'}]
24026,14f75e62-fa6f-4bc6-89c5-03e490cbafa7,,,[{'resourceId': '4e6b79bc-d87b-4288-a639-143a02dee20a'}]
24026,14f75e62-fa6f-4bc6-89c5-03e490cbafa7,,,[{'resourceId': '0818d587-9bf5-487a-9035-7cc389b6a012'}]
24027,471745b5-32d6-4528-ba28-921bc2306644,,,[{'resourceId': '1bed15d1-5660-49e9-871c-a6eede394725'}]
24027,471745b5-32d6-4528-ba28-921bc2306644,,,[{'resourceId': '7774339c-af18-4272-8cd4-c1aa3f4939de'}]
24028,c73e3b4b-129b-4a35-a543-5156b0b1a1be,,,[{'resourceId': 'e965213c-49e9-4f55-9aef-16cf4736243e'}]
24028,c73e3b4b-129b-4a35-a543-5156b0b1a1be,,,[{'resourceId': '471745b5-32d6-4528-ba28-921bc2306644'}]
24029,bbe905eb-fe38-4356-af76-5794a65fba9c,,,[{'resourceId': 'b52a12f8-55a4-4bed-9b4d-4de92d6fef31'}]
24029,bbe905eb-fe38-4356-af76-5794a65fba9c,,,[{'resourceId': 'e307f82d-46b1-42a4-9cda-ba6c767d10da'}]
24030,d5d60004-4d05-4495-9d38-9ffc471099c7,,,[{'resourceId': '1584a588-8d66-4b09-93b9-e3f154b67962'}]
24030,d5d60004-4d05-4495-9d38-9ffc471099c7,,,[{'resourceId': '456b9455-26ed-495d-8cfd-bbb66dcee5a1'}]
24031,da9e1ec3-7d73-462d-80ce-bb0db4b5e127,,,[{'resourceId': '9a32a1b2-4b9b-437c-98cc-5f443baa3552'}]
24032,244dc398-033c-4f7a-901a-0bc4deefa00a,,,[{'resourceId': '77c94fc6-a636-40d3-b5ad-9ff420296e74'}]
24032,244dc398-033c-4f7a-901a-0bc4deefa00a,,,[{'resourceId': '6eb52aac-0008-4a6e-9492-aa9df4f86b40'}]
24033,02372753-c52f-466a-a660-457175fd4407,,,[{'resourceId': '861ed6af-8c57-4d74-af3a-676cbfeeb5b5'}]
24033,02372753-c52f-466a-a660-457175fd4407,,,[{'resourceId': '67aec133-e8f8-4838-a2a2-a4e17d709a8c'}]
24034,d45c590b-8a0a-4ad9-b3b7-75a6208c52b2,,,[{'resourceId': 'ecfde847-a327-48ab-bc8e-cd982b22fd80'}]
24034,d45c590b-8a0a-4ad9-b3b7-75a6208c52b2,,,[{'resourceId': 'b24233d2-e0b4-4700-a7d5-502c1f432d75'}]
24035,e65be042-d37d-4aef-929f-f5d11c137da7,,,[{'resourceId': '2a5b71a8-1da8-4b47-a72a-ea230184f134'}]
24035,e65be042-d37d-4aef-929f-f5d11c137da7,,,[{'resourceId': '029fd962-b146-4a11-9184-f21a800d8c52'}]
24036,2499a450-e6dd-4ea3-8808-a25b76f6084e,,,
24037,2d00a10b-a19a-4e34-bfd2-5a24c0eb617f,,,[{'resourceId': '42831905-0824-415b-990b-ec1743169066'}]
24037,2d00a10b-a19a-4e34-bfd2-5a24c0eb617f,,,[{'resourceId': '887e8d98-5502-45d6-989d-7df50eb8afed'}]
24038,ea495822-3916-478e-8cbc-8bec50c21713,,,[{'resourceId': '37e47d1a-72be-42be-bd0f-ca2373011fbb'}]
24038,ea495822-3916-478e-8cbc-8bec50c21713,,,[{'resourceId': 'b7348bab-5c1e-40cf-b5a1-39f8ef5dbebe'}]
24039,2106be17-c277-483c-9443-a698f50a59ad,,,[{'resourceId': '5a7d8ea1-2a3c-43ca-8f70-7661cabfb119'}]
24039,2106be17-c277-483c-9443-a698f50a59ad,,,[{'resourceId': '18ebcdd2-bc4b-4adc-b0b3-2d5f6c800e63'}]
24040,0b5416c1-3ecd-4b5f-9578-423d41ecb2d5,,,[{'resourceId': '87db1f14-6cb3-42ee-b54b-26de23439cfc'}]
24041,c7022705-4e6a-4771-9c0e-c7d21f5f1e6f,,,[{'resourceId': 'c4733b55-53ec-499d-9219-d2ade6e5028f'}]
24041,c7022705-4e6a-4771-9c0e-c7d21f5f1e6f,,,[{'resourceId': '4108d3ff-4cbf-40df-9bf9-0de9ffeab9ae'}]
24042,08006309-e45d-4d53-863b-3f706de92d8f,,,[{'resourceId': '1cd8b9ea-99cd-4a23-a6d0-1fc7bb4e089b'}]
24042,08006309-e45d-4d53-863b-3f706de92d8f,,,[{'resourceId': '028825e6-fc74-4c5c-853a-5693d573330e'}]
24043,d099a72b-d763-4878-b289-d1891bc67f5f,,,[{'resourceId': '119035c6-45fe-4fda-90cd-660d1e31d54b'}]
24043,d099a72b-d763-4878-b289-d1891bc67f5f,,,[{'resourceId': 'ca9bed30-38cd-462e-b4e4-33b0b96757d8'}]
24044,91630cf5-8496-4b6f-a097-758e171cf257,,,[{'resourceId': '03267065-45b6-4b97-9d61-fd61287e9dc9'}]
24044,91630cf5-8496-4b6f-a097-758e171cf257,,,[{'resourceId': '16b5b696-647a-472c-91c7-7023dd677e1d'}]
24045,96f031e8-2765-468d-91dd-824a06ab2acf,,,[{'resourceId': '2dc5584e-e810-43a7-b8e3-dd97edbd7eae'}]
24045,96f031e8-2765-468d-91dd-824a06ab2acf,,,[{'resourceId': 'cdff68fa-95f4-4e17-ae2a-f6d99ff0fc6b'}]
24046,c92c1c7e-3fae-4a19-8874-bc42e5021d45,,,[{'resourceId': '78655b92-5326-487f-ad2b-e8614fb6def8'}]
24046,c92c1c7e-3fae-4a19-8874-bc42e5021d45,,,[{'resourceId': '957ccd19-8136-41a8-9da6-2893e715ee22'}]
24047,ee30dfd4-617a-42b1-965b-7ffb3a3a8a93,,,[{'resourceId': '704cc0a9-2c65-4872-89c6-b992e42ad33a'}]
24048,6eb16ca6-5a9d-4387-9c2e-40aa95f96453,,,[{'resourceId': 'a6a6f702-69c5-435d-bcc1-406ba4cea69a'}]
24048,6eb16ca6-5a9d-4387-9c2e-40aa95f96453,,,[{'resourceId': 'fa6d489e-b325-448c-9770-c32ef872fdb2'}]
24049,5a59865d-8b22-4088-b30f-d6f856343384,,,[{'resourceId': '0dad2a2d-c0ed-429d-ad53-f2a0eac22140'}]
24049,5a59865d-8b22-4088-b30f-d6f856343384,,,[{'resourceId': 'f2f24b15-3464-4d2d-984b-c9c30a72f8ba'}]
24050,25042291-c1e5-4952-84d6-ff8c9368173c,,,[{'resourceId': 'b44a3d30-5a8b-4d74-8635-a9984298bc00'}]
24050,25042291-c1e5-4952-84d6-ff8c9368173c,,,[{'resourceId': 'd7e89938-d357-4c36-81ef-abc2021d1d84'}]
24051,b8b9abb0-1050-42fd-941a-b377e06126ae,,,[{'resourceId': '476323a6-8a14-49c1-88c1-56cb453d4487'}]
24051,b8b9abb0-1050-42fd-941a-b377e06126ae,,,[{'resourceId': 'b7cffb20-684b-4c62-8c70-4f4e314cc716'}]
24052,30c0bfeb-f829-460f-8cc8-cbc39dd2c627,,,[{'resourceId': 'f971d052-775d-441e-8a1d-4123c22e8cc1'}]
24052,30c0bfeb-f829-460f-8cc8-cbc39dd2c627,,,[{'resourceId': '53fcbf3a-939e-4fd2-8704-1309bf49ace3'}]
24053,ebb798c6-5e1f-47a6-83a8-beb48119348a,,,[{'resourceId': '27051d26-c714-4656-8d4c-d6e61b3b2323'}]
24053,ebb798c6-5e1f-47a6-83a8-beb48119348a,,,[{'resourceId': '6816cb1c-3c7a-4c3e-95ee-5d9794276e9d'}]
24054,9c6505a0-696b-415b-ae4b-c12f19fd3a69,,,[{'resourceId': '33f15bd4-480b-41b7-9bd0-37a7c035f855'}]
24054,9c6505a0-696b-415b-ae4b-c12f19fd3a69,,,[{'resourceId': 'cc1b162d-7d29-404c-bc5c-15b9e19c02a2'}]
24055,04dcbcea-4684-4bd3-ac2e-383ad0c59a49,,,[{'resourceId': '18125c40-754a-44ef-a29e-a98fa60d7e79'}]
24055,04dcbcea-4684-4bd3-ac2e-383ad0c59a49,,,[{'resourceId': '7a4d02a0-0bed-448e-8e60-c6ff0f8bf7d3'}]
24056,61fd59b7-6a05-4f68-9cc5-c6d54f5d40e8,,,[{'resourceId': '99723168-92cf-4e13-9e24-1ed37a09f8bc'}]
24056,61fd59b7-6a05-4f68-9cc5-c6d54f5d40e8,,,[{'resourceId': '6f2a7a97-912a-42f0-958f-3b6a14280836'}]
24057,691e7053-c519-4299-ba6d-27a5d1a4d441,,,[{'resourceId': '9e404388-3721-462c-bd37-eeba7eb12b5c'}]
24057,691e7053-c519-4299-ba6d-27a5d1a4d441,,,[{'resourceId': 'e0a0baf0-e603-4fe9-a9d2-efdf42a50d55'}]
24058,8974f9dd-6725-4bc0-b23a-ddfedc52012a,,,[{'resourceId': 'c741009a-bd66-41c2-9b97-d12c4cc1053e'}]
24058,8974f9dd-6725-4bc0-b23a-ddfedc52012a,,,[{'resourceId': 'c4f54093-d1c2-4e7e-84ae-adbd06bf1f5c'}]
24059,2dc218e8-1013-455b-bd76-27608d72be07,,,[{'resourceId': 'c1b002f5-46e6-4d49-a0af-d7645734d4e5'}]
24059,2dc218e8-1013-455b-bd76-27608d72be07,,,[{'resourceId': '8428ead4-29e9-4a64-9128-e0f58c165c08'}]
24060,4bbdc58d-d38e-49ea-9ce6-743b02592436,,,[{'resourceId': 'b5bc9fc1-48de-4907-9a0b-a02316a4c0d4'}]
24060,4bbdc58d-d38e-49ea-9ce6-743b02592436,,,[{'resourceId': 'fb808123-abc2-4af1-9e2c-713a454e8640'}]
24061,b2183897-b695-4160-b458-7dd7f980f70d,,,[{'resourceId': '2931a1b4-7519-49cd-9b3d-dd2100d1f028'}]
24061,b2183897-b695-4160-b458-7dd7f980f70d,,,[{'resourceId': '3918a8ed-3761-4ed7-99a2-6a3f58c999bd'}]
24062,79c43af4-a822-4c36-9308-7aacd5e7cdec,,,[{'resourceId': 'ccfc3b66-feb7-447a-9645-df6bec7e0100'}]
24062,79c43af4-a822-4c36-9308-7aacd5e7cdec,,,[{'resourceId': 'b69abc3a-5c09-482b-9c26-a822fe3665b7'}]
24063,2460a0ae-f666-431b-9ef3-54193d854dca,,,[{'resourceId': '12b13176-0d70-4fea-8ac9-d142db866871'}]
24063,2460a0ae-f666-431b-9ef3-54193d854dca,,,[{'resourceId': '70a0c597-9362-41a7-968f-0a45ae1ba4fe'}]
24064,902243cf-9780-4d04-8fcc-40478e569ebd,,,[{'resourceId': '4dcef1af-1870-4bcb-a7a7-a2ff77c47c53'}]
24064,902243cf-9780-4d04-8fcc-40478e569ebd,,,[{'resourceId': '91840a57-c80a-4d7d-bf57-0e6c037b5ac6'}]
24065,a2ce3ce8-0ec1-49a9-9d66-f0a753a5fa6b,,,[{'resourceId': '287c907a-a853-4b8f-aa91-4058793dfd70'}]
24065,a2ce3ce8-0ec1-49a9-9d66-f0a753a5fa6b,,,[{'resourceId': '9ceecfb5-45fe-4624-98de-111417fe6d65'}]
24066,48d56d19-d1c7-480c-a99c-22021d8b4dbc,,,[{'resourceId': '49c4575f-e408-4f41-8c83-a240c7ba8089'}]
24066,48d56d19-d1c7-480c-a99c-22021d8b4dbc,,,[{'resourceId': '93edd262-93c2-4d53-a5c4-d018fb2c97bc'}]
24067,6d320be8-1b52-4089-80d8-e00115d25c4c,,,[{'resourceId': 'a1441c85-3b60-47f5-8eef-04f6a00e788c'}]
24067,6d320be8-1b52-4089-80d8-e00115d25c4c,,,[{'resourceId': 'a49e734c-4947-4e15-bc27-276bb349c30a'}]
24068,8cb0c4fb-7505-4184-b09d-bc4ab62af6b6,,,[{'resourceId': '169f172e-fb7c-40d4-aa7e-77751f6dd0d4'}]
24068,8cb0c4fb-7505-4184-b09d-bc4ab62af6b6,,,[{'resourceId': '67cb5038-2c79-4167-b1a6-0d23bc315cd5'}]
24069,2a3cdd24-26c5-481d-85f6-b367634769c5,,,[{'resourceId': '7862657b-6be8-4b88-b137-8748dc0e5495'}]
24070,61286303-0597-4e2a-a60d-32a418899142,,,[{'resourceId': '0868a535-57c0-4b94-839f-f8618ba3062d'}]
24070,61286303-0597-4e2a-a60d-32a418899142,,,[{'resourceId': 'fe0d3d8a-79db-4770-973e-634061b9ebdf'}]
24071,3d758821-0ec2-4690-85ff-17af0d014510,,,[{'resourceId': '78655b92-5326-487f-ad2b-e8614fb6def8'}]
24071,3d758821-0ec2-4690-85ff-17af0d014510,,,[{'resourceId': '957ccd19-8136-41a8-9da6-2893e715ee22'}]
24072,df2de2d7-208f-4335-8e78-f3ba0c3f3e27,,,[{'resourceId': '77c94fc6-a636-40d3-b5ad-9ff420296e74'}]
24072,df2de2d7-208f-4335-8e78-f3ba0c3f3e27,,,[{'resourceId': '6eb52aac-0008-4a6e-9492-aa9df4f86b40'}]
24073,8517f0dc-9505-4f1a-a190-1d563b1490ae,,,[{'resourceId': '207a161c-0485-425d-aaee-d9c9fbbd842d'}]
24073,8517f0dc-9505-4f1a-a190-1d563b1490ae,,,[{'resourceId': 'b642d3b4-1f30-4f3f-8e5b-936cc9def585'}]
24074,8428ead4-29e9-4a64-9128-e0f58c165c08,,,[{'resourceId': 'cb7e721c-ceb9-472d-8745-a780774d182b'}]
24074,8428ead4-29e9-4a64-9128-e0f58c165c08,,,[{'resourceId': '323f177a-2bf3-4c86-9120-fd883f493288'}]
24075,65cc0881-83c9-467b-befe-266cc5847a0f,,,[{'resourceId': '8428ead4-29e9-4a64-9128-e0f58c165c08'}]
24075,65cc0881-83c9-467b-befe-266cc5847a0f,,,[{'resourceId': 'b14cdde7-ae80-4f80-8512-cf9047b1d655'}]
24076,07c9e670-0ec0-40c3-bf73-644dfc1a5cd3,,,[{'resourceId': '5a7d8ea1-2a3c-43ca-8f70-7661cabfb119'}]
24076,07c9e670-0ec0-40c3-bf73-644dfc1a5cd3,,,[{'resourceId': '18ebcdd2-bc4b-4adc-b0b3-2d5f6c800e63'}]
24077,b69abc3a-5c09-482b-9c26-a822fe3665b7,,,[{'resourceId': '9d566fef-8296-4d09-81f0-c3e7138708b8'}]
24077,b69abc3a-5c09-482b-9c26-a822fe3665b7,,,[{'resourceId': 'b4bd7499-b467-4f8a-8ce0-4d2654aabff0'}]
24078,bd6c7bc0-7ec7-41e8-8578-c56f2cbdc4de,,,[{'resourceId': 'dfc84124-cfb2-411d-91b4-aec55a9f5688'}]
24078,bd6c7bc0-7ec7-41e8-8578-c56f2cbdc4de,,,[{'resourceId': '6da2f159-0706-49ec-9c33-e61683c32db4'}]
24079,22f76b8e-6ff8-4a67-b3e0-61ff5664a40a,,,[{'resourceId': '3e99b304-3f0c-42bf-a7fc-09ca188b36a4'}]
24079,22f76b8e-6ff8-4a67-b3e0-61ff5664a40a,,,[{'resourceId': '8f55493a-9c00-4c0f-aa27-ac542ed6849d'}]
24080,1cd8b9ea-99cd-4a23-a6d0-1fc7bb4e089b,,,[{'resourceId': '119035c6-45fe-4fda-90cd-660d1e31d54b'}]
24080,1cd8b9ea-99cd-4a23-a6d0-1fc7bb4e089b,,,[{'resourceId': 'ca9bed30-38cd-462e-b4e4-33b0b96757d8'}]
24081,41237308-3c20-4679-a02f-ba03b6038244,,,[{'resourceId': '6477fe20-a1f6-4256-9d78-8b5403e8227e'}]
24081,41237308-3c20-4679-a02f-ba03b6038244,,,[{'resourceId': 'becb8647-6507-40f8-8eb7-de8678d8d8a2'}]
24082,43fb4304-548f-4418-b7f3-1901adad32f4,,,[{'resourceId': 'bc572ea1-6a18-4e9d-8d87-a60bca6c9d09'}]
24082,43fb4304-548f-4418-b7f3-1901adad32f4,,,[{'resourceId': '8517f0dc-9505-4f1a-a190-1d563b1490ae'}]
24083,aa2509e8-f8be-4ad0-8946-c3c06b0c1b6b,,,[{'resourceId': '628b7c52-45c3-4b5e-9eb4-be4d22507c10'}]
24083,aa2509e8-f8be-4ad0-8946-c3c06b0c1b6b,,,[{'resourceId': '222b0cb2-5158-4d63-b625-7873f9a2c7ab'}]
24084,bc879450-eb65-4fe2-a817-75278ebdd8f0,,,[{'resourceId': 'cb7e721c-ceb9-472d-8745-a780774d182b'}]
24084,bc879450-eb65-4fe2-a817-75278ebdd8f0,,,[{'resourceId': '323f177a-2bf3-4c86-9120-fd883f493288'}]
24085,b4edb5c0-f46f-49f9-a295-e1704eb22952,,,[{'resourceId': '960e91f9-75e8-4419-a600-d5e54db80ffc'}]
24085,b4edb5c0-f46f-49f9-a295-e1704eb22952,,,[{'resourceId': '0d1b8ba8-8963-4870-89f3-b91fbfb5c9bd'}]
24086,dbfaa35d-504e-4d21-9fbe-95b57dde5b13,,,[{'resourceId': '134035b1-8543-44e6-b26e-65a78078b0f5'}]
24086,dbfaa35d-504e-4d21-9fbe-95b57dde5b13,,,[{'resourceId': '8153b173-e170-4073-858d-6bff489e96bb'}]
24087,3f5db476-2a1c-484e-9861-c11f0af70c1b,,,[{'resourceId': '8d49c1e6-14f0-41c7-92b9-4d03f8d4aef1'}]
24087,3f5db476-2a1c-484e-9861-c11f0af70c1b,,,[{'resourceId': 'f76b4228-f4ce-4073-9a2d-ae944476170f'}]
24088,563288d8-efe6-46fd-8b70-9c443e339c41,,,[{'resourceId': 'd86feb3d-d661-4c19-ae30-0519188b078a'}]
24088,563288d8-efe6-46fd-8b70-9c443e339c41,,,[{'resourceId': '16b5b696-647a-472c-91c7-7023dd677e1d'}]
24089,d9878630-6e0b-4c2a-adbd-ee4f1bfd04c9,,,[{'resourceId': 'c757d7d0-cbef-4815-944f-8e5f2ec18897'}]
24089,d9878630-6e0b-4c2a-adbd-ee4f1bfd04c9,,,[{'resourceId': 'd1eff42c-40d8-464a-863a-beae10bac0b2'}]
24090,03036be8-04b5-408e-9257-ed37b81d5f2f,,,[{'resourceId': 'ca4871f0-d50b-41d5-b6c3-8bbe98b76fde'}]
24091,a94d3843-0171-40c9-8002-764d8f27f9d0,,,[{'resourceId': '92f17633-4ce3-499f-a7fa-21f8cca7ad57'}]
24092,98d89728-e2a5-4efc-ba5d-a4d83238e0f5,,,[{'resourceId': '6477fe20-a1f6-4256-9d78-8b5403e8227e'}]
24092,98d89728-e2a5-4efc-ba5d-a4d83238e0f5,,,[{'resourceId': '92f17633-4ce3-499f-a7fa-21f8cca7ad57'}]
24093,3ed5c4c9-704c-4def-bfec-5ceb91b21746,,,[{'resourceId': '5ed3ead9-872a-49a6-9798-9eb4797dde4f'}]
24093,3ed5c4c9-704c-4def-bfec-5ceb91b21746,,,[{'resourceId': '44cf8d8d-9c52-43f3-b32f-845604c7c856'}]
24094,3ceb3986-5aad-4cd0-b607-07e3f335aef3,,,[{'resourceId': '4e2784fd-fd9d-4f8a-94c8-bac3bdba1d09'}]
24094,3ceb3986-5aad-4cd0-b607-07e3f335aef3,,,[{'resourceId': '147aeaa3-8e9d-4486-a097-098dff9f624a'}]
24095,86a05bea-fe22-4f46-bc8f-312cff809787,,,[{'resourceId': '086fc794-1101-4c1c-91a9-1edcc929e1e0'}]
24096,dd77ce34-51da-46ec-a120-93fd608d9dfd,,,[{'resourceId': '5cda72c6-9956-4c54-b633-b254b7a78621'}]
24096,dd77ce34-51da-46ec-a120-93fd608d9dfd,,,[{'resourceId': '17673802-5664-430f-979d-66b05b0097c8'}]
24097,22d842e7-8343-4a4b-b37a-7e84c372a407,,,[{'resourceId': '87db1f14-6cb3-42ee-b54b-26de23439cfc'}]
24098,fbb34cca-76b9-4931-8053-d5c4bc09e74e,,,[{'resourceId': '3c350e78-65b8-4ccf-9f14-3a04ae4a58a3'}]
24098,fbb34cca-76b9-4931-8053-d5c4bc09e74e,,,[{'resourceId': 'c3d2715b-db44-4727-86d2-fdd9cddf9391'}]
24099,29a681ef-832f-4623-b82f-1fefaf681174,,,[{'resourceId': '18125c40-754a-44ef-a29e-a98fa60d7e79'}]
24099,29a681ef-832f-4623-b82f-1fefaf681174,,,[{'resourceId': '7a4d02a0-0bed-448e-8e60-c6ff0f8bf7d3'}]
24100,f18878e3-d4f6-4ef2-b9a4-40566f6d6617,,,[{'resourceId': '960e91f9-75e8-4419-a600-d5e54db80ffc'}]
24100,f18878e3-d4f6-4ef2-b9a4-40566f6d6617,,,[{'resourceId': '0d1b8ba8-8963-4870-89f3-b91fbfb5c9bd'}]
24101,73612254-46a3-4eb7-8917-a5bd03260f06,,,[{'resourceId': '63d5fab1-c8b3-46ba-9c1e-5c3b94731e97'}]
24101,73612254-46a3-4eb7-8917-a5bd03260f06,,,[{'resourceId': 'a0f93e14-f97d-4fac-9d1f-a1b92aa9e70c'}]
24102,aea1fea6-97e9-4d66-8940-54bd571d123a,,,[{'resourceId': 'e55afa90-d4ce-475f-8f04-318f3a4e0f1f'}]
24102,aea1fea6-97e9-4d66-8940-54bd571d123a,,,[{'resourceId': '58f2223d-e4b4-4129-b3ef-f877adbe2557'}]
24103,29fd3dd1-36a8-435a-bf10-e5dad69e5b68,,,[{'resourceId': '5faf00eb-4891-4d7c-b3d3-99d988969347'}]
24103,29fd3dd1-36a8-435a-bf10-e5dad69e5b68,,,[{'resourceId': 'ba308696-ea7a-4f5d-9e44-588a8a17f34c'}]
24104,276d0c2d-10e4-438b-b87f-6cf3675cd150,,,[{'resourceId': 'ebe78b8e-2bf0-493a-9a54-ff23e708c52b'}]
24104,276d0c2d-10e4-438b-b87f-6cf3675cd150,,,[{'resourceId': '4741530e-b56b-46d2-9357-80a4e1ccb027'}]
24105,13cccaef-54e5-4201-a3db-dcd32c6cb2c4,,,[{'resourceId': '5d13c7bf-cf75-4f89-81c4-46cb1e927c04'}]
24105,13cccaef-54e5-4201-a3db-dcd32c6cb2c4,,,[{'resourceId': '24cdd68f-7a48-404f-b233-011d90bea9e5'}]
24106,f89008c8-6598-4491-bd7f-4161c650556e,,,[{'resourceId': '377ddb11-e368-406c-b0f2-2b3f76231969'}]
24107,095f80c6-0a6d-438a-8305-2043b83a8638,,,[{'resourceId': '25042291-c1e5-4952-84d6-ff8c9368173c'}]
24107,095f80c6-0a6d-438a-8305-2043b83a8638,,,[{'resourceId': 'aea1fea6-97e9-4d66-8940-54bd571d123a'}]
24108,bf7c26d3-f5f7-44ad-a712-ca6c7e9aa11b,,,[{'resourceId': '8df533e2-1ca5-4f8d-88ab-5dfd96782dd0'}]
24108,bf7c26d3-f5f7-44ad-a712-ca6c7e9aa11b,,,[{'resourceId': '0312daf0-c71b-4ef3-b229-b43aadbf5751'}]
24109,c280aef4-491b-43f2-8dfe-ac0fbfffd6ae,,,[{'resourceId': '89fbfe19-b532-43d9-848b-08fbe53c7897'}]
24109,c280aef4-491b-43f2-8dfe-ac0fbfffd6ae,,,[{'resourceId': '72d841ed-5d5b-4b39-adff-6b221e8a6475'}]
24110,a4dd7203-8a28-4aff-8b8c-80e49f775a3c,,,[{'resourceId': '4cba9c7c-f83f-4d50-ad1a-c0c58cd15516'}]
24110,a4dd7203-8a28-4aff-8b8c-80e49f775a3c,,,[{'resourceId': '725bd425-d3bb-4c67-bb6a-3deb20bf7031'}]
24111,6f74382f-ba8b-4037-9300-9da5c51decc8,,,[{'resourceId': 'd7f0b9c2-2160-49b5-960e-f22b3654709d'}]
24111,6f74382f-ba8b-4037-9300-9da5c51decc8,,,[{'resourceId': 'ae7b4645-3c3b-4005-adaf-07c957e03bbb'}]
24112,0c9e09c9-a5fb-47bd-8c13-c0e085c093d1,,,[{'resourceId': '806a9714-8c3e-4396-a356-9cea0ff9c8fe'}]
24112,0c9e09c9-a5fb-47bd-8c13-c0e085c093d1,,,[{'resourceId': '5e8f45a4-4143-4438-a5a2-fb1e2ebe4ca3'}]
24113,06482f68-c620-41c5-aaf8-dcaf6770be58,,,[{'resourceId': '3871ad32-4e6c-492e-a1fd-a85d6d747343'}]
24113,06482f68-c620-41c5-aaf8-dcaf6770be58,,,[{'resourceId': '146d9e63-06fa-421a-aba4-3371883b7eff'}]
24114,5df028f2-74ea-486f-9fba-3b682986b04a,,,[{'resourceId': '057d01e8-2462-45df-8980-cb1d3f5eea3c'}]
24114,5df028f2-74ea-486f-9fba-3b682986b04a,,,[{'resourceId': 'a6934968-a47e-45ac-b0b9-908eb4343b27'}]
24115,126f91a4-621c-4d56-97c3-c530f0096b7f,,,[{'resourceId': '2e85f439-99d1-4d3a-b90b-e518519ee836'}]
24115,126f91a4-621c-4d56-97c3-c530f0096b7f,,,[{'resourceId': 'f4eac4e8-3bcf-40c7-9718-f0f4b86c69a0'}]
24116,41689e6a-a163-48de-8970-645e665cb1b8,,,[{'resourceId': '704cc0a9-2c65-4872-89c6-b992e42ad33a'}]
24117,293e4b96-e3ce-426d-8a4b-ed0fef80d3a7,,,[{'resourceId': 'd732c550-0f91-4be6-942d-841fef6d0b32'}]
24117,293e4b96-e3ce-426d-8a4b-ed0fef80d3a7,,,[{'resourceId': '9d5d1cd9-037d-4d0e-9d76-fa2d27a806bb'}]
24118,d54d74a6-376d-484a-bf0d-ae85424eec66,,,[{'resourceId': 'c7543685-1077-48e1-952d-a0e0ff1da71f'}]
24119,4a5eac3d-7938-4610-8bdc-896a3db26bca,,,[{'resourceId': '2fc6f5fb-23dc-4b1d-9eb4-46701fbdd8ff'}]
24119,4a5eac3d-7938-4610-8bdc-896a3db26bca,,,[{'resourceId': '271ffab6-aa40-465c-8e23-93203f11a771'}]
24120,e142f2b2-f037-42f0-9a9c-5df47edd657e,,,[{'resourceId': '5ed3ead9-872a-49a6-9798-9eb4797dde4f'}]
24120,e142f2b2-f037-42f0-9a9c-5df47edd657e,,,[{'resourceId': '44cf8d8d-9c52-43f3-b32f-845604c7c856'}]
24121,44e23833-7ebe-47da-a71a-ff86ac395f18,,,[{'resourceId': 'fa7dd5dc-71fe-4ff2-b300-063ce827afa6'}]
24121,44e23833-7ebe-47da-a71a-ff86ac395f18,,,[{'resourceId': '7d7b2135-3d0a-4070-92b5-bfbb852804b1'}]
24122,58b24c9c-ab4f-45ce-9a5a-41b713d5ec8f,,,[{'resourceId': 'cb7e721c-ceb9-472d-8745-a780774d182b'}]
24122,58b24c9c-ab4f-45ce-9a5a-41b713d5ec8f,,,[{'resourceId': '323f177a-2bf3-4c86-9120-fd883f493288'}]
24123,6235c9fd-b74a-4864-9cca-4922a9d95e91,,,[{'resourceId': '65cc0881-83c9-467b-befe-266cc5847a0f'}]
24123,6235c9fd-b74a-4864-9cca-4922a9d95e91,,,[{'resourceId': '266ed7a2-d79b-4e2e-b8dc-57a26bc0eb44'}]
24124,de1d0361-4c5d-45a3-8865-26c1b9d9e462,,,[{'resourceId': '0657f939-188f-4093-8f11-ba65b7c6deb1'}]
24124,de1d0361-4c5d-45a3-8865-26c1b9d9e462,,,[{'resourceId': 'bf13e400-ebde-43aa-b0a9-1c04c2e2b725'}]
24125,376a5562-4174-4067-8d82-4826bb643115,,,[{'resourceId': '087b4932-fed1-4ef7-9500-0c8182edd1cc'}]
24125,376a5562-4174-4067-8d82-4826bb643115,,,[{'resourceId': '1fe75e5e-4a72-4c92-b0c6-c84d5050877c'}]
24126,b0f83553-df80-472d-bd62-c5c2dfe14ece,,,[{'resourceId': '1925ca9f-7714-46f3-b779-5ce1768d7e63'}]
24126,b0f83553-df80-472d-bd62-c5c2dfe14ece,,,[{'resourceId': '87b283e1-22c7-4b53-9f69-3a60e69ca122'}]
24127,568cebbc-6e76-47ed-9d3f-1141fa489876,,,[{'resourceId': 'db535961-f6a8-444e-91c0-51ea9b8d8e91'}]
24127,568cebbc-6e76-47ed-9d3f-1141fa489876,,,[{'resourceId': 'c23c0cb2-d2f5-46ab-8738-59c89e5a87c6'}]
24128,431b0fe9-5551-4797-88d8-84fef0fdc19c,,,[{'resourceId': '8e2a79c6-e3bb-40d8-9203-7066409ef6a1'}]
24129,8eaa8ece-5c69-4149-85c8-611426787856,,,[{'resourceId': 'c6e80096-5df3-4088-aa38-0e81ec4a427b'}]
24130,136d86e1-330a-405e-91a9-ea7305ed7851,,,[{'resourceId': '8dc6ac24-99f7-45cd-90e0-e68162c3afff'}]
24130,136d86e1-330a-405e-91a9-ea7305ed7851,,,[{'resourceId': '1e792ee6-6c78-4a1d-8313-d81bacd4ec9f'}]
24131,015408dc-f458-4dc3-8d2e-604d9c602d77,,,[{'resourceId': '8a80ccc0-6449-4e4c-93ad-b1dfa53d5ce5'}]
24131,015408dc-f458-4dc3-8d2e-604d9c602d77,,,[{'resourceId': '2cc1be33-1085-403c-b90f-b19e3907c8b4'}]
24132,d38db898-243b-477b-9615-61f6898b5243,,,[{'resourceId': '6277773f-45f8-48e3-8ccd-8444263a6c9e'}]
24132,d38db898-243b-477b-9615-61f6898b5243,,,[{'resourceId': '18cfbddf-3826-4ef7-b367-a04e67cc325d'}]
24133,51226acd-b6bd-4a4c-8859-6784ffef1274,,,[{'resourceId': '3871ad32-4e6c-492e-a1fd-a85d6d747343'}]
24133,51226acd-b6bd-4a4c-8859-6784ffef1274,,,[{'resourceId': '146d9e63-06fa-421a-aba4-3371883b7eff'}]
24134,7af52484-e9e1-4d96-a5b4-fa219186c06c,,,[{'resourceId': '4d021e68-6528-458d-9302-53fa1cc94fc6'}]
24135,e59079a5-51ef-49a0-b5e8-cce3ee80eba0,,,[{'resourceId': 'ea178f35-8814-46e0-b8b0-a2cde5badbea'}]
24135,e59079a5-51ef-49a0-b5e8-cce3ee80eba0,,,[{'resourceId': 'f46e3088-9f1d-4d0d-a8c0-d00373b46717'}]
24136,ff5b8ebf-5b0d-49ff-aac9-1d68306b0e96,,,[{'resourceId': '8e2a79c6-e3bb-40d8-9203-7066409ef6a1'}]
24137,7cae69fc-0599-4f8e-9c75-af1e15db9922,,,[{'resourceId': '76dc5b66-25d5-4e8d-889d-54c75f9fe3e2'}]
24138,c1108925-b23e-4d9b-908e-42b9c7328b3c,,,[{'resourceId': 'af0193ef-e5de-4922-a1c6-51b1b82ced0d'}]
24138,c1108925-b23e-4d9b-908e-42b9c7328b3c,,,[{'resourceId': 'b741c8c4-7adf-4f96-b58d-e8800f595210'}]
24139,1ed28e25-d452-4658-9f37-5573d04380ce,,,[{'resourceId': 'e51506cf-2b62-4a9d-abc8-42521527ec9f'}]
24140,654d9cc3-6491-4691-a864-73c8cd75e377,,,[{'resourceId': '78655b92-5326-487f-ad2b-e8614fb6def8'}]
24140,654d9cc3-6491-4691-a864-73c8cd75e377,,,[{'resourceId': '957ccd19-8136-41a8-9da6-2893e715ee22'}]
24141,a4ba824e-39d1-420f-ad1c-07e0b535d9a2,,,[{'resourceId': 'a424676d-970d-496c-b294-9bb4d8b8e46c'}]
24141,a4ba824e-39d1-420f-ad1c-07e0b535d9a2,,,[{'resourceId': '7b420cef-7ce8-487c-853c-d855b0b65122'}]
24142,f54aa004-55f2-4ad5-a484-1e2647990276,,,[{'resourceId': '0c4cbbac-b42d-4ebc-886d-747c074eeb3b'}]
24142,f54aa004-55f2-4ad5-a484-1e2647990276,,,[{'resourceId': '9d8d46c1-e752-47bc-b440-8af90344fde9'}]
24143,7125ce06-5197-4027-ae69-e4a90f043b49,,,[{'resourceId': '1ee8f425-cb0e-4dae-8deb-39b34bbaeb9d'}]
24143,7125ce06-5197-4027-ae69-e4a90f043b49,,,[{'resourceId': '7f9d68e1-af44-4684-968f-fbd82723587e'}]
24144,acfb46d3-53fe-4f09-985e-f12f9c0657bc,,,[{'resourceId': '2552b322-281d-41e7-ac4c-211f4c9b58c0'}]
24144,acfb46d3-53fe-4f09-985e-f12f9c0657bc,,,[{'resourceId': '05f541cd-5e61-415e-8166-8bae6d59a44e'}]
24145,d3f903cf-abbe-4282-959f-941569f55dbf,,,[{'resourceId': '06cc4236-169b-4f9e-851e-8b092a0a63a4'}]
24145,d3f903cf-abbe-4282-959f-941569f55dbf,,,[{'resourceId': '52b111e9-0641-4fff-984b-ca35c7f81ad4'}]
24146,c4251f93-0623-4673-b490-7542ee91340f,,,[{'resourceId': 'c1b002f5-46e6-4d49-a0af-d7645734d4e5'}]
24146,c4251f93-0623-4673-b490-7542ee91340f,,,[{'resourceId': '8428ead4-29e9-4a64-9128-e0f58c165c08'}]
24147,df903e65-d760-4fc0-87e7-924291ba3b3f,,,[{'resourceId': 'f37e866a-394e-45b5-b904-6e006caa0896'}]
24147,df903e65-d760-4fc0-87e7-924291ba3b3f,,,[{'resourceId': '276d0c2d-10e4-438b-b87f-6cf3675cd150'}]
24148,cb27776b-2a62-4976-8033-eb44e673a983,,,[{'resourceId': '8d496046-8aa1-4512-9039-b0edbac3c414'}]
24149,33cd9060-a5da-471c-b4dd-16f7ad415a3b,,,[{'resourceId': '7627597b-e671-4c63-bb39-7c481fffdf07'}]
24149,33cd9060-a5da-471c-b4dd-16f7ad415a3b,,,[{'resourceId': 'df1c45f9-9ea6-406d-a8ff-1ab5bb01e79a'}]
24150,cb9ccc03-acf2-4f24-9beb-8218f459d3fd,,,[{'resourceId': 'f8077fb9-a352-4c90-b640-1b50b2f72d16'}]
24151,e4b7f57a-6f04-4c66-8bd1-de4416f58f7d,,,[{'resourceId': 'c0f08915-d9a7-4af6-b569-acc33a7f6f61'}]
24151,e4b7f57a-6f04-4c66-8bd1-de4416f58f7d,,,[{'resourceId': 'c08caa59-d933-4c13-90e9-ddeb2952904d'}]
24152,a06a606d-082a-4ff6-b370-b6bcdbdfb35d,,,[{'resourceId': 'a473981c-5b0d-4424-8c37-246b076b5cec'}]
24152,a06a606d-082a-4ff6-b370-b6bcdbdfb35d,,,[{'resourceId': 'd69a75c0-23f3-4ee1-be62-3aed32453797'}]
24153,2c9d4338-b4c4-4e96-a049-818a61e32acf,,,[{'resourceId': '09066f8e-a1b4-42da-95b2-82ccfe3835db'}]
24153,2c9d4338-b4c4-4e96-a049-818a61e32acf,,,[{'resourceId': '2326e60d-58ba-4909-9ccf-33de96600f47'}]
24154,f24c41f8-7566-4eda-8942-53b65c267540,,,[{'resourceId': '37e47d1a-72be-42be-bd0f-ca2373011fbb'}]
24154,f24c41f8-7566-4eda-8942-53b65c267540,,,[{'resourceId': 'b7348bab-5c1e-40cf-b5a1-39f8ef5dbebe'}]
24155,c08335fe-9227-4fb5-874a-a8e43795e0a4,,,
24156,c9e9aa7c-2d99-4374-9ee3-74e6067b7c0f,,,[{'resourceId': '1925ca9f-7714-46f3-b779-5ce1768d7e63'}]
24156,c9e9aa7c-2d99-4374-9ee3-74e6067b7c0f,,,[{'resourceId': '87b283e1-22c7-4b53-9f69-3a60e69ca122'}]
24157,7603d0e5-53f1-4b11-ba9a-07db0a9d5d38,,,[{'resourceId': '7b909895-ccc0-44b3-b3f8-16155d7feabb'}]
24157,7603d0e5-53f1-4b11-ba9a-07db0a9d5d38,,,[{'resourceId': '7e015b39-5bcd-4693-bf4c-c3d9ea2ccb32'}]
24158,4b095513-a49b-4686-9ed5-b6b642eeae2e,,,[{'resourceId': '8dc6ac24-99f7-45cd-90e0-e68162c3afff'}]
24158,4b095513-a49b-4686-9ed5-b6b642eeae2e,,,[{'resourceId': '1e792ee6-6c78-4a1d-8313-d81bacd4ec9f'}]
24159,03d744b8-b7f5-4dd2-8b49-31ab5d0115ad,,,[{'resourceId': 'f447cf9f-24c6-410f-9b9f-0b65661e0af8'}]
24159,03d744b8-b7f5-4dd2-8b49-31ab5d0115ad,,,[{'resourceId': '3a860bce-7a1b-4877-9895-00a02a2cb8c7'}]
24160,6cefb6e2-9e59-47dc-89b0-0416acc657df,,,[{'resourceId': '558a5e5f-f493-4035-8017-347865c109d0'}]
24160,6cefb6e2-9e59-47dc-89b0-0416acc657df,,,[{'resourceId': '8c96a592-da6a-4285-8f4a-c6f9270cf3e4'}]
24161,7a4d02a0-0bed-448e-8e60-c6ff0f8bf7d3,,,[{'resourceId': '2463926e-01d9-41f5-9aa2-87f0f1b4ee55'}]
24161,7a4d02a0-0bed-448e-8e60-c6ff0f8bf7d3,,,[{'resourceId': '3d04afc5-cfff-4714-ac72-f99889b1035c'}]
24162,af9cb998-f127-48a7-ba13-e9acd39c570f,,,[{'resourceId': '9fbb5169-a638-4dd5-a4ca-1ee1814c7163'}]
24162,af9cb998-f127-48a7-ba13-e9acd39c570f,,,[{'resourceId': '13288196-f3e2-4ddb-ae3d-babd1e6ea971'}]
24163,221085d3-435a-4d7c-99cc-b23ead553d89,,,[{'resourceId': '99723168-92cf-4e13-9e24-1ed37a09f8bc'}]
24163,221085d3-435a-4d7c-99cc-b23ead553d89,,,[{'resourceId': '6f2a7a97-912a-42f0-958f-3b6a14280836'}]
24164,da381e3d-5664-49b2-b4a1-8536559a456d,,,[{'resourceId': 'cd198268-ff76-439d-bbbb-15568f29c268'}]
24164,da381e3d-5664-49b2-b4a1-8536559a456d,,,[{'resourceId': '410cc170-cc8f-4fd9-8ab4-5339ecc8a9f7'}]
24165,e888c57f-1430-40a7-8953-e85cac95b89b,,,[{'resourceId': '136d86e1-330a-405e-91a9-ea7305ed7851'}]
24165,e888c57f-1430-40a7-8953-e85cac95b89b,,,[{'resourceId': '19a2f7b3-6ad6-4bf4-8f7d-0beb7f1fabf3'}]
24166,d7e89938-d357-4c36-81ef-abc2021d1d84,,,[{'resourceId': 'cb7e721c-ceb9-472d-8745-a780774d182b'}]
24166,d7e89938-d357-4c36-81ef-abc2021d1d84,,,[{'resourceId': '323f177a-2bf3-4c86-9120-fd883f493288'}]
24167,028825e6-fc74-4c5c-853a-5693d573330e,,,[{'resourceId': '095f80c6-0a6d-438a-8305-2043b83a8638'}]
24167,028825e6-fc74-4c5c-853a-5693d573330e,,,[{'resourceId': '1d9ddf68-2987-4dfb-a419-1f1a442c3d64'}]
24168,ceb24af3-910b-4941-ad2a-595493734584,,,[{'resourceId': '14c007a3-fd30-40cc-b1dd-174dd9d7aef8'}]
24168,ceb24af3-910b-4941-ad2a-595493734584,,,[{'resourceId': '039500c1-943a-4095-b467-38d29bc27196'}]
24169,cc61474e-fdee-490f-aabc-e640d3e1a559,,,[{'resourceId': '950807d9-5982-4aa9-bb43-016fe0818ffe'}]
24170,94ecf1a4-2535-4f47-b415-6c8a8d791652,,,[{'resourceId': 'bb9e8b78-bfd8-49b1-8efb-90b04cfe9867'}]
24171,7cbf9abf-fa01-4cb3-a515-de9033946456,,,[{'resourceId': '015408dc-f458-4dc3-8d2e-604d9c602d77'}]
24172,6ba1edcd-2247-4dae-829c-1c964b8bb1e2,,,[{'resourceId': '8019c711-b480-4f6f-92db-300acc35fa89'}]
24172,6ba1edcd-2247-4dae-829c-1c964b8bb1e2,,,[{'resourceId': 'b6f1d356-2152-4d20-b125-65ba0720228d'}]
24173,f8a371f0-f40c-4d69-9450-5e2d626a8247,,,[{'resourceId': 'a4a637bd-b46a-43ac-82e5-3a7eedb8bc72'}]
24173,f8a371f0-f40c-4d69-9450-5e2d626a8247,,,[{'resourceId': 'dcc348c4-49eb-47b9-97c0-9f5d733313e1'}]
24174,69d34aa7-f10c-4ace-9c4c-c3f510fd807b,,,[{'resourceId': '1f6533e3-5f0c-4c57-b5e3-71cd90f07497'}]
24174,69d34aa7-f10c-4ace-9c4c-c3f510fd807b,,,[{'resourceId': '54f985fb-0109-45b9-965e-7a1f40ea89e9'}]
24175,b8f069ef-81d9-4cb5-8cb8-eeff2c931a9d,,,[{'resourceId': '85fc6088-6821-427d-83aa-a567baada59d'}]
24175,b8f069ef-81d9-4cb5-8cb8-eeff2c931a9d,,,[{'resourceId': 'dc82fb86-7c03-4512-89e9-0bb2867ce554'}]
24176,a9bbd99d-9cbb-4caa-b194-1d116ef217e0,,,[{'resourceId': 'faad4b42-bdb2-4b04-a090-8399b7839b2c'}]
24176,a9bbd99d-9cbb-4caa-b194-1d116ef217e0,,,[{'resourceId': '79ede81f-f6fe-44dc-8c99-3ea2df501dfb'}]
24177,5401b970-19d8-4879-afd9-9424d1366c0a,,,[{'resourceId': '8dc6ac24-99f7-45cd-90e0-e68162c3afff'}]
24177,5401b970-19d8-4879-afd9-9424d1366c0a,,,[{'resourceId': '1e792ee6-6c78-4a1d-8313-d81bacd4ec9f'}]
24178,03b4ca0f-beee-408e-aa54-e1d9cba8b1ee,,,[{'resourceId': '7db4cd87-c299-40dc-903b-14fa4f138fe1'}]
24178,03b4ca0f-beee-408e-aa54-e1d9cba8b1ee,,,[{'resourceId': '958a9811-de13-497d-a58a-90cdb3a5dc8f'}]
24179,4ada80d2-afca-437e-9b9d-c1b246be5f92,,,[{'resourceId': '861ed6af-8c57-4d74-af3a-676cbfeeb5b5'}]
24179,4ada80d2-afca-437e-9b9d-c1b246be5f92,,,[{'resourceId': '67aec133-e8f8-4838-a2a2-a4e17d709a8c'}]
24180,c02003bf-626e-487f-b1c4-867f54ed716e,,,[{'resourceId': 'b44a3d30-5a8b-4d74-8635-a9984298bc00'}]
24180,c02003bf-626e-487f-b1c4-867f54ed716e,,,[{'resourceId': 'd7e89938-d357-4c36-81ef-abc2021d1d84'}]
24181,02dd3751-7470-4ee1-98bd-f36f3e87ab37,,,[{'resourceId': 'f447cf9f-24c6-410f-9b9f-0b65661e0af8'}]
24181,02dd3751-7470-4ee1-98bd-f36f3e87ab37,,,[{'resourceId': '3a860bce-7a1b-4877-9895-00a02a2cb8c7'}]
24182,0aee8b82-a17d-4b94-815f-dd2765f01fd8,,,[{'resourceId': 'ecfde847-a327-48ab-bc8e-cd982b22fd80'}]
24182,0aee8b82-a17d-4b94-815f-dd2765f01fd8,,,[{'resourceId': 'b24233d2-e0b4-4700-a7d5-502c1f432d75'}]
24183,48312f97-2e2b-486b-8553-abd5b1067635,,,[{'resourceId': '1e622c87-d744-4875-947d-ae142e8dd26c'}]
24183,48312f97-2e2b-486b-8553-abd5b1067635,,,[{'resourceId': '9dac5794-89ac-4522-854b-4722ae8436cb'}]
24184,5ac8fbf0-ec9a-472a-bdc6-a2039b1e5bb1,,,[{'resourceId': '9ab3f2f7-2ce4-4391-a910-b52ec71d56ca'}]
24184,5ac8fbf0-ec9a-472a-bdc6-a2039b1e5bb1,,,[{'resourceId': 'af8e380f-9754-40ef-8f8a-ba6eb0c03aa5'}]
24185,54e9c0b8-b56c-4bf9-8d17-cd3a73853821,,,[{'resourceId': '0cff9bd0-8ec6-404a-a611-ed9c1c3dd78e'}]
24185,54e9c0b8-b56c-4bf9-8d17-cd3a73853821,,,[{'resourceId': 'b4c37dc6-dfd4-45b0-98c4-41000760a642'}]
24186,1cdef422-2532-4219-a4a6-7e200ea31f93,,,[{'resourceId': 'c9d11660-9fc8-4c28-b1b8-d4613650f36f'}]
24186,1cdef422-2532-4219-a4a6-7e200ea31f93,,,[{'resourceId': '431b0fe9-5551-4797-88d8-84fef0fdc19c'}]
24187,699df053-04fd-43b1-93e6-13be860b9019,,,[{'resourceId': '2463926e-01d9-41f5-9aa2-87f0f1b4ee55'}]
24187,699df053-04fd-43b1-93e6-13be860b9019,,,[{'resourceId': '3d04afc5-cfff-4714-ac72-f99889b1035c'}]
24188,9dc4d884-d05c-4dec-929b-b82a55879cdf,,,[{'resourceId': 'bb9e8b78-bfd8-49b1-8efb-90b04cfe9867'}]
24189,eb1c601d-7897-4fc0-9978-e3ede79af451,,,[{'resourceId': 'c741009a-bd66-41c2-9b97-d12c4cc1053e'}]
24189,eb1c601d-7897-4fc0-9978-e3ede79af451,,,[{'resourceId': 'c4f54093-d1c2-4e7e-84ae-adbd06bf1f5c'}]
24190,bc92b2be-d096-40ba-b8ee-6e96bef0a6bc,,,[{'resourceId': 'ca3c99ed-d2bb-461e-9842-225b580d1a92'}]
24190,bc92b2be-d096-40ba-b8ee-6e96bef0a6bc,,,[{'resourceId': 'd4434710-f83f-4414-bb6f-0b8ea7bdb81e'}]
24191,b14cdde7-ae80-4f80-8512-cf9047b1d655,,,[{'resourceId': '19bfc93c-3c72-471d-91d1-7f70ebaafd52'}]
24191,b14cdde7-ae80-4f80-8512-cf9047b1d655,,,[{'resourceId': 'ceb24af3-910b-4941-ad2a-595493734584'}]
24192,00f58443-7d4d-42a4-8028-087af08771d7,,,[{'resourceId': '37e47d1a-72be-42be-bd0f-ca2373011fbb'}]
24192,00f58443-7d4d-42a4-8028-087af08771d7,,,[{'resourceId': 'b7348bab-5c1e-40cf-b5a1-39f8ef5dbebe'}]
24193,21c3189a-7ea5-45d1-be7b-6cb1de96eb1f,,,[{'resourceId': 'b5bc9fc1-48de-4907-9a0b-a02316a4c0d4'}]
24193,21c3189a-7ea5-45d1-be7b-6cb1de96eb1f,,,[{'resourceId': 'fb808123-abc2-4af1-9e2c-713a454e8640'}]
24194,ea52819c-ec6f-4d10-b725-5d697aa85f2e,,,[{'resourceId': '5a7d8ea1-2a3c-43ca-8f70-7661cabfb119'}]
24194,ea52819c-ec6f-4d10-b725-5d697aa85f2e,,,[{'resourceId': '18ebcdd2-bc4b-4adc-b0b3-2d5f6c800e63'}]
24195,2355ccd2-cf9b-4f3d-86f0-58b5ca463949,,,[{'resourceId': '3e5f9e0d-849a-4687-8431-37e24a383491'}]
24195,2355ccd2-cf9b-4f3d-86f0-58b5ca463949,,,[{'resourceId': '0db30427-8b7e-4fac-b2b4-71381b0b9082'}]
24196,a3e17c87-137a-4f97-b013-54c99d9a8a40,,,[{'resourceId': '78655b92-5326-487f-ad2b-e8614fb6def8'}]
24196,a3e17c87-137a-4f97-b013-54c99d9a8a40,,,[{'resourceId': '957ccd19-8136-41a8-9da6-2893e715ee22'}]
24197,d3ef795a-c73c-419e-8c07-7f6b5fce0591,,,[{'resourceId': 'dcad4e0b-e660-45a7-82ac-02d274890b69'}]
24197,d3ef795a-c73c-419e-8c07-7f6b5fce0591,,,[{'resourceId': '5e208823-daf1-4c24-9eef-8c416bb8b241'}]
24198,1434e461-90e5-4555-b05d-519ef1d659ca,,,[{'resourceId': '207a161c-0485-425d-aaee-d9c9fbbd842d'}]
24198,1434e461-90e5-4555-b05d-519ef1d659ca,,,[{'resourceId': 'b642d3b4-1f30-4f3f-8e5b-936cc9def585'}]
24199,24fc42e2-d7f1-42fa-a30b-a4fd311f1416,,,[{'resourceId': 'e695fd9f-7a32-43c7-8717-731ebe4124dc'}]
24199,24fc42e2-d7f1-42fa-a30b-a4fd311f1416,,,[{'resourceId': '8b96c638-79de-44a6-b0c6-cd3576b25630'}]
24200,c6c8e667-7222-480c-a58f-05af30828978,,,[{'resourceId': '14c007a3-fd30-40cc-b1dd-174dd9d7aef8'}]
24200,c6c8e667-7222-480c-a58f-05af30828978,,,[{'resourceId': '039500c1-943a-4095-b467-38d29bc27196'}]
24201,e51506cf-2b62-4a9d-abc8-42521527ec9f,,,[{'resourceId': 'f47e78b1-fccd-41cb-9ef0-4307a5cefbae'}]
24201,e51506cf-2b62-4a9d-abc8-42521527ec9f,,,[{'resourceId': '3709e0bf-b2f6-4ed1-8716-fbd3f4ac0d2c'}]
24202,aa6a3e5b-e96f-4a73-b9f0-f9863b197b79,,,[{'resourceId': '7b909895-ccc0-44b3-b3f8-16155d7feabb'}]
24202,aa6a3e5b-e96f-4a73-b9f0-f9863b197b79,,,[{'resourceId': '7e015b39-5bcd-4693-bf4c-c3d9ea2ccb32'}]
24203,b0ad2f54-66cc-4c08-a9db-a68dcd8a263d,,,[{'resourceId': '7be78681-dba3-4771-9c7c-48207d7168d0'}]
24203,b0ad2f54-66cc-4c08-a9db-a68dcd8a263d,,,[{'resourceId': '62d98c61-b3eb-42d8-b88b-fa15505da08a'}]
24204,5dbd7872-ba51-4163-b820-e5132a99c9e2,,,[{'resourceId': 'e695fd9f-7a32-43c7-8717-731ebe4124dc'}]
24204,5dbd7872-ba51-4163-b820-e5132a99c9e2,,,[{'resourceId': '8b96c638-79de-44a6-b0c6-cd3576b25630'}]
24205,383f1a9d-bcc6-4568-bcfb-cd6f2285e9f6,,,[{'resourceId': '9ff73279-1ce5-473f-8bea-9cfb4fc238dc'}]
24206,4abc8c72-11ce-4f5f-92e8-1f461468b1b4,,,[{'resourceId': 'b2b96b56-fbbe-4f0c-9e6d-7324c9df69df'}]
24206,4abc8c72-11ce-4f5f-92e8-1f461468b1b4,,,[{'resourceId': '4a2d35d0-7f7b-4ce5-8e34-4720b833fb25'}]
24207,15269e6a-494f-4104-b96a-0a3d4194b02a,,,[{'resourceId': 'e30620b4-80b9-4eb3-923c-9678ae7a2aee'}]
24208,f184a116-06e0-48e2-8369-48199594aef2,,,[{'resourceId': 'f9d0b8c6-3e0a-4fc8-b350-6e8e794f6876'}]
24209,5241eadf-369b-4320-b577-26c7e3d3bf0a,,,[{'resourceId': '1ee4d293-f09f-4f49-a3c2-b49a484dac2a'}]
24209,5241eadf-369b-4320-b577-26c7e3d3bf0a,,,[{'resourceId': '6ea235b1-b1d0-4fb8-992a-42eb337bcac0'}]
24210,011c29c7-ab11-4a57-ab99-787ce510460f,,,[{'resourceId': '5aba82b9-b3fc-423a-9179-fb52995e7a30'}]
24210,011c29c7-ab11-4a57-ab99-787ce510460f,,,[{'resourceId': 'ff70b892-918c-4889-a815-b87895e89dfe'}]
24211,af389987-98cd-4c39-8062-ef0a0c4cb621,,,[{'resourceId': 'cf9e5c47-bb66-40ea-8645-931941545738'}]
24211,af389987-98cd-4c39-8062-ef0a0c4cb621,,,[{'resourceId': 'cd7b1554-f53c-4395-b14f-a36688425865'}]
24212,420ef2a1-5b44-4719-8c31-68e3c971cd40,,,[{'resourceId': '8d49c1e6-14f0-41c7-92b9-4d03f8d4aef1'}]
24212,420ef2a1-5b44-4719-8c31-68e3c971cd40,,,[{'resourceId': 'f76b4228-f4ce-4073-9a2d-ae944476170f'}]
24213,af580dcf-5ba2-4589-b94c-9793e0b447be,,,[{'resourceId': 'f5b7d282-f214-4659-8e09-d5af4ecc49a3'}]
24213,af580dcf-5ba2-4589-b94c-9793e0b447be,,,[{'resourceId': '4d6c078a-b041-401b-82ba-4cd06f85d029'}]
24214,1ef01fac-1d75-4a01-a9dc-9311b1bdfe31,,,[{'resourceId': '6573ec60-bb5b-4fdb-b413-71b00b402f6e'}]
24214,1ef01fac-1d75-4a01-a9dc-9311b1bdfe31,,,[{'resourceId': 'b73f0afb-cc75-4fd1-a163-9a2edd1614b3'}]
24215,fb9c8ae9-dd94-4112-9765-92793b2e3b99,,,[{'resourceId': '53372738-2155-4f11-972f-ade73df97eba'}]
24215,fb9c8ae9-dd94-4112-9765-92793b2e3b99,,,[{'resourceId': '66c04b26-c1d6-4a20-9cc4-6d3876ffb19b'}]
24216,eaf77e7a-8b9e-4efa-a37d-26828f391e30,,,[{'resourceId': '37e47d1a-72be-42be-bd0f-ca2373011fbb'}]
24216,eaf77e7a-8b9e-4efa-a37d-26828f391e30,,,[{'resourceId': 'b7348bab-5c1e-40cf-b5a1-39f8ef5dbebe'}]
24217,ca4c3037-c07c-414f-a7ca-d1c8ce6a26db,,,[{'resourceId': 'a3602b87-b753-4c97-be3c-4a0fe22422e4'}]
24217,ca4c3037-c07c-414f-a7ca-d1c8ce6a26db,,,[{'resourceId': '6277773f-45f8-48e3-8ccd-8444263a6c9e'}]
24218,c55c3091-d33e-4cf9-9545-413c363ea3c5,,,[{'resourceId': '1c16e949-db54-4f10-a2a0-8222a02f99b1'}]
24218,c55c3091-d33e-4cf9-9545-413c363ea3c5,,,[{'resourceId': '3f2039d9-b591-4fec-99ca-801e807d3c03'}]
24219,3c693545-d5c4-40ed-afed-b29a8eae15e1,,,[{'resourceId': '41f345aa-74bb-4d45-8bbf-fe9c2befe716'}]
24219,3c693545-d5c4-40ed-afed-b29a8eae15e1,,,[{'resourceId': '2a3cdd24-26c5-481d-85f6-b367634769c5'}]
24220,0868a535-57c0-4b94-839f-f8618ba3062d,,,[{'resourceId': 'cf9e5c47-bb66-40ea-8645-931941545738'}]
24221,0b8033b3-6030-42fa-be9f-f6690e8d4d5a,,,[{'resourceId': 'c7543685-1077-48e1-952d-a0e0ff1da71f'}]
24222,0df583aa-ff3e-42fe-b282-1143e78fe959,,,[{'resourceId': 'a424676d-970d-496c-b294-9bb4d8b8e46c'}]
24222,0df583aa-ff3e-42fe-b282-1143e78fe959,,,[{'resourceId': '7b420cef-7ce8-487c-853c-d855b0b65122'}]
24223,338f58e6-b6bf-4f6b-9ba0-9dccf5e0bc27,,,[{'resourceId': '31015488-0162-4567-8ffe-eaa17717055d'}]
24223,338f58e6-b6bf-4f6b-9ba0-9dccf5e0bc27,,,[{'resourceId': 'ae30dd63-e39c-49f2-a12b-ade8ae28c849'}]
24224,79995c6e-7208-4921-95de-a5a176b8a61c,,,[{'resourceId': '4d159acf-21f7-445c-9fe9-f4a408eb6d7d'}]
24224,79995c6e-7208-4921-95de-a5a176b8a61c,,,[{'resourceId': 'bcfcf535-d30c-4d37-9fab-75e8cdb242c0'}]
24225,f9f5d5ed-5bbb-4a87-abb6-22fe1e98073c,,,[{'resourceId': '19bfc93c-3c72-471d-91d1-7f70ebaafd52'}]
24225,f9f5d5ed-5bbb-4a87-abb6-22fe1e98073c,,,[{'resourceId': 'ceb24af3-910b-4941-ad2a-595493734584'}]
24226,3fbf27a0-952d-46ee-8414-2c62dcd49caa,,,[{'resourceId': 'e78beb8e-6df8-4f09-888d-a952742368a8'}]
24226,3fbf27a0-952d-46ee-8414-2c62dcd49caa,,,[{'resourceId': '51226acd-b6bd-4a4c-8859-6784ffef1274'}]
24227,7c08fbfe-e762-419a-b1e1-406d16216421,,,[{'resourceId': '2e85f439-99d1-4d3a-b90b-e518519ee836'}]
24227,7c08fbfe-e762-419a-b1e1-406d16216421,,,[{'resourceId': 'f4eac4e8-3bcf-40c7-9718-f0f4b86c69a0'}]
24228,c0e5be34-fb67-4603-91d2-bde3293e2e07,,,[{'resourceId': '19bfc93c-3c72-471d-91d1-7f70ebaafd52'}]
24228,c0e5be34-fb67-4603-91d2-bde3293e2e07,,,[{'resourceId': 'ceb24af3-910b-4941-ad2a-595493734584'}]
24229,92f17633-4ce3-499f-a7fa-21f8cca7ad57,,,[{'resourceId': '743da6cc-b96f-4bb5-93bb-7acad119fea3'}]
24229,92f17633-4ce3-499f-a7fa-21f8cca7ad57,,,[{'resourceId': '6c2954fc-6036-41f9-a6b2-695a09aae30a'}]
24230,5ebb1c52-52c0-4494-80a3-1787f0899fbe,,,[{'resourceId': '4b2eb749-1405-48b3-b7f3-2fcc56239838'}]
24230,5ebb1c52-52c0-4494-80a3-1787f0899fbe,,,[{'resourceId': '5de5c11d-ecfe-4aa7-97f8-568f23da0319'}]
24231,becb8647-6507-40f8-8eb7-de8678d8d8a2,,,[{'resourceId': 'b8a9881d-664d-4318-8a33-a8ed4087a5ef'}]
24231,becb8647-6507-40f8-8eb7-de8678d8d8a2,,,[{'resourceId': 'c9e9aa7c-2d99-4374-9ee3-74e6067b7c0f'}]
24232,3951b5cf-e560-4647-b7e2-68d2ac5854b9,,,[{'resourceId': '2463926e-01d9-41f5-9aa2-87f0f1b4ee55'}]
24232,3951b5cf-e560-4647-b7e2-68d2ac5854b9,,,[{'resourceId': '3d04afc5-cfff-4714-ac72-f99889b1035c'}]
24233,121af0da-679f-4077-bcf3-1069ac92c20d,,,
24234,9b855add-a4bb-4db6-b96c-1b3225677e79,,,[{'resourceId': '1bed15d1-5660-49e9-871c-a6eede394725'}]
24234,9b855add-a4bb-4db6-b96c-1b3225677e79,,,[{'resourceId': '7774339c-af18-4272-8cd4-c1aa3f4939de'}]
24235,9ff8a659-e050-4e61-8d7b-8e6fe52a85b9,,,[{'resourceId': 'a2abfc4f-e83b-40bb-9e25-021101767ee9'}]
24235,9ff8a659-e050-4e61-8d7b-8e6fe52a85b9,,,[{'resourceId': 'f80be426-53bd-4a9c-85df-9580bd4dbf20'}]
24236,ca9fa6c4-d924-4a64-9056-f304e3aaf4c9,,,[{'resourceId': '3e57fa70-dc83-4eae-97e3-7984915bcdca'}]
24236,ca9fa6c4-d924-4a64-9056-f304e3aaf4c9,,,[{'resourceId': '7bae2620-0b9a-405d-8257-566c1600edfa'}]
24237,1d99f19b-6877-44fe-8c3a-87853820695f,,,[{'resourceId': '39695fac-9ce5-402d-a1d7-1d65ae430125'}]
24237,1d99f19b-6877-44fe-8c3a-87853820695f,,,[{'resourceId': '4990db49-1500-47dd-8a97-0e86573ec128'}]
24238,d86518d1-fccb-4891-bf8c-6ad0a407d432,,,[{'resourceId': 'aeec5e5f-6dd8-4bd8-8c05-6d3b31b3b4bc'}]
24239,06430686-72d4-45e8-b8fa-6933edea3651,,,[{'resourceId': 'dcad4e0b-e660-45a7-82ac-02d274890b69'}]
24239,06430686-72d4-45e8-b8fa-6933edea3651,,,[{'resourceId': '5e208823-daf1-4c24-9eef-8c416bb8b241'}]
24240,b31a54b7-97e3-4a17-981b-be48b07cdcf2,,,[{'resourceId': 'bc03ebc6-2ea3-4c2a-ad2e-032a75fc4da4'}]
24241,94a3b295-4321-4860-986e-6c9af1cbf5cf,,,[{'resourceId': 'a4ba824e-39d1-420f-ad1c-07e0b535d9a2'}]
24241,94a3b295-4321-4860-986e-6c9af1cbf5cf,,,[{'resourceId': '956526ad-9140-425c-9474-9e0f0d2401ed'}]
24242,fba89676-f661-4033-becf-91447bee5a07,,,[{'resourceId': 'dfc84124-cfb2-411d-91b4-aec55a9f5688'}]
24242,fba89676-f661-4033-becf-91447bee5a07,,,[{'resourceId': '6da2f159-0706-49ec-9c33-e61683c32db4'}]
24243,377ddb11-e368-406c-b0f2-2b3f76231969,,,[{'resourceId': '314c8177-969d-4d4e-bc09-4c3e2712f468'}]
24243,377ddb11-e368-406c-b0f2-2b3f76231969,,,[{'resourceId': '509c497d-7d14-412d-972d-fdc941cd8cf4'}]
24244,a166f53b-d531-47a9-ac00-7bb9dfbd97e3,,,[{'resourceId': '594748a8-9964-412e-b80a-19de1e41c0be'}]
24244,a166f53b-d531-47a9-ac00-7bb9dfbd97e3,,,[{'resourceId': '5696ccb9-c892-47ee-9057-3a9f5f1638c2'}]
24245,bf54c0a4-db4e-4b4b-a25a-1edb1f2484ea,,,[{'resourceId': '6e7cce69-468e-4cb5-9b12-999ca9c9de22'}]
24245,bf54c0a4-db4e-4b4b-a25a-1edb1f2484ea,,,[{'resourceId': '35590e24-6450-4bcd-ab10-e38d62277bec'}]
24246,b4844037-49f9-486d-bcc7-ef32414981ad,,,[{'resourceId': 'b804bdf0-1b09-4cf2-86e7-77a718053ed4'}]
24246,b4844037-49f9-486d-bcc7-ef32414981ad,,,[{'resourceId': '844dedb1-f76e-4e36-bd5c-1308a4b1e866'}]
24247,faae0ad4-f640-4dbe-8ecd-69d1b9da2ccd,,,[{'resourceId': 'a6a6f702-69c5-435d-bcc1-406ba4cea69a'}]
24247,faae0ad4-f640-4dbe-8ecd-69d1b9da2ccd,,,[{'resourceId': 'fa6d489e-b325-448c-9770-c32ef872fdb2'}]
24248,d4434710-f83f-4414-bb6f-0b8ea7bdb81e,,,[{'resourceId': 'fefe1ce2-858a-4e47-8fb4-64444ff1642d'}]
24249,622e5065-5ae7-4ed5-b129-281bf2de0bde,,,[{'resourceId': '7af52484-e9e1-4d96-a5b4-fa219186c06c'}]
24249,622e5065-5ae7-4ed5-b129-281bf2de0bde,,,[{'resourceId': '250aad66-fc1b-44fe-9553-c5df1d21a808'}]
24250,4a8a3a97-2b1a-465e-9132-cefc5a52e7d1,,,[{'resourceId': '04d11860-6929-4227-99e4-23028eb55c61'}]
24250,4a8a3a97-2b1a-465e-9132-cefc5a52e7d1,,,[{'resourceId': '228bbbf9-cdf4-4cc1-9bf6-c8e857c4c017'}]
24251,6c0fc125-2e4b-46d5-b74f-f2fdb54954f8,,,[{'resourceId': 'a6a6f702-69c5-435d-bcc1-406ba4cea69a'}]
24251,6c0fc125-2e4b-46d5-b74f-f2fdb54954f8,,,[{'resourceId': 'fa6d489e-b325-448c-9770-c32ef872fdb2'}]
24252,7f9d68e1-af44-4684-968f-fbd82723587e,,,[{'resourceId': '8444dccc-0a5e-4422-94f5-ece4f920a53e'}]
24252,7f9d68e1-af44-4684-968f-fbd82723587e,,,[{'resourceId': '5f4bb0a9-b4e1-4a38-bc23-7c3d0e97c2e4'}]
24253,9383f2ac-9ddb-4d66-a574-f3417fdb8aba,,,[{'resourceId': '8a80ccc0-6449-4e4c-93ad-b1dfa53d5ce5'}]
24253,9383f2ac-9ddb-4d66-a574-f3417fdb8aba,,,[{'resourceId': '2cc1be33-1085-403c-b90f-b19e3907c8b4'}]
24254,8e2a79c6-e3bb-40d8-9203-7066409ef6a1,,,[{'resourceId': '76dc5b66-25d5-4e8d-889d-54c75f9fe3e2'}]
24255,ca9bed30-38cd-462e-b4e4-33b0b96757d8,,,[{'resourceId': 'b7fc6562-469b-4a15-9303-5c70160ec4e1'}]
24255,ca9bed30-38cd-462e-b4e4-33b0b96757d8,,,[{'resourceId': '1a28a0f5-7f19-41e8-9e1c-6ac09c9cf25a'}]
24256,91a0d35b-24ca-406d-b9f0-b323de41181c,,,[{'resourceId': '3219f00e-b96e-4210-99a0-50f2ae47a313'}]
24256,91a0d35b-24ca-406d-b9f0-b323de41181c,,,[{'resourceId': '08247da3-5311-4bd0-9d9a-9be30b6ffd19'}]
24257,c3d2715b-db44-4727-86d2-fdd9cddf9391,,,[{'resourceId': 'fa7dd5dc-71fe-4ff2-b300-063ce827afa6'}]
24257,c3d2715b-db44-4727-86d2-fdd9cddf9391,,,[{'resourceId': '7d7b2135-3d0a-4070-92b5-bfbb852804b1'}]
24258,1ef7f513-9521-45de-be28-331196f42a0d,,,[{'resourceId': '53a8a62f-6793-4054-a5cb-8a393b76b35a'}]
24258,1ef7f513-9521-45de-be28-331196f42a0d,,,[{'resourceId': '1d9ee6d9-3ff6-4097-91e7-3bb10ec6c423'}]
24259,ea807ce0-aef7-4f73-9fd7-ea0c4f2c3776,,,[{'resourceId': '5aba82b9-b3fc-423a-9179-fb52995e7a30'}]
24259,ea807ce0-aef7-4f73-9fd7-ea0c4f2c3776,,,[{'resourceId': 'ff70b892-918c-4889-a815-b87895e89dfe'}]
24260,2dcb5421-0e55-4a7b-9ba3-072fabcf73a4,,,[{'resourceId': 'cf9e5c47-bb66-40ea-8645-931941545738'}]
24260,2dcb5421-0e55-4a7b-9ba3-072fabcf73a4,,,[{'resourceId': 'cd7b1554-f53c-4395-b14f-a36688425865'}]
24261,abb9d253-bab7-498f-9e74-6d605f8bdd65,,,[{'resourceId': '71ef6995-d100-4c94-a69d-77ab81f4e12b'}]
24261,abb9d253-bab7-498f-9e74-6d605f8bdd65,,,[{'resourceId': '620c1026-7ee5-4b44-9099-f0942ba058c3'}]
24262,a07ef604-ae7d-4241-a7cc-46e4621fb0ef,,,[{'resourceId': '743da6cc-b96f-4bb5-93bb-7acad119fea3'}]
24263,2330bbb9-e189-45cd-b0f9-cdf36c307779,,,[{'resourceId': '928525e5-a798-4ad6-8701-e3f1de7c2332'}]
24263,2330bbb9-e189-45cd-b0f9-cdf36c307779,,,[{'resourceId': 'af699fe8-e7a7-42eb-8e73-687861653d6a'}]
24264,6a4fa738-a609-4df6-a873-9251396ea79a,,,[{'resourceId': '6d080d9a-7d84-469a-9b4d-72f54c7b217b'}]
24265,be63bf19-8062-482f-879f-556738eadb1b,,,[{'resourceId': '1584a588-8d66-4b09-93b9-e3f154b67962'}]
24265,be63bf19-8062-482f-879f-556738eadb1b,,,[{'resourceId': '456b9455-26ed-495d-8cfd-bbb66dcee5a1'}]
24266,02b5abfe-cb81-43a9-be1b-c1e12f0d6a00,,,[{'resourceId': '605db703-8ccd-42b1-aa80-10cdda923d7b'}]
24266,02b5abfe-cb81-43a9-be1b-c1e12f0d6a00,,,[{'resourceId': '2a2a2088-37eb-4555-9f5b-55ab984b312c'}]
24267,3f2039d9-b591-4fec-99ca-801e807d3c03,,,[{'resourceId': 'c5a25424-38aa-4724-ad04-30eca9d71dd8'}]
24267,3f2039d9-b591-4fec-99ca-801e807d3c03,,,[{'resourceId': '0cc98a14-d151-4683-8e2a-808cc9fb02a0'}]
24268,243e2aa4-764a-4f32-9c38-5b999138525e,,,[{'resourceId': 'dac1d753-5296-47f7-9226-dfcef1c70b67'}]
24268,243e2aa4-764a-4f32-9c38-5b999138525e,,,[{'resourceId': '21459f0f-b43f-41fd-bb26-650fd891e6ad'}]
24269,140dd6e4-9ccb-4582-bae6-2813b2473be6,,,[{'resourceId': '8517f0dc-9505-4f1a-a190-1d563b1490ae'}]
24269,140dd6e4-9ccb-4582-bae6-2813b2473be6,,,[{'resourceId': 'b6697345-3915-49f2-9c5a-bd4a38aa7db3'}]
24270,29d67342-a461-454b-a2fc-95bdf8902fec,,,[{'resourceId': '9fbb5169-a638-4dd5-a4ca-1ee1814c7163'}]
24270,29d67342-a461-454b-a2fc-95bdf8902fec,,,[{'resourceId': '13288196-f3e2-4ddb-ae3d-babd1e6ea971'}]
24271,47ce77c9-4036-4bcf-a8d3-355d44b612df,,,[{'resourceId': '9c6505a0-696b-415b-ae4b-c12f19fd3a69'}]
24271,47ce77c9-4036-4bcf-a8d3-355d44b612df,,,[{'resourceId': 'af9cb998-f127-48a7-ba13-e9acd39c570f'}]
24272,0c146368-b653-4938-a564-8aeadcc8921d,,,[{'resourceId': 'dac1d753-5296-47f7-9226-dfcef1c70b67'}]
24272,0c146368-b653-4938-a564-8aeadcc8921d,,,[{'resourceId': '21459f0f-b43f-41fd-bb26-650fd891e6ad'}]
24273,4e6b79bc-d87b-4288-a639-143a02dee20a,,,[{'resourceId': '96077fb9-be1c-4ee2-ae71-43b14ae61ffe'}]
24273,4e6b79bc-d87b-4288-a639-143a02dee20a,,,[{'resourceId': 'c6614569-e046-4b20-86b8-cb7430bfb61c'}]
24274,269574ec-063b-46b8-b8a9-74b48274ff06,,,[{'resourceId': '0657f939-188f-4093-8f11-ba65b7c6deb1'}]
24274,269574ec-063b-46b8-b8a9-74b48274ff06,,,[{'resourceId': 'bf13e400-ebde-43aa-b0a9-1c04c2e2b725'}]
24275,5ebad11a-402b-4b56-b537-ac721efa84a4,,,[{'resourceId': '269574ec-063b-46b8-b8a9-74b48274ff06'}]
24275,5ebad11a-402b-4b56-b537-ac721efa84a4,,,[{'resourceId': '7f19ec94-bcd1-49c0-8451-1b69d267559a'}]
24276,a422a418-7e26-4847-9bb0-ae2de608a43b,,,[{'resourceId': '27051d26-c714-4656-8d4c-d6e61b3b2323'}]
24276,a422a418-7e26-4847-9bb0-ae2de608a43b,,,[{'resourceId': '6816cb1c-3c7a-4c3e-95ee-5d9794276e9d'}]
24277,cb69cabb-026c-49a3-9038-02f395abfd72,,,[{'resourceId': '14c007a3-fd30-40cc-b1dd-174dd9d7aef8'}]
24277,cb69cabb-026c-49a3-9038-02f395abfd72,,,[{'resourceId': '039500c1-943a-4095-b467-38d29bc27196'}]
24278,d88156d6-5649-43b3-92d6-978bb3d3203a,,,[{'resourceId': '4d021e68-6528-458d-9302-53fa1cc94fc6'}]
24279,97fe2f4b-4950-48ec-92ce-a51970001049,,,[{'resourceId': '8e2a79c6-e3bb-40d8-9203-7066409ef6a1'}]
24280,7a063151-a6d4-4920-9305-dd6d66b86c62,,,[{'resourceId': 'c7543685-1077-48e1-952d-a0e0ff1da71f'}]
24281,7035e304-69a1-44b3-8ce6-6be8f2ea5c06,,,[{'resourceId': '77700862-e18d-4012-a896-951fa291b9fc'}]
24281,7035e304-69a1-44b3-8ce6-6be8f2ea5c06,,,[{'resourceId': '645bbad5-41ec-423a-a42f-24b77bbe8afd'}]
24282,94193565-3175-46e1-84d1-39b52243aba8,,,[{'resourceId': 'c9d11660-9fc8-4c28-b1b8-d4613650f36f'}]
24282,94193565-3175-46e1-84d1-39b52243aba8,,,[{'resourceId': '431b0fe9-5551-4797-88d8-84fef0fdc19c'}]
24283,4b49f63a-c877-46e3-beba-d2c86e508fe1,,,[{'resourceId': '2bef7b36-045e-45be-93fb-dab6950a4f24'}]
24283,4b49f63a-c877-46e3-beba-d2c86e508fe1,,,[{'resourceId': '76fd97e1-3587-4c0a-811a-ad55de57cf29'}]
24284,a4a637bd-b46a-43ac-82e5-3a7eedb8bc72,,,[{'resourceId': 'dadc983a-ee66-4b7c-a5aa-9cbf9379d551'}]
24284,a4a637bd-b46a-43ac-82e5-3a7eedb8bc72,,,[{'resourceId': '37b58897-1c03-46f9-9ef9-246e09b8cef2'}]
24285,72222fa4-531e-42ae-b258-d0e1c84f9c21,,,[{'resourceId': '4e6b79bc-d87b-4288-a639-143a02dee20a'}]
24285,72222fa4-531e-42ae-b258-d0e1c84f9c21,,,[{'resourceId': '0818d587-9bf5-487a-9035-7cc389b6a012'}]
24286,66e82522-2c13-44f4-8e0d-c465772d7213,,,[{'resourceId': '77c94fc6-a636-40d3-b5ad-9ff420296e74'}]
24286,66e82522-2c13-44f4-8e0d-c465772d7213,,,[{'resourceId': '6eb52aac-0008-4a6e-9492-aa9df4f86b40'}]
24287,366bfd75-4e96-4e0d-ad01-c80f928c2e0b,,,[{'resourceId': '0657f939-188f-4093-8f11-ba65b7c6deb1'}]
24287,366bfd75-4e96-4e0d-ad01-c80f928c2e0b,,,[{'resourceId': 'bf13e400-ebde-43aa-b0a9-1c04c2e2b725'}]
24288,4db58465-d4d2-4d93-9525-8d2b481998dc,,,[{'resourceId': '738ecfb9-e519-46b8-b743-8c1daa109c85'}]
24288,4db58465-d4d2-4d93-9525-8d2b481998dc,,,[{'resourceId': 'b3419592-1402-42ed-a08c-a6365707cac7'}]
24289,6415df82-3208-4b32-81c5-e3324dd0ed04,,,[{'resourceId': '7af52484-e9e1-4d96-a5b4-fa219186c06c'}]
24289,6415df82-3208-4b32-81c5-e3324dd0ed04,,,[{'resourceId': '250aad66-fc1b-44fe-9553-c5df1d21a808'}]
24290,14cd24d2-143e-4eb5-89c7-ba189e9b2091,,,[{'resourceId': 'cb47d814-2d20-426d-8117-5459ba179f2e'}]
24291,1925ca9f-7714-46f3-b779-5ce1768d7e63,,,[{'resourceId': '743da6cc-b96f-4bb5-93bb-7acad119fea3'}]
24291,1925ca9f-7714-46f3-b779-5ce1768d7e63,,,[{'resourceId': '6c2954fc-6036-41f9-a6b2-695a09aae30a'}]
24292,79d124aa-489f-4a8c-b3ea-84a02cd3ddc9,,,[{'resourceId': '33080be5-40fc-43f0-b182-3aaa2a484585'}]
24292,79d124aa-489f-4a8c-b3ea-84a02cd3ddc9,,,[{'resourceId': '69821a7b-3cd3-4ceb-9ba8-b6f8422213e2'}]
24293,85b71246-ba08-4a7b-97a4-b3b83b20773c,,,[{'resourceId': '62db3d53-61a8-440b-9acc-8758eaa0396e'}]
24293,85b71246-ba08-4a7b-97a4-b3b83b20773c,,,[{'resourceId': '50aba33f-3f24-48b2-9345-c4f4b3decd6b'}]
24294,e2b19061-098e-4cfb-851c-d906d9580d19,,,[{'resourceId': '3709e0bf-b2f6-4ed1-8716-fbd3f4ac0d2c'}]
24295,f1c9abd9-5793-40b5-b556-6c4c82027704,,,[{'resourceId': '017af6dd-31d2-485c-8e89-4ef1b3c72f12'}]
24295,f1c9abd9-5793-40b5-b556-6c4c82027704,,,[{'resourceId': 'ee550fe2-1366-46dc-8478-4a4fc4a48c44'}]
24296,faad4b42-bdb2-4b04-a090-8399b7839b2c,,,[{'resourceId': '71ef6995-d100-4c94-a69d-77ab81f4e12b'}]
24296,faad4b42-bdb2-4b04-a090-8399b7839b2c,,,[{'resourceId': '620c1026-7ee5-4b44-9099-f0942ba058c3'}]
24297,bf978814-d911-4227-a554-0de7210bbcfb,,,[{'resourceId': 'fa7dd5dc-71fe-4ff2-b300-063ce827afa6'}]
24297,bf978814-d911-4227-a554-0de7210bbcfb,,,[{'resourceId': '7d7b2135-3d0a-4070-92b5-bfbb852804b1'}]
24298,ee2d3239-ad63-43fd-bac3-f3cd93af05c1,,,[{'resourceId': '742c7ef9-aa77-48cb-92c7-82048dcf5067'}]
24299,7be78681-dba3-4771-9c7c-48207d7168d0,,,[{'resourceId': 'abb9d253-bab7-498f-9e74-6d605f8bdd65'}]
24299,7be78681-dba3-4771-9c7c-48207d7168d0,,,[{'resourceId': '2c670fbc-56fc-4976-87e6-82d51d72a9b3'}]
24300,72475185-b801-4ef6-afef-c63bd9896a62,,,[{'resourceId': '7be78681-dba3-4771-9c7c-48207d7168d0'}]
24300,72475185-b801-4ef6-afef-c63bd9896a62,,,[{'resourceId': '62d98c61-b3eb-42d8-b88b-fa15505da08a'}]
24301,60910b26-0dd3-4b2d-bc89-ebfc2fe7fbf4,,,[{'resourceId': '4e717e8d-ec0b-4a0b-bfb2-60b292af4ce4'}]
24301,60910b26-0dd3-4b2d-bc89-ebfc2fe7fbf4,,,[{'resourceId': '68c3b92d-0c6d-4142-b07f-f1da51204c7b'}]
24302,13d8f601-0486-4522-96cd-c10275546538,,,[{'resourceId': '2552b322-281d-41e7-ac4c-211f4c9b58c0'}]
24302,13d8f601-0486-4522-96cd-c10275546538,,,[{'resourceId': '05f541cd-5e61-415e-8166-8bae6d59a44e'}]
24303,742c7ef9-aa77-48cb-92c7-82048dcf5067,,,[{'resourceId': '5dabf6b4-51cf-433d-a409-54673ddab2b9'}]
24304,3eb2fd77-93a3-4c59-8c87-0596e09d3111,,,[{'resourceId': 'cb47d814-2d20-426d-8117-5459ba179f2e'}]
24305,42da440d-580a-4a32-8eeb-b1c273f35c48,,,[{'resourceId': '14c007a3-fd30-40cc-b1dd-174dd9d7aef8'}]
24305,42da440d-580a-4a32-8eeb-b1c273f35c48,,,[{'resourceId': '039500c1-943a-4095-b467-38d29bc27196'}]
24306,4496d89a-0f4d-41ca-896a-19ac1c32f2c9,,,[{'resourceId': 'cf9e5c47-bb66-40ea-8645-931941545738'}]
24306,4496d89a-0f4d-41ca-896a-19ac1c32f2c9,,,[{'resourceId': 'cd7b1554-f53c-4395-b14f-a36688425865'}]
24307,9f697e33-3f59-44bc-8b7d-516607efe1c0,,,[{'resourceId': 'dcad4e0b-e660-45a7-82ac-02d274890b69'}]
24307,9f697e33-3f59-44bc-8b7d-516607efe1c0,,,[{'resourceId': '5e208823-daf1-4c24-9eef-8c416bb8b241'}]
24308,b804bdf0-1b09-4cf2-86e7-77a718053ed4,,,[{'resourceId': 'bf54c0a4-db4e-4b4b-a25a-1edb1f2484ea'}]
24308,b804bdf0-1b09-4cf2-86e7-77a718053ed4,,,[{'resourceId': '4453e243-3d81-4487-b7da-bcc4be33a410'}]
24309,b774585f-cf03-46b4-8ae1-b2623d819d7c,,,[{'resourceId': '03267065-45b6-4b97-9d61-fd61287e9dc9'}]
24309,b774585f-cf03-46b4-8ae1-b2623d819d7c,,,[{'resourceId': '16b5b696-647a-472c-91c7-7023dd677e1d'}]
24310,c7ebdb5c-5500-4f0a-8b31-a101c269b295,,,[{'resourceId': '563288d8-efe6-46fd-8b70-9c443e339c41'}]
24310,c7ebdb5c-5500-4f0a-8b31-a101c269b295,,,[{'resourceId': '4f7a073b-5551-4233-9f01-5ddd8991e3f2'}]
24311,7000b0d9-8abb-4784-9476-6838ce10cf95,,,[{'resourceId': 'faad4b42-bdb2-4b04-a090-8399b7839b2c'}]
24311,7000b0d9-8abb-4784-9476-6838ce10cf95,,,[{'resourceId': '79ede81f-f6fe-44dc-8c99-3ea2df501dfb'}]
24312,e2df4018-7bff-4757-a66b-7f88e837f5d9,,,[{'resourceId': 'ecd1b449-c46e-4606-9d90-a2ca7959a28d'}]
24312,e2df4018-7bff-4757-a66b-7f88e837f5d9,,,[{'resourceId': '64d1de39-0034-40b8-b4fa-e23b50749a27'}]
24313,5f5d6223-559f-4b73-8a22-fc4412254ac1,,,[{'resourceId': '53a8a62f-6793-4054-a5cb-8a393b76b35a'}]
24313,5f5d6223-559f-4b73-8a22-fc4412254ac1,,,[{'resourceId': '1d9ee6d9-3ff6-4097-91e7-3bb10ec6c423'}]
24314,1bd263dd-6da6-47be-be07-fb9b61c2aa02,,,[{'resourceId': '188dd02d-884b-436f-81ec-8439df32e3ea'}]
24314,1bd263dd-6da6-47be-be07-fb9b61c2aa02,,,[{'resourceId': '42da440d-580a-4a32-8eeb-b1c273f35c48'}]
24315,628b7c52-45c3-4b5e-9eb4-be4d22507c10,,,[{'resourceId': '31015488-0162-4567-8ffe-eaa17717055d'}]
24315,628b7c52-45c3-4b5e-9eb4-be4d22507c10,,,[{'resourceId': 'ae30dd63-e39c-49f2-a12b-ade8ae28c849'}]
24316,cc1b162d-7d29-404c-bc5c-15b9e19c02a2,,,[{'resourceId': '2463926e-01d9-41f5-9aa2-87f0f1b4ee55'}]
24316,cc1b162d-7d29-404c-bc5c-15b9e19c02a2,,,[{'resourceId': '3d04afc5-cfff-4714-ac72-f99889b1035c'}]
24317,c4c6a7e5-64dd-4e1f-8761-295269481f28,,,[{'resourceId': '18125c40-754a-44ef-a29e-a98fa60d7e79'}]
24317,c4c6a7e5-64dd-4e1f-8761-295269481f28,,,[{'resourceId': '7a4d02a0-0bed-448e-8e60-c6ff0f8bf7d3'}]
24318,0035ff4e-f592-4f26-bba3-b58a7f4c0091,,,[{'resourceId': '9c6505a0-696b-415b-ae4b-c12f19fd3a69'}]
24318,0035ff4e-f592-4f26-bba3-b58a7f4c0091,,,[{'resourceId': 'af9cb998-f127-48a7-ba13-e9acd39c570f'}]
24319,4f18c58c-fe87-4379-9c03-cbee78b8b068,,,[{'resourceId': '09066f8e-a1b4-42da-95b2-82ccfe3835db'}]
24319,4f18c58c-fe87-4379-9c03-cbee78b8b068,,,[{'resourceId': '2326e60d-58ba-4909-9ccf-33de96600f47'}]
24320,ab345c72-fd8e-4854-b794-c6af8a86e742,,,[{'resourceId': '6ccd00f9-ba0a-42b1-9c7f-57cfa24c1b14'}]
24320,ab345c72-fd8e-4854-b794-c6af8a86e742,,,[{'resourceId': 'a45f0c5c-ba57-4e1b-b84e-ebada88b70b3'}]
24321,1f6533e3-5f0c-4c57-b5e3-71cd90f07497,,,[{'resourceId': 'b7fc6562-469b-4a15-9303-5c70160ec4e1'}]
24321,1f6533e3-5f0c-4c57-b5e3-71cd90f07497,,,[{'resourceId': '1a28a0f5-7f19-41e8-9e1c-6ac09c9cf25a'}]
24322,53996d2c-a934-476e-9fc2-612049f21607,,,[{'resourceId': 'e5e8cff9-bb7c-4be9-9cab-aa6b84bfe771'}]
24322,53996d2c-a934-476e-9fc2-612049f21607,,,[{'resourceId': '8a45368e-50b0-4947-ad44-1a9286241b84'}]
24323,33ffcf20-b625-456f-81fe-41ae14e34975,,,[{'resourceId': 'cb7e721c-ceb9-472d-8745-a780774d182b'}]
24323,33ffcf20-b625-456f-81fe-41ae14e34975,,,[{'resourceId': '323f177a-2bf3-4c86-9120-fd883f493288'}]
24324,7b081d85-01ec-413f-ba73-1af0e1721335,,,[{'resourceId': '605db703-8ccd-42b1-aa80-10cdda923d7b'}]
24324,7b081d85-01ec-413f-ba73-1af0e1721335,,,[{'resourceId': '2a2a2088-37eb-4555-9f5b-55ab984b312c'}]
24325,e761730f-60cf-4059-883b-b45b1553551d,,,[{'resourceId': '4e9aa1a4-906c-401d-8db3-92464c16e8f9'}]
24325,e761730f-60cf-4059-883b-b45b1553551d,,,[{'resourceId': '059a037f-70ac-4464-b1e2-c3ca84681f10'}]
24326,48c5c773-ffe5-454a-bf53-3c9ae29e60f8,,,[{'resourceId': 'd8aef0d5-01ff-4ad1-b13c-bdc800459b0d'}]
24326,48c5c773-ffe5-454a-bf53-3c9ae29e60f8,,,[{'resourceId': '4d021e68-6528-458d-9302-53fa1cc94fc6'}]
24327,2a06fbe5-a9ee-4a6c-9004-6ada6c0e8957,,,[{'resourceId': '4d021e68-6528-458d-9302-53fa1cc94fc6'}]
24328,00d60a8e-d7d7-4115-9a93-c1947cc6b069,,,[{'resourceId': '10e5cf89-1432-48f9-b00e-6c3fb6a33d97'}]
24328,00d60a8e-d7d7-4115-9a93-c1947cc6b069,,,[{'resourceId': '9474248e-143c-4c3e-ba98-ebcf5949e09a'}]
24329,3219f00e-b96e-4210-99a0-50f2ae47a313,,,[{'resourceId': '9ba0e919-ffdd-4421-b987-467d2609c743'}]
24329,3219f00e-b96e-4210-99a0-50f2ae47a313,,,[{'resourceId': 'b62f3d56-d130-42c8-817d-246c5cd6c3cc'}]
24330,dadabfbd-2fec-4e5b-adfc-1030802e0a30,,,[{'resourceId': 'af0193ef-e5de-4922-a1c6-51b1b82ced0d'}]
24330,dadabfbd-2fec-4e5b-adfc-1030802e0a30,,,[{'resourceId': 'b741c8c4-7adf-4f96-b58d-e8800f595210'}]
24331,05dcd030-d73d-4410-af23-6af75f5e6394,,,[{'resourceId': 'db535961-f6a8-444e-91c0-51ea9b8d8e91'}]
24331,05dcd030-d73d-4410-af23-6af75f5e6394,,,[{'resourceId': 'c23c0cb2-d2f5-46ab-8738-59c89e5a87c6'}]
24332,6a2827e7-b0ed-4bc1-b8de-fc4f7d171592,,,[{'resourceId': 'c7543685-1077-48e1-952d-a0e0ff1da71f'}]
24333,a56deddb-b94b-40b5-be70-8cad40cf5fdc,,,[{'resourceId': '77700862-e18d-4012-a896-951fa291b9fc'}]
24333,a56deddb-b94b-40b5-be70-8cad40cf5fdc,,,[{'resourceId': '645bbad5-41ec-423a-a42f-24b77bbe8afd'}]
24334,b3aae414-c09e-45fc-8803-6101dbc9f91f,,,[{'resourceId': 'd4e3541b-372a-4093-bddd-9acbc8afbb80'}]
24334,b3aae414-c09e-45fc-8803-6101dbc9f91f,,,[{'resourceId': '3d757e85-1a84-4256-b058-4c0b8a7cc21c'}]
24335,1a38e211-bf44-4427-9630-469fb5415bef,,,[{'resourceId': '4cf226b9-b665-414a-863a-cd95006a7819'}]
24335,1a38e211-bf44-4427-9630-469fb5415bef,,,[{'resourceId': '2572e1d7-8a62-4ccd-a0c3-2e6f4e508c1b'}]
24336,7d7b2135-3d0a-4070-92b5-bfbb852804b1,,,[{'resourceId': '75450f9d-4522-4498-bb62-e0e2b83d75dc'}]
24336,7d7b2135-3d0a-4070-92b5-bfbb852804b1,,,[{'resourceId': 'e1df58fa-6baf-4a22-b2c4-464fe8721fa4'}]
24337,f9d0b8c6-3e0a-4fc8-b350-6e8e794f6876,,,[{'resourceId': '3c350e78-65b8-4ccf-9f14-3a04ae4a58a3'}]
24337,f9d0b8c6-3e0a-4fc8-b350-6e8e794f6876,,,[{'resourceId': 'c3d2715b-db44-4727-86d2-fdd9cddf9391'}]
24338,6765fc15-f42e-4579-95cb-3a6be6e21033,,,[{'resourceId': '2499a450-e6dd-4ea3-8808-a25b76f6084e'}]
24339,77820fb4-fe0e-461d-8801-95cee9a92658,,,[{'resourceId': 'c8c05479-0cdd-4c48-9360-f417e3b79d8d'}]
24340,b36b1ca3-ed61-405b-b189-07144f5f7341,,,[{'resourceId': 'd37c6f3b-7af0-4aa6-b4a3-41c803c6bb91'}]
24340,b36b1ca3-ed61-405b-b189-07144f5f7341,,,[{'resourceId': 'd314db91-8f58-4fbe-8da1-f722da52f2d0'}]
24341,410cc170-cc8f-4fd9-8ab4-5339ecc8a9f7,,,[{'resourceId': '18125c40-754a-44ef-a29e-a98fa60d7e79'}]
24341,410cc170-cc8f-4fd9-8ab4-5339ecc8a9f7,,,[{'resourceId': '7a4d02a0-0bed-448e-8e60-c6ff0f8bf7d3'}]
24342,90f3ca0d-566b-434e-9b27-5c6002e7bafc,,,
24343,2c6032f9-eadf-4c82-ad4a-cb43c29fe057,,,[{'resourceId': '09066f8e-a1b4-42da-95b2-82ccfe3835db'}]
24343,2c6032f9-eadf-4c82-ad4a-cb43c29fe057,,,[{'resourceId': '2326e60d-58ba-4909-9ccf-33de96600f47'}]
24344,cb6a38ca-cdb9-42db-a0fc-1f59ca979a83,,,[{'resourceId': '8a80ccc0-6449-4e4c-93ad-b1dfa53d5ce5'}]
24344,cb6a38ca-cdb9-42db-a0fc-1f59ca979a83,,,[{'resourceId': '2cc1be33-1085-403c-b90f-b19e3907c8b4'}]
24345,9f6d1400-876e-4719-95a7-af2c940296d0,,,[{'resourceId': '02b5abfe-cb81-43a9-be1b-c1e12f0d6a00'}]
24345,9f6d1400-876e-4719-95a7-af2c940296d0,,,[{'resourceId': 'cc417d27-a2e1-4826-822f-29818252ac3c'}]
24346,76fe1066-905f-4695-9d01-d0a34d351313,,,[{'resourceId': 'e695fd9f-7a32-43c7-8717-731ebe4124dc'}]
24346,76fe1066-905f-4695-9d01-d0a34d351313,,,[{'resourceId': '8b96c638-79de-44a6-b0c6-cd3576b25630'}]
24347,88d56dcc-e726-41a0-ba4e-5b8505add791,,,[{'resourceId': '5a7d8ea1-2a3c-43ca-8f70-7661cabfb119'}]
24347,88d56dcc-e726-41a0-ba4e-5b8505add791,,,[{'resourceId': '18ebcdd2-bc4b-4adc-b0b3-2d5f6c800e63'}]
24348,ae30dd63-e39c-49f2-a12b-ade8ae28c849,,,[{'resourceId': 'e99871d8-2e70-4f66-bfdf-1c87358809c3'}]
24348,ae30dd63-e39c-49f2-a12b-ade8ae28c849,,,[{'resourceId': '5fbc2f69-94d3-4cd2-b1b1-ff6f58d11f9f'}]
24349,889bc9bf-233e-42bc-8468-8d06f6386be8,,,[{'resourceId': '49c4575f-e408-4f41-8c83-a240c7ba8089'}]
24349,889bc9bf-233e-42bc-8468-8d06f6386be8,,,[{'resourceId': '93edd262-93c2-4d53-a5c4-d018fb2c97bc'}]
24350,fb4b3ae3-d554-4b13-a9b5-5eedcaa0cdd7,,,[{'resourceId': '4e717e8d-ec0b-4a0b-bfb2-60b292af4ce4'}]
24350,fb4b3ae3-d554-4b13-a9b5-5eedcaa0cdd7,,,[{'resourceId': '68c3b92d-0c6d-4142-b07f-f1da51204c7b'}]
24351,08b8e936-fe43-4dd0-bcdc-4a3cb7fbf8a2,,,[{'resourceId': '7627597b-e671-4c63-bb39-7c481fffdf07'}]
24351,08b8e936-fe43-4dd0-bcdc-4a3cb7fbf8a2,,,[{'resourceId': 'df1c45f9-9ea6-406d-a8ff-1ab5bb01e79a'}]
24352,d1eff42c-40d8-464a-863a-beae10bac0b2,,,[{'resourceId': '58f79ed5-51bb-4889-ad95-3de5505d3618'}]
24352,d1eff42c-40d8-464a-863a-beae10bac0b2,,,[{'resourceId': 'c7ebdb5c-5500-4f0a-8b31-a101c269b295'}]
24353,acd329a8-5410-4b1b-96b9-e6a6dff69e15,,,[{'resourceId': '7c08fbfe-e762-419a-b1e1-406d16216421'}]
24353,acd329a8-5410-4b1b-96b9-e6a6dff69e15,,,[{'resourceId': '742f255d-2828-4b93-af60-671792739d3e'}]
24354,cd732e83-9fb9-4b0b-8827-54db46d5831c,,,[{'resourceId': '39695fac-9ce5-402d-a1d7-1d65ae430125'}]
24354,cd732e83-9fb9-4b0b-8827-54db46d5831c,,,[{'resourceId': '4990db49-1500-47dd-8a97-0e86573ec128'}]
24355,1cc49be5-d42c-46eb-bccc-ecc1f95c3344,,,[{'resourceId': '1cd8b9ea-99cd-4a23-a6d0-1fc7bb4e089b'}]
24355,1cc49be5-d42c-46eb-bccc-ecc1f95c3344,,,[{'resourceId': '028825e6-fc74-4c5c-853a-5693d573330e'}]
24356,01690a3a-ebbc-4b96-87c1-2d3c81273c7b,,,[{'resourceId': '8d49c1e6-14f0-41c7-92b9-4d03f8d4aef1'}]
24356,01690a3a-ebbc-4b96-87c1-2d3c81273c7b,,,[{'resourceId': 'f76b4228-f4ce-4073-9a2d-ae944476170f'}]
24357,8600f78a-39e1-4f8a-b520-dd8cbd565c04,,,[{'resourceId': '73f8e431-167c-4b3f-9a30-cd2ea7f32391'}]
24357,8600f78a-39e1-4f8a-b520-dd8cbd565c04,,,[{'resourceId': 'df6a75ae-5490-49cd-a929-45cb577a7ec0'}]
24358,616e9f5d-ac97-4ec6-883f-360088916185,,,[{'resourceId': '6c0fc125-2e4b-46d5-b74f-f2fdb54954f8'}]
24358,616e9f5d-ac97-4ec6-883f-360088916185,,,[{'resourceId': 'fbf215d4-8810-4a70-920d-ce15ce61b6b1'}]
24359,c0b33475-683c-4bdc-abf5-bb8b1fe91e73,,,[{'resourceId': '1584a588-8d66-4b09-93b9-e3f154b67962'}]
24359,c0b33475-683c-4bdc-abf5-bb8b1fe91e73,,,[{'resourceId': '456b9455-26ed-495d-8cfd-bbb66dcee5a1'}]
24360,ff3df7b5-82b1-4e0d-ac2f-06778f99e622,,,[{'resourceId': '028825e6-fc74-4c5c-853a-5693d573330e'}]
24360,ff3df7b5-82b1-4e0d-ac2f-06778f99e622,,,[{'resourceId': '04dbe16b-76fd-48f5-9212-4f48efe6eba1'}]
24361,0bb08964-971b-473a-864a-583d8911c4b0,,,[{'resourceId': '269574ec-063b-46b8-b8a9-74b48274ff06'}]
24361,0bb08964-971b-473a-864a-583d8911c4b0,,,[{'resourceId': '7f19ec94-bcd1-49c0-8451-1b69d267559a'}]
24362,040f15f2-ae77-4307-b98b-3196a675831c,,,[{'resourceId': '53372738-2155-4f11-972f-ade73df97eba'}]
24362,040f15f2-ae77-4307-b98b-3196a675831c,,,[{'resourceId': '66c04b26-c1d6-4a20-9cc4-6d3876ffb19b'}]
24363,0e2f1760-9085-44ba-bbba-67d13e735355,,,[{'resourceId': '75450f9d-4522-4498-bb62-e0e2b83d75dc'}]
24363,0e2f1760-9085-44ba-bbba-67d13e735355,,,[{'resourceId': '6d0607ed-42bd-4440-902d-9d2d653d8ad8'}]
24364,377e9b1e-495d-4786-a8b7-d2e0391a786a,,,[{'resourceId': 'b642d3b4-1f30-4f3f-8e5b-936cc9def585'}]
24365,07643c14-43da-4ecd-861a-f8620f59f594,,,[{'resourceId': '121af0da-679f-4077-bcf3-1069ac92c20d'}]
24366,bbb55ea8-9bb4-4020-9061-117ba7570ce5,,,[{'resourceId': 'cb7e721c-ceb9-472d-8745-a780774d182b'}]
24366,bbb55ea8-9bb4-4020-9061-117ba7570ce5,,,[{'resourceId': '323f177a-2bf3-4c86-9120-fd883f493288'}]
24367,cdc03585-313a-4de7-a5c8-9b40e77d7913,,,[{'resourceId': '1c16e949-db54-4f10-a2a0-8222a02f99b1'}]
24367,cdc03585-313a-4de7-a5c8-9b40e77d7913,,,[{'resourceId': '3f2039d9-b591-4fec-99ca-801e807d3c03'}]
24368,8f86db83-411c-4da5-ab72-806f39da5f73,,,[{'resourceId': '6ea235b1-b1d0-4fb8-992a-42eb337bcac0'}]
24369,913ee783-e685-44be-af2d-a94f43c2bc8f,,,[{'resourceId': '62db3d53-61a8-440b-9acc-8758eaa0396e'}]
24369,913ee783-e685-44be-af2d-a94f43c2bc8f,,,[{'resourceId': '50aba33f-3f24-48b2-9345-c4f4b3decd6b'}]
24370,37ed2c69-eec8-4a64-8f53-3602c11496ca,,,[{'resourceId': 'cb7e721c-ceb9-472d-8745-a780774d182b'}]
24370,37ed2c69-eec8-4a64-8f53-3602c11496ca,,,[{'resourceId': '323f177a-2bf3-4c86-9120-fd883f493288'}]
24371,ebe78b8e-2bf0-493a-9a54-ff23e708c52b,,,[{'resourceId': '37ed2c69-eec8-4a64-8f53-3602c11496ca'}]
24372,99db23e0-78da-4398-87c1-03b07c25799e,,,[{'resourceId': '169f172e-fb7c-40d4-aa7e-77751f6dd0d4'}]
24372,99db23e0-78da-4398-87c1-03b07c25799e,,,[{'resourceId': '67cb5038-2c79-4167-b1a6-0d23bc315cd5'}]
24373,c949354b-2623-4ee1-ace2-1ef06519096a,,,[{'resourceId': '0b30d2bd-18fb-485a-b422-c080bae218c2'}]
24374,4088b982-a9d1-4ea0-801c-54c64e9639e2,,,[{'resourceId': '635037b9-8368-4fbf-9f25-244324d656d3'}]
24374,4088b982-a9d1-4ea0-801c-54c64e9639e2,,,[{'resourceId': 'bf20aa3c-4bd2-4e3b-9305-84697b43c180'}]
24375,f4eac4e8-3bcf-40c7-9718-f0f4b86c69a0,,,[{'resourceId': '3fbf27a0-952d-46ee-8414-2c62dcd49caa'}]
24376,29f17f73-f75d-4810-9e34-5344508be21e,,,[{'resourceId': '7c08fbfe-e762-419a-b1e1-406d16216421'}]
24376,29f17f73-f75d-4810-9e34-5344508be21e,,,[{'resourceId': '742f255d-2828-4b93-af60-671792739d3e'}]
24377,4a0602b4-d032-4c32-b959-3037f39ab8fc,,,[{'resourceId': '37ed2c69-eec8-4a64-8f53-3602c11496ca'}]
24378,5b681602-92eb-471d-b79a-0f86cf60f029,,,[{'resourceId': '188dd02d-884b-436f-81ec-8439df32e3ea'}]
24378,5b681602-92eb-471d-b79a-0f86cf60f029,,,[{'resourceId': '42da440d-580a-4a32-8eeb-b1c273f35c48'}]
24379,634c1926-b402-42e8-8250-5589985dd00a,,,[{'resourceId': 'a1441c85-3b60-47f5-8eef-04f6a00e788c'}]
24379,634c1926-b402-42e8-8250-5589985dd00a,,,[{'resourceId': 'a49e734c-4947-4e15-bc27-276bb349c30a'}]
24380,6ea235b1-b1d0-4fb8-992a-42eb337bcac0,,,[{'resourceId': 'b44a3d30-5a8b-4d74-8635-a9984298bc00'}]
24380,6ea235b1-b1d0-4fb8-992a-42eb337bcac0,,,[{'resourceId': 'd7e89938-d357-4c36-81ef-abc2021d1d84'}]
24381,d4e3541b-372a-4093-bddd-9acbc8afbb80,,,[{'resourceId': 'fdb61d25-5ed0-4327-998e-1d9e54be6bef'}]
24381,d4e3541b-372a-4093-bddd-9acbc8afbb80,,,[{'resourceId': '0b5416c1-3ecd-4b5f-9578-423d41ecb2d5'}]
24382,95cc14e4-672c-42d4-aa74-48b95308d399,,,[{'resourceId': 'cb7e721c-ceb9-472d-8745-a780774d182b'}]
24382,95cc14e4-672c-42d4-aa74-48b95308d399,,,[{'resourceId': '323f177a-2bf3-4c86-9120-fd883f493288'}]
24383,7c74cf7d-88d9-4095-a47f-a60b767eb821,,,[{'resourceId': 'a0f34a06-1f43-4b63-ac5e-79b436270367'}]
24383,7c74cf7d-88d9-4095-a47f-a60b767eb821,,,[{'resourceId': 'd15738f3-4787-41d1-8449-7712fcbf7557'}]
24384,260b7c67-25a0-4efd-95f1-df4e56bb1175,,,[{'resourceId': '5241eadf-369b-4320-b577-26c7e3d3bf0a'}]
24384,260b7c67-25a0-4efd-95f1-df4e56bb1175,,,[{'resourceId': '5ccc6f4e-d50d-4574-a06c-c12a2a2b31fa'}]
24385,846d00e3-1c57-45ae-9c96-f87eea4e7d68,,,[{'resourceId': '743da6cc-b96f-4bb5-93bb-7acad119fea3'}]
24386,da74e2a8-715a-4ce0-9b1a-6efc469463cf,,,[{'resourceId': '0c4cbbac-b42d-4ebc-886d-747c074eeb3b'}]
24386,da74e2a8-715a-4ce0-9b1a-6efc469463cf,,,[{'resourceId': '9d8d46c1-e752-47bc-b440-8af90344fde9'}]
24387,1d500cae-3317-4159-bfeb-ef1e739adcc6,,,[{'resourceId': '2fc6f5fb-23dc-4b1d-9eb4-46701fbdd8ff'}]
24387,1d500cae-3317-4159-bfeb-ef1e739adcc6,,,[{'resourceId': '271ffab6-aa40-465c-8e23-93203f11a771'}]
24388,c709cb8a-ab79-4d8e-a79f-f0f7a54abb17,,,[{'resourceId': '308921a3-6115-48ee-95f4-8afb6b75ac59'}]
24389,b5bc9fc1-48de-4907-9a0b-a02316a4c0d4,,,[{'resourceId': '605db703-8ccd-42b1-aa80-10cdda923d7b'}]
24389,b5bc9fc1-48de-4907-9a0b-a02316a4c0d4,,,[{'resourceId': '2a2a2088-37eb-4555-9f5b-55ab984b312c'}]
24390,023b6d84-0f0f-435b-8a4c-02233b81d8fd,,,[{'resourceId': '7b081d85-01ec-413f-ba73-1af0e1721335'}]
24390,023b6d84-0f0f-435b-8a4c-02233b81d8fd,,,[{'resourceId': '42bc7a56-6564-42b7-89aa-582c10a99fa2'}]
24391,5fed54f3-de38-4a06-ab9f-177d37c04fa5,,,[{'resourceId': '5b8c1e3c-2d93-44ad-80e1-c955c91935d9'}]
24392,54bcf6d9-a6b6-46a1-af7d-d9cb7b33343e,,,[{'resourceId': 'cb47d814-2d20-426d-8117-5459ba179f2e'}]
24393,c7543685-1077-48e1-952d-a0e0ff1da71f,,,[{'resourceId': '0868a535-57c0-4b94-839f-f8618ba3062d'}]
24393,c7543685-1077-48e1-952d-a0e0ff1da71f,,,[{'resourceId': 'fe0d3d8a-79db-4770-973e-634061b9ebdf'}]
24394,16b5b696-647a-472c-91c7-7023dd677e1d,,,[{'resourceId': 'bf54c0a4-db4e-4b4b-a25a-1edb1f2484ea'}]
24394,16b5b696-647a-472c-91c7-7023dd677e1d,,,[{'resourceId': '4453e243-3d81-4487-b7da-bcc4be33a410'}]
24395,46bea590-2469-4087-80dd-1e6cffe837e9,,,[{'resourceId': '0af0667b-7877-4176-abba-0d28e83bb3c3'}]
24395,46bea590-2469-4087-80dd-1e6cffe837e9,,,[{'resourceId': 'faffebcb-1164-43b0-8c1b-4943cfc1e81b'}]
24396,7abf2baf-19f3-4cf0-8763-12b363e212f6,,,[{'resourceId': 'af0193ef-e5de-4922-a1c6-51b1b82ced0d'}]
24396,7abf2baf-19f3-4cf0-8763-12b363e212f6,,,[{'resourceId': 'b741c8c4-7adf-4f96-b58d-e8800f595210'}]
24397,d005b96b-547d-491d-835a-512f4ff9a6e1,,,[{'resourceId': '743da6cc-b96f-4bb5-93bb-7acad119fea3'}]
24397,d005b96b-547d-491d-835a-512f4ff9a6e1,,,[{'resourceId': '6c2954fc-6036-41f9-a6b2-695a09aae30a'}]
24398,11222489-245f-439c-a271-e0fd028015c9,,,[{'resourceId': '1bed15d1-5660-49e9-871c-a6eede394725'}]
24398,11222489-245f-439c-a271-e0fd028015c9,,,[{'resourceId': '7774339c-af18-4272-8cd4-c1aa3f4939de'}]
24399,8444dccc-0a5e-4422-94f5-ece4f920a53e,,,[{'resourceId': 'a9b9a97b-066c-4f41-a674-524c42e5c8fc'}]
24399,8444dccc-0a5e-4422-94f5-ece4f920a53e,,,[{'resourceId': 'd005b96b-547d-491d-835a-512f4ff9a6e1'}]
24400,80471067-cdcb-42ba-8e79-190c940eb157,,,[{'resourceId': 'a1441c85-3b60-47f5-8eef-04f6a00e788c'}]
24400,80471067-cdcb-42ba-8e79-190c940eb157,,,[{'resourceId': 'a49e734c-4947-4e15-bc27-276bb349c30a'}]
24401,9e727313-f5af-4196-abcd-ed50dd9e7f9e,,,[{'resourceId': '37b58897-1c03-46f9-9ef9-246e09b8cef2'}]
24401,9e727313-f5af-4196-abcd-ed50dd9e7f9e,,,[{'resourceId': 'f85db74b-9d9c-4766-9691-a27de077a5c3'}]
24402,67de3679-811e-489b-9c17-2c9f7486f8a9,,,[{'resourceId': 'bcb72d86-9750-4d58-a96b-21651c620521'}]
24402,67de3679-811e-489b-9c17-2c9f7486f8a9,,,[{'resourceId': 'b73f0afb-cc75-4fd1-a163-9a2edd1614b3'}]
24403,9ae5751e-9f1f-4d97-bfae-beaf90b50ba4,,,[{'resourceId': '1584a588-8d66-4b09-93b9-e3f154b67962'}]
24403,9ae5751e-9f1f-4d97-bfae-beaf90b50ba4,,,[{'resourceId': '456b9455-26ed-495d-8cfd-bbb66dcee5a1'}]
24404,179f2c2d-cfad-4f04-a34c-c545ecfdaa81,,,[{'resourceId': '65cc0881-83c9-467b-befe-266cc5847a0f'}]
24404,179f2c2d-cfad-4f04-a34c-c545ecfdaa81,,,[{'resourceId': '266ed7a2-d79b-4e2e-b8dc-57a26bc0eb44'}]
24405,20bd480b-32e2-4041-a811-72868d051069,,,[{'resourceId': '33628e9f-7fec-4dc7-be53-48ed2b163914'}]
24406,637ad1ca-d4a9-4a41-bebb-d40f8cc99143,,,[{'resourceId': '62db3d53-61a8-440b-9acc-8758eaa0396e'}]
24406,637ad1ca-d4a9-4a41-bebb-d40f8cc99143,,,[{'resourceId': '50aba33f-3f24-48b2-9345-c4f4b3decd6b'}]
24407,3a9ef725-47c2-458e-97c7-b96099293c25,,,[{'resourceId': 'e79da4f5-5e84-4c44-9da4-4cae31c53f57'}]
24408,dba77bad-64ec-4f4e-86dd-825e3a942fc2,,,[{'resourceId': 'da9aebdf-fa23-422d-a982-af59e39aff95'}]
24408,dba77bad-64ec-4f4e-86dd-825e3a942fc2,,,[{'resourceId': 'e1eb9b72-30b5-4161-8ed3-0b4aca90283e'}]
24409,35590e24-6450-4bcd-ab10-e38d62277bec,,,[{'resourceId': 'e55afa90-d4ce-475f-8f04-318f3a4e0f1f'}]
24409,35590e24-6450-4bcd-ab10-e38d62277bec,,,[{'resourceId': '58f2223d-e4b4-4129-b3ef-f877adbe2557'}]
24410,2e2199a0-5895-44b4-a7dd-5a3f9c08c4a3,,,[{'resourceId': '6a4fa738-a609-4df6-a873-9251396ea79a'}]
24410,2e2199a0-5895-44b4-a7dd-5a3f9c08c4a3,,,[{'resourceId': '73c97f05-6b14-44ee-a6df-b5cc56696fc8'}]
24411,a2d6aae8-5a58-4597-804d-5acd5d4ec13f,,,[{'resourceId': '028bd9c3-794a-4594-b344-cb62e48e1da4'}]
24411,a2d6aae8-5a58-4597-804d-5acd5d4ec13f,,,[{'resourceId': '64b8130f-6215-4891-8fb4-040cb2c533cb'}]
24412,aeec5e5f-6dd8-4bd8-8c05-6d3b31b3b4bc,,,[{'resourceId': '9a32a1b2-4b9b-437c-98cc-5f443baa3552'}]
24413,c149c4c2-8bc2-4172-a803-55ac6eb07ecd,,,[{'resourceId': '53372738-2155-4f11-972f-ade73df97eba'}]
24413,c149c4c2-8bc2-4172-a803-55ac6eb07ecd,,,[{'resourceId': '66c04b26-c1d6-4a20-9cc4-6d3876ffb19b'}]
24414,ed1e0e44-b89a-4dc9-8744-ce0644780afc,,,[{'resourceId': '2552b322-281d-41e7-ac4c-211f4c9b58c0'}]
24414,ed1e0e44-b89a-4dc9-8744-ce0644780afc,,,[{'resourceId': '05f541cd-5e61-415e-8166-8bae6d59a44e'}]
24415,c69207cc-4e10-4d99-9d76-42d3dd81ba62,,,[{'resourceId': '2a5b71a8-1da8-4b47-a72a-ea230184f134'}]
24415,c69207cc-4e10-4d99-9d76-42d3dd81ba62,,,[{'resourceId': '029fd962-b146-4a11-9184-f21a800d8c52'}]
24416,2d1a53dc-8521-4b3e-a3c3-49336b514cad,,,[{'resourceId': '31015488-0162-4567-8ffe-eaa17717055d'}]
24416,2d1a53dc-8521-4b3e-a3c3-49336b514cad,,,[{'resourceId': 'ae30dd63-e39c-49f2-a12b-ade8ae28c849'}]
24417,57931b3f-bed5-49e2-8520-6b77792b9fc3,,,[{'resourceId': 'cbff4beb-4d5f-4935-8be8-9e4d6ae116dc'}]
24417,57931b3f-bed5-49e2-8520-6b77792b9fc3,,,[{'resourceId': 'b642d3b4-1f30-4f3f-8e5b-936cc9def585'}]
24418,3d04afc5-cfff-4714-ac72-f99889b1035c,,,[{'resourceId': '628b7c52-45c3-4b5e-9eb4-be4d22507c10'}]
24418,3d04afc5-cfff-4714-ac72-f99889b1035c,,,[{'resourceId': '222b0cb2-5158-4d63-b625-7873f9a2c7ab'}]
24419,425b1847-9213-4834-a447-ac07f739488b,,,[{'resourceId': '33f15bd4-480b-41b7-9bd0-37a7c035f855'}]
24419,425b1847-9213-4834-a447-ac07f739488b,,,[{'resourceId': 'cc1b162d-7d29-404c-bc5c-15b9e19c02a2'}]
24420,ba308696-ea7a-4f5d-9e44-588a8a17f34c,,,[{'resourceId': '7b081d85-01ec-413f-ba73-1af0e1721335'}]
24420,ba308696-ea7a-4f5d-9e44-588a8a17f34c,,,[{'resourceId': '42bc7a56-6564-42b7-89aa-582c10a99fa2'}]
24421,8153b173-e170-4073-858d-6bff489e96bb,,,[{'resourceId': 'f4ad5a40-509b-4598-bcaf-30dce9cc86a1'}]
24421,8153b173-e170-4073-858d-6bff489e96bb,,,[{'resourceId': '2293a4b3-3735-400c-b1d7-7ccb4bd1404e'}]
24422,960a9ec9-85e1-496f-a3a8-c5567d9959b1,,,[{'resourceId': '37ed2c69-eec8-4a64-8f53-3602c11496ca'}]
24423,9e404388-3721-462c-bd37-eeba7eb12b5c,,,[{'resourceId': '6277773f-45f8-48e3-8ccd-8444263a6c9e'}]
24423,9e404388-3721-462c-bd37-eeba7eb12b5c,,,[{'resourceId': '18cfbddf-3826-4ef7-b367-a04e67cc325d'}]
24424,29f46975-756a-4af8-8f30-6dde99c111b9,,,[{'resourceId': '4d6c34e2-2cee-4298-808e-2618f783cd2d'}]
24424,29f46975-756a-4af8-8f30-6dde99c111b9,,,[{'resourceId': '5bda94c8-8c15-4f10-91b0-d920f301ceee'}]
24425,f971d052-775d-441e-8a1d-4123c22e8cc1,,,[{'resourceId': '902243cf-9780-4d04-8fcc-40478e569ebd'}]
24425,f971d052-775d-441e-8a1d-4123c22e8cc1,,,[{'resourceId': '5b8c1e3c-2d93-44ad-80e1-c955c91935d9'}]
24426,5fbc2f69-94d3-4cd2-b1b1-ff6f58d11f9f,,,[{'resourceId': '1f6533e3-5f0c-4c57-b5e3-71cd90f07497'}]
24426,5fbc2f69-94d3-4cd2-b1b1-ff6f58d11f9f,,,[{'resourceId': '54f985fb-0109-45b9-965e-7a1f40ea89e9'}]
24427,327ac77f-5d8f-4c1c-81ae-8e1fd1ade162,,,[{'resourceId': 'fb4b3ae3-d554-4b13-a9b5-5eedcaa0cdd7'}]
24428,cb47d814-2d20-426d-8117-5459ba179f2e,,,[{'resourceId': '3e99b304-3f0c-42bf-a7fc-09ca188b36a4'}]
24428,cb47d814-2d20-426d-8117-5459ba179f2e,,,[{'resourceId': '8f55493a-9c00-4c0f-aa27-ac542ed6849d'}]
24429,228bbbf9-cdf4-4cc1-9bf6-c8e857c4c017,,,[{'resourceId': '9b855add-a4bb-4db6-b96c-1b3225677e79'}]
24429,228bbbf9-cdf4-4cc1-9bf6-c8e857c4c017,,,[{'resourceId': '8bff2fda-fcd5-4bee-bdad-a970c5897828'}]
24430,86ec3565-50b7-4a3e-bcf6-4c1d0394ac11,,,[{'resourceId': '33628e9f-7fec-4dc7-be53-48ed2b163914'}]
24431,cc44b034-2c78-4fa5-8b61-56baa0eb466c,,,[{'resourceId': '2e85f439-99d1-4d3a-b90b-e518519ee836'}]
24431,cc44b034-2c78-4fa5-8b61-56baa0eb466c,,,[{'resourceId': 'f4eac4e8-3bcf-40c7-9718-f0f4b86c69a0'}]
24432,39b00ef1-1505-4b85-b15e-56175bdad4f9,,,[{'resourceId': '7c08fbfe-e762-419a-b1e1-406d16216421'}]
24432,39b00ef1-1505-4b85-b15e-56175bdad4f9,,,[{'resourceId': '742f255d-2828-4b93-af60-671792739d3e'}]
24433,0756c613-a49d-4fee-a70a-4265d97da1ef,,,[{'resourceId': '4c553284-883a-4899-b7e8-2f5a1599f61e'}]
24433,0756c613-a49d-4fee-a70a-4265d97da1ef,,,[{'resourceId': '79d124aa-489f-4a8c-b3ea-84a02cd3ddc9'}]
24434,37f1c1ed-2524-468d-9a40-56578e035e02,,,[{'resourceId': '2931a1b4-7519-49cd-9b3d-dd2100d1f028'}]
24434,37f1c1ed-2524-468d-9a40-56578e035e02,,,[{'resourceId': '3918a8ed-3761-4ed7-99a2-6a3f58c999bd'}]
24435,3b0f103c-0a17-47a6-aa99-a023c510c1b3,,,[{'resourceId': '22144d54-ccaf-49a6-ac3b-ab5ab57a4ea3'}]
24435,3b0f103c-0a17-47a6-aa99-a023c510c1b3,,,[{'resourceId': 'c521d451-ab9b-4560-b59f-97e45a67b842'}]
24436,d15738f3-4787-41d1-8449-7712fcbf7557,,,[{'resourceId': '1e622c87-d744-4875-947d-ae142e8dd26c'}]
24436,d15738f3-4787-41d1-8449-7712fcbf7557,,,[{'resourceId': '9dac5794-89ac-4522-854b-4722ae8436cb'}]
24437,04d3d15a-acfa-4a92-a7b8-d7dd014ca47a,,,[{'resourceId': '2a06fbe5-a9ee-4a6c-9004-6ada6c0e8957'}]
24437,04d3d15a-acfa-4a92-a7b8-d7dd014ca47a,,,[{'resourceId': '0a755ced-7e64-425a-b868-662cb5dd0780'}]
24438,4955f61d-a913-452a-b92e-6883456555bd,,,[{'resourceId': '1f6533e3-5f0c-4c57-b5e3-71cd90f07497'}]
24438,4955f61d-a913-452a-b92e-6883456555bd,,,[{'resourceId': '54f985fb-0109-45b9-965e-7a1f40ea89e9'}]
24439,1cf1a645-d07e-4758-840d-69cab6296c6a,,,[{'resourceId': '1cd8b9ea-99cd-4a23-a6d0-1fc7bb4e089b'}]
24439,1cf1a645-d07e-4758-840d-69cab6296c6a,,,[{'resourceId': '028825e6-fc74-4c5c-853a-5693d573330e'}]
24440,2a580649-dae7-4562-b89f-522b43d4acb2,,,[{'resourceId': '7b909895-ccc0-44b3-b3f8-16155d7feabb'}]
24440,2a580649-dae7-4562-b89f-522b43d4acb2,,,[{'resourceId': '7e015b39-5bcd-4693-bf4c-c3d9ea2ccb32'}]
24441,85bf2141-6c40-4580-af9a-cb34fb96591f,,,[{'resourceId': 'd1d65240-e74c-4bc5-a1bf-7a297cbc9f8e'}]
24441,85bf2141-6c40-4580-af9a-cb34fb96591f,,,[{'resourceId': '023b6d84-0f0f-435b-8a4c-02233b81d8fd'}]
24442,7da195ad-fd87-4e82-bbbf-6e799fe039b2,,,[{'resourceId': '7b14e228-ae72-426e-968e-4b0838562569'}]
24442,7da195ad-fd87-4e82-bbbf-6e799fe039b2,,,[{'resourceId': '14cd24d2-143e-4eb5-89c7-ba189e9b2091'}]
24443,95446f15-27c3-4b49-a795-9e5f13be6ed1,,,[{'resourceId': '188dd02d-884b-436f-81ec-8439df32e3ea'}]
24443,95446f15-27c3-4b49-a795-9e5f13be6ed1,,,[{'resourceId': '42da440d-580a-4a32-8eeb-b1c273f35c48'}]
24444,c5445d45-4ec5-4aca-968d-351bc002e887,,,[{'resourceId': '37ed2c69-eec8-4a64-8f53-3602c11496ca'}]
24445,a8fcd13e-7e50-4cb4-9e84-7c5f8dfb02ac,,,[{'resourceId': 'c5ba68d7-5619-4111-9151-88e280ae6f79'}]
24445,a8fcd13e-7e50-4cb4-9e84-7c5f8dfb02ac,,,[{'resourceId': '353b8a1f-6014-41e4-8b64-352258d49469'}]
24446,18dc7c0e-a29a-409c-b721-29959a31fd45,,,[{'resourceId': '2a3cdd24-26c5-481d-85f6-b367634769c5'}]
24447,5dbeb818-c0a4-4025-a9c0-a1da9b63d223,,,[{'resourceId': 'df74adb3-7837-41d7-bebf-e98d36012b0c'}]
24447,5dbeb818-c0a4-4025-a9c0-a1da9b63d223,,,[{'resourceId': '6ea235b1-b1d0-4fb8-992a-42eb337bcac0'}]
24448,5c331f72-ceec-4440-9e71-413c6b1da81e,,,[{'resourceId': 'c9cd3a09-dd07-43da-8a2a-8d0c680162e8'}]
24448,5c331f72-ceec-4440-9e71-413c6b1da81e,,,[{'resourceId': '7bc172b6-8b9d-495a-a19f-e5059d5f4a2b'}]
24449,e514669e-ecfd-4168-9255-ed6f0827c994,,,[{'resourceId': 'b52a12f8-55a4-4bed-9b4d-4de92d6fef31'}]
24449,e514669e-ecfd-4168-9255-ed6f0827c994,,,[{'resourceId': 'e307f82d-46b1-42a4-9cda-ba6c767d10da'}]
24450,e3a5cdb7-a9c4-4068-b45b-1e0011b92a7e,,,[{'resourceId': '4b2eb749-1405-48b3-b7f3-2fcc56239838'}]
24450,e3a5cdb7-a9c4-4068-b45b-1e0011b92a7e,,,[{'resourceId': 'cf22a524-23db-40ce-b3ef-39d183551667'}]
24451,2e36b9a5-1e52-4342-94ca-475cb8517bc4,,,[{'resourceId': '62db3d53-61a8-440b-9acc-8758eaa0396e'}]
24451,2e36b9a5-1e52-4342-94ca-475cb8517bc4,,,[{'resourceId': '50aba33f-3f24-48b2-9345-c4f4b3decd6b'}]
24452,79bc904c-99e9-406f-b56b-db015809eb54,,,[{'resourceId': '242c7a60-e508-487b-83d6-fa482110cbc6'}]
24453,9d8d46c1-e752-47bc-b440-8af90344fde9,,,[{'resourceId': 'ca4871f0-d50b-41d5-b6c3-8bbe98b76fde'}]
24454,6338d52e-0112-463d-a75d-8589649a4672,,,[{'resourceId': 'a6a6f702-69c5-435d-bcc1-406ba4cea69a'}]
24454,6338d52e-0112-463d-a75d-8589649a4672,,,[{'resourceId': 'fa6d489e-b325-448c-9770-c32ef872fdb2'}]
24455,2293a4b3-3735-400c-b1d7-7ccb4bd1404e,,,[{'resourceId': 'cb7e721c-ceb9-472d-8745-a780774d182b'}]
24455,2293a4b3-3735-400c-b1d7-7ccb4bd1404e,,,[{'resourceId': '323f177a-2bf3-4c86-9120-fd883f493288'}]
24456,ca4871f0-d50b-41d5-b6c3-8bbe98b76fde,,,[{'resourceId': '30d92a95-c6d1-4c56-876c-7c0cc1dd6b44'}]
24456,ca4871f0-d50b-41d5-b6c3-8bbe98b76fde,,,[{'resourceId': '73612254-46a3-4eb7-8917-a5bd03260f06'}]
24457,7862657b-6be8-4b88-b137-8748dc0e5495,,,[{'resourceId': '33080be5-40fc-43f0-b182-3aaa2a484585'}]
24457,7862657b-6be8-4b88-b137-8748dc0e5495,,,[{'resourceId': '69821a7b-3cd3-4ceb-9ba8-b6f8422213e2'}]
24458,d578107f-c780-43c7-9e74-f4691ddfea7a,,,[{'resourceId': '7862657b-6be8-4b88-b137-8748dc0e5495'}]
24459,4d6c34e2-2cee-4298-808e-2618f783cd2d,,,[{'resourceId': '134035b1-8543-44e6-b26e-65a78078b0f5'}]
24459,4d6c34e2-2cee-4298-808e-2618f783cd2d,,,[{'resourceId': '8153b173-e170-4073-858d-6bff489e96bb'}]
24460,b6b6066e-f75d-4f16-8287-b9d31b29c9a4,,,[{'resourceId': '558a5e5f-f493-4035-8017-347865c109d0'}]
24460,b6b6066e-f75d-4f16-8287-b9d31b29c9a4,,,[{'resourceId': '8c96a592-da6a-4285-8f4a-c6f9270cf3e4'}]
24461,fbd29725-dba8-4e89-8164-8d5c59caeba1,,,[{'resourceId': '2d23f906-d675-460b-ac5d-780234c26035'}]
24462,558a5e5f-f493-4035-8017-347865c109d0,,,[{'resourceId': 'f971d052-775d-441e-8a1d-4123c22e8cc1'}]
24462,558a5e5f-f493-4035-8017-347865c109d0,,,[{'resourceId': '53fcbf3a-939e-4fd2-8704-1309bf49ace3'}]
24463,d37c6f3b-7af0-4aa6-b4a3-41c803c6bb91,,,[{'resourceId': '9e4f9084-3699-44a6-90ec-123dfc4a025a'}]
24464,fdada539-e6e0-4234-adba-ddfc45afc981,,,[{'resourceId': '9fbb5169-a638-4dd5-a4ca-1ee1814c7163'}]
24464,fdada539-e6e0-4234-adba-ddfc45afc981,,,[{'resourceId': '13288196-f3e2-4ddb-ae3d-babd1e6ea971'}]
24465,1118dd67-9f19-4f77-9f90-fb938a7d7e06,,,[{'resourceId': '9c6505a0-696b-415b-ae4b-c12f19fd3a69'}]
24465,1118dd67-9f19-4f77-9f90-fb938a7d7e06,,,[{'resourceId': 'af9cb998-f127-48a7-ba13-e9acd39c570f'}]
24466,c40c5e7e-0f62-4b03-9c61-a7fd7047fa7a,,,[{'resourceId': '07a92e65-4222-432b-84d9-0daea191322f'}]
24466,c40c5e7e-0f62-4b03-9c61-a7fd7047fa7a,,,[{'resourceId': '56d7f9d7-bace-4980-9dda-29c6999c25f1'}]
24467,5edc930d-9b1a-47d9-bedc-17afd255ddcc,,,[{'resourceId': 'e30620b4-80b9-4eb3-923c-9678ae7a2aee'}]
24467,5edc930d-9b1a-47d9-bedc-17afd255ddcc,,,[{'resourceId': 'ecb86666-2282-4f46-9f05-a8cbf9430a39'}]
24468,5aaec571-5df7-4ddc-97ed-1b2c72284215,,,[{'resourceId': '41e473e8-4ed2-4d4a-87f4-fa3f13cb7836'}]
24468,5aaec571-5df7-4ddc-97ed-1b2c72284215,,,[{'resourceId': '15269e6a-494f-4104-b96a-0a3d4194b02a'}]
24469,f35a183d-2e85-4268-b492-f81c6eda36a5,,,[{'resourceId': '5aba82b9-b3fc-423a-9179-fb52995e7a30'}]
24469,f35a183d-2e85-4268-b492-f81c6eda36a5,,,[{'resourceId': 'ff70b892-918c-4889-a815-b87895e89dfe'}]
24470,af0193ef-e5de-4922-a1c6-51b1b82ced0d,,,[{'resourceId': '00d60a8e-d7d7-4115-9a93-c1947cc6b069'}]
24470,af0193ef-e5de-4922-a1c6-51b1b82ced0d,,,[{'resourceId': '10c0f47f-825e-4eb0-893a-58b916fe588e'}]
24471,386ef920-92fa-4c25-b678-24da64b45a68,,,[{'resourceId': '2a3759cd-6589-49dc-914a-b109c25772b3'}]
24471,386ef920-92fa-4c25-b678-24da64b45a68,,,[{'resourceId': 'c521d451-ab9b-4560-b59f-97e45a67b842'}]
24472,f76b4228-f4ce-4073-9a2d-ae944476170f,,,[{'resourceId': 'f5b7d282-f214-4659-8e09-d5af4ecc49a3'}]
24472,f76b4228-f4ce-4073-9a2d-ae944476170f,,,[{'resourceId': '4d6c078a-b041-401b-82ba-4cd06f85d029'}]
24473,ffcd0c4e-5e34-475f-92c4-5cc29e718497,,,[{'resourceId': '563288d8-efe6-46fd-8b70-9c443e339c41'}]
24473,ffcd0c4e-5e34-475f-92c4-5cc29e718497,,,[{'resourceId': '4f7a073b-5551-4233-9f01-5ddd8991e3f2'}]
24474,90f646ac-8286-4e8d-b5a2-db4ff42e414c,,,[{'resourceId': '0af0667b-7877-4176-abba-0d28e83bb3c3'}]
24474,90f646ac-8286-4e8d-b5a2-db4ff42e414c,,,[{'resourceId': 'faffebcb-1164-43b0-8c1b-4943cfc1e81b'}]
24475,86ed8832-9743-4b3e-9d06-96ca525afb70,,,[{'resourceId': 'c757d7d0-cbef-4815-944f-8e5f2ec18897'}]
24475,86ed8832-9743-4b3e-9d06-96ca525afb70,,,[{'resourceId': 'd1eff42c-40d8-464a-863a-beae10bac0b2'}]
24476,2446e19f-9e4f-477f-8d3f-55b0fd5a589e,,,[{'resourceId': '6d080d9a-7d84-469a-9b4d-72f54c7b217b'}]
24477,64b8130f-6215-4891-8fb4-040cb2c533cb,,,[{'resourceId': '922e0f97-6693-4dfe-8ebc-7a0f520c69e2'}]
24477,64b8130f-6215-4891-8fb4-040cb2c533cb,,,[{'resourceId': '2e2199a0-5895-44b4-a7dd-5a3f9c08c4a3'}]
24478,a4093bc1-80da-49ac-a374-a5ae30792529,,,[{'resourceId': '1584a588-8d66-4b09-93b9-e3f154b67962'}]
24478,a4093bc1-80da-49ac-a374-a5ae30792529,,,[{'resourceId': '456b9455-26ed-495d-8cfd-bbb66dcee5a1'}]
24479,7c9612a3-193e-4cf8-8c23-6ad7505a142d,,,[{'resourceId': '8444dccc-0a5e-4422-94f5-ece4f920a53e'}]
24479,7c9612a3-193e-4cf8-8c23-6ad7505a142d,,,[{'resourceId': '6af85ecd-4da7-4c38-a572-21734095a4d4'}]
24480,d15106bc-25db-4578-b9dc-1c90ee17e142,,,[{'resourceId': '2fc6f5fb-23dc-4b1d-9eb4-46701fbdd8ff'}]
24480,d15106bc-25db-4578-b9dc-1c90ee17e142,,,[{'resourceId': '271ffab6-aa40-465c-8e23-93203f11a771'}]
24481,a3d73789-c790-4134-9c95-0e38ff48f16d,,,[{'resourceId': '57931b3f-bed5-49e2-8520-6b77792b9fc3'}]
24482,9edeb9ca-cab4-48f6-b4a2-a2ac75cd3afa,,,[{'resourceId': '3f5db476-2a1c-484e-9861-c11f0af70c1b'}]
24482,9edeb9ca-cab4-48f6-b4a2-a2ac75cd3afa,,,[{'resourceId': 'd95b3d2b-dd50-48ce-97a8-59955adfb2bc'}]
24483,f27c68f2-3d93-483f-a13e-6ce72e35457c,,,[{'resourceId': 'c9ccf7fd-cabe-443a-a01a-49ebe35a8e4d'}]
24483,f27c68f2-3d93-483f-a13e-6ce72e35457c,,,[{'resourceId': '2f63dc1c-c2c6-4087-a494-0f42e66da7d1'}]
24484,33948222-443e-4147-967b-887c28b0939d,,,[{'resourceId': '5cda72c6-9956-4c54-b633-b254b7a78621'}]
24484,33948222-443e-4147-967b-887c28b0939d,,,[{'resourceId': '17673802-5664-430f-979d-66b05b0097c8'}]
24485,4cf226b9-b665-414a-863a-cd95006a7819,,,[{'resourceId': 'e14f6d14-55c1-46fc-abb1-8a7f8055ee67'}]
24485,4cf226b9-b665-414a-863a-cd95006a7819,,,[{'resourceId': '9707240b-da07-4d83-8690-812fb7a3359b'}]
24486,f74975bd-2829-467e-a694-497209a08482,,,[{'resourceId': 'f9d0b8c6-3e0a-4fc8-b350-6e8e794f6876'}]
24487,36dc8131-bdff-4ea1-927f-74b99aeaef3c,,,[{'resourceId': 'fb04420b-cbaf-411b-9eb1-55ce9428b3c9'}]
24487,36dc8131-bdff-4ea1-927f-74b99aeaef3c,,,[{'resourceId': '40c174c0-f989-42bc-855a-6579e47215f5'}]
24488,8c96a592-da6a-4285-8f4a-c6f9270cf3e4,,,[{'resourceId': '27051d26-c714-4656-8d4c-d6e61b3b2323'}]
24488,8c96a592-da6a-4285-8f4a-c6f9270cf3e4,,,[{'resourceId': '6816cb1c-3c7a-4c3e-95ee-5d9794276e9d'}]
24489,edaf218b-a1bd-4922-b6e8-6b2fbff4f652,,,[{'resourceId': '18125c40-754a-44ef-a29e-a98fa60d7e79'}]
24489,edaf218b-a1bd-4922-b6e8-6b2fbff4f652,,,[{'resourceId': '7a4d02a0-0bed-448e-8e60-c6ff0f8bf7d3'}]
24490,b8a6817a-b5aa-4dbe-851b-8bb2814e1ef1,,,[{'resourceId': '42831905-0824-415b-990b-ec1743169066'}]
24490,b8a6817a-b5aa-4dbe-851b-8bb2814e1ef1,,,[{'resourceId': '887e8d98-5502-45d6-989d-7df50eb8afed'}]
24491,87f9e79b-b677-4f05-b4b8-fdcf9ce9f5f1,,,[{'resourceId': '136d86e1-330a-405e-91a9-ea7305ed7851'}]
24491,87f9e79b-b677-4f05-b4b8-fdcf9ce9f5f1,,,[{'resourceId': '19a2f7b3-6ad6-4bf4-8f7d-0beb7f1fabf3'}]
24492,4e5aec85-016a-4c68-9d4d-259dd0333dcf,,,[{'resourceId': 'c8363f22-dac5-4483-a319-a41c6782e47d'}]
24492,4e5aec85-016a-4c68-9d4d-259dd0333dcf,,,[{'resourceId': '1e77f6a1-90ec-490f-8183-3e0efb843f9c'}]
24493,de716f66-c6b0-4360-8e60-652994273676,,,[{'resourceId': '09066f8e-a1b4-42da-95b2-82ccfe3835db'}]
24493,de716f66-c6b0-4360-8e60-652994273676,,,[{'resourceId': '2326e60d-58ba-4909-9ccf-33de96600f47'}]
24494,e695fd9f-7a32-43c7-8717-731ebe4124dc,,,[{'resourceId': 'c4251f93-0623-4673-b490-7542ee91340f'}]
24494,e695fd9f-7a32-43c7-8717-731ebe4124dc,,,[{'resourceId': 'aa6a3e5b-e96f-4a73-b9f0-f9863b197b79'}]
24495,7d95e1dc-da89-4959-b6a0-ee65803a8c13,,,[{'resourceId': '5ebb1c52-52c0-4494-80a3-1787f0899fbe'}]
24495,7d95e1dc-da89-4959-b6a0-ee65803a8c13,,,[{'resourceId': '179f2c2d-cfad-4f04-a34c-c545ecfdaa81'}]
24496,cb1d8357-4583-4eae-b422-1a8191cfebbd,,,[{'resourceId': 'b5bc9fc1-48de-4907-9a0b-a02316a4c0d4'}]
24496,cb1d8357-4583-4eae-b422-1a8191cfebbd,,,[{'resourceId': 'fb808123-abc2-4af1-9e2c-713a454e8640'}]
24497,95ba8136-7359-4b45-aac4-54f854294298,,,[{'resourceId': '8798fbba-f158-43aa-ab83-f83e4ac6c5e1'}]
24497,95ba8136-7359-4b45-aac4-54f854294298,,,[{'resourceId': '3f2039d9-b591-4fec-99ca-801e807d3c03'}]
24499,4cba9c7c-f83f-4d50-ad1a-c0c58cd15516,,,[{'resourceId': '88d229a1-97e9-4e47-b698-235ea92fd8d3'}]
24499,4cba9c7c-f83f-4d50-ad1a-c0c58cd15516,,,[{'resourceId': 'bf7c26d3-f5f7-44ad-a712-ca6c7e9aa11b'}]
24500,9ff73279-1ce5-473f-8bea-9cfb4fc238dc,,,[{'resourceId': '3e5f9e0d-849a-4687-8431-37e24a383491'}]
24500,9ff73279-1ce5-473f-8bea-9cfb4fc238dc,,,[{'resourceId': '0db30427-8b7e-4fac-b2b4-71381b0b9082'}]
24501,9ad626d2-f9eb-48e5-a6ea-8d4ce6b34f4a,,,[{'resourceId': '29a91ac5-2592-4711-b342-d23823c0ecbf'}]
24501,9ad626d2-f9eb-48e5-a6ea-8d4ce6b34f4a,,,[{'resourceId': '383f1a9d-bcc6-4568-bcfb-cd6f2285e9f6'}]
24502,640c868e-38e2-425a-813d-323a3b3484fd,,,[{'resourceId': '095f80c6-0a6d-438a-8305-2043b83a8638'}]
24502,640c868e-38e2-425a-813d-323a3b3484fd,,,[{'resourceId': '1d9ddf68-2987-4dfb-a419-1f1a442c3d64'}]
24503,f8791d2a-6e2e-4c7a-866d-a0c821f68c54,,,[{'resourceId': '8ced19aa-bae2-417d-a6ef-b54efc2bcc20'}]
24503,f8791d2a-6e2e-4c7a-866d-a0c821f68c54,,,[{'resourceId': '8f48bf00-491a-411e-9db5-80f02f9d552c'}]
24504,dac1d753-5296-47f7-9226-dfcef1c70b67,,,[{'resourceId': '140dd6e4-9ccb-4582-bae6-2813b2473be6'}]
24504,dac1d753-5296-47f7-9226-dfcef1c70b67,,,[{'resourceId': '1311bb60-1a88-4106-a9d7-5cb2b5fe115e'}]
24505,31f1e3b0-ecb4-46a0-81c3-a17ea5631899,,,[{'resourceId': '806a9714-8c3e-4396-a356-9cea0ff9c8fe'}]
24505,31f1e3b0-ecb4-46a0-81c3-a17ea5631899,,,[{'resourceId': '5e8f45a4-4143-4438-a5a2-fb1e2ebe4ca3'}]
24506,5f73248d-073d-4e0d-9a9b-958f6a90655f,,,[{'resourceId': '7627597b-e671-4c63-bb39-7c481fffdf07'}]
24506,5f73248d-073d-4e0d-9a9b-958f6a90655f,,,[{'resourceId': 'df1c45f9-9ea6-406d-a8ff-1ab5bb01e79a'}]
24507,0005ee4c-c97e-4b56-97aa-5486c3903649,,,[{'resourceId': '97065acd-5b1e-4f36-9d8f-326cd4369bce'}]
24507,0005ee4c-c97e-4b56-97aa-5486c3903649,,,[{'resourceId': 'b6c53182-f1e5-4917-9f70-dfd0d9b0fd74'}]
24508,26d4dd2b-b969-45d9-9909-48a3193b011a,,,[{'resourceId': '0af0667b-7877-4176-abba-0d28e83bb3c3'}]
24508,26d4dd2b-b969-45d9-9909-48a3193b011a,,,[{'resourceId': 'faffebcb-1164-43b0-8c1b-4943cfc1e81b'}]
24509,6efa8a17-b4c3-4405-8656-c78793e4f832,,,[{'resourceId': 'd732c550-0f91-4be6-942d-841fef6d0b32'}]
24509,6efa8a17-b4c3-4405-8656-c78793e4f832,,,[{'resourceId': '9d5d1cd9-037d-4d0e-9d76-fa2d27a806bb'}]
24510,24f43815-ecf1-48a6-a1fc-36ff1543d743,,,[{'resourceId': '861ed6af-8c57-4d74-af3a-676cbfeeb5b5'}]
24510,24f43815-ecf1-48a6-a1fc-36ff1543d743,,,[{'resourceId': '67aec133-e8f8-4838-a2a2-a4e17d709a8c'}]
24511,8ec6c3c8-3818-481d-bac6-8101e0ce7898,,,[{'resourceId': 'f971d052-775d-441e-8a1d-4123c22e8cc1'}]
24511,8ec6c3c8-3818-481d-bac6-8101e0ce7898,,,[{'resourceId': '53fcbf3a-939e-4fd2-8704-1309bf49ace3'}]
24512,d314db91-8f58-4fbe-8da1-f722da52f2d0,,,[{'resourceId': '27051d26-c714-4656-8d4c-d6e61b3b2323'}]
24512,d314db91-8f58-4fbe-8da1-f722da52f2d0,,,[{'resourceId': '6816cb1c-3c7a-4c3e-95ee-5d9794276e9d'}]
24513,5ec1d30c-f4ab-4057-87fe-1ed61d64a651,,,[{'resourceId': '29a91ac5-2592-4711-b342-d23823c0ecbf'}]
24513,5ec1d30c-f4ab-4057-87fe-1ed61d64a651,,,[{'resourceId': '383f1a9d-bcc6-4568-bcfb-cd6f2285e9f6'}]
24514,4c8510c4-ee5e-4be9-807c-eb336dc4cd54,,,[{'resourceId': '07a92e65-4222-432b-84d9-0daea191322f'}]
24514,4c8510c4-ee5e-4be9-807c-eb336dc4cd54,,,[{'resourceId': '56d7f9d7-bace-4980-9dda-29c6999c25f1'}]
24515,ae16843d-7b97-4456-affb-5b3d7dc08146,,,[{'resourceId': '0af0667b-7877-4176-abba-0d28e83bb3c3'}]
24515,ae16843d-7b97-4456-affb-5b3d7dc08146,,,[{'resourceId': 'faffebcb-1164-43b0-8c1b-4943cfc1e81b'}]
24516,c0346819-307a-4834-9f24-493f477e6ecb,,,[{'resourceId': 'cb9ccc03-acf2-4f24-9beb-8218f459d3fd'}]
24516,c0346819-307a-4834-9f24-493f477e6ecb,,,[{'resourceId': '52bb2afd-118b-4209-a94e-2316b0123dd0'}]
24517,2d23f906-d675-460b-ac5d-780234c26035,,,[{'resourceId': 'c2ea2eda-53d4-47c4-a4f1-5b54e6a89073'}]
24517,2d23f906-d675-460b-ac5d-780234c26035,,,[{'resourceId': 'def91c21-a7b6-4144-92ad-175f5e445a4d'}]
24518,85fc6088-6821-427d-83aa-a567baada59d,,,[{'resourceId': '63d5fab1-c8b3-46ba-9c1e-5c3b94731e97'}]
24518,85fc6088-6821-427d-83aa-a567baada59d,,,[{'resourceId': 'a0f93e14-f97d-4fac-9d1f-a1b92aa9e70c'}]
24519,5696ccb9-c892-47ee-9057-3a9f5f1638c2,,,[{'resourceId': '4e6b79bc-d87b-4288-a639-143a02dee20a'}]
24519,5696ccb9-c892-47ee-9057-3a9f5f1638c2,,,[{'resourceId': 'dc0f85f0-3c95-401a-84dc-29e7fae5ec25'}]
24520,baa24e55-9d05-4f17-9f00-d59d8be278e4,,,[{'resourceId': '33080be5-40fc-43f0-b182-3aaa2a484585'}]
24520,baa24e55-9d05-4f17-9f00-d59d8be278e4,,,[{'resourceId': '69821a7b-3cd3-4ceb-9ba8-b6f8422213e2'}]
24521,79cd7bfc-0d01-4973-8586-847e6121be9b,,,[{'resourceId': 'dcad4e0b-e660-45a7-82ac-02d274890b69'}]
24521,79cd7bfc-0d01-4973-8586-847e6121be9b,,,[{'resourceId': '5e208823-daf1-4c24-9eef-8c416bb8b241'}]
24522,6134c06c-a0ee-4203-a2bb-bc25b6fda9fd,,,[{'resourceId': '72222fa4-531e-42ae-b258-d0e1c84f9c21'}]
24522,6134c06c-a0ee-4203-a2bb-bc25b6fda9fd,,,[{'resourceId': 'b42492c3-a6e4-4033-a743-cc3c41a92acd'}]
24523,268e4ee2-a0fb-4296-8f2f-0774b6c6e6a1,,,[{'resourceId': 'b73f0afb-cc75-4fd1-a163-9a2edd1614b3'}]
24524,41ba22e7-2c8c-4e18-984e-46d4d8ba0f88,,,[{'resourceId': '0dad2a2d-c0ed-429d-ad53-f2a0eac22140'}]
24524,41ba22e7-2c8c-4e18-984e-46d4d8ba0f88,,,[{'resourceId': 'f2f24b15-3464-4d2d-984b-c9c30a72f8ba'}]
24525,40223876-8612-4d05-9202-296385ff12e7,,,[{'resourceId': '314c8177-969d-4d4e-bc09-4c3e2712f468'}]
24525,40223876-8612-4d05-9202-296385ff12e7,,,[{'resourceId': '509c497d-7d14-412d-972d-fdc941cd8cf4'}]
24526,057d01e8-2462-45df-8980-cb1d3f5eea3c,,,[{'resourceId': '40223876-8612-4d05-9202-296385ff12e7'}]
24526,057d01e8-2462-45df-8980-cb1d3f5eea3c,,,[{'resourceId': 'fb844a13-42fb-43c8-ad5b-e45026972d4e'}]
24527,6cedc89c-ca31-45d3-bf34-46332c2d2699,,,[{'resourceId': 'a9b9a97b-066c-4f41-a674-524c42e5c8fc'}]
24527,6cedc89c-ca31-45d3-bf34-46332c2d2699,,,[{'resourceId': 'd005b96b-547d-491d-835a-512f4ff9a6e1'}]
24528,6eb52aac-0008-4a6e-9492-aa9df4f86b40,,,[{'resourceId': 'c08335fe-9227-4fb5-874a-a8e43795e0a4'}]
24528,6eb52aac-0008-4a6e-9492-aa9df4f86b40,,,[{'resourceId': '366bfd75-4e96-4e0d-ad01-c80f928c2e0b'}]
24529,107211aa-e808-4b14-a36d-fb1727a1284e,,,[{'resourceId': 'bc03ebc6-2ea3-4c2a-ad2e-032a75fc4da4'}]
24530,c74261db-be9a-4908-a18d-41ab454fa48d,,,[{'resourceId': 'abb9f25d-8b50-4baf-a8d0-478a97c91bc0'}]
24530,c74261db-be9a-4908-a18d-41ab454fa48d,,,[{'resourceId': 'c83ba0b3-9175-404b-b17d-edd925b78b00'}]
24531,957ccd19-8136-41a8-9da6-2893e715ee22,,,[{'resourceId': '207a161c-0485-425d-aaee-d9c9fbbd842d'}]
24531,957ccd19-8136-41a8-9da6-2893e715ee22,,,[{'resourceId': 'b642d3b4-1f30-4f3f-8e5b-936cc9def585'}]
24532,2434b5dc-d4f7-4276-9baa-62910d0dba5c,,,[{'resourceId': 'ebdf255a-0e41-4b3a-acce-2b7f95e30ce0'}]
24532,2434b5dc-d4f7-4276-9baa-62910d0dba5c,,,[{'resourceId': 'a2bd8405-d129-46a4-8f98-896d3c6a0323'}]
24533,055cc023-52f9-4475-a967-cc3e36e11746,,,[{'resourceId': 'f4ad5a40-509b-4598-bcaf-30dce9cc86a1'}]
24533,055cc023-52f9-4475-a967-cc3e36e11746,,,[{'resourceId': '2293a4b3-3735-400c-b1d7-7ccb4bd1404e'}]
24534,413d03f2-0dfb-49a7-b641-4839151643e5,,,[{'resourceId': '25042291-c1e5-4952-84d6-ff8c9368173c'}]
24534,413d03f2-0dfb-49a7-b641-4839151643e5,,,[{'resourceId': 'aea1fea6-97e9-4d66-8940-54bd571d123a'}]
24535,fea1cd86-a646-41a4-a69d-01b1ba1c4f8f,,,[{'resourceId': '49c4575f-e408-4f41-8c83-a240c7ba8089'}]
24535,fea1cd86-a646-41a4-a69d-01b1ba1c4f8f,,,[{'resourceId': '93edd262-93c2-4d53-a5c4-d018fb2c97bc'}]
24536,1428cf89-9a3b-471d-9d18-597907209fd9,,,[{'resourceId': 'cad802cb-6d3d-4393-abdd-1bfae94155f8'}]
24536,1428cf89-9a3b-471d-9d18-597907209fd9,,,[{'resourceId': 'f04128ca-f33d-4c1b-94fb-14bb23a3c8c2'}]
24537,8df533e2-1ca5-4f8d-88ab-5dfd96782dd0,,,[{'resourceId': '1ee4d293-f09f-4f49-a3c2-b49a484dac2a'}]
24537,8df533e2-1ca5-4f8d-88ab-5dfd96782dd0,,,[{'resourceId': '6ea235b1-b1d0-4fb8-992a-42eb337bcac0'}]
24538,c4f3b534-2a83-4059-a849-e6a0478567f7,,,
24539,52bb2afd-118b-4209-a94e-2316b0123dd0,,,[{'resourceId': '0af0667b-7877-4176-abba-0d28e83bb3c3'}]
24539,52bb2afd-118b-4209-a94e-2316b0123dd0,,,[{'resourceId': 'faffebcb-1164-43b0-8c1b-4943cfc1e81b'}]
24540,c9ccf7fd-cabe-443a-a01a-49ebe35a8e4d,,,[{'resourceId': '3963b642-9cfd-47f1-9a7a-9a8fa79edfbf'}]
24540,c9ccf7fd-cabe-443a-a01a-49ebe35a8e4d,,,[{'resourceId': '4215c9ee-97e1-42bf-9111-5d061ce64770'}]
24541,938a13f9-d6a5-40d3-b176-fb34e100ed8f,,,[{'resourceId': '9b855add-a4bb-4db6-b96c-1b3225677e79'}]
24541,938a13f9-d6a5-40d3-b176-fb34e100ed8f,,,[{'resourceId': '8bff2fda-fcd5-4bee-bdad-a970c5897828'}]
24542,f10edddd-52cd-4582-93df-cae58ad2cb4d,,,[{'resourceId': '5aba82b9-b3fc-423a-9179-fb52995e7a30'}]
24542,f10edddd-52cd-4582-93df-cae58ad2cb4d,,,[{'resourceId': 'ff70b892-918c-4889-a815-b87895e89dfe'}]
24543,04f09eed-bc9d-4be0-b61d-88f71dcbbcf6,,,[{'resourceId': 'abf07818-22b2-4d57-a13f-076430f3595c'}]
24543,04f09eed-bc9d-4be0-b61d-88f71dcbbcf6,,,[{'resourceId': 'b5a77b69-ef31-45b2-8880-2e147b0367e6'}]
24544,defa59fa-561c-4231-810d-d8de3ee642e8,,,[{'resourceId': 'dcad4e0b-e660-45a7-82ac-02d274890b69'}]
24544,defa59fa-561c-4231-810d-d8de3ee642e8,,,[{'resourceId': '5e208823-daf1-4c24-9eef-8c416bb8b241'}]
24545,b57b2aad-423d-443f-973e-64ea60b8cffb,,,[{'resourceId': '6db335df-3f6c-4d43-b95b-ae7c96ad318e'}]
24545,b57b2aad-423d-443f-973e-64ea60b8cffb,,,[{'resourceId': '754894f5-af4a-4f39-b0fb-fa7c546207e3'}]
24546,0af0667b-7877-4176-abba-0d28e83bb3c3,,,[{'resourceId': '563288d8-efe6-46fd-8b70-9c443e339c41'}]
24546,0af0667b-7877-4176-abba-0d28e83bb3c3,,,[{'resourceId': '4f7a073b-5551-4233-9f01-5ddd8991e3f2'}]
24547,eed1529b-0217-4138-8ba9-ff5a68e7993c,,,[{'resourceId': '6d080d9a-7d84-469a-9b4d-72f54c7b217b'}]
24548,b6ae1640-32d8-4ec9-b5a5-c3d5bcef1d85,,,[{'resourceId': '269574ec-063b-46b8-b8a9-74b48274ff06'}]
24548,b6ae1640-32d8-4ec9-b5a5-c3d5bcef1d85,,,[{'resourceId': '7f19ec94-bcd1-49c0-8451-1b69d267559a'}]
24549,c1ce18d8-e8f5-43fc-a7f9-553620814d10,,,[{'resourceId': 'e65be042-d37d-4aef-929f-f5d11c137da7'}]
24550,80457a1b-22dc-4bc6-844a-c9c26a24e131,,,[{'resourceId': '4cf226b9-b665-414a-863a-cd95006a7819'}]
24550,80457a1b-22dc-4bc6-844a-c9c26a24e131,,,[{'resourceId': '2572e1d7-8a62-4ccd-a0c3-2e6f4e508c1b'}]
24551,9fde1242-17e0-4b08-9aab-cb56c107924e,,,[{'resourceId': 'cbff4beb-4d5f-4935-8be8-9e4d6ae116dc'}]
24551,9fde1242-17e0-4b08-9aab-cb56c107924e,,,[{'resourceId': 'b642d3b4-1f30-4f3f-8e5b-936cc9def585'}]
24552,1f661f3f-157a-4e83-8ca8-43dadb29fa17,,,[{'resourceId': 'c8c05479-0cdd-4c48-9360-f417e3b79d8d'}]
24553,e27add7f-8380-44a3-a492-242a819482b8,,,[{'resourceId': 'c1b002f5-46e6-4d49-a0af-d7645734d4e5'}]
24553,e27add7f-8380-44a3-a492-242a819482b8,,,[{'resourceId': '8428ead4-29e9-4a64-9128-e0f58c165c08'}]
24554,b4bd7499-b467-4f8a-8ce0-4d2654aabff0,,,[{'resourceId': '37e47d1a-72be-42be-bd0f-ca2373011fbb'}]
24554,b4bd7499-b467-4f8a-8ce0-4d2654aabff0,,,[{'resourceId': 'b7348bab-5c1e-40cf-b5a1-39f8ef5dbebe'}]
24555,9f02031a-e96d-4cac-9979-d481bcd15da2,,,[{'resourceId': '0657f939-188f-4093-8f11-ba65b7c6deb1'}]
24555,9f02031a-e96d-4cac-9979-d481bcd15da2,,,[{'resourceId': 'bf13e400-ebde-43aa-b0a9-1c04c2e2b725'}]
24556,c1a47f86-f01b-4634-93e8-37ddafad5c65,,,[{'resourceId': 'c5ba68d7-5619-4111-9151-88e280ae6f79'}]
24556,c1a47f86-f01b-4634-93e8-37ddafad5c65,,,[{'resourceId': '353b8a1f-6014-41e4-8b64-352258d49469'}]
24557,8459ab6b-7e0b-4d08-80ba-08fbc76a39c4,,,[{'resourceId': '038f77d2-a242-4eff-9842-00feb16a0b2b'}]
24557,8459ab6b-7e0b-4d08-80ba-08fbc76a39c4,,,[{'resourceId': 'f024050c-e0f7-4f60-987a-ec3ff750a34c'}]
24558,195420c5-99b1-47e1-9857-2e9b89ec4ac8,,,[{'resourceId': '3e57fa70-dc83-4eae-97e3-7984915bcdca'}]
24558,195420c5-99b1-47e1-9857-2e9b89ec4ac8,,,[{'resourceId': '7bae2620-0b9a-405d-8257-566c1600edfa'}]
24559,3e57fa70-dc83-4eae-97e3-7984915bcdca,,,[{'resourceId': '7862657b-6be8-4b88-b137-8748dc0e5495'}]
24560,402f3aa5-3477-4bad-8409-95c5a7ba5c66,,,[{'resourceId': '88d229a1-97e9-4e47-b698-235ea92fd8d3'}]
24560,402f3aa5-3477-4bad-8409-95c5a7ba5c66,,,[{'resourceId': 'bf7c26d3-f5f7-44ad-a712-ca6c7e9aa11b'}]
24561,91840a57-c80a-4d7d-bf57-0e6c037b5ac6,,,[{'resourceId': '014ae0aa-db22-4ef2-b76f-91dc7778be3f'}]
24562,17f48bbd-f42d-4741-bff2-9907da8a209d,,,[{'resourceId': '39695fac-9ce5-402d-a1d7-1d65ae430125'}]
24562,17f48bbd-f42d-4741-bff2-9907da8a209d,,,[{'resourceId': '4990db49-1500-47dd-8a97-0e86573ec128'}]
24563,01351aa5-d6cd-485d-b0d5-b7f5b780d7b9,,,[{'resourceId': 'b52a12f8-55a4-4bed-9b4d-4de92d6fef31'}]
24563,01351aa5-d6cd-485d-b0d5-b7f5b780d7b9,,,[{'resourceId': 'e307f82d-46b1-42a4-9cda-ba6c767d10da'}]
24564,adc71448-33fa-4807-a9e8-91f5187d55f8,,,[{'resourceId': '1f6533e3-5f0c-4c57-b5e3-71cd90f07497'}]
24564,adc71448-33fa-4807-a9e8-91f5187d55f8,,,[{'resourceId': '54f985fb-0109-45b9-965e-7a1f40ea89e9'}]
24565,d56176c0-0836-4313-8ad9-69d0e445f634,,,[{'resourceId': '203b7eb3-503c-40ce-9a31-fdf7bd1d1319'}]
24565,d56176c0-0836-4313-8ad9-69d0e445f634,,,[{'resourceId': 'ce4daa60-c1d0-4255-a430-963e76aa214a'}]
24566,3499914f-6d43-4dae-ac9c-88ba83d2c677,,,[{'resourceId': '119035c6-45fe-4fda-90cd-660d1e31d54b'}]
24566,3499914f-6d43-4dae-ac9c-88ba83d2c677,,,[{'resourceId': 'ca9bed30-38cd-462e-b4e4-33b0b96757d8'}]
24567,c6ca4246-8a1a-4637-af1a-1f3d085affbf,,,[{'resourceId': 'fe377dc2-4a59-43ba-9fc7-6b63563ce558'}]
24567,c6ca4246-8a1a-4637-af1a-1f3d085affbf,,,[{'resourceId': 'e3a5cdb7-a9c4-4068-b45b-1e0011b92a7e'}]
24568,2a50035a-6a23-49f1-8b8e-30e54373cd91,,,[{'resourceId': 'abf07818-22b2-4d57-a13f-076430f3595c'}]
24568,2a50035a-6a23-49f1-8b8e-30e54373cd91,,,[{'resourceId': 'b5a77b69-ef31-45b2-8880-2e147b0367e6'}]
24569,caa7ccc9-fa87-4a2c-be0c-f9c39949ad19,,,[{'resourceId': '8d49c1e6-14f0-41c7-92b9-4d03f8d4aef1'}]
24569,caa7ccc9-fa87-4a2c-be0c-f9c39949ad19,,,[{'resourceId': 'f76b4228-f4ce-4073-9a2d-ae944476170f'}]
24570,25d0553b-aa21-453d-a280-c899b76e6b53,,,[{'resourceId': '6db335df-3f6c-4d43-b95b-ae7c96ad318e'}]
24570,25d0553b-aa21-453d-a280-c899b76e6b53,,,[{'resourceId': '754894f5-af4a-4f39-b0fb-fa7c546207e3'}]
24571,4f7a073b-5551-4233-9f01-5ddd8991e3f2,,,[{'resourceId': '2c63eeda-fefa-4416-a57e-4f484f27d236'}]
24571,4f7a073b-5551-4233-9f01-5ddd8991e3f2,,,[{'resourceId': '3d758821-0ec2-4690-85ff-17af0d014510'}]
24572,fbbd9140-beaf-4d96-b883-ef89f2598520,,,[{'resourceId': '0af0667b-7877-4176-abba-0d28e83bb3c3'}]
24572,fbbd9140-beaf-4d96-b883-ef89f2598520,,,[{'resourceId': 'faffebcb-1164-43b0-8c1b-4943cfc1e81b'}]
24573,ae5172b7-8931-41e2-bfe5-a34cca6b2a64,,,[{'resourceId': '58f79ed5-51bb-4889-ad95-3de5505d3618'}]
24573,ae5172b7-8931-41e2-bfe5-a34cca6b2a64,,,[{'resourceId': 'c7ebdb5c-5500-4f0a-8b31-a101c269b295'}]
24574,1e792ee6-6c78-4a1d-8313-d81bacd4ec9f,,,[{'resourceId': 'c9e9aa7c-2d99-4374-9ee3-74e6067b7c0f'}]
24574,1e792ee6-6c78-4a1d-8313-d81bacd4ec9f,,,[{'resourceId': '04dbe16b-76fd-48f5-9212-4f48efe6eba1'}]
24575,0f79d385-04b1-407b-8620-49965f384124,,,[{'resourceId': '8444dccc-0a5e-4422-94f5-ece4f920a53e'}]
24576,2ac7882e-f240-40ea-8bcd-4550fa9746fc,,,[{'resourceId': '2fc6f5fb-23dc-4b1d-9eb4-46701fbdd8ff'}]
24576,2ac7882e-f240-40ea-8bcd-4550fa9746fc,,,[{'resourceId': '271ffab6-aa40-465c-8e23-93203f11a771'}]
24577,4b190f35-f38f-4ca4-b64b-4ca528cf753e,,,[{'resourceId': '69b671d4-1374-4a0f-82da-e6d2863ad91f'}]
24577,4b190f35-f38f-4ca4-b64b-4ca528cf753e,,,[{'resourceId': '0565e26c-5e2e-41d0-ae69-e03f5f843635'}]
24578,f5dbbb05-b04b-474a-bd60-cf5508227726,,,[{'resourceId': '2552b322-281d-41e7-ac4c-211f4c9b58c0'}]
24578,f5dbbb05-b04b-474a-bd60-cf5508227726,,,[{'resourceId': '05f541cd-5e61-415e-8166-8bae6d59a44e'}]
24579,1c5dad2f-4283-444d-b841-7925d7da76f5,,,[{'resourceId': 'f447cf9f-24c6-410f-9b9f-0b65661e0af8'}]
24579,1c5dad2f-4283-444d-b841-7925d7da76f5,,,[{'resourceId': '3a860bce-7a1b-4877-9895-00a02a2cb8c7'}]
24580,fb895856-6716-4ed6-953f-1489cacda0fa,,,[{'resourceId': '3963b642-9cfd-47f1-9a7a-9a8fa79edfbf'}]
24580,fb895856-6716-4ed6-953f-1489cacda0fa,,,[{'resourceId': '4215c9ee-97e1-42bf-9111-5d061ce64770'}]
24581,8cf89211-bb51-4740-9372-9932d0149883,,,[{'resourceId': '4cf226b9-b665-414a-863a-cd95006a7819'}]
24581,8cf89211-bb51-4740-9372-9932d0149883,,,[{'resourceId': '2572e1d7-8a62-4ccd-a0c3-2e6f4e508c1b'}]
24582,cbc27c1c-0a84-4de3-9b70-7158f08c88c0,,,[{'resourceId': '476323a6-8a14-49c1-88c1-56cb453d4487'}]
24582,cbc27c1c-0a84-4de3-9b70-7158f08c88c0,,,[{'resourceId': 'b7cffb20-684b-4c62-8c70-4f4e314cc716'}]
24583,f12f21cd-30f5-4251-bf29-4c1c45a3e840,,,[{'resourceId': '3f38c4cd-f982-42a1-bbd2-6f511c2e228c'}]
24583,f12f21cd-30f5-4251-bf29-4c1c45a3e840,,,[{'resourceId': 'e2df4018-7bff-4757-a66b-7f88e837f5d9'}]
24584,aae5bd59-ed04-46c4-8aec-44c85b6d820e,,,[{'resourceId': 'e695fd9f-7a32-43c7-8717-731ebe4124dc'}]
24584,aae5bd59-ed04-46c4-8aec-44c85b6d820e,,,[{'resourceId': '8b96c638-79de-44a6-b0c6-cd3576b25630'}]
24585,f4ce9770-2431-4f40-8a2f-3cae3fb939af,,,[{'resourceId': '09066f8e-a1b4-42da-95b2-82ccfe3835db'}]
24585,f4ce9770-2431-4f40-8a2f-3cae3fb939af,,,[{'resourceId': 'ab1094a8-d2e3-47d4-8e02-e38035704911'}]
24586,4364d55b-99d6-4b5b-a9d7-f1dd97f4cd4c,,,[{'resourceId': 'c5ba68d7-5619-4111-9151-88e280ae6f79'}]
24586,4364d55b-99d6-4b5b-a9d7-f1dd97f4cd4c,,,[{'resourceId': '353b8a1f-6014-41e4-8b64-352258d49469'}]
24587,1c15ff47-9e4a-4e5d-92b7-bcec7cbe1cb5,,,[{'resourceId': '8ced19aa-bae2-417d-a6ef-b54efc2bcc20'}]
24587,1c15ff47-9e4a-4e5d-92b7-bcec7cbe1cb5,,,[{'resourceId': '8f48bf00-491a-411e-9db5-80f02f9d552c'}]
24588,1e45cc85-b3bd-48ad-8436-7beb2c507c74,,,[{'resourceId': '922e0f97-6693-4dfe-8ebc-7a0f520c69e2'}]
24588,1e45cc85-b3bd-48ad-8436-7beb2c507c74,,,[{'resourceId': '2e2199a0-5895-44b4-a7dd-5a3f9c08c4a3'}]
24589,857ed556-56b2-4505-9e61-e1d358d6c573,,,[{'resourceId': '5ed3ead9-872a-49a6-9798-9eb4797dde4f'}]
24589,857ed556-56b2-4505-9e61-e1d358d6c573,,,[{'resourceId': '44cf8d8d-9c52-43f3-b32f-845604c7c856'}]
24590,68004009-3989-45ab-a0b9-6db4ae372c97,,,[{'resourceId': 'a473981c-5b0d-4424-8c37-246b076b5cec'}]
24590,68004009-3989-45ab-a0b9-6db4ae372c97,,,[{'resourceId': 'd69a75c0-23f3-4ee1-be62-3aed32453797'}]
24591,4a9caed7-6339-4bab-9aa5-dbfbd32e31e9,,,[{'resourceId': '09066f8e-a1b4-42da-95b2-82ccfe3835db'}]
24591,4a9caed7-6339-4bab-9aa5-dbfbd32e31e9,,,[{'resourceId': '2326e60d-58ba-4909-9ccf-33de96600f47'}]
24592,0a28e540-750e-4141-b067-6b918c534d50,,,[{'resourceId': 'ec350a11-882e-4ffe-8058-af0067fad526'}]
24593,90c089d1-791a-46be-acd5-41bc8d1301b3,,,[{'resourceId': '4dcef1af-1870-4bcb-a7a7-a2ff77c47c53'}]
24593,90c089d1-791a-46be-acd5-41bc8d1301b3,,,[{'resourceId': '91840a57-c80a-4d7d-bf57-0e6c037b5ac6'}]
24594,550ca95f-e904-492b-8469-fa488688d7d9,,,[{'resourceId': '806a9714-8c3e-4396-a356-9cea0ff9c8fe'}]
24594,550ca95f-e904-492b-8469-fa488688d7d9,,,[{'resourceId': '5e8f45a4-4143-4438-a5a2-fb1e2ebe4ca3'}]
24595,754894f5-af4a-4f39-b0fb-fa7c546207e3,,,[{'resourceId': '73f8e431-167c-4b3f-9a30-cd2ea7f32391'}]
24595,754894f5-af4a-4f39-b0fb-fa7c546207e3,,,[{'resourceId': 'df6a75ae-5490-49cd-a929-45cb577a7ec0'}]
24596,65d5fe18-52f4-4035-9a77-bc6eb7d01671,,,[{'resourceId': '84c419fc-be6c-40bf-8cc7-b7e1acb8a06d'}]
24596,65d5fe18-52f4-4035-9a77-bc6eb7d01671,,,[{'resourceId': '94a3b295-4321-4860-986e-6c9af1cbf5cf'}]
24597,14fe185b-9796-4188-90fb-b7d626705f2a,,,[{'resourceId': 'ec732cd8-dfa3-4de0-9a05-366c78eb5717'}]
24597,14fe185b-9796-4188-90fb-b7d626705f2a,,,[{'resourceId': '72d211a6-2e45-42e4-aa97-e9cf2b875908'}]
24598,956526ad-9140-425c-9474-9e0f0d2401ed,,,[{'resourceId': 'dfc84124-cfb2-411d-91b4-aec55a9f5688'}]
24598,956526ad-9140-425c-9474-9e0f0d2401ed,,,[{'resourceId': '6da2f159-0706-49ec-9c33-e61683c32db4'}]
24599,333c7e82-ded8-4e17-ba87-455804430f3a,,,
24600,308921a3-6115-48ee-95f4-8afb6b75ac59,,,[{'resourceId': '3f5db476-2a1c-484e-9861-c11f0af70c1b'}]
24600,308921a3-6115-48ee-95f4-8afb6b75ac59,,,[{'resourceId': 'd95b3d2b-dd50-48ce-97a8-59955adfb2bc'}]
24601,9d8eb7bc-b770-4031-8ade-bbd18a15cd0a,,,[{'resourceId': '88d229a1-97e9-4e47-b698-235ea92fd8d3'}]
24601,9d8eb7bc-b770-4031-8ade-bbd18a15cd0a,,,[{'resourceId': 'bf7c26d3-f5f7-44ad-a712-ca6c7e9aa11b'}]
24602,42831905-0824-415b-990b-ec1743169066,,,[{'resourceId': '18125c40-754a-44ef-a29e-a98fa60d7e79'}]
24602,42831905-0824-415b-990b-ec1743169066,,,[{'resourceId': '7a4d02a0-0bed-448e-8e60-c6ff0f8bf7d3'}]
24603,53d60d6a-992c-44fb-a603-74d4f5a1da5b,,,[{'resourceId': '5d13c7bf-cf75-4f89-81c4-46cb1e927c04'}]
24603,53d60d6a-992c-44fb-a603-74d4f5a1da5b,,,[{'resourceId': '24cdd68f-7a48-404f-b233-011d90bea9e5'}]
24604,645c8dc0-18bc-4245-9303-6b20940837d3,,,[{'resourceId': '3c6bd2f6-0da3-4ed7-8017-19bff8b4d649'}]
24604,645c8dc0-18bc-4245-9303-6b20940837d3,,,[{'resourceId': '43c16887-63e0-42d2-ad06-ba7c79a140af'}]
24605,753e8caf-fdf3-4a07-bccf-577eb1d0ebda,,,[{'resourceId': 'cb7e721c-ceb9-472d-8745-a780774d182b'}]
24605,753e8caf-fdf3-4a07-bccf-577eb1d0ebda,,,[{'resourceId': '323f177a-2bf3-4c86-9120-fd883f493288'}]
24606,d6387ae6-9f31-4268-8174-2c397c2147ae,,,[{'resourceId': '14c007a3-fd30-40cc-b1dd-174dd9d7aef8'}]
24606,d6387ae6-9f31-4268-8174-2c397c2147ae,,,[{'resourceId': '039500c1-943a-4095-b467-38d29bc27196'}]
24607,1e77f6a1-90ec-490f-8183-3e0efb843f9c,,,[{'resourceId': '5aba82b9-b3fc-423a-9179-fb52995e7a30'}]
24607,1e77f6a1-90ec-490f-8183-3e0efb843f9c,,,[{'resourceId': 'ff70b892-918c-4889-a815-b87895e89dfe'}]
24608,b6d8a653-8f37-4225-b24f-97e5ed87c2f7,,,[{'resourceId': '33080be5-40fc-43f0-b182-3aaa2a484585'}]
24608,b6d8a653-8f37-4225-b24f-97e5ed87c2f7,,,[{'resourceId': '69821a7b-3cd3-4ceb-9ba8-b6f8422213e2'}]
24609,4f396816-2d8f-4aef-856c-4ee3117e2007,,,[{'resourceId': '6db335df-3f6c-4d43-b95b-ae7c96ad318e'}]
24609,4f396816-2d8f-4aef-856c-4ee3117e2007,,,[{'resourceId': '754894f5-af4a-4f39-b0fb-fa7c546207e3'}]
24610,b338bd6e-6098-40cd-bfd8-1ab8653ac171,,,[{'resourceId': '269574ec-063b-46b8-b8a9-74b48274ff06'}]
24610,b338bd6e-6098-40cd-bfd8-1ab8653ac171,,,[{'resourceId': '7f19ec94-bcd1-49c0-8451-1b69d267559a'}]
24611,7f570e4f-7d10-4375-b684-d63d1d454ad5,,,[{'resourceId': '9ce474cf-76c9-45f3-b6e8-08413fd09ff6'}]
24611,7f570e4f-7d10-4375-b684-d63d1d454ad5,,,[{'resourceId': '617f1182-cd15-4440-b069-14f29f5ac3d7'}]
24612,b0e8f419-2095-44cd-8cf0-49ae5e12fcc6,,,[{'resourceId': '4e5aec85-016a-4c68-9d4d-259dd0333dcf'}]
24612,b0e8f419-2095-44cd-8cf0-49ae5e12fcc6,,,[{'resourceId': 'f521a4dd-62dc-4c61-88c1-d3505c65ab38'}]
24613,0657f939-188f-4093-8f11-ba65b7c6deb1,,,[{'resourceId': '4e6b79bc-d87b-4288-a639-143a02dee20a'}]
24613,0657f939-188f-4093-8f11-ba65b7c6deb1,,,[{'resourceId': 'dc0f85f0-3c95-401a-84dc-29e7fae5ec25'}]
24614,73f8e431-167c-4b3f-9a30-cd2ea7f32391,,,[{'resourceId': '3e57fa70-dc83-4eae-97e3-7984915bcdca'}]
24614,73f8e431-167c-4b3f-9a30-cd2ea7f32391,,,[{'resourceId': '7bae2620-0b9a-405d-8257-566c1600edfa'}]
24615,fbcaea76-92bf-4d8f-b627-acb8a1eaf03b,,,[{'resourceId': '49ef9868-5ddc-4fef-a64f-4031348ce4c6'}]
24615,fbcaea76-92bf-4d8f-b627-acb8a1eaf03b,,,[{'resourceId': '4b3efa15-7d48-4431-bcc3-25ddbbb7ad04'}]
24616,fe812b86-8110-42b9-870f-758b06ec3609,,,[{'resourceId': '5e5a977e-9aef-4cd2-b697-556cbb136aa8'}]
24616,fe812b86-8110-42b9-870f-758b06ec3609,,,[{'resourceId': '693457bf-fe82-40c3-91ac-df1010f87582'}]
24617,ff915d84-4842-4577-9aeb-cf0c02a1db11,,,[{'resourceId': '14c007a3-fd30-40cc-b1dd-174dd9d7aef8'}]
24617,ff915d84-4842-4577-9aeb-cf0c02a1db11,,,[{'resourceId': '039500c1-943a-4095-b467-38d29bc27196'}]
24618,b62f3d56-d130-42c8-817d-246c5cd6c3cc,,,[{'resourceId': '76dc5b66-25d5-4e8d-889d-54c75f9fe3e2'}]
24619,56dca87a-63e6-4d3b-93be-8a9ffd0fda89,,,[{'resourceId': '3219f00e-b96e-4210-99a0-50f2ae47a313'}]
24619,56dca87a-63e6-4d3b-93be-8a9ffd0fda89,,,[{'resourceId': '08247da3-5311-4bd0-9d9a-9be30b6ffd19'}]
24620,22cc1c48-1225-4878-89a2-f1bc55d6225f,,,[{'resourceId': 'f10b1446-eda1-4eb8-8443-7c1cef76d2b8'}]
24620,22cc1c48-1225-4878-89a2-f1bc55d6225f,,,[{'resourceId': 'fadebe02-ff24-43ce-90d4-9ad2d040a377'}]
24621,a5b068a7-3985-403e-af88-262bb426a961,,,[{'resourceId': '18125c40-754a-44ef-a29e-a98fa60d7e79'}]
24621,a5b068a7-3985-403e-af88-262bb426a961,,,[{'resourceId': '7a4d02a0-0bed-448e-8e60-c6ff0f8bf7d3'}]
24622,50873262-1668-4aa0-be63-a1422d5c672a,,,[{'resourceId': '9a32a1b2-4b9b-437c-98cc-5f443baa3552'}]
24623,ff81cf4d-c1fc-4835-9668-05815e7ff564,,,[{'resourceId': '2e85f439-99d1-4d3a-b90b-e518519ee836'}]
24623,ff81cf4d-c1fc-4835-9668-05815e7ff564,,,[{'resourceId': 'f4eac4e8-3bcf-40c7-9718-f0f4b86c69a0'}]
24624,9a32a1b2-4b9b-437c-98cc-5f443baa3552,,,[{'resourceId': '96077fb9-be1c-4ee2-ae71-43b14ae61ffe'}]
24624,9a32a1b2-4b9b-437c-98cc-5f443baa3552,,,[{'resourceId': 'c6614569-e046-4b20-86b8-cb7430bfb61c'}]
24625,1df36f5f-7da2-4bcf-9564-b59194b5ee6d,,,[{'resourceId': 'b8a9881d-664d-4318-8a33-a8ed4087a5ef'}]
24625,1df36f5f-7da2-4bcf-9564-b59194b5ee6d,,,[{'resourceId': 'c9e9aa7c-2d99-4374-9ee3-74e6067b7c0f'}]
24626,1d9ee6d9-3ff6-4097-91e7-3bb10ec6c423,,,[{'resourceId': 'cb7e721c-ceb9-472d-8745-a780774d182b'}]
24626,1d9ee6d9-3ff6-4097-91e7-3bb10ec6c423,,,[{'resourceId': '323f177a-2bf3-4c86-9120-fd883f493288'}]
24627,9ccba744-3cbb-4070-b35c-6f8081afae02,,,[{'resourceId': '37ed2c69-eec8-4a64-8f53-3602c11496ca'}]
24628,41106458-086f-4562-9932-97b27fd380f5,,,[{'resourceId': '8eb1cf8b-3941-4dc4-9746-67aa54e99ced'}]
24628,41106458-086f-4562-9932-97b27fd380f5,,,[{'resourceId': '71dadfd3-dc97-491a-ad5c-9f7bea6c5c8f'}]
24629,488b82c3-1fc9-46b1-a5b6-505170d68cd3,,,[{'resourceId': '22144d54-ccaf-49a6-ac3b-ab5ab57a4ea3'}]
24629,488b82c3-1fc9-46b1-a5b6-505170d68cd3,,,[{'resourceId': 'c521d451-ab9b-4560-b59f-97e45a67b842'}]
24630,3e3a05f9-33f7-42cd-b505-8ebf511014f8,,,[{'resourceId': 'c1b002f5-46e6-4d49-a0af-d7645734d4e5'}]
24630,3e3a05f9-33f7-42cd-b505-8ebf511014f8,,,[{'resourceId': '8428ead4-29e9-4a64-9128-e0f58c165c08'}]
24631,90bc5618-5b3d-4c10-8b74-707391728d0e,,,[{'resourceId': 'abf07818-22b2-4d57-a13f-076430f3595c'}]
24631,90bc5618-5b3d-4c10-8b74-707391728d0e,,,[{'resourceId': 'b5a77b69-ef31-45b2-8880-2e147b0367e6'}]
24632,ba17ef21-db22-4aa7-aa97-169c231947cc,,,[{'resourceId': '63d5fab1-c8b3-46ba-9c1e-5c3b94731e97'}]
24632,ba17ef21-db22-4aa7-aa97-169c231947cc,,,[{'resourceId': 'a0f93e14-f97d-4fac-9d1f-a1b92aa9e70c'}]
24633,308f0501-961d-4a85-8b9a-3d69df029990,,,[{'resourceId': '35590e24-6450-4bcd-ab10-e38d62277bec'}]
24634,073a0452-d0e3-4564-b994-ab08bb46fd8b,,,[{'resourceId': '71ef6995-d100-4c94-a69d-77ab81f4e12b'}]
24634,073a0452-d0e3-4564-b994-ab08bb46fd8b,,,[{'resourceId': '620c1026-7ee5-4b44-9099-f0942ba058c3'}]
24635,b0ebd383-8ee6-4ab0-be56-dfada3837e14,,,[{'resourceId': 'ecd1b449-c46e-4606-9d90-a2ca7959a28d'}]
24635,b0ebd383-8ee6-4ab0-be56-dfada3837e14,,,[{'resourceId': '64d1de39-0034-40b8-b4fa-e23b50749a27'}]
24636,5274ff64-d48b-4d17-a59f-3ec4ef281de3,,,[{'resourceId': 'f447cf9f-24c6-410f-9b9f-0b65661e0af8'}]
24636,5274ff64-d48b-4d17-a59f-3ec4ef281de3,,,[{'resourceId': '3a860bce-7a1b-4877-9895-00a02a2cb8c7'}]
24637,4287041b-7b02-4ea7-bc9d-14fef6c012c7,,,[{'resourceId': '107211aa-e808-4b14-a36d-fb1727a1284e'}]
24637,4287041b-7b02-4ea7-bc9d-14fef6c012c7,,,[{'resourceId': 'a60cb05d-b2af-4e1a-9ca0-8d19e870e0e4'}]
24638,54a00a7a-5857-4052-99a2-cca09346af23,,,[{'resourceId': '207a161c-0485-425d-aaee-d9c9fbbd842d'}]
24638,54a00a7a-5857-4052-99a2-cca09346af23,,,[{'resourceId': 'b642d3b4-1f30-4f3f-8e5b-936cc9def585'}]
24639,454c99e9-cdfd-4c4e-8886-53609a3326d4,,,[{'resourceId': 'f10edddd-52cd-4582-93df-cae58ad2cb4d'}]
24639,454c99e9-cdfd-4c4e-8886-53609a3326d4,,,[{'resourceId': '02e37316-3a4b-435c-a0a9-aa23e0b7c025'}]
24640,ed15024d-b89a-4f6c-b717-75ae193ef816,,,[{'resourceId': 'fefe1ce2-858a-4e47-8fb4-64444ff1642d'}]
24641,9df10f42-18c5-4b7c-8495-19af347d39a6,,,[{'resourceId': '37e47d1a-72be-42be-bd0f-ca2373011fbb'}]
24641,9df10f42-18c5-4b7c-8495-19af347d39a6,,,[{'resourceId': 'b7348bab-5c1e-40cf-b5a1-39f8ef5dbebe'}]
24642,658cf546-7cc9-4511-bae5-96fb4421ae1a,,,[{'resourceId': '6277773f-45f8-48e3-8ccd-8444263a6c9e'}]
24642,658cf546-7cc9-4511-bae5-96fb4421ae1a,,,[{'resourceId': '18cfbddf-3826-4ef7-b367-a04e67cc325d'}]
24643,1badb2a8-fd19-4396-ab8f-a89027df5461,,,[{'resourceId': '2931a1b4-7519-49cd-9b3d-dd2100d1f028'}]
24643,1badb2a8-fd19-4396-ab8f-a89027df5461,,,[{'resourceId': '3918a8ed-3761-4ed7-99a2-6a3f58c999bd'}]
24644,4d25f553-906d-471e-92a2-db4d8b847507,,,[{'resourceId': '63d5fab1-c8b3-46ba-9c1e-5c3b94731e97'}]
24644,4d25f553-906d-471e-92a2-db4d8b847507,,,[{'resourceId': 'a0f93e14-f97d-4fac-9d1f-a1b92aa9e70c'}]
24645,eba72449-ce2d-4d80-a5d7-8af7f98e084a,,,[{'resourceId': '9f02031a-e96d-4cac-9979-d481bcd15da2'}]
24645,eba72449-ce2d-4d80-a5d7-8af7f98e084a,,,[{'resourceId': '05ab32b3-aac9-4695-85eb-80e828a596ff'}]
24646,72d211a6-2e45-42e4-aa97-e9cf2b875908,,,[{'resourceId': '314c8177-969d-4d4e-bc09-4c3e2712f468'}]
24646,72d211a6-2e45-42e4-aa97-e9cf2b875908,,,[{'resourceId': '509c497d-7d14-412d-972d-fdc941cd8cf4'}]
24647,bf20aa3c-4bd2-4e3b-9305-84697b43c180,,,[{'resourceId': '3e99b304-3f0c-42bf-a7fc-09ca188b36a4'}]
24647,bf20aa3c-4bd2-4e3b-9305-84697b43c180,,,[{'resourceId': '8f55493a-9c00-4c0f-aa27-ac542ed6849d'}]
24648,a5f42bcd-fd5c-46d8-ac36-b30fe2b2a6d1,,,[{'resourceId': 'f447cf9f-24c6-410f-9b9f-0b65661e0af8'}]
24648,a5f42bcd-fd5c-46d8-ac36-b30fe2b2a6d1,,,[{'resourceId': '3a860bce-7a1b-4877-9895-00a02a2cb8c7'}]
24649,eabd5f0c-8824-4529-86e9-8585430f30db,,,[{'resourceId': '7bcd861a-b348-49de-aa25-dcad1e172891'}]
24649,eabd5f0c-8824-4529-86e9-8585430f30db,,,[{'resourceId': 'b0f83553-df80-472d-bd62-c5c2dfe14ece'}]
24650,7bc999e0-8907-4849-9227-4b0cbe754be8,,,[{'resourceId': '9a32a1b2-4b9b-437c-98cc-5f443baa3552'}]
24650,7bc999e0-8907-4849-9227-4b0cbe754be8,,,[{'resourceId': '31af271d-9797-4a67-94ec-54c4d823f77c'}]
24651,67aec133-e8f8-4838-a2a2-a4e17d709a8c,,,[{'resourceId': '269574ec-063b-46b8-b8a9-74b48274ff06'}]
24651,67aec133-e8f8-4838-a2a2-a4e17d709a8c,,,[{'resourceId': '7f19ec94-bcd1-49c0-8451-1b69d267559a'}]
24652,22def64e-1fd9-4c3c-99dc-c25534bcdc2d,,,[{'resourceId': '1ee4d293-f09f-4f49-a3c2-b49a484dac2a'}]
24652,22def64e-1fd9-4c3c-99dc-c25534bcdc2d,,,[{'resourceId': '6ea235b1-b1d0-4fb8-992a-42eb337bcac0'}]
24653,43d1e85a-5b3a-490f-be0d-177521081dfb,,,[{'resourceId': '5241eadf-369b-4320-b577-26c7e3d3bf0a'}]
24653,43d1e85a-5b3a-490f-be0d-177521081dfb,,,[{'resourceId': '5ccc6f4e-d50d-4574-a06c-c12a2a2b31fa'}]
24654,acb732e1-76cc-4c86-97b8-3862b75401a8,,,[{'resourceId': 'c9cd3a09-dd07-43da-8a2a-8d0c680162e8'}]
24654,acb732e1-76cc-4c86-97b8-3862b75401a8,,,[{'resourceId': '7bc172b6-8b9d-495a-a19f-e5059d5f4a2b'}]
24655,6a725934-2423-4d40-a8bd-ee0798fab680,,,[{'resourceId': '2e85f439-99d1-4d3a-b90b-e518519ee836'}]
24655,6a725934-2423-4d40-a8bd-ee0798fab680,,,[{'resourceId': 'f4eac4e8-3bcf-40c7-9718-f0f4b86c69a0'}]
24656,a8259712-7c4a-405a-87a7-d962990851ae,,,[{'resourceId': '1925ca9f-7714-46f3-b779-5ce1768d7e63'}]
24656,a8259712-7c4a-405a-87a7-d962990851ae,,,[{'resourceId': '87b283e1-22c7-4b53-9f69-3a60e69ca122'}]
24657,5d92d692-5633-4644-9f3c-d9298fd69e6e,,,[{'resourceId': '7603d0e5-53f1-4b11-ba9a-07db0a9d5d38'}]
24657,5d92d692-5633-4644-9f3c-d9298fd69e6e,,,[{'resourceId': 'c3421ea6-a506-40c5-a394-03b0110ee818'}]
24658,d81e634c-5c11-48de-9163-6228f2d5a6f8,,,[{'resourceId': '6ece5792-cc90-46c0-b9b5-47ba6c696d0e'}]
24658,d81e634c-5c11-48de-9163-6228f2d5a6f8,,,[{'resourceId': '73003734-ec27-43ff-8d6c-9acfb3b49aed'}]
24659,05f541cd-5e61-415e-8166-8bae6d59a44e,,,[{'resourceId': 'd3f903cf-abbe-4282-959f-941569f55dbf'}]
24659,05f541cd-5e61-415e-8166-8bae6d59a44e,,,[{'resourceId': '9fde1242-17e0-4b08-9aab-cb56c107924e'}]
24660,06cc4236-169b-4f9e-851e-8b092a0a63a4,,,[{'resourceId': 'fb04420b-cbaf-411b-9eb1-55ce9428b3c9'}]
24660,06cc4236-169b-4f9e-851e-8b092a0a63a4,,,[{'resourceId': '40c174c0-f989-42bc-855a-6579e47215f5'}]
24661,6ad08751-4a6f-468a-b9ad-83fdb006bac2,,,[{'resourceId': '37ed2c69-eec8-4a64-8f53-3602c11496ca'}]
24662,dfc84124-cfb2-411d-91b4-aec55a9f5688,,,[{'resourceId': '377ddb11-e368-406c-b0f2-2b3f76231969'}]
24663,7b420cef-7ce8-487c-853c-d855b0b65122,,,[{'resourceId': 'cb7e721c-ceb9-472d-8745-a780774d182b'}]
24663,7b420cef-7ce8-487c-853c-d855b0b65122,,,[{'resourceId': '323f177a-2bf3-4c86-9120-fd883f493288'}]
24664,3cd8a9f4-8cd5-4773-b11b-8f0e2fe5da3c,,,[{'resourceId': '5aba82b9-b3fc-423a-9179-fb52995e7a30'}]
24664,3cd8a9f4-8cd5-4773-b11b-8f0e2fe5da3c,,,[{'resourceId': 'ff70b892-918c-4889-a815-b87895e89dfe'}]
24665,0a81a30b-401f-47f7-9994-3b8bec3cbdec,,,[{'resourceId': '8a80ccc0-6449-4e4c-93ad-b1dfa53d5ce5'}]
24665,0a81a30b-401f-47f7-9994-3b8bec3cbdec,,,[{'resourceId': '2cc1be33-1085-403c-b90f-b19e3907c8b4'}]
24666,798146e0-4c98-4d5b-ab93-cec1807fb53f,,,[{'resourceId': '7c08fbfe-e762-419a-b1e1-406d16216421'}]
24666,798146e0-4c98-4d5b-ab93-cec1807fb53f,,,[{'resourceId': '742f255d-2828-4b93-af60-671792739d3e'}]
24667,1bae89a6-80d1-4277-916d-acdaa2c92f2d,,,[{'resourceId': '96662883-d79c-424b-b390-11326d21b724'}]
24668,a8ec4a55-2066-48f8-bf8d-67625bfcd564,,,[{'resourceId': 'b8b98473-484e-4dc0-9e71-333bff03c301'}]
24668,a8ec4a55-2066-48f8-bf8d-67625bfcd564,,,[{'resourceId': 'b4f40d85-0425-46b4-878e-644a92880a02'}]
24669,664be104-4263-44d6-8dbd-4f782f044e88,,,[{'resourceId': '8e2a79c6-e3bb-40d8-9203-7066409ef6a1'}]
24670,ace1d784-b84a-419b-9edc-d50fe6ffae71,,,[{'resourceId': '9f02031a-e96d-4cac-9979-d481bcd15da2'}]
24670,ace1d784-b84a-419b-9edc-d50fe6ffae71,,,[{'resourceId': '05ab32b3-aac9-4695-85eb-80e828a596ff'}]
24671,81ebd061-5854-4647-b149-aac590873645,,,[{'resourceId': '0868a535-57c0-4b94-839f-f8618ba3062d'}]
24671,81ebd061-5854-4647-b149-aac590873645,,,[{'resourceId': 'fe0d3d8a-79db-4770-973e-634061b9ebdf'}]
24672,edf4890c-9ef9-4ddb-9cf9-e8e70413c00f,,,[{'resourceId': 'f447cf9f-24c6-410f-9b9f-0b65661e0af8'}]
24672,edf4890c-9ef9-4ddb-9cf9-e8e70413c00f,,,[{'resourceId': '3a860bce-7a1b-4877-9895-00a02a2cb8c7'}]
24673,54f38eec-7a43-4eb8-8da2-9e934ad65dee,,,[{'resourceId': '04d11860-6929-4227-99e4-23028eb55c61'}]
24673,54f38eec-7a43-4eb8-8da2-9e934ad65dee,,,[{'resourceId': '228bbbf9-cdf4-4cc1-9bf6-c8e857c4c017'}]
24674,242c7a60-e508-487b-83d6-fa482110cbc6,,,[{'resourceId': 'db535961-f6a8-444e-91c0-51ea9b8d8e91'}]
24674,242c7a60-e508-487b-83d6-fa482110cbc6,,,[{'resourceId': 'c23c0cb2-d2f5-46ab-8738-59c89e5a87c6'}]
24675,0dad2a2d-c0ed-429d-ad53-f2a0eac22140,,,[{'resourceId': '704cc0a9-2c65-4872-89c6-b992e42ad33a'}]
24676,038f77d2-a242-4eff-9842-00feb16a0b2b,,,[{'resourceId': '4ab52c60-516e-41d9-a5e0-fab011072296'}]
24677,7acbdb84-7c10-4391-b543-0c83f898350e,,,[{'resourceId': 'a0f34a06-1f43-4b63-ac5e-79b436270367'}]
24677,7acbdb84-7c10-4391-b543-0c83f898350e,,,[{'resourceId': 'd15738f3-4787-41d1-8449-7712fcbf7557'}]
24678,4ae34153-5001-45e3-b445-92805b61eef4,,,[{'resourceId': '2a3cdd24-26c5-481d-85f6-b367634769c5'}]
24678,4ae34153-5001-45e3-b445-92805b61eef4,,,[{'resourceId': 'c02003bf-626e-487f-b1c4-867f54ed716e'}]
24679,2fce458f-43c5-48af-abc0-d0a84b14ab00,,,[{'resourceId': 'ae638262-077d-41f9-b44b-b3d7c3531455'}]
24679,2fce458f-43c5-48af-abc0-d0a84b14ab00,,,[{'resourceId': '889bc9bf-233e-42bc-8468-8d06f6386be8'}]
24680,f46e3088-9f1d-4d0d-a8c0-d00373b46717,,,[{'resourceId': '4d021e68-6528-458d-9302-53fa1cc94fc6'}]
24681,5ec0d26c-a6a7-4fe1-a784-21327a00f57f,,,[{'resourceId': '377ddb11-e368-406c-b0f2-2b3f76231969'}]
24682,0778c911-941e-4b4c-88d7-11111e7e9fd2,,,[{'resourceId': 'b8a9881d-664d-4318-8a33-a8ed4087a5ef'}]
24682,0778c911-941e-4b4c-88d7-11111e7e9fd2,,,[{'resourceId': 'c9e9aa7c-2d99-4374-9ee3-74e6067b7c0f'}]
24683,b380a5a4-9aad-4da8-8db8-29cd2fbb475c,,,[{'resourceId': 'cb47d814-2d20-426d-8117-5459ba179f2e'}]
24684,b7cffb20-684b-4c62-8c70-4f4e314cc716,,,[{'resourceId': '1f6533e3-5f0c-4c57-b5e3-71cd90f07497'}]
24684,b7cffb20-684b-4c62-8c70-4f4e314cc716,,,[{'resourceId': '54f985fb-0109-45b9-965e-7a1f40ea89e9'}]
24685,086fc794-1101-4c1c-91a9-1edcc929e1e0,,,[{'resourceId': '4e2784fd-fd9d-4f8a-94c8-bac3bdba1d09'}]
24685,086fc794-1101-4c1c-91a9-1edcc929e1e0,,,[{'resourceId': 'd022ca07-d7e4-4852-a4f1-9b2cabaf96d3'}]
24686,c9d53203-414e-4c54-ab74-a3e049a961e2,,,[{'resourceId': '69b671d4-1374-4a0f-82da-e6d2863ad91f'}]
24686,c9d53203-414e-4c54-ab74-a3e049a961e2,,,[{'resourceId': '0565e26c-5e2e-41d0-ae69-e03f5f843635'}]
24687,604cecf3-a848-4984-81f9-a205d0cf4ad5,,,[{'resourceId': '31015488-0162-4567-8ffe-eaa17717055d'}]
24687,604cecf3-a848-4984-81f9-a205d0cf4ad5,,,[{'resourceId': 'ae30dd63-e39c-49f2-a12b-ade8ae28c849'}]
24688,e1b0cd1a-b7ab-4803-acb6-02a5338cef08,,,[{'resourceId': '558a5e5f-f493-4035-8017-347865c109d0'}]
24688,e1b0cd1a-b7ab-4803-acb6-02a5338cef08,,,[{'resourceId': '8c96a592-da6a-4285-8f4a-c6f9270cf3e4'}]
24689,99723168-92cf-4e13-9e24-1ed37a09f8bc,,,[{'resourceId': '18125c40-754a-44ef-a29e-a98fa60d7e79'}]
24689,99723168-92cf-4e13-9e24-1ed37a09f8bc,,,[{'resourceId': '7a4d02a0-0bed-448e-8e60-c6ff0f8bf7d3'}]
24690,617f1182-cd15-4440-b069-14f29f5ac3d7,,,[{'resourceId': '5faf00eb-4891-4d7c-b3d3-99d988969347'}]
24690,617f1182-cd15-4440-b069-14f29f5ac3d7,,,[{'resourceId': 'ba308696-ea7a-4f5d-9e44-588a8a17f34c'}]
24691,af65ea0f-5375-4d12-8a70-855adb2d060f,,,[{'resourceId': '6f108413-84c6-4d40-8b75-97d4fe54a766'}]
24691,af65ea0f-5375-4d12-8a70-855adb2d060f,,,[{'resourceId': 'f5d504e7-7dfe-4345-8413-c947e04942a8'}]
24692,1acce25c-3d8e-47e9-9b13-9c672c250f74,,,[{'resourceId': '8e2a79c6-e3bb-40d8-9203-7066409ef6a1'}]
24693,caf4e64f-805c-418f-88a3-c07efc2e293a,,,[{'resourceId': '14c007a3-fd30-40cc-b1dd-174dd9d7aef8'}]
24693,caf4e64f-805c-418f-88a3-c07efc2e293a,,,[{'resourceId': '039500c1-943a-4095-b467-38d29bc27196'}]
24694,4ae2a13c-7a9b-4e80-b4ae-d17a884aa37c,,,[{'resourceId': 'da9aebdf-fa23-422d-a982-af59e39aff95'}]
24694,4ae2a13c-7a9b-4e80-b4ae-d17a884aa37c,,,[{'resourceId': 'e1eb9b72-30b5-4161-8ed3-0b4aca90283e'}]
24695,5a96d92b-ab51-4814-b59d-c50a799880b7,,,[{'resourceId': '8019c711-b480-4f6f-92db-300acc35fa89'}]
24695,5a96d92b-ab51-4814-b59d-c50a799880b7,,,[{'resourceId': 'b6f1d356-2152-4d20-b125-65ba0720228d'}]
24696,a563ab6d-78d8-4efb-99d6-79ddcd8ac2a8,,,[{'resourceId': '55eebbf6-6580-495b-a48f-23d5e2383292'}]
24696,a563ab6d-78d8-4efb-99d6-79ddcd8ac2a8,,,[{'resourceId': '3eb90695-ac06-43b1-ac58-ab99638697a7'}]
24697,a6346138-967f-4cde-bfdd-e197327c9fa9,,,[{'resourceId': '63d5fab1-c8b3-46ba-9c1e-5c3b94731e97'}]
24697,a6346138-967f-4cde-bfdd-e197327c9fa9,,,[{'resourceId': 'a0f93e14-f97d-4fac-9d1f-a1b92aa9e70c'}]
24698,5e208823-daf1-4c24-9eef-8c416bb8b241,,,[{'resourceId': '84c419fc-be6c-40bf-8cc7-b7e1acb8a06d'}]
24698,5e208823-daf1-4c24-9eef-8c416bb8b241,,,[{'resourceId': '94a3b295-4321-4860-986e-6c9af1cbf5cf'}]
24699,4b561e3a-5a51-4c4b-85ed-5784a6a8ffb6,,,[{'resourceId': '5e208823-daf1-4c24-9eef-8c416bb8b241'}]
24699,4b561e3a-5a51-4c4b-85ed-5784a6a8ffb6,,,[{'resourceId': '36efda92-18c3-45b3-9a3b-68e9f87b2d16'}]
24700,577cba5a-842c-4c24-95c0-be9c30510453,,,[{'resourceId': 'b804bdf0-1b09-4cf2-86e7-77a718053ed4'}]
24701,ac1a2f88-002b-44a0-b48b-6454b7a9487d,,,[{'resourceId': '37e47d1a-72be-42be-bd0f-ca2373011fbb'}]
24701,ac1a2f88-002b-44a0-b48b-6454b7a9487d,,,[{'resourceId': 'b7348bab-5c1e-40cf-b5a1-39f8ef5dbebe'}]
24702,c633ffa5-7e31-4ad4-ae55-e39d81dabcab,,,[{'resourceId': '6c0fc125-2e4b-46d5-b74f-f2fdb54954f8'}]
24702,c633ffa5-7e31-4ad4-ae55-e39d81dabcab,,,[{'resourceId': 'fbf215d4-8810-4a70-920d-ce15ce61b6b1'}]
24703,e367eeb4-d5fd-4caf-a15c-91505d92f144,,,[{'resourceId': '02b5abfe-cb81-43a9-be1b-c1e12f0d6a00'}]
24703,e367eeb4-d5fd-4caf-a15c-91505d92f144,,,[{'resourceId': 'cc417d27-a2e1-4826-822f-29818252ac3c'}]
24704,694b961a-4cab-4472-af65-3babd8b8819a,,,[{'resourceId': '9f02031a-e96d-4cac-9979-d481bcd15da2'}]
24704,694b961a-4cab-4472-af65-3babd8b8819a,,,[{'resourceId': '05ab32b3-aac9-4695-85eb-80e828a596ff'}]
24705,a2fcb445-4e9f-43c2-a67b-e5bc4e0e418e,,,[{'resourceId': 'a2abfc4f-e83b-40bb-9e25-021101767ee9'}]
24705,a2fcb445-4e9f-43c2-a67b-e5bc4e0e418e,,,[{'resourceId': 'f80be426-53bd-4a9c-85df-9580bd4dbf20'}]
24706,da00569d-4d98-4978-bbeb-346156bd940a,,,[{'resourceId': '57b56539-ce69-4862-bd8e-e2c8c030053b'}]
24706,da00569d-4d98-4978-bbeb-346156bd940a,,,[{'resourceId': 'af0193ef-e5de-4922-a1c6-51b1b82ced0d'}]
24707,72606ed7-8d16-4cb8-bb9f-5907a2a015cf,,,[{'resourceId': '6d1070e9-f9ea-47fe-9a9e-dbcbd9b2c172'}]
24707,72606ed7-8d16-4cb8-bb9f-5907a2a015cf,,,[{'resourceId': '7db2ea3e-31b5-4781-9fc6-b1b7e54b34c6'}]
24708,ded40bd2-6e3c-4590-911d-ce18cb081bf0,,,[{'resourceId': 'bf54c0a4-db4e-4b4b-a25a-1edb1f2484ea'}]
24708,ded40bd2-6e3c-4590-911d-ce18cb081bf0,,,[{'resourceId': '4453e243-3d81-4487-b7da-bcc4be33a410'}]
24709,e57592a9-b868-4a43-907a-ab7afd040107,,,[{'resourceId': '314c8177-969d-4d4e-bc09-4c3e2712f468'}]
24709,e57592a9-b868-4a43-907a-ab7afd040107,,,[{'resourceId': '509c497d-7d14-412d-972d-fdc941cd8cf4'}]
24710,4f2bc589-4495-456f-90f8-f725870a843c,,,[{'resourceId': 'ebb31085-34ba-4ced-baf1-60423ce9e863'}]
24711,547142db-ca68-4fa9-b9d4-ac12235f1320,,,[{'resourceId': 'ff5b8ebf-5b0d-49ff-aac9-1d68306b0e96'}]
24712,5a4b8ef1-f198-4a8c-927b-58d748ce5ef2,,,[{'resourceId': '02b5abfe-cb81-43a9-be1b-c1e12f0d6a00'}]
24712,5a4b8ef1-f198-4a8c-927b-58d748ce5ef2,,,[{'resourceId': 'cc417d27-a2e1-4826-822f-29818252ac3c'}]
24713,224b113e-b3bf-4dd4-9528-8f3db8b1ba28,,,[{'resourceId': '9f02031a-e96d-4cac-9979-d481bcd15da2'}]
24713,224b113e-b3bf-4dd4-9528-8f3db8b1ba28,,,[{'resourceId': '05ab32b3-aac9-4695-85eb-80e828a596ff'}]
24714,9aeeb9a8-2b5e-483d-8826-ec1788c681d5,,,[{'resourceId': '71ef6995-d100-4c94-a69d-77ab81f4e12b'}]
24714,9aeeb9a8-2b5e-483d-8826-ec1788c681d5,,,[{'resourceId': '620c1026-7ee5-4b44-9099-f0942ba058c3'}]
24715,715ec493-3836-4617-a63f-3cb4f26c824b,,,[{'resourceId': '667d003d-da07-4f51-a385-1eed30194467'}]
24715,715ec493-3836-4617-a63f-3cb4f26c824b,,,[{'resourceId': '32e19400-3fc6-4096-9c52-1b4e5b032e9d'}]
24716,9fba0c96-6ac0-4452-976c-8513bd2931fa,,,[{'resourceId': 'cb322175-cba1-4717-9c9b-6cb020385a6a'}]
24716,9fba0c96-6ac0-4452-976c-8513bd2931fa,,,[{'resourceId': '4b3efa15-7d48-4431-bcc3-25ddbbb7ad04'}]
24717,c4cf969c-7663-4729-8af5-3c708660323c,,,[{'resourceId': '9383f2ac-9ddb-4d66-a574-f3417fdb8aba'}]
24718,1e80462a-8f0a-4262-93db-31aae8914b07,,,[{'resourceId': '028bd9c3-794a-4594-b344-cb62e48e1da4'}]
24718,1e80462a-8f0a-4262-93db-31aae8914b07,,,[{'resourceId': '64b8130f-6215-4891-8fb4-040cb2c533cb'}]
24719,3c6bd2f6-0da3-4ed7-8017-19bff8b4d649,,,[{'resourceId': '753e8caf-fdf3-4a07-bccf-577eb1d0ebda'}]
24720,5010bf47-3668-47be-a008-d28885a6052b,,,[{'resourceId': '8d93d158-cc18-42e2-bd36-b1350414fb18'}]
24720,5010bf47-3668-47be-a008-d28885a6052b,,,[{'resourceId': '645c8dc0-18bc-4245-9303-6b20940837d3'}]
24721,c00a0bc1-9ed8-4354-b5bd-7385fce1dc29,,,[{'resourceId': 'e14adf9c-5053-446f-86fe-cfea406988ca'}]
24721,c00a0bc1-9ed8-4354-b5bd-7385fce1dc29,,,[{'resourceId': '983dee24-73d5-4acc-bc4a-de923e4b627a'}]
24722,6c368341-05c7-4c5a-a288-620806de1336,,,[{'resourceId': '3fc93356-33ed-46af-961a-1d9fb5bde070'}]
24722,6c368341-05c7-4c5a-a288-620806de1336,,,[{'resourceId': '4a8a3a97-2b1a-465e-9132-cefc5a52e7d1'}]
24723,8f60d1bb-8d25-4a0e-8790-2a7397ccaf83,,,[{'resourceId': '1cd8b9ea-99cd-4a23-a6d0-1fc7bb4e089b'}]
24723,8f60d1bb-8d25-4a0e-8790-2a7397ccaf83,,,[{'resourceId': '028825e6-fc74-4c5c-853a-5693d573330e'}]
24724,4c6b89ab-e546-4606-bb42-783ad9aaef1e,,,[{'resourceId': '0868a535-57c0-4b94-839f-f8618ba3062d'}]
24724,4c6b89ab-e546-4606-bb42-783ad9aaef1e,,,[{'resourceId': 'fe0d3d8a-79db-4770-973e-634061b9ebdf'}]
24725,7a0b619b-062e-4510-982f-754d5095d440,,,[{'resourceId': '0af0667b-7877-4176-abba-0d28e83bb3c3'}]
24725,7a0b619b-062e-4510-982f-754d5095d440,,,[{'resourceId': 'faffebcb-1164-43b0-8c1b-4943cfc1e81b'}]
24726,9e7fe2d4-934d-4fe9-8069-2764734ea9c6,,,[{'resourceId': '5ed3ead9-872a-49a6-9798-9eb4797dde4f'}]
24726,9e7fe2d4-934d-4fe9-8069-2764734ea9c6,,,[{'resourceId': '44cf8d8d-9c52-43f3-b32f-845604c7c856'}]
24727,4dd19e2e-c1b5-491d-95fe-ead80d574862,,,[{'resourceId': '4b645bfc-bb9f-4e0d-a64d-6031981f8bfe'}]
24727,4dd19e2e-c1b5-491d-95fe-ead80d574862,,,[{'resourceId': 'f0832368-d4f7-4a89-966a-210144d3bdf3'}]
24728,b2bfc62c-03a0-4f27-b1ee-3fe114a13ae2,,,[{'resourceId': '377ddb11-e368-406c-b0f2-2b3f76231969'}]
24729,6d155aaa-3aed-4d2e-a373-ba352d101bfc,,,[{'resourceId': 'fa7dd5dc-71fe-4ff2-b300-063ce827afa6'}]
24729,6d155aaa-3aed-4d2e-a373-ba352d101bfc,,,[{'resourceId': '7d7b2135-3d0a-4070-92b5-bfbb852804b1'}]
24730,bc162b41-238a-4795-bbe3-6febe61eef33,,,[{'resourceId': '6ccd00f9-ba0a-42b1-9c7f-57cfa24c1b14'}]
24730,bc162b41-238a-4795-bbe3-6febe61eef33,,,[{'resourceId': 'a45f0c5c-ba57-4e1b-b84e-ebada88b70b3'}]
24731,1d9ddf68-2987-4dfb-a419-1f1a442c3d64,,,[{'resourceId': '9d566fef-8296-4d09-81f0-c3e7138708b8'}]
24731,1d9ddf68-2987-4dfb-a419-1f1a442c3d64,,,[{'resourceId': 'b4bd7499-b467-4f8a-8ce0-4d2654aabff0'}]
24732,9a89cab2-1cea-4992-96d4-27a442f8ebbb,,,[{'resourceId': 'a1441c85-3b60-47f5-8eef-04f6a00e788c'}]
24732,9a89cab2-1cea-4992-96d4-27a442f8ebbb,,,[{'resourceId': 'a49e734c-4947-4e15-bc27-276bb349c30a'}]
24733,53c7f66b-2f90-445a-b756-10dd35da0efc,,,[{'resourceId': 'cad802cb-6d3d-4393-abdd-1bfae94155f8'}]
24733,53c7f66b-2f90-445a-b756-10dd35da0efc,,,[{'resourceId': 'f04128ca-f33d-4c1b-94fb-14bb23a3c8c2'}]
24734,6d1070e9-f9ea-47fe-9a9e-dbcbd9b2c172,,,[{'resourceId': '4e6b79bc-d87b-4288-a639-143a02dee20a'}]
24734,6d1070e9-f9ea-47fe-9a9e-dbcbd9b2c172,,,[{'resourceId': '0818d587-9bf5-487a-9035-7cc389b6a012'}]
24735,91985e02-72ee-4c59-99a9-fa6482f465c6,,,[{'resourceId': 'cf9e5c47-bb66-40ea-8645-931941545738'}]
24735,91985e02-72ee-4c59-99a9-fa6482f465c6,,,[{'resourceId': 'cd7b1554-f53c-4395-b14f-a36688425865'}]
24736,819ebd60-e24c-4cf0-8d2e-527e82407916,,,[{'resourceId': '6db335df-3f6c-4d43-b95b-ae7c96ad318e'}]
24736,819ebd60-e24c-4cf0-8d2e-527e82407916,,,[{'resourceId': '754894f5-af4a-4f39-b0fb-fa7c546207e3'}]
24737,0b94436b-6637-4a8c-a5f7-14fa70e0b82e,,,[{'resourceId': 'c757d7d0-cbef-4815-944f-8e5f2ec18897'}]
24737,0b94436b-6637-4a8c-a5f7-14fa70e0b82e,,,[{'resourceId': 'd1eff42c-40d8-464a-863a-beae10bac0b2'}]
24738,8dd77db0-bd4c-4b7a-adae-6cf572a35732,,,[{'resourceId': '8444dccc-0a5e-4422-94f5-ece4f920a53e'}]
24739,1721fba4-25ce-4aee-beae-a7377529a8c0,,,[{'resourceId': '2552b322-281d-41e7-ac4c-211f4c9b58c0'}]
24739,1721fba4-25ce-4aee-beae-a7377529a8c0,,,[{'resourceId': '05f541cd-5e61-415e-8166-8bae6d59a44e'}]
24740,262a36f1-1313-4c4a-b763-020da443ba37,,,[{'resourceId': '377ddb11-e368-406c-b0f2-2b3f76231969'}]
24741,311e37d4-eeb4-4e63-9bc5-b719c03b1f89,,,[{'resourceId': '558a5e5f-f493-4035-8017-347865c109d0'}]
24741,311e37d4-eeb4-4e63-9bc5-b719c03b1f89,,,[{'resourceId': '8c96a592-da6a-4285-8f4a-c6f9270cf3e4'}]
24742,c678b228-d61b-401a-9efd-c911f86f7be8,,,[{'resourceId': '99723168-92cf-4e13-9e24-1ed37a09f8bc'}]
24742,c678b228-d61b-401a-9efd-c911f86f7be8,,,[{'resourceId': '6f2a7a97-912a-42f0-958f-3b6a14280836'}]
24743,5594f1b7-5fee-40fa-bbb6-785db7be8fb2,,,[{'resourceId': '2bef7b36-045e-45be-93fb-dab6950a4f24'}]
24743,5594f1b7-5fee-40fa-bbb6-785db7be8fb2,,,[{'resourceId': '76fd97e1-3587-4c0a-811a-ad55de57cf29'}]
24744,58482074-3e4c-45a7-872e-3138238c0896,,,[{'resourceId': '6ea235b1-b1d0-4fb8-992a-42eb337bcac0'}]
24745,3b9b92b9-0d16-40cc-b85d-44219ee2f9db,,,[{'resourceId': '24fc42e2-d7f1-42fa-a30b-a4fd311f1416'}]
24745,3b9b92b9-0d16-40cc-b85d-44219ee2f9db,,,[{'resourceId': '29f46975-756a-4af8-8f30-6dde99c111b9'}]
24746,7b047f84-0b6a-4488-b823-58b94ffeb417,,,[{'resourceId': '140dd6e4-9ccb-4582-bae6-2813b2473be6'}]
24746,7b047f84-0b6a-4488-b823-58b94ffeb417,,,[{'resourceId': '1311bb60-1a88-4106-a9d7-5cb2b5fe115e'}]
24747,829cf100-dd8d-42d1-bce3-179a2cf67b4e,,,[{'resourceId': '76dc5b66-25d5-4e8d-889d-54c75f9fe3e2'}]
24748,b4a18ab3-2615-48ac-ac44-6a80d7ee72b2,,,[{'resourceId': '134035b1-8543-44e6-b26e-65a78078b0f5'}]
24748,b4a18ab3-2615-48ac-ac44-6a80d7ee72b2,,,[{'resourceId': '8153b173-e170-4073-858d-6bff489e96bb'}]
24749,f75a14af-9e32-4e8a-8029-0615033fc37f,,,[{'resourceId': '4d021e68-6528-458d-9302-53fa1cc94fc6'}]
24750,0b0d213c-6bb2-4c46-a633-4fd6765ef39f,,,[{'resourceId': '028bd9c3-794a-4594-b344-cb62e48e1da4'}]
24750,0b0d213c-6bb2-4c46-a633-4fd6765ef39f,,,[{'resourceId': '64b8130f-6215-4891-8fb4-040cb2c533cb'}]
24751,0ac258db-7013-474c-a04f-a087fe269ce1,,,[{'resourceId': '14c007a3-fd30-40cc-b1dd-174dd9d7aef8'}]
24751,0ac258db-7013-474c-a04f-a087fe269ce1,,,[{'resourceId': '039500c1-943a-4095-b467-38d29bc27196'}]
24752,059a037f-70ac-4464-b1e2-c3ca84681f10,,,[{'resourceId': '37ed2c69-eec8-4a64-8f53-3602c11496ca'}]
24753,5a8221e0-903d-4c32-abce-a87b5bd897ec,,,[{'resourceId': '40223876-8612-4d05-9202-296385ff12e7'}]
24753,5a8221e0-903d-4c32-abce-a87b5bd897ec,,,[{'resourceId': 'fb844a13-42fb-43c8-ad5b-e45026972d4e'}]
24754,4e2784fd-fd9d-4f8a-94c8-bac3bdba1d09,,,[{'resourceId': '9ce474cf-76c9-45f3-b6e8-08413fd09ff6'}]
24754,4e2784fd-fd9d-4f8a-94c8-bac3bdba1d09,,,[{'resourceId': '617f1182-cd15-4440-b069-14f29f5ac3d7'}]
24755,a1441c85-3b60-47f5-8eef-04f6a00e788c,,,[{'resourceId': '753e8caf-fdf3-4a07-bccf-577eb1d0ebda'}]
24756,4b645bfc-bb9f-4e0d-a64d-6031981f8bfe,,,[{'resourceId': 'b7fc6562-469b-4a15-9303-5c70160ec4e1'}]
24756,4b645bfc-bb9f-4e0d-a64d-6031981f8bfe,,,[{'resourceId': '1a28a0f5-7f19-41e8-9e1c-6ac09c9cf25a'}]
24757,f6b27bf9-9a99-4216-8fad-efb3f8434a6b,,,[{'resourceId': '634c1926-b402-42e8-8250-5589985dd00a'}]
24758,53b4868f-53ab-4511-8125-cf7d77c4a7c7,,,[{'resourceId': '622e5065-5ae7-4ed5-b129-281bf2de0bde'}]
24758,53b4868f-53ab-4511-8125-cf7d77c4a7c7,,,[{'resourceId': 'a5f9cc83-b9e6-4b09-8047-2018ce8ff283'}]
24759,8035f718-81a8-439d-a417-9cc7696c705d,,,[{'resourceId': '6d080d9a-7d84-469a-9b4d-72f54c7b217b'}]
24760,e0368688-2028-42ec-8e9a-b50ce6106656,,,[{'resourceId': 'fb04420b-cbaf-411b-9eb1-55ce9428b3c9'}]
24760,e0368688-2028-42ec-8e9a-b50ce6106656,,,[{'resourceId': '40c174c0-f989-42bc-855a-6579e47215f5'}]
24761,7d19e5b6-be90-4642-ab11-d1d169641b0d,,,[{'resourceId': 'adf741f3-89df-4728-881a-437e5d60a83b'}]
24761,7d19e5b6-be90-4642-ab11-d1d169641b0d,,,[{'resourceId': '9ff8a659-e050-4e61-8d7b-8e6fe52a85b9'}]
24762,2d41530a-5cc7-4898-85e9-67e7d3c513f3,,,[{'resourceId': '6ccd00f9-ba0a-42b1-9c7f-57cfa24c1b14'}]
24762,2d41530a-5cc7-4898-85e9-67e7d3c513f3,,,[{'resourceId': 'a45f0c5c-ba57-4e1b-b84e-ebada88b70b3'}]
24763,82278ea5-2d98-4fcb-affb-0ee4eaff59fb,,,[{'resourceId': '2931a1b4-7519-49cd-9b3d-dd2100d1f028'}]
24763,82278ea5-2d98-4fcb-affb-0ee4eaff59fb,,,[{'resourceId': '3918a8ed-3761-4ed7-99a2-6a3f58c999bd'}]
24764,7646c30f-224d-4d75-969e-effe58acc3a7,,,[{'resourceId': '087b4932-fed1-4ef7-9500-0c8182edd1cc'}]
24764,7646c30f-224d-4d75-969e-effe58acc3a7,,,[{'resourceId': '1fe75e5e-4a72-4c92-b0c6-c84d5050877c'}]
24765,a1745939-f17c-4d8a-be74-16fccbe94f94,,,[{'resourceId': '8d93d158-cc18-42e2-bd36-b1350414fb18'}]
24765,a1745939-f17c-4d8a-be74-16fccbe94f94,,,[{'resourceId': '645c8dc0-18bc-4245-9303-6b20940837d3'}]
24766,23d2651c-3828-49fa-9d24-916524c66542,,,[{'resourceId': '7627597b-e671-4c63-bb39-7c481fffdf07'}]
24766,23d2651c-3828-49fa-9d24-916524c66542,,,[{'resourceId': 'df1c45f9-9ea6-406d-a8ff-1ab5bb01e79a'}]
24767,3f541ab7-1a39-407b-84b0-b4dbb24c7e0a,,,[{'resourceId': '9dc5715a-7d08-4edb-89fe-45910f31c243'}]
24768,d3f7d60e-f238-4634-8915-5f730729a917,,,[{'resourceId': 'c2ea2eda-53d4-47c4-a4f1-5b54e6a89073'}]
24768,d3f7d60e-f238-4634-8915-5f730729a917,,,[{'resourceId': 'b3419592-1402-42ed-a08c-a6365707cac7'}]
24769,b0592a8d-5cc7-455d-a742-f9a4427192e9,,,[{'resourceId': '63d5fab1-c8b3-46ba-9c1e-5c3b94731e97'}]
24769,b0592a8d-5cc7-455d-a742-f9a4427192e9,,,[{'resourceId': 'a0f93e14-f97d-4fac-9d1f-a1b92aa9e70c'}]
24770,60263a82-bb52-4883-a145-0ae554e57b86,,,[{'resourceId': '14c007a3-fd30-40cc-b1dd-174dd9d7aef8'}]
24770,60263a82-bb52-4883-a145-0ae554e57b86,,,[{'resourceId': '039500c1-943a-4095-b467-38d29bc27196'}]
24771,8d9a6a6b-ee6c-460c-8f3e-5c715c49701d,,,[{'resourceId': '742c7ef9-aa77-48cb-92c7-82048dcf5067'}]
24772,1368576c-70cb-4e14-aace-9e6c4ed52ef0,,,[{'resourceId': 'a4a637bd-b46a-43ac-82e5-3a7eedb8bc72'}]
24772,1368576c-70cb-4e14-aace-9e6c4ed52ef0,,,[{'resourceId': 'dcc348c4-49eb-47b9-97c0-9f5d733313e1'}]
24773,ecedf3d0-6224-4297-8131-c31e6fd37ea5,,,[{'resourceId': '1f6533e3-5f0c-4c57-b5e3-71cd90f07497'}]
24773,ecedf3d0-6224-4297-8131-c31e6fd37ea5,,,[{'resourceId': '54f985fb-0109-45b9-965e-7a1f40ea89e9'}]
24774,fe0d3d8a-79db-4770-973e-634061b9ebdf,,,[{'resourceId': 'e5e8cff9-bb7c-4be9-9cab-aa6b84bfe771'}]
24774,fe0d3d8a-79db-4770-973e-634061b9ebdf,,,[{'resourceId': '8a45368e-50b0-4947-ad44-1a9286241b84'}]
24775,abf07818-22b2-4d57-a13f-076430f3595c,,,[{'resourceId': '1cd8b9ea-99cd-4a23-a6d0-1fc7bb4e089b'}]
24775,abf07818-22b2-4d57-a13f-076430f3595c,,,[{'resourceId': '028825e6-fc74-4c5c-853a-5693d573330e'}]
24776,7720ce8d-89d5-475a-882c-21b6c607ec8b,,,[{'resourceId': '1e32a940-c999-43f8-9bf4-bfab93bcf4c4'}]
24776,7720ce8d-89d5-475a-882c-21b6c607ec8b,,,[{'resourceId': 'b73f0afb-cc75-4fd1-a163-9a2edd1614b3'}]
24777,d0fce926-5322-4152-a8ad-e6d2494193d0,,,[{'resourceId': 'bf54c0a4-db4e-4b4b-a25a-1edb1f2484ea'}]
24777,d0fce926-5322-4152-a8ad-e6d2494193d0,,,[{'resourceId': '4453e243-3d81-4487-b7da-bcc4be33a410'}]
24778,a70f3cd4-7a1d-4deb-b767-b3fd1d857bc3,,,[{'resourceId': '2dc5584e-e810-43a7-b8e3-dd97edbd7eae'}]
24778,a70f3cd4-7a1d-4deb-b767-b3fd1d857bc3,,,[{'resourceId': 'cdff68fa-95f4-4e17-ae2a-f6d99ff0fc6b'}]
24779,ea7a1fd1-d187-42f0-b33a-d8183bb8982d,,,[{'resourceId': '78655b92-5326-487f-ad2b-e8614fb6def8'}]
24779,ea7a1fd1-d187-42f0-b33a-d8183bb8982d,,,[{'resourceId': '957ccd19-8136-41a8-9da6-2893e715ee22'}]
24780,39b2b41e-0803-4985-83f2-089d7df03b50,,,[{'resourceId': 'ebdf255a-0e41-4b3a-acce-2b7f95e30ce0'}]
24780,39b2b41e-0803-4985-83f2-089d7df03b50,,,[{'resourceId': 'a2bd8405-d129-46a4-8f98-896d3c6a0323'}]
24781,1d2830db-d300-4632-819f-e8663943c162,,,[{'resourceId': 'cb9ccc03-acf2-4f24-9beb-8218f459d3fd'}]
24781,1d2830db-d300-4632-819f-e8663943c162,,,[{'resourceId': '52bb2afd-118b-4209-a94e-2316b0123dd0'}]
24782,2a0f688b-17a0-4ab5-a370-c30d0bc085e0,,,[{'resourceId': '6694b635-2ab0-452c-8619-4e84efe2ae7f'}]
24782,2a0f688b-17a0-4ab5-a370-c30d0bc085e0,,,[{'resourceId': 'f361464b-873d-4eb1-9f42-66f54dbcbb3c'}]
24783,99205b67-23f6-43ef-b1dd-c4e4864cdbb8,,,[{'resourceId': '96077fb9-be1c-4ee2-ae71-43b14ae61ffe'}]
24783,99205b67-23f6-43ef-b1dd-c4e4864cdbb8,,,[{'resourceId': 'c6614569-e046-4b20-86b8-cb7430bfb61c'}]
24784,4d221220-9914-4f3f-acac-71a755089e63,,,[{'resourceId': 'd732c550-0f91-4be6-942d-841fef6d0b32'}]
24784,4d221220-9914-4f3f-acac-71a755089e63,,,[{'resourceId': 'cc2bc7b0-2492-43ba-bed3-d9c2850109b4'}]
24785,68994ad6-961c-459d-afa2-2767366ed84a,,,[{'resourceId': 'ecd1b449-c46e-4606-9d90-a2ca7959a28d'}]
24785,68994ad6-961c-459d-afa2-2767366ed84a,,,[{'resourceId': '64d1de39-0034-40b8-b4fa-e23b50749a27'}]
24786,8896ddba-292f-45d5-930f-1a9a422e69b5,,,[{'resourceId': '7bcd861a-b348-49de-aa25-dcad1e172891'}]
24786,8896ddba-292f-45d5-930f-1a9a422e69b5,,,[{'resourceId': 'b0f83553-df80-472d-bd62-c5c2dfe14ece'}]
24787,18cfbddf-3826-4ef7-b367-a04e67cc325d,,,[{'resourceId': 'a424676d-970d-496c-b294-9bb4d8b8e46c'}]
24787,18cfbddf-3826-4ef7-b367-a04e67cc325d,,,[{'resourceId': '7b420cef-7ce8-487c-853c-d855b0b65122'}]
24788,699055ea-e9ce-4cbf-87e7-ba444d0f43f6,,,[{'resourceId': 'e30620b4-80b9-4eb3-923c-9678ae7a2aee'}]
24788,699055ea-e9ce-4cbf-87e7-ba444d0f43f6,,,[{'resourceId': 'ecb86666-2282-4f46-9f05-a8cbf9430a39'}]
24789,5320dff1-c321-4496-ab86-9ff931bd0a20,,,[{'resourceId': '3ff707d7-1cd4-4f8c-9784-2e0efc872eb4'}]
24789,5320dff1-c321-4496-ab86-9ff931bd0a20,,,[{'resourceId': 'c84228f3-da99-41ff-909e-bb97e87d0406'}]
24790,d16f5508-fd41-42e7-96a5-224c6e0c4fe4,,,[{'resourceId': 'b2b96b56-fbbe-4f0c-9e6d-7324c9df69df'}]
24790,d16f5508-fd41-42e7-96a5-224c6e0c4fe4,,,[{'resourceId': '4a2d35d0-7f7b-4ce5-8e34-4720b833fb25'}]
24791,b56c9245-62d4-4f56-aae1-e73cec496d76,,,[{'resourceId': '269574ec-063b-46b8-b8a9-74b48274ff06'}]
24791,b56c9245-62d4-4f56-aae1-e73cec496d76,,,[{'resourceId': '7f19ec94-bcd1-49c0-8451-1b69d267559a'}]
24792,1963f136-761a-4269-a637-5c54f67c61b1,,,[{'resourceId': '257599c6-a755-4b6b-8dd0-391e68f6fb5b'}]
24792,1963f136-761a-4269-a637-5c54f67c61b1,,,[{'resourceId': 'c644e9e6-9c19-4842-ada7-6e9bd866f0d4'}]
24793,b1f9f4ec-cf6b-4e02-8540-f184db3deb71,,,[{'resourceId': '53372738-2155-4f11-972f-ade73df97eba'}]
24793,b1f9f4ec-cf6b-4e02-8540-f184db3deb71,,,[{'resourceId': '66c04b26-c1d6-4a20-9cc4-6d3876ffb19b'}]
24794,1572a670-4ca0-4c6e-8b30-680251ca38a3,,,[{'resourceId': '5ed3ead9-872a-49a6-9798-9eb4797dde4f'}]
24794,1572a670-4ca0-4c6e-8b30-680251ca38a3,,,[{'resourceId': '44cf8d8d-9c52-43f3-b32f-845604c7c856'}]
24795,c1c899f9-1e7f-4528-8bb8-07c948e55702,,,[{'resourceId': 'd1d65240-e74c-4bc5-a1bf-7a297cbc9f8e'}]
24795,c1c899f9-1e7f-4528-8bb8-07c948e55702,,,[{'resourceId': '023b6d84-0f0f-435b-8a4c-02233b81d8fd'}]
24796,47549ade-05e4-4236-9494-d07a0d86aee2,,,[{'resourceId': '69b671d4-1374-4a0f-82da-e6d2863ad91f'}]
24796,47549ade-05e4-4236-9494-d07a0d86aee2,,,[{'resourceId': '0565e26c-5e2e-41d0-ae69-e03f5f843635'}]
24797,85961d22-f0b7-486f-a84d-eef0387cd9cf,,,[{'resourceId': 'bc572ea1-6a18-4e9d-8d87-a60bca6c9d09'}]
24797,85961d22-f0b7-486f-a84d-eef0387cd9cf,,,[{'resourceId': '8517f0dc-9505-4f1a-a190-1d563b1490ae'}]
24798,20dd611f-0394-4249-a523-3e66af6b6d0f,,,[{'resourceId': '2552b322-281d-41e7-ac4c-211f4c9b58c0'}]
24798,20dd611f-0394-4249-a523-3e66af6b6d0f,,,[{'resourceId': '05f541cd-5e61-415e-8166-8bae6d59a44e'}]
24799,aaa8dec7-5c5c-4424-a054-23440f38b282,,,[{'resourceId': '5a2f3776-31d8-4cc6-9edf-953e19867958'}]
24799,aaa8dec7-5c5c-4424-a054-23440f38b282,,,[{'resourceId': 'a41e179c-2f86-4e27-bb33-133141d83183'}]
24800,dc6021d5-f926-4182-8b78-6939756b9c54,,,[{'resourceId': 'ecfde847-a327-48ab-bc8e-cd982b22fd80'}]
24800,dc6021d5-f926-4182-8b78-6939756b9c54,,,[{'resourceId': 'b24233d2-e0b4-4700-a7d5-502c1f432d75'}]
24801,d95e41ba-6e07-4254-9d39-9817a57406fb,,,[{'resourceId': 'c9ccf7fd-cabe-443a-a01a-49ebe35a8e4d'}]
24801,d95e41ba-6e07-4254-9d39-9817a57406fb,,,[{'resourceId': '2f63dc1c-c2c6-4087-a494-0f42e66da7d1'}]
24802,8f71eaea-053a-469b-bee2-ed4054531e4f,,,[{'resourceId': '107211aa-e808-4b14-a36d-fb1727a1284e'}]
24802,8f71eaea-053a-469b-bee2-ed4054531e4f,,,[{'resourceId': 'a60cb05d-b2af-4e1a-9ca0-8d19e870e0e4'}]
24803,0be1c613-1083-4773-877b-886d414f3169,,,[{'resourceId': '07a92e65-4222-432b-84d9-0daea191322f'}]
24803,0be1c613-1083-4773-877b-886d414f3169,,,[{'resourceId': '56d7f9d7-bace-4980-9dda-29c6999c25f1'}]
24804,7b1025bf-6d14-42b2-af32-87351cafed0b,,,[{'resourceId': '3c350e78-65b8-4ccf-9f14-3a04ae4a58a3'}]
24804,7b1025bf-6d14-42b2-af32-87351cafed0b,,,[{'resourceId': 'c3d2715b-db44-4727-86d2-fdd9cddf9391'}]
24805,52b111e9-0641-4fff-984b-ca35c7f81ad4,,,[{'resourceId': '4b645bfc-bb9f-4e0d-a64d-6031981f8bfe'}]
24805,52b111e9-0641-4fff-984b-ca35c7f81ad4,,,[{'resourceId': 'f0832368-d4f7-4a89-966a-210144d3bdf3'}]
24806,fb04420b-cbaf-411b-9eb1-55ce9428b3c9,,,[{'resourceId': '6e7cce69-468e-4cb5-9b12-999ca9c9de22'}]
24806,fb04420b-cbaf-411b-9eb1-55ce9428b3c9,,,[{'resourceId': '35590e24-6450-4bcd-ab10-e38d62277bec'}]
24807,f0dd0abb-8f99-4fa7-a97c-75dcf5c2f3e4,,,[{'resourceId': '6cae7248-fee1-421a-baba-4a0bfd2526f6'}]
24807,f0dd0abb-8f99-4fa7-a97c-75dcf5c2f3e4,,,[{'resourceId': 'c8c05479-0cdd-4c48-9360-f417e3b79d8d'}]
24808,127b95b8-d082-4051-8205-d66895bddeaf,,,[{'resourceId': '476323a6-8a14-49c1-88c1-56cb453d4487'}]
24808,127b95b8-d082-4051-8205-d66895bddeaf,,,[{'resourceId': 'b7cffb20-684b-4c62-8c70-4f4e314cc716'}]
24809,acc4e353-4693-4dd9-8570-d34b77df69d2,,,[{'resourceId': 'c741009a-bd66-41c2-9b97-d12c4cc1053e'}]
24809,acc4e353-4693-4dd9-8570-d34b77df69d2,,,[{'resourceId': 'c4f54093-d1c2-4e7e-84ae-adbd06bf1f5c'}]
24810,084450bb-8f90-4a3e-9c0f-fce8fe02dd5e,,,[{'resourceId': '738ecfb9-e519-46b8-b743-8c1daa109c85'}]
24810,084450bb-8f90-4a3e-9c0f-fce8fe02dd5e,,,[{'resourceId': 'b3419592-1402-42ed-a08c-a6365707cac7'}]
24811,7e84c186-9a81-427d-82a4-5d2107b3c3c3,,,[{'resourceId': '057d01e8-2462-45df-8980-cb1d3f5eea3c'}]
24811,7e84c186-9a81-427d-82a4-5d2107b3c3c3,,,[{'resourceId': 'a6934968-a47e-45ac-b0b9-908eb4343b27'}]
24812,b1680adf-35c8-4da0-8b79-06293347f83d,,,[{'resourceId': '58f79ed5-51bb-4889-ad95-3de5505d3618'}]
24812,b1680adf-35c8-4da0-8b79-06293347f83d,,,[{'resourceId': 'c7ebdb5c-5500-4f0a-8b31-a101c269b295'}]
24813,f180161d-4c92-4734-b9df-d1433d3fbda0,,,[{'resourceId': 'c1b002f5-46e6-4d49-a0af-d7645734d4e5'}]
24813,f180161d-4c92-4734-b9df-d1433d3fbda0,,,[{'resourceId': '8428ead4-29e9-4a64-9128-e0f58c165c08'}]
24814,ad908628-1a22-42a0-bd59-4e20eb4be341,,,[{'resourceId': '5163e067-524c-45ad-a311-0f948f694f44'}]
24814,ad908628-1a22-42a0-bd59-4e20eb4be341,,,[{'resourceId': '0a81a30b-401f-47f7-9994-3b8bec3cbdec'}]
24815,07403880-8cb0-4fc8-b080-732c67b3f1ae,,,[{'resourceId': '8eb1cf8b-3941-4dc4-9746-67aa54e99ced'}]
24815,07403880-8cb0-4fc8-b080-732c67b3f1ae,,,[{'resourceId': '71dadfd3-dc97-491a-ad5c-9f7bea6c5c8f'}]
24816,cc2359b7-6cb5-490e-842c-ffc0e318f45e,,,[{'resourceId': '59f80a01-d3c5-46cf-9e74-734443a1a493'}]
24816,cc2359b7-6cb5-490e-842c-ffc0e318f45e,,,[{'resourceId': 'd38db898-243b-477b-9615-61f6898b5243'}]
24817,ae8ef007-d057-4d6f-af19-388d2784a171,,,[{'resourceId': '1c16e949-db54-4f10-a2a0-8222a02f99b1'}]
24817,ae8ef007-d057-4d6f-af19-388d2784a171,,,[{'resourceId': '3f2039d9-b591-4fec-99ca-801e807d3c03'}]
24818,41a4d8a5-8419-4f0f-8787-a42d154c573b,,,[{'resourceId': '2931a1b4-7519-49cd-9b3d-dd2100d1f028'}]
24818,41a4d8a5-8419-4f0f-8787-a42d154c573b,,,[{'resourceId': '3918a8ed-3761-4ed7-99a2-6a3f58c999bd'}]
24819,fc8ff1c2-207d-4f13-81ff-411d339f5538,,,[{'resourceId': '37f1c1ed-2524-468d-9a40-56578e035e02'}]
24819,fc8ff1c2-207d-4f13-81ff-411d339f5538,,,[{'resourceId': '030b42d1-3b50-4830-94da-5d146ba85eed'}]
24820,6c07944a-c835-4f6e-9fe5-4fb7315c6284,,,[{'resourceId': '5faf00eb-4891-4d7c-b3d3-99d988969347'}]
24820,6c07944a-c835-4f6e-9fe5-4fb7315c6284,,,[{'resourceId': 'ba308696-ea7a-4f5d-9e44-588a8a17f34c'}]
24821,9b8c2cb3-3a34-487d-9eb5-d8da4a017a1f,,,[{'resourceId': '3b0f103c-0a17-47a6-aa99-a023c510c1b3'}]
24822,6a6d9bbb-65d0-4fd1-b255-2f33b5ade098,,,[{'resourceId': '087b4932-fed1-4ef7-9500-0c8182edd1cc'}]
24822,6a6d9bbb-65d0-4fd1-b255-2f33b5ade098,,,[{'resourceId': '1fe75e5e-4a72-4c92-b0c6-c84d5050877c'}]
24823,4ded53cd-3460-4147-bc1a-07761142f41d,,,[{'resourceId': '014ae0aa-db22-4ef2-b76f-91dc7778be3f'}]
24824,c25203d1-0c10-4183-855a-a0d8d6c55d77,,,[{'resourceId': '5a7d8ea1-2a3c-43ca-8f70-7661cabfb119'}]
24824,c25203d1-0c10-4183-855a-a0d8d6c55d77,,,[{'resourceId': '18ebcdd2-bc4b-4adc-b0b3-2d5f6c800e63'}]
24825,d7f0b9c2-2160-49b5-960e-f22b3654709d,,,[{'resourceId': '9454ae48-d7d2-409b-b57b-20abb379e900'}]
24825,d7f0b9c2-2160-49b5-960e-f22b3654709d,,,[{'resourceId': 'e209ea61-8df8-40e1-9e1b-8c8868e22afb'}]
24826,40fa16fa-99a2-4c23-ae3c-ef6741543d43,,,[{'resourceId': '3e5f9e0d-849a-4687-8431-37e24a383491'}]
24827,edbe2682-6c2f-4e53-98ff-1f4c7dbca3c4,,,[{'resourceId': 'dac1d753-5296-47f7-9226-dfcef1c70b67'}]
24827,edbe2682-6c2f-4e53-98ff-1f4c7dbca3c4,,,[{'resourceId': '21459f0f-b43f-41fd-bb26-650fd891e6ad'}]
24828,318b58bb-a957-4af4-bd4f-ccd7210fd9c6,,,[{'resourceId': '287c907a-a853-4b8f-aa91-4058793dfd70'}]
24828,318b58bb-a957-4af4-bd4f-ccd7210fd9c6,,,[{'resourceId': '9ceecfb5-45fe-4624-98de-111417fe6d65'}]
24829,54f985fb-0109-45b9-965e-7a1f40ea89e9,,,[{'resourceId': '06744d2d-0980-4490-9453-148e85fafe1e'}]
24830,cf30212f-ab96-4b6f-b51d-90bf5621f59e,,,[{'resourceId': '3c6bd2f6-0da3-4ed7-8017-19bff8b4d649'}]
24830,cf30212f-ab96-4b6f-b51d-90bf5621f59e,,,[{'resourceId': '43c16887-63e0-42d2-ad06-ba7c79a140af'}]
24831,aefa1263-624c-4893-aeab-68be8e195d04,,,[{'resourceId': '4b3efa15-7d48-4431-bcc3-25ddbbb7ad04'}]
24832,d5a2a767-ce17-46fa-9622-5d4afa37f668,,,[{'resourceId': '7627597b-e671-4c63-bb39-7c481fffdf07'}]
24832,d5a2a767-ce17-46fa-9622-5d4afa37f668,,,[{'resourceId': 'df1c45f9-9ea6-406d-a8ff-1ab5bb01e79a'}]
24833,8c160aa6-4a5d-46a4-9ec0-53c463c1a44d,,,[{'resourceId': '09066f8e-a1b4-42da-95b2-82ccfe3835db'}]
24833,8c160aa6-4a5d-46a4-9ec0-53c463c1a44d,,,[{'resourceId': '2326e60d-58ba-4909-9ccf-33de96600f47'}]
24834,4e368bd3-97e9-4573-99ae-33829def32ff,,,[{'resourceId': '6d1070e9-f9ea-47fe-9a9e-dbcbd9b2c172'}]
24834,4e368bd3-97e9-4573-99ae-33829def32ff,,,[{'resourceId': '7db2ea3e-31b5-4781-9fc6-b1b7e54b34c6'}]
24835,203b7eb3-503c-40ce-9a31-fdf7bd1d1319,,,[{'resourceId': 'c70cf9f9-a298-49b3-804b-a4e96939b64c'}]
24835,203b7eb3-503c-40ce-9a31-fdf7bd1d1319,,,[{'resourceId': '413d03f2-0dfb-49a7-b641-4839151643e5'}]
24836,a10cedbe-8846-4ea3-8217-2ed7006be67e,,,[{'resourceId': 'e14f6d14-55c1-46fc-abb1-8a7f8055ee67'}]
24836,a10cedbe-8846-4ea3-8217-2ed7006be67e,,,[{'resourceId': '9707240b-da07-4d83-8690-812fb7a3359b'}]
24837,68c3b92d-0c6d-4142-b07f-f1da51204c7b,,,[{'resourceId': '37ed2c69-eec8-4a64-8f53-3602c11496ca'}]
24838,e71df9e8-70ea-4391-a9cf-e2d679e1b187,,,[{'resourceId': '7627597b-e671-4c63-bb39-7c481fffdf07'}]
24838,e71df9e8-70ea-4391-a9cf-e2d679e1b187,,,[{'resourceId': 'df1c45f9-9ea6-406d-a8ff-1ab5bb01e79a'}]
24839,12b13176-0d70-4fea-8ac9-d142db866871,,,[{'resourceId': 'a424676d-970d-496c-b294-9bb4d8b8e46c'}]
24839,12b13176-0d70-4fea-8ac9-d142db866871,,,[{'resourceId': '7b420cef-7ce8-487c-853c-d855b0b65122'}]
24840,bc03ebc6-2ea3-4c2a-ad2e-032a75fc4da4,,,[{'resourceId': 'cb47d814-2d20-426d-8117-5459ba179f2e'}]
24841,b52a12f8-55a4-4bed-9b4d-4de92d6fef31,,,[{'resourceId': 'fe377dc2-4a59-43ba-9fc7-6b63563ce558'}]
24841,b52a12f8-55a4-4bed-9b4d-4de92d6fef31,,,[{'resourceId': 'e3a5cdb7-a9c4-4068-b45b-1e0011b92a7e'}]
24842,b3419592-1402-42ed-a08c-a6365707cac7,,,[{'resourceId': 'c4251f93-0623-4673-b490-7542ee91340f'}]
24842,b3419592-1402-42ed-a08c-a6365707cac7,,,[{'resourceId': 'aa6a3e5b-e96f-4a73-b9f0-f9863b197b79'}]
24843,ae8cf5c2-1506-42e2-a1c5-6612943b3b64,,,[{'resourceId': '4d6c34e2-2cee-4298-808e-2618f783cd2d'}]
24843,ae8cf5c2-1506-42e2-a1c5-6612943b3b64,,,[{'resourceId': '5bda94c8-8c15-4f10-91b0-d920f301ceee'}]
24844,def91c21-a7b6-4144-92ad-175f5e445a4d,,,[{'resourceId': '33628e9f-7fec-4dc7-be53-48ed2b163914'}]
24845,44cf8d8d-9c52-43f3-b32f-845604c7c856,,,[{'resourceId': '2fc6f5fb-23dc-4b1d-9eb4-46701fbdd8ff'}]
24845,44cf8d8d-9c52-43f3-b32f-845604c7c856,,,[{'resourceId': '271ffab6-aa40-465c-8e23-93203f11a771'}]
24846,567ad44c-64a9-4a1b-9b15-4489e058a51a,,,[{'resourceId': 'c6c8e667-7222-480c-a58f-05af30828978'}]
24847,5007ab05-765a-40e7-8f20-9e250ac59fe3,,,[{'resourceId': '14c007a3-fd30-40cc-b1dd-174dd9d7aef8'}]
24847,5007ab05-765a-40e7-8f20-9e250ac59fe3,,,[{'resourceId': '039500c1-943a-4095-b467-38d29bc27196'}]
24848,2931a1b4-7519-49cd-9b3d-dd2100d1f028,,,[{'resourceId': 'c5a25424-38aa-4724-ad04-30eca9d71dd8'}]
24848,2931a1b4-7519-49cd-9b3d-dd2100d1f028,,,[{'resourceId': '0cc98a14-d151-4683-8e2a-808cc9fb02a0'}]
24849,7db2ea3e-31b5-4781-9fc6-b1b7e54b34c6,,,[{'resourceId': '9b855add-a4bb-4db6-b96c-1b3225677e79'}]
24849,7db2ea3e-31b5-4781-9fc6-b1b7e54b34c6,,,[{'resourceId': '8bff2fda-fcd5-4bee-bdad-a970c5897828'}]
24850,5baa0c1f-56e7-42ae-a7b2-072f3cf18829,,,[{'resourceId': '136d86e1-330a-405e-91a9-ea7305ed7851'}]
24850,5baa0c1f-56e7-42ae-a7b2-072f3cf18829,,,[{'resourceId': '19a2f7b3-6ad6-4bf4-8f7d-0beb7f1fabf3'}]
24851,3549e65a-6403-4d6e-94e1-d8b37a66e9cc,,,[{'resourceId': '3c350e78-65b8-4ccf-9f14-3a04ae4a58a3'}]
24851,3549e65a-6403-4d6e-94e1-d8b37a66e9cc,,,[{'resourceId': 'c3d2715b-db44-4727-86d2-fdd9cddf9391'}]
24852,5dd95f6d-7d22-4000-885f-541e8afccf1e,,,[{'resourceId': '8798fbba-f158-43aa-ab83-f83e4ac6c5e1'}]
24852,5dd95f6d-7d22-4000-885f-541e8afccf1e,,,[{'resourceId': '3f2039d9-b591-4fec-99ca-801e807d3c03'}]
24853,1bf71f6e-2276-446c-ac0a-9497ca5675ab,,,[{'resourceId': 'cb47d814-2d20-426d-8117-5459ba179f2e'}]
24854,59c4d27a-258d-4da9-a139-1e51494e4b91,,,[{'resourceId': '8019c711-b480-4f6f-92db-300acc35fa89'}]
24854,59c4d27a-258d-4da9-a139-1e51494e4b91,,,[{'resourceId': 'b6f1d356-2152-4d20-b125-65ba0720228d'}]
24855,3c00f2ec-7742-4653-ab75-bc07f8dca796,,,[{'resourceId': '02c3c0b4-49c1-49b4-a76e-e83dfff3c7f9'}]
24855,3c00f2ec-7742-4653-ab75-bc07f8dca796,,,[{'resourceId': 'fa8d78ee-ba59-49ac-9c8d-31464802242c'}]
24856,6d312912-5647-4cb9-9af9-5ad010edaacb,,,[{'resourceId': 'abb9d253-bab7-498f-9e74-6d605f8bdd65'}]
24856,6d312912-5647-4cb9-9af9-5ad010edaacb,,,[{'resourceId': '2c670fbc-56fc-4976-87e6-82d51d72a9b3'}]
24857,2c670fbc-56fc-4976-87e6-82d51d72a9b3,,,[{'resourceId': '8e2a79c6-e3bb-40d8-9203-7066409ef6a1'}]
24858,9ea92c61-620d-40b5-9219-ebeb07448692,,,[{'resourceId': '5aba82b9-b3fc-423a-9179-fb52995e7a30'}]
24858,9ea92c61-620d-40b5-9219-ebeb07448692,,,[{'resourceId': 'ff70b892-918c-4889-a815-b87895e89dfe'}]
24859,d4255573-8fd7-4063-b898-ba1c18ab22d3,,,[{'resourceId': '5d6a2d8e-128e-4426-8df8-64c4baa63b09'}]
24859,d4255573-8fd7-4063-b898-ba1c18ab22d3,,,[{'resourceId': '21a199be-1dd1-4cc2-ac70-823ea1c1bb9c'}]
24860,cb7e721c-ceb9-472d-8745-a780774d182b,,,[{'resourceId': '5163e067-524c-45ad-a311-0f948f694f44'}]
24860,cb7e721c-ceb9-472d-8745-a780774d182b,,,[{'resourceId': '0a81a30b-401f-47f7-9994-3b8bec3cbdec'}]
24861,24cdd68f-7a48-404f-b233-011d90bea9e5,,,[{'resourceId': '753e8caf-fdf3-4a07-bccf-577eb1d0ebda'}]
24862,fd13dbf9-f11d-4185-a1f8-f4d797eb872d,,,[{'resourceId': '09066f8e-a1b4-42da-95b2-82ccfe3835db'}]
24862,fd13dbf9-f11d-4185-a1f8-f4d797eb872d,,,[{'resourceId': 'ab1094a8-d2e3-47d4-8e02-e38035704911'}]
24863,e4cfb500-1221-452e-b7a9-0045ec92ef83,,,[{'resourceId': '806a9714-8c3e-4396-a356-9cea0ff9c8fe'}]
24863,e4cfb500-1221-452e-b7a9-0045ec92ef83,,,[{'resourceId': '5e8f45a4-4143-4438-a5a2-fb1e2ebe4ca3'}]
24864,3709e0bf-b2f6-4ed1-8716-fbd3f4ac0d2c,,,[{'resourceId': '62db3d53-61a8-440b-9acc-8758eaa0396e'}]
24864,3709e0bf-b2f6-4ed1-8716-fbd3f4ac0d2c,,,[{'resourceId': '50aba33f-3f24-48b2-9345-c4f4b3decd6b'}]
24865,16fae15a-2b9b-4db8-a9f2-44e3290bdfb4,,,[{'resourceId': '5ed3ead9-872a-49a6-9798-9eb4797dde4f'}]
24865,16fae15a-2b9b-4db8-a9f2-44e3290bdfb4,,,[{'resourceId': '44cf8d8d-9c52-43f3-b32f-845604c7c856'}]
24866,b49ec7fa-6db6-4e1e-8d42-8e7325a30575,,,[{'resourceId': '14ace344-9626-40f3-ab2f-6b420b572f5a'}]
24867,e79da4f5-5e84-4c44-9da4-4cae31c53f57,,,[{'resourceId': 'feb86792-edd8-4feb-8d5f-d5a42fcdfbae'}]
24867,e79da4f5-5e84-4c44-9da4-4cae31c53f57,,,[{'resourceId': '86ec3565-50b7-4a3e-bcf6-4c1d0394ac11'}]
24868,9dac5794-89ac-4522-854b-4722ae8436cb,,,[{'resourceId': '107211aa-e808-4b14-a36d-fb1727a1284e'}]
24868,9dac5794-89ac-4522-854b-4722ae8436cb,,,[{'resourceId': 'a60cb05d-b2af-4e1a-9ca0-8d19e870e0e4'}]
24869,dcc348c4-49eb-47b9-97c0-9f5d733313e1,,,[{'resourceId': '00d60a8e-d7d7-4115-9a93-c1947cc6b069'}]
24869,dcc348c4-49eb-47b9-97c0-9f5d733313e1,,,[{'resourceId': '10c0f47f-825e-4eb0-893a-58b916fe588e'}]
24870,a67456e0-2c4c-4d39-af24-4852879e8272,,,[{'resourceId': 'd3b167dc-1856-4de1-a4f9-46bd5a876565'}]
24870,a67456e0-2c4c-4d39-af24-4852879e8272,,,[{'resourceId': '79c43af4-a822-4c36-9308-7aacd5e7cdec'}]
24871,4d021e68-6528-458d-9302-53fa1cc94fc6,,,[{'resourceId': '3871ad32-4e6c-492e-a1fd-a85d6d747343'}]
24871,4d021e68-6528-458d-9302-53fa1cc94fc6,,,[{'resourceId': '146d9e63-06fa-421a-aba4-3371883b7eff'}]
24872,f931942c-71c7-418b-9699-f8362cd4c875,,,[{'resourceId': '3a9ef725-47c2-458e-97c7-b96099293c25'}]
24873,96662883-d79c-424b-b390-11326d21b724,,,[{'resourceId': '015408dc-f458-4dc3-8d2e-604d9c602d77'}]
24873,96662883-d79c-424b-b390-11326d21b724,,,[{'resourceId': '423d58c9-dc44-4b4a-9519-224edf5269de'}]
24874,c4733b55-53ec-499d-9219-d2ade6e5028f,,,[{'resourceId': '7c08fbfe-e762-419a-b1e1-406d16216421'}]
24874,c4733b55-53ec-499d-9219-d2ade6e5028f,,,[{'resourceId': '742f255d-2828-4b93-af60-671792739d3e'}]
24875,e51bd674-e1f8-4328-b248-e646d0ef304c,,,[{'resourceId': '2a06fbe5-a9ee-4a6c-9004-6ada6c0e8957'}]
24875,e51bd674-e1f8-4328-b248-e646d0ef304c,,,[{'resourceId': '0a755ced-7e64-425a-b868-662cb5dd0780'}]
24876,b4f40d85-0425-46b4-878e-644a92880a02,,,[{'resourceId': '7af52484-e9e1-4d96-a5b4-fa219186c06c'}]
24876,b4f40d85-0425-46b4-878e-644a92880a02,,,[{'resourceId': '250aad66-fc1b-44fe-9553-c5df1d21a808'}]
24877,743da6cc-b96f-4bb5-93bb-7acad119fea3,,,[{'resourceId': '71ef6995-d100-4c94-a69d-77ab81f4e12b'}]
24877,743da6cc-b96f-4bb5-93bb-7acad119fea3,,,[{'resourceId': '620c1026-7ee5-4b44-9099-f0942ba058c3'}]
24878,c8c05479-0cdd-4c48-9360-f417e3b79d8d,,,[{'resourceId': '1f6533e3-5f0c-4c57-b5e3-71cd90f07497'}]
24878,c8c05479-0cdd-4c48-9360-f417e3b79d8d,,,[{'resourceId': '54f985fb-0109-45b9-965e-7a1f40ea89e9'}]
24879,b5a77b69-ef31-45b2-8880-2e147b0367e6,,,[{'resourceId': 'dcad4e0b-e660-45a7-82ac-02d274890b69'}]
24879,b5a77b69-ef31-45b2-8880-2e147b0367e6,,,[{'resourceId': '5e208823-daf1-4c24-9eef-8c416bb8b241'}]
24880,65c8d91a-1ccc-49f6-8474-488fd8f0cd66,,,[{'resourceId': '8d49c1e6-14f0-41c7-92b9-4d03f8d4aef1'}]
24880,65c8d91a-1ccc-49f6-8474-488fd8f0cd66,,,[{'resourceId': 'f76b4228-f4ce-4073-9a2d-ae944476170f'}]
24881,79247ccd-1bd8-4fb1-be69-3988c91b9edc,,,[{'resourceId': 'a9b9a97b-066c-4f41-a674-524c42e5c8fc'}]
24881,79247ccd-1bd8-4fb1-be69-3988c91b9edc,,,[{'resourceId': 'd005b96b-547d-491d-835a-512f4ff9a6e1'}]
24882,d7e16e63-83eb-4a3c-bcb1-f727b0b75095,,,[{'resourceId': '8dc6ac24-99f7-45cd-90e0-e68162c3afff'}]
24882,d7e16e63-83eb-4a3c-bcb1-f727b0b75095,,,[{'resourceId': '1e792ee6-6c78-4a1d-8313-d81bacd4ec9f'}]
24883,69b671d4-1374-4a0f-82da-e6d2863ad91f,,,[{'resourceId': '4e2784fd-fd9d-4f8a-94c8-bac3bdba1d09'}]
24883,69b671d4-1374-4a0f-82da-e6d2863ad91f,,,[{'resourceId': '147aeaa3-8e9d-4486-a097-098dff9f624a'}]
24884,f079d0ac-3112-4eae-8c0c-b31ddfb5b2a0,,,[{'resourceId': '3f5db476-2a1c-484e-9861-c11f0af70c1b'}]
24884,f079d0ac-3112-4eae-8c0c-b31ddfb5b2a0,,,[{'resourceId': 'd95b3d2b-dd50-48ce-97a8-59955adfb2bc'}]
24885,17673802-5664-430f-979d-66b05b0097c8,,,[{'resourceId': '04f09eed-bc9d-4be0-b61d-88f71dcbbcf6'}]
24885,17673802-5664-430f-979d-66b05b0097c8,,,[{'resourceId': '607f9603-2ac5-4725-81a6-080fc57c93b6'}]
24886,2165c6b6-b741-4849-a01f-1e6b58ac351c,,,[{'resourceId': '057d01e8-2462-45df-8980-cb1d3f5eea3c'}]
24886,2165c6b6-b741-4849-a01f-1e6b58ac351c,,,[{'resourceId': 'a6934968-a47e-45ac-b0b9-908eb4343b27'}]
24887,1d9811bb-d6f2-48de-ab47-d05dbe34c3b8,,,[{'resourceId': 'f971d052-775d-441e-8a1d-4123c22e8cc1'}]
24887,1d9811bb-d6f2-48de-ab47-d05dbe34c3b8,,,[{'resourceId': '53fcbf3a-939e-4fd2-8704-1309bf49ace3'}]
24888,38b4dcb2-86c8-4b8f-b102-53b244be27fb,,,[{'resourceId': '136d86e1-330a-405e-91a9-ea7305ed7851'}]
24888,38b4dcb2-86c8-4b8f-b102-53b244be27fb,,,[{'resourceId': '19a2f7b3-6ad6-4bf4-8f7d-0beb7f1fabf3'}]
24889,2a2a2088-37eb-4555-9f5b-55ab984b312c,,,[{'resourceId': 'cb7e721c-ceb9-472d-8745-a780774d182b'}]
24889,2a2a2088-37eb-4555-9f5b-55ab984b312c,,,[{'resourceId': '323f177a-2bf3-4c86-9120-fd883f493288'}]
24890,4ab52c60-516e-41d9-a5e0-fab011072296,,,[{'resourceId': 'b5bc9fc1-48de-4907-9a0b-a02316a4c0d4'}]
24890,4ab52c60-516e-41d9-a5e0-fab011072296,,,[{'resourceId': 'fb808123-abc2-4af1-9e2c-713a454e8640'}]
24891,f2c5c8e9-8ccd-4f4c-b4e6-e938cf0367af,,,[{'resourceId': '03c9c85d-62bb-4b6b-8091-451975bf96f2'}]
24891,f2c5c8e9-8ccd-4f4c-b4e6-e938cf0367af,,,[{'resourceId': '02b5abfe-cb81-43a9-be1b-c1e12f0d6a00'}]
24892,353b8a1f-6014-41e4-8b64-352258d49469,,,[{'resourceId': '02b5abfe-cb81-43a9-be1b-c1e12f0d6a00'}]
24892,353b8a1f-6014-41e4-8b64-352258d49469,,,[{'resourceId': 'cc417d27-a2e1-4826-822f-29818252ac3c'}]
24893,4c9c8573-2a93-4011-881b-bba805c884dd,,,[{'resourceId': '30d92a95-c6d1-4c56-876c-7c0cc1dd6b44'}]
24893,4c9c8573-2a93-4011-881b-bba805c884dd,,,[{'resourceId': '73612254-46a3-4eb7-8917-a5bd03260f06'}]
24894,ec350a11-882e-4ffe-8058-af0067fad526,,,[{'resourceId': '4d159acf-21f7-445c-9fe9-f4a408eb6d7d'}]
24894,ec350a11-882e-4ffe-8058-af0067fad526,,,[{'resourceId': 'bcfcf535-d30c-4d37-9fab-75e8cdb242c0'}]
24895,c9abfb9d-2c76-4dbf-b189-e15e631b4562,,,[{'resourceId': '7862657b-6be8-4b88-b137-8748dc0e5495'}]
24896,950807d9-5982-4aa9-bb43-016fe0818ffe,,,[{'resourceId': 'ccfc3b66-feb7-447a-9645-df6bec7e0100'}]
24896,950807d9-5982-4aa9-bb43-016fe0818ffe,,,[{'resourceId': 'b69abc3a-5c09-482b-9c26-a822fe3665b7'}]
24897,4bf14e3f-7da3-4655-8405-c83e9c2210a4,,,[{'resourceId': '014ae0aa-db22-4ef2-b76f-91dc7778be3f'}]
24898,5b8c1e3c-2d93-44ad-80e1-c955c91935d9,,,[{'resourceId': 'e99871d8-2e70-4f66-bfdf-1c87358809c3'}]
24898,5b8c1e3c-2d93-44ad-80e1-c955c91935d9,,,[{'resourceId': '5fbc2f69-94d3-4cd2-b1b1-ff6f58d11f9f'}]
24899,9db2f5e4-7850-4975-ac3a-9e367b98bc5f,,,[{'resourceId': '9b855add-a4bb-4db6-b96c-1b3225677e79'}]
24899,9db2f5e4-7850-4975-ac3a-9e367b98bc5f,,,[{'resourceId': '8bff2fda-fcd5-4bee-bdad-a970c5897828'}]
24900,792447de-2dcd-4f77-97d0-0391fed3f2df,,,[{'resourceId': '5d13c7bf-cf75-4f89-81c4-46cb1e927c04'}]
24900,792447de-2dcd-4f77-97d0-0391fed3f2df,,,[{'resourceId': '24cdd68f-7a48-404f-b233-011d90bea9e5'}]
24901,412a87d4-79bd-4d0b-b317-765814724681,,,[{'resourceId': 'c9ccf7fd-cabe-443a-a01a-49ebe35a8e4d'}]
24901,412a87d4-79bd-4d0b-b317-765814724681,,,[{'resourceId': '2f63dc1c-c2c6-4087-a494-0f42e66da7d1'}]
24902,e000c4da-5974-48be-80c3-3638c38c4332,,,[{'resourceId': '8d49c1e6-14f0-41c7-92b9-4d03f8d4aef1'}]
24902,e000c4da-5974-48be-80c3-3638c38c4332,,,[{'resourceId': 'f76b4228-f4ce-4073-9a2d-ae944476170f'}]
24903,e69f583c-7857-41e2-ae65-9eb923554426,,,[{'resourceId': 'd732c550-0f91-4be6-942d-841fef6d0b32'}]
24903,e69f583c-7857-41e2-ae65-9eb923554426,,,[{'resourceId': 'cc2bc7b0-2492-43ba-bed3-d9c2850109b4'}]
24904,5b69b97f-175f-4445-9807-c073b9bbefad,,,[{'resourceId': '4e5aec85-016a-4c68-9d4d-259dd0333dcf'}]
24904,5b69b97f-175f-4445-9807-c073b9bbefad,,,[{'resourceId': 'f521a4dd-62dc-4c61-88c1-d3505c65ab38'}]
24905,4dae8d38-d0d9-4794-ab07-afec97c895d1,,,[{'resourceId': '8798fbba-f158-43aa-ab83-f83e4ac6c5e1'}]
24905,4dae8d38-d0d9-4794-ab07-afec97c895d1,,,[{'resourceId': '3f2039d9-b591-4fec-99ca-801e807d3c03'}]
24906,e08696eb-230c-4842-9b2d-8175e974c0dc,,,[{'resourceId': '2931a1b4-7519-49cd-9b3d-dd2100d1f028'}]
24906,e08696eb-230c-4842-9b2d-8175e974c0dc,,,[{'resourceId': '3918a8ed-3761-4ed7-99a2-6a3f58c999bd'}]
24907,ddd52507-4349-4d24-984c-dc4806cf655c,,,[{'resourceId': '97065acd-5b1e-4f36-9d8f-326cd4369bce'}]
24907,ddd52507-4349-4d24-984c-dc4806cf655c,,,[{'resourceId': 'b6c53182-f1e5-4917-9f70-dfd0d9b0fd74'}]
24908,4215c9ee-97e1-42bf-9111-5d061ce64770,,,[{'resourceId': 'ecfde847-a327-48ab-bc8e-cd982b22fd80'}]
24908,4215c9ee-97e1-42bf-9111-5d061ce64770,,,[{'resourceId': 'b24233d2-e0b4-4700-a7d5-502c1f432d75'}]
24909,10f1b416-cc15-4653-91ad-67f6b2c890b4,,,[{'resourceId': '62db3d53-61a8-440b-9acc-8758eaa0396e'}]
24909,10f1b416-cc15-4653-91ad-67f6b2c890b4,,,[{'resourceId': '50aba33f-3f24-48b2-9345-c4f4b3decd6b'}]
24910,7d97a383-675d-4cc9-87e7-188c5788d881,,,[{'resourceId': '7db4cd87-c299-40dc-903b-14fa4f138fe1'}]
24910,7d97a383-675d-4cc9-87e7-188c5788d881,,,[{'resourceId': '958a9811-de13-497d-a58a-90cdb3a5dc8f'}]
24911,cd99188a-8331-465e-8ec3-54016b573c53,,,[{'resourceId': '087b4932-fed1-4ef7-9500-0c8182edd1cc'}]
24911,cd99188a-8331-465e-8ec3-54016b573c53,,,[{'resourceId': '1fe75e5e-4a72-4c92-b0c6-c84d5050877c'}]
24912,b860764d-0293-429d-8d0e-1405c087dc18,,,[{'resourceId': '72222fa4-531e-42ae-b258-d0e1c84f9c21'}]
24912,b860764d-0293-429d-8d0e-1405c087dc18,,,[{'resourceId': 'b42492c3-a6e4-4033-a743-cc3c41a92acd'}]
24913,4a2d35d0-7f7b-4ce5-8e34-4720b833fb25,,,[{'resourceId': '96077fb9-be1c-4ee2-ae71-43b14ae61ffe'}]
24913,4a2d35d0-7f7b-4ce5-8e34-4720b833fb25,,,[{'resourceId': 'c6614569-e046-4b20-86b8-cb7430bfb61c'}]
24914,257599c6-a755-4b6b-8dd0-391e68f6fb5b,,,[{'resourceId': 'c08335fe-9227-4fb5-874a-a8e43795e0a4'}]
24914,257599c6-a755-4b6b-8dd0-391e68f6fb5b,,,[{'resourceId': '366bfd75-4e96-4e0d-ad01-c80f928c2e0b'}]
24915,9b7b8eeb-31cb-4779-8fcd-c6b1fe097334,,,[{'resourceId': '77700862-e18d-4012-a896-951fa291b9fc'}]
24915,9b7b8eeb-31cb-4779-8fcd-c6b1fe097334,,,[{'resourceId': '645bbad5-41ec-423a-a42f-24b77bbe8afd'}]
24916,b7348bab-5c1e-40cf-b5a1-39f8ef5dbebe,,,[{'resourceId': 'c1b002f5-46e6-4d49-a0af-d7645734d4e5'}]
24916,b7348bab-5c1e-40cf-b5a1-39f8ef5dbebe,,,[{'resourceId': '8428ead4-29e9-4a64-9128-e0f58c165c08'}]
24917,a0f93e14-f97d-4fac-9d1f-a1b92aa9e70c,,,[{'resourceId': '3e99b304-3f0c-42bf-a7fc-09ca188b36a4'}]
24917,a0f93e14-f97d-4fac-9d1f-a1b92aa9e70c,,,[{'resourceId': '8f55493a-9c00-4c0f-aa27-ac542ed6849d'}]
24918,3fa24407-475e-4809-8f45-439cdbe57b7d,,,[{'resourceId': 'f10b1446-eda1-4eb8-8443-7c1cef76d2b8'}]
24918,3fa24407-475e-4809-8f45-439cdbe57b7d,,,[{'resourceId': 'fadebe02-ff24-43ce-90d4-9ad2d040a377'}]
24919,f5d504e7-7dfe-4345-8413-c947e04942a8,,,[{'resourceId': '14c007a3-fd30-40cc-b1dd-174dd9d7aef8'}]
24919,f5d504e7-7dfe-4345-8413-c947e04942a8,,,[{'resourceId': '039500c1-943a-4095-b467-38d29bc27196'}]
24920,8d945d4b-7e93-4d69-afe9-483c111597c4,,,[{'resourceId': '2e85f439-99d1-4d3a-b90b-e518519ee836'}]
24920,8d945d4b-7e93-4d69-afe9-483c111597c4,,,[{'resourceId': 'f4eac4e8-3bcf-40c7-9718-f0f4b86c69a0'}]
24921,0505cc84-011d-4bba-aae1-1fb54951919b,,,[{'resourceId': 'faad4b42-bdb2-4b04-a090-8399b7839b2c'}]
24921,0505cc84-011d-4bba-aae1-1fb54951919b,,,[{'resourceId': '79ede81f-f6fe-44dc-8c99-3ea2df501dfb'}]
24922,fd40fe58-4dc6-4f00-be9d-cf036db00982,,,[{'resourceId': '77700862-e18d-4012-a896-951fa291b9fc'}]
24922,fd40fe58-4dc6-4f00-be9d-cf036db00982,,,[{'resourceId': '645bbad5-41ec-423a-a42f-24b77bbe8afd'}]
24923,1a28a0f5-7f19-41e8-9e1c-6ac09c9cf25a,,,[{'resourceId': '5d75d31d-096b-4750-bad3-b82396765e4b'}]
24923,1a28a0f5-7f19-41e8-9e1c-6ac09c9cf25a,,,[{'resourceId': 'af65ea0f-5375-4d12-8a70-855adb2d060f'}]
24924,70980139-891e-4d8c-98f2-e30381130305,,,[{'resourceId': '8428ead4-29e9-4a64-9128-e0f58c165c08'}]
24924,70980139-891e-4d8c-98f2-e30381130305,,,[{'resourceId': 'b14cdde7-ae80-4f80-8512-cf9047b1d655'}]
24925,5807acc1-3636-425c-ac84-e172f7c740a6,,,[{'resourceId': '8eb1cf8b-3941-4dc4-9746-67aa54e99ced'}]
24925,5807acc1-3636-425c-ac84-e172f7c740a6,,,[{'resourceId': '71dadfd3-dc97-491a-ad5c-9f7bea6c5c8f'}]
24926,ce05c096-81fa-4f5d-a91b-1106430d2a64,,,[{'resourceId': 'ebe78b8e-2bf0-493a-9a54-ff23e708c52b'}]
24927,704cc0a9-2c65-4872-89c6-b992e42ad33a,,,[{'resourceId': '982472cc-4af6-425d-8b4e-600c13312ee9'}]
24927,704cc0a9-2c65-4872-89c6-b992e42ad33a,,,[{'resourceId': '242c7a60-e508-487b-83d6-fa482110cbc6'}]
24928,a6a6f702-69c5-435d-bcc1-406ba4cea69a,,,[{'resourceId': '704cc0a9-2c65-4872-89c6-b992e42ad33a'}]
24928,a6a6f702-69c5-435d-bcc1-406ba4cea69a,,,[{'resourceId': '9d7367dc-80e1-43fa-882e-471fddc1496e'}]
24929,6d080d9a-7d84-469a-9b4d-72f54c7b217b,,,[{'resourceId': '6c0fc125-2e4b-46d5-b74f-f2fdb54954f8'}]
24929,6d080d9a-7d84-469a-9b4d-72f54c7b217b,,,[{'resourceId': 'fbf215d4-8810-4a70-920d-ce15ce61b6b1'}]
24930,645bbad5-41ec-423a-a42f-24b77bbe8afd,,,[{'resourceId': 'b2b96b56-fbbe-4f0c-9e6d-7324c9df69df'}]
24930,645bbad5-41ec-423a-a42f-24b77bbe8afd,,,[{'resourceId': '4a2d35d0-7f7b-4ce5-8e34-4720b833fb25'}]
24931,24b1e68d-c1a5-40a3-bf16-7c2528d9b435,,,[{'resourceId': '69b671d4-1374-4a0f-82da-e6d2863ad91f'}]
24931,24b1e68d-c1a5-40a3-bf16-7c2528d9b435,,,[{'resourceId': '0565e26c-5e2e-41d0-ae69-e03f5f843635'}]
24932,b741c8c4-7adf-4f96-b58d-e8800f595210,,,[{'resourceId': '594748a8-9964-412e-b80a-19de1e41c0be'}]
24932,b741c8c4-7adf-4f96-b58d-e8800f595210,,,[{'resourceId': '5696ccb9-c892-47ee-9057-3a9f5f1638c2'}]
24933,336d52f0-ea9a-4b83-8544-c3d96bdcd955,,,[{'resourceId': '96077fb9-be1c-4ee2-ae71-43b14ae61ffe'}]
24933,336d52f0-ea9a-4b83-8544-c3d96bdcd955,,,[{'resourceId': 'c6614569-e046-4b20-86b8-cb7430bfb61c'}]
24934,9b5e8522-cd1f-474a-b99c-fac9a013cec1,,,[{'resourceId': 'faad4b42-bdb2-4b04-a090-8399b7839b2c'}]
24934,9b5e8522-cd1f-474a-b99c-fac9a013cec1,,,[{'resourceId': '79ede81f-f6fe-44dc-8c99-3ea2df501dfb'}]
24935,46a05ca8-f444-4fe8-9bbd-adc0d679243c,,,[{'resourceId': '9a32a1b2-4b9b-437c-98cc-5f443baa3552'}]
24936,f5e41897-1821-4e08-8fbb-7d4798f6d8ba,,,[{'resourceId': '861ed6af-8c57-4d74-af3a-676cbfeeb5b5'}]
24936,f5e41897-1821-4e08-8fbb-7d4798f6d8ba,,,[{'resourceId': '67aec133-e8f8-4838-a2a2-a4e17d709a8c'}]
24937,7bae2620-0b9a-405d-8257-566c1600edfa,,,[{'resourceId': 'b44a3d30-5a8b-4d74-8635-a9984298bc00'}]
24937,7bae2620-0b9a-405d-8257-566c1600edfa,,,[{'resourceId': 'd7e89938-d357-4c36-81ef-abc2021d1d84'}]
24938,da6b4711-1403-4425-bdca-a0e042184614,,,[{'resourceId': '057d01e8-2462-45df-8980-cb1d3f5eea3c'}]
24938,da6b4711-1403-4425-bdca-a0e042184614,,,[{'resourceId': 'a6934968-a47e-45ac-b0b9-908eb4343b27'}]
24939,05ab32b3-aac9-4695-85eb-80e828a596ff,,,[{'resourceId': '03c9c85d-62bb-4b6b-8091-451975bf96f2'}]
24939,05ab32b3-aac9-4695-85eb-80e828a596ff,,,[{'resourceId': '02b5abfe-cb81-43a9-be1b-c1e12f0d6a00'}]
24940,76b9d3a7-d9d4-40f1-be5d-11a58e85c318,,,[{'resourceId': '89fbfe19-b532-43d9-848b-08fbe53c7897'}]
24940,76b9d3a7-d9d4-40f1-be5d-11a58e85c318,,,[{'resourceId': '72d841ed-5d5b-4b39-adff-6b221e8a6475'}]
24941,56655e2e-4e3d-4b6f-8443-176a66df8801,,,[{'resourceId': 'dfc84124-cfb2-411d-91b4-aec55a9f5688'}]
24941,56655e2e-4e3d-4b6f-8443-176a66df8801,,,[{'resourceId': '6da2f159-0706-49ec-9c33-e61683c32db4'}]
24942,9fd7f0f7-8927-4784-a74d-0dc352464ccb,,,[{'resourceId': 'e14adf9c-5053-446f-86fe-cfea406988ca'}]
24942,9fd7f0f7-8927-4784-a74d-0dc352464ccb,,,[{'resourceId': '983dee24-73d5-4acc-bc4a-de923e4b627a'}]
24943,ebec1bdc-6700-4839-9c16-993390ccd53b,,,[{'resourceId': '8d49c1e6-14f0-41c7-92b9-4d03f8d4aef1'}]
24943,ebec1bdc-6700-4839-9c16-993390ccd53b,,,[{'resourceId': 'f76b4228-f4ce-4073-9a2d-ae944476170f'}]
24944,8504c018-c943-42ce-804b-88371fb8f604,,,[{'resourceId': '07a92e65-4222-432b-84d9-0daea191322f'}]
24944,8504c018-c943-42ce-804b-88371fb8f604,,,[{'resourceId': '56d7f9d7-bace-4980-9dda-29c6999c25f1'}]
24945,55eebbf6-6580-495b-a48f-23d5e2383292,,,[{'resourceId': 'ebb31085-34ba-4ced-baf1-60423ce9e863'}]
24946,e14adf9c-5053-446f-86fe-cfea406988ca,,,[{'resourceId': '8798fbba-f158-43aa-ab83-f83e4ac6c5e1'}]
24946,e14adf9c-5053-446f-86fe-cfea406988ca,,,[{'resourceId': '3f2039d9-b591-4fec-99ca-801e807d3c03'}]
24947,aa0bbe42-c163-40ab-b5b8-734797176753,,,[{'resourceId': '24fc42e2-d7f1-42fa-a30b-a4fd311f1416'}]
24947,aa0bbe42-c163-40ab-b5b8-734797176753,,,[{'resourceId': '29f46975-756a-4af8-8f30-6dde99c111b9'}]
24948,13bcf022-97c0-40dd-b006-6479403f4219,,,[{'resourceId': 'e78beb8e-6df8-4f09-888d-a952742368a8'}]
24948,13bcf022-97c0-40dd-b006-6479403f4219,,,[{'resourceId': '51226acd-b6bd-4a4c-8859-6784ffef1274'}]
24949,7b48f679-e8ee-46e4-98c5-377d29545c00,,,[{'resourceId': '594748a8-9964-412e-b80a-19de1e41c0be'}]
24949,7b48f679-e8ee-46e4-98c5-377d29545c00,,,[{'resourceId': '5696ccb9-c892-47ee-9057-3a9f5f1638c2'}]
24950,271ffab6-aa40-465c-8e23-93203f11a771,,,[{'resourceId': '269574ec-063b-46b8-b8a9-74b48274ff06'}]
24950,271ffab6-aa40-465c-8e23-93203f11a771,,,[{'resourceId': '7f19ec94-bcd1-49c0-8451-1b69d267559a'}]
24951,09f71018-1a7a-4694-b847-2d0b409d8ffb,,,[{'resourceId': '057d01e8-2462-45df-8980-cb1d3f5eea3c'}]
24951,09f71018-1a7a-4694-b847-2d0b409d8ffb,,,[{'resourceId': 'a6934968-a47e-45ac-b0b9-908eb4343b27'}]
24952,169f172e-fb7c-40d4-aa7e-77751f6dd0d4,,,[{'resourceId': '186548c5-c0c6-4643-a0eb-a0fbe982d4fd'}]
24952,169f172e-fb7c-40d4-aa7e-77751f6dd0d4,,,[{'resourceId': 'ebe78b8e-2bf0-493a-9a54-ff23e708c52b'}]
24953,afbe3b8f-8ccb-4314-83fc-f76a81a1e46c,,,[{'resourceId': 'abb9f25d-8b50-4baf-a8d0-478a97c91bc0'}]
24953,afbe3b8f-8ccb-4314-83fc-f76a81a1e46c,,,[{'resourceId': 'c83ba0b3-9175-404b-b17d-edd925b78b00'}]
24954,8ced19aa-bae2-417d-a6ef-b54efc2bcc20,,,[{'resourceId': '4d6c34e2-2cee-4298-808e-2618f783cd2d'}]
24954,8ced19aa-bae2-417d-a6ef-b54efc2bcc20,,,[{'resourceId': '5bda94c8-8c15-4f10-91b0-d920f301ceee'}]
24955,eaab6276-2f60-482e-a084-b0a9c71ac92b,,,[{'resourceId': '628b7c52-45c3-4b5e-9eb4-be4d22507c10'}]
24955,eaab6276-2f60-482e-a084-b0a9c71ac92b,,,[{'resourceId': '222b0cb2-5158-4d63-b625-7873f9a2c7ab'}]
24956,6c76638a-97be-4cee-bb53-2294ade47cf7,,,[{'resourceId': '2463926e-01d9-41f5-9aa2-87f0f1b4ee55'}]
24956,6c76638a-97be-4cee-bb53-2294ade47cf7,,,[{'resourceId': '3d04afc5-cfff-4714-ac72-f99889b1035c'}]
24957,7fd751ff-b96f-4217-9397-1166aa107309,,,[{'resourceId': '5c9d7cbf-dcab-4caa-99fc-672c97273134'}]
24957,7fd751ff-b96f-4217-9397-1166aa107309,,,[{'resourceId': '4b66d7af-a4fc-40f9-90bb-4f6ffb39e693'}]
24958,d732c550-0f91-4be6-942d-841fef6d0b32,,,[{'resourceId': '0dad2a2d-c0ed-429d-ad53-f2a0eac22140'}]
24958,d732c550-0f91-4be6-942d-841fef6d0b32,,,[{'resourceId': 'f2f24b15-3464-4d2d-984b-c9c30a72f8ba'}]
24959,02c3c0b4-49c1-49b4-a76e-e83dfff3c7f9,,,[{'resourceId': '59d1b1b1-a6fb-4588-a0a9-12262cc27273'}]
24959,02c3c0b4-49c1-49b4-a76e-e83dfff3c7f9,,,[{'resourceId': '81e1abae-278f-4c5c-9290-a26d4f9f02ec'}]
24960,8c1e8a0f-108f-4e74-8190-5c4216811fca,,,[{'resourceId': 'bb9e8b78-bfd8-49b1-8efb-90b04cfe9867'}]
24961,b73f0afb-cc75-4fd1-a163-9a2edd1614b3,,,[{'resourceId': '41f345aa-74bb-4d45-8bbf-fe9c2befe716'}]
24961,b73f0afb-cc75-4fd1-a163-9a2edd1614b3,,,[{'resourceId': '2a3cdd24-26c5-481d-85f6-b367634769c5'}]
24962,ff70b892-918c-4889-a815-b87895e89dfe,,,[{'resourceId': '087b4932-fed1-4ef7-9500-0c8182edd1cc'}]
24962,ff70b892-918c-4889-a815-b87895e89dfe,,,[{'resourceId': '1fe75e5e-4a72-4c92-b0c6-c84d5050877c'}]
24963,00eaa705-19fd-482b-8333-b66392c69a9c,,,[{'resourceId': '136d86e1-330a-405e-91a9-ea7305ed7851'}]
24963,00eaa705-19fd-482b-8333-b66392c69a9c,,,[{'resourceId': '19a2f7b3-6ad6-4bf4-8f7d-0beb7f1fabf3'}]
24964,017af6dd-31d2-485c-8e89-4ef1b3c72f12,,,[{'resourceId': '8d93d158-cc18-42e2-bd36-b1350414fb18'}]
24964,017af6dd-31d2-485c-8e89-4ef1b3c72f12,,,[{'resourceId': '645c8dc0-18bc-4245-9303-6b20940837d3'}]
24965,c0f08915-d9a7-4af6-b569-acc33a7f6f61,,,[{'resourceId': '4cf226b9-b665-414a-863a-cd95006a7819'}]
24965,c0f08915-d9a7-4af6-b569-acc33a7f6f61,,,[{'resourceId': '2572e1d7-8a62-4ccd-a0c3-2e6f4e508c1b'}]
24966,e14f6d14-55c1-46fc-abb1-8a7f8055ee67,,,[{'resourceId': '9454ae48-d7d2-409b-b57b-20abb379e900'}]
24966,e14f6d14-55c1-46fc-abb1-8a7f8055ee67,,,[{'resourceId': 'e209ea61-8df8-40e1-9e1b-8c8868e22afb'}]
24967,df1c45f9-9ea6-406d-a8ff-1ab5bb01e79a,,,[{'resourceId': 'cb322175-cba1-4717-9c9b-6cb020385a6a'}]
24967,df1c45f9-9ea6-406d-a8ff-1ab5bb01e79a,,,[{'resourceId': '4b3efa15-7d48-4431-bcc3-25ddbbb7ad04'}]
24968,ebb31085-34ba-4ced-baf1-60423ce9e863,,,[{'resourceId': '76dc5b66-25d5-4e8d-889d-54c75f9fe3e2'}]
24969,c84228f3-da99-41ff-909e-bb97e87d0406,,,[{'resourceId': '0868a535-57c0-4b94-839f-f8618ba3062d'}]
24969,c84228f3-da99-41ff-909e-bb97e87d0406,,,[{'resourceId': 'fe0d3d8a-79db-4770-973e-634061b9ebdf'}]
24970,7a615c4f-b7e8-41d8-bf68-d934a905b111,,,[{'resourceId': '6477fe20-a1f6-4256-9d78-8b5403e8227e'}]
24970,7a615c4f-b7e8-41d8-bf68-d934a905b111,,,[{'resourceId': 'becb8647-6507-40f8-8eb7-de8678d8d8a2'}]
24971,66c04b26-c1d6-4a20-9cc4-6d3876ffb19b,,,[{'resourceId': '269574ec-063b-46b8-b8a9-74b48274ff06'}]
24971,66c04b26-c1d6-4a20-9cc4-6d3876ffb19b,,,[{'resourceId': '7f19ec94-bcd1-49c0-8451-1b69d267559a'}]
24972,97065acd-5b1e-4f36-9d8f-326cd4369bce,,,[{'resourceId': '49ef9868-5ddc-4fef-a64f-4031348ce4c6'}]
24972,97065acd-5b1e-4f36-9d8f-326cd4369bce,,,[{'resourceId': '4b3efa15-7d48-4431-bcc3-25ddbbb7ad04'}]
24973,a41d9f92-93ad-4c0b-bd7d-a436cc4cf19a,,,[{'resourceId': '2a3cdd24-26c5-481d-85f6-b367634769c5'}]
24973,a41d9f92-93ad-4c0b-bd7d-a436cc4cf19a,,,[{'resourceId': 'c02003bf-626e-487f-b1c4-867f54ed716e'}]
24974,bdad283c-6deb-44eb-b9a2-f0d6208b0a2b,,,[{'resourceId': '5aba82b9-b3fc-423a-9179-fb52995e7a30'}]
24974,bdad283c-6deb-44eb-b9a2-f0d6208b0a2b,,,[{'resourceId': 'ff70b892-918c-4889-a815-b87895e89dfe'}]
24975,a24b279f-dd17-4839-b7af-b4eab4e0268f,,,[{'resourceId': '6e7cce69-468e-4cb5-9b12-999ca9c9de22'}]
24975,a24b279f-dd17-4839-b7af-b4eab4e0268f,,,[{'resourceId': '35590e24-6450-4bcd-ab10-e38d62277bec'}]
24976,36efda92-18c3-45b3-9a3b-68e9f87b2d16,,,[{'resourceId': '861ed6af-8c57-4d74-af3a-676cbfeeb5b5'}]
24976,36efda92-18c3-45b3-9a3b-68e9f87b2d16,,,[{'resourceId': '67aec133-e8f8-4838-a2a2-a4e17d709a8c'}]
24977,024a2bc4-5064-458b-ba04-b31606700d12,,,[{'resourceId': '78655b92-5326-487f-ad2b-e8614fb6def8'}]
24977,024a2bc4-5064-458b-ba04-b31606700d12,,,[{'resourceId': '957ccd19-8136-41a8-9da6-2893e715ee22'}]
24978,d5c1c002-2a42-47ae-863c-c483de519b55,,,[{'resourceId': '0dad2a2d-c0ed-429d-ad53-f2a0eac22140'}]
24978,d5c1c002-2a42-47ae-863c-c483de519b55,,,[{'resourceId': 'f2f24b15-3464-4d2d-984b-c9c30a72f8ba'}]
24979,4de30696-2fe0-4280-94f9-de06a7cce9c8,,,[{'resourceId': '1584a588-8d66-4b09-93b9-e3f154b67962'}]
24979,4de30696-2fe0-4280-94f9-de06a7cce9c8,,,[{'resourceId': '456b9455-26ed-495d-8cfd-bbb66dcee5a1'}]
24980,0178a1f9-ad16-4c49-a337-98ce06dbb2cd,,,[{'resourceId': '4cf226b9-b665-414a-863a-cd95006a7819'}]
24980,0178a1f9-ad16-4c49-a337-98ce06dbb2cd,,,[{'resourceId': '2572e1d7-8a62-4ccd-a0c3-2e6f4e508c1b'}]
24981,01987bdc-6426-4d3c-bfa7-59b9572a5687,,,[{'resourceId': 'fa7dd5dc-71fe-4ff2-b300-063ce827afa6'}]
24981,01987bdc-6426-4d3c-bfa7-59b9572a5687,,,[{'resourceId': '7d7b2135-3d0a-4070-92b5-bfbb852804b1'}]
24982,668e325d-7519-4e9d-a552-a2c40aadddc4,,,[{'resourceId': '6cae7248-fee1-421a-baba-4a0bfd2526f6'}]
24982,668e325d-7519-4e9d-a552-a2c40aadddc4,,,[{'resourceId': 'c8c05479-0cdd-4c48-9360-f417e3b79d8d'}]
24983,cd59bec4-5e26-447b-88f8-724cd5fd400f,,,[{'resourceId': 'c4251f93-0623-4673-b490-7542ee91340f'}]
24983,cd59bec4-5e26-447b-88f8-724cd5fd400f,,,[{'resourceId': 'aa6a3e5b-e96f-4a73-b9f0-f9863b197b79'}]
24984,e4c2d251-d265-4628-8dea-94feaa838368,,,[{'resourceId': '37e47d1a-72be-42be-bd0f-ca2373011fbb'}]
24984,e4c2d251-d265-4628-8dea-94feaa838368,,,[{'resourceId': 'b7348bab-5c1e-40cf-b5a1-39f8ef5dbebe'}]
24985,85be4bb3-ba90-4cab-9dff-7f2c941a3cf2,,,[{'resourceId': '6ccd00f9-ba0a-42b1-9c7f-57cfa24c1b14'}]
24985,85be4bb3-ba90-4cab-9dff-7f2c941a3cf2,,,[{'resourceId': 'a45f0c5c-ba57-4e1b-b84e-ebada88b70b3'}]
24986,dc207417-a92c-4486-8f0c-b91c8006afce,,,[{'resourceId': '2bef7b36-045e-45be-93fb-dab6950a4f24'}]
24986,dc207417-a92c-4486-8f0c-b91c8006afce,,,[{'resourceId': '76fd97e1-3587-4c0a-811a-ad55de57cf29'}]
24987,14a7e483-77a6-448d-8a42-d811a1ef91d9,,,[{'resourceId': '03c9c85d-62bb-4b6b-8091-451975bf96f2'}]
24987,14a7e483-77a6-448d-8a42-d811a1ef91d9,,,[{'resourceId': '02b5abfe-cb81-43a9-be1b-c1e12f0d6a00'}]
24988,599d6e0d-3161-46be-bd06-333b1a0329c0,,,[{'resourceId': 'c5ba68d7-5619-4111-9151-88e280ae6f79'}]
24988,599d6e0d-3161-46be-bd06-333b1a0329c0,,,[{'resourceId': '353b8a1f-6014-41e4-8b64-352258d49469'}]
24989,88155e01-e362-47bd-91be-c69828b2902e,,,[{'resourceId': '2a3cdd24-26c5-481d-85f6-b367634769c5'}]
24989,88155e01-e362-47bd-91be-c69828b2902e,,,[{'resourceId': 'c02003bf-626e-487f-b1c4-867f54ed716e'}]
24990,f13a75cb-c577-4aa3-aea6-929983893862,,,[{'resourceId': 'a1441c85-3b60-47f5-8eef-04f6a00e788c'}]
24990,f13a75cb-c577-4aa3-aea6-929983893862,,,[{'resourceId': 'a49e734c-4947-4e15-bc27-276bb349c30a'}]
24991,514a2f71-5631-440a-8855-8d7054726cfd,,,[{'resourceId': '8d49c1e6-14f0-41c7-92b9-4d03f8d4aef1'}]
24991,514a2f71-5631-440a-8855-8d7054726cfd,,,[{'resourceId': 'f76b4228-f4ce-4073-9a2d-ae944476170f'}]
24992,9a0d82d6-103c-46a4-bdca-1b962a79e24a,,,[{'resourceId': '563288d8-efe6-46fd-8b70-9c443e339c41'}]
24992,9a0d82d6-103c-46a4-bdca-1b962a79e24a,,,[{'resourceId': '4f7a073b-5551-4233-9f01-5ddd8991e3f2'}]
24993,aae6e0dc-0c28-47be-aee8-5a45650cce72,,,[{'resourceId': '64d1de39-0034-40b8-b4fa-e23b50749a27'}]
24993,aae6e0dc-0c28-47be-aee8-5a45650cce72,,,[{'resourceId': '2fce458f-43c5-48af-abc0-d0a84b14ab00'}]
24994,952e27ba-7639-4711-b448-057ff31d0300,,,[{'resourceId': '31015488-0162-4567-8ffe-eaa17717055d'}]
24994,952e27ba-7639-4711-b448-057ff31d0300,,,[{'resourceId': 'ae30dd63-e39c-49f2-a12b-ade8ae28c849'}]
24995,f889c4ec-0c22-48eb-adb9-bdcad802597e,,,[{'resourceId': 'f10edddd-52cd-4582-93df-cae58ad2cb4d'}]
24995,f889c4ec-0c22-48eb-adb9-bdcad802597e,,,[{'resourceId': '02e37316-3a4b-435c-a0a9-aa23e0b7c025'}]
24996,fe87270e-977f-40b0-b45a-c16739ecd070,,,[{'resourceId': '3f38c4cd-f982-42a1-bbd2-6f511c2e228c'}]
24996,fe87270e-977f-40b0-b45a-c16739ecd070,,,[{'resourceId': 'e2df4018-7bff-4757-a66b-7f88e837f5d9'}]
24997,2f74c39c-2089-48fb-ad37-59bd25fd1324,,,[{'resourceId': '88d229a1-97e9-4e47-b698-235ea92fd8d3'}]
24997,2f74c39c-2089-48fb-ad37-59bd25fd1324,,,[{'resourceId': 'bf7c26d3-f5f7-44ad-a712-ca6c7e9aa11b'}]
24998,5dabf6b4-51cf-433d-a409-54673ddab2b9,,,[{'resourceId': '3871ad32-4e6c-492e-a1fd-a85d6d747343'}]
24998,5dabf6b4-51cf-433d-a409-54673ddab2b9,,,[{'resourceId': '146d9e63-06fa-421a-aba4-3371883b7eff'}]
24999,2831b22e-02db-4549-b896-5134268961e9,,,[{'resourceId': '742c7ef9-aa77-48cb-92c7-82048dcf5067'}]
25000,c314cf6e-52db-4598-aa67-b55c0b18fee2,,,[{'resourceId': '9ba0e919-ffdd-4421-b987-467d2609c743'}]
25000,c314cf6e-52db-4598-aa67-b55c0b18fee2,,,[{'resourceId': 'b62f3d56-d130-42c8-817d-246c5cd6c3cc'}]
25001,8d496046-8aa1-4512-9039-b0edbac3c414,,,[{'resourceId': '4e717e8d-ec0b-4a0b-bfb2-60b292af4ce4'}]
25001,8d496046-8aa1-4512-9039-b0edbac3c414,,,[{'resourceId': '68c3b92d-0c6d-4142-b07f-f1da51204c7b'}]
25002,792995d8-3c9f-4e80-aa42-67a15ccb81a9,,,[{'resourceId': '5aba82b9-b3fc-423a-9179-fb52995e7a30'}]
25002,792995d8-3c9f-4e80-aa42-67a15ccb81a9,,,[{'resourceId': 'ff70b892-918c-4889-a815-b87895e89dfe'}]
25003,b59175d5-445a-491a-92be-0324d3cc2089,,,[{'resourceId': '6e7cce69-468e-4cb5-9b12-999ca9c9de22'}]
25003,b59175d5-445a-491a-92be-0324d3cc2089,,,[{'resourceId': '35590e24-6450-4bcd-ab10-e38d62277bec'}]
25004,4e6befb0-c8f1-4fc3-bdda-155e0aecf1d3,,,[{'resourceId': '7db4cd87-c299-40dc-903b-14fa4f138fe1'}]
25004,4e6befb0-c8f1-4fc3-bdda-155e0aecf1d3,,,[{'resourceId': '958a9811-de13-497d-a58a-90cdb3a5dc8f'}]
25005,90539081-4e89-4465-bfbf-deda2944eeef,,,[{'resourceId': '69b671d4-1374-4a0f-82da-e6d2863ad91f'}]
25005,90539081-4e89-4465-bfbf-deda2944eeef,,,[{'resourceId': '0565e26c-5e2e-41d0-ae69-e03f5f843635'}]
25006,a56c4477-9344-46d3-9561-43a8f2673e08,,,[{'resourceId': '9e404388-3721-462c-bd37-eeba7eb12b5c'}]
25006,a56c4477-9344-46d3-9561-43a8f2673e08,,,[{'resourceId': 'e0a0baf0-e603-4fe9-a9d2-efdf42a50d55'}]
25007,4c600a13-b169-41d1-bda9-87df0cd865b9,,,[{'resourceId': '2a06fbe5-a9ee-4a6c-9004-6ada6c0e8957'}]
25007,4c600a13-b169-41d1-bda9-87df0cd865b9,,,[{'resourceId': '0a755ced-7e64-425a-b868-662cb5dd0780'}]
25008,c741009a-bd66-41c2-9b97-d12c4cc1053e,,,[{'resourceId': '9e404388-3721-462c-bd37-eeba7eb12b5c'}]
25008,c741009a-bd66-41c2-9b97-d12c4cc1053e,,,[{'resourceId': 'e0a0baf0-e603-4fe9-a9d2-efdf42a50d55'}]
25009,06744d2d-0980-4490-9453-148e85fafe1e,,,[{'resourceId': '02c3c0b4-49c1-49b4-a76e-e83dfff3c7f9'}]
25009,06744d2d-0980-4490-9453-148e85fafe1e,,,[{'resourceId': 'fa8d78ee-ba59-49ac-9c8d-31464802242c'}]
25010,4eecc388-70b2-4ec3-9c87-871e05336403,,,[{'resourceId': 'c8c05479-0cdd-4c48-9360-f417e3b79d8d'}]
25011,da3ac49e-3a0c-47ab-9011-a90b59e57faa,,,[{'resourceId': 'a473981c-5b0d-4424-8c37-246b076b5cec'}]
25011,da3ac49e-3a0c-47ab-9011-a90b59e57faa,,,[{'resourceId': 'd69a75c0-23f3-4ee1-be62-3aed32453797'}]
25012,2b070413-b201-4395-ae48-0e99576456cd,,,[{'resourceId': '2463926e-01d9-41f5-9aa2-87f0f1b4ee55'}]
25012,2b070413-b201-4395-ae48-0e99576456cd,,,[{'resourceId': '3d04afc5-cfff-4714-ac72-f99889b1035c'}]
25013,40c174c0-f989-42bc-855a-6579e47215f5,,,[{'resourceId': 'a4ba824e-39d1-420f-ad1c-07e0b535d9a2'}]
25013,40c174c0-f989-42bc-855a-6579e47215f5,,,[{'resourceId': '956526ad-9140-425c-9474-9e0f0d2401ed'}]
25014,69fcfb4c-f3c9-42ca-ad98-f1ecb71a74e0,,,[{'resourceId': '5ed3ead9-872a-49a6-9798-9eb4797dde4f'}]
25014,69fcfb4c-f3c9-42ca-ad98-f1ecb71a74e0,,,[{'resourceId': '44cf8d8d-9c52-43f3-b32f-845604c7c856'}]
25015,2646fb1d-5604-41fc-857f-6c4226afc26b,,,[{'resourceId': '00d60a8e-d7d7-4115-9a93-c1947cc6b069'}]
25015,2646fb1d-5604-41fc-857f-6c4226afc26b,,,[{'resourceId': '10c0f47f-825e-4eb0-893a-58b916fe588e'}]
25016,8f7bbc49-f1cb-4701-9e7c-690c6b0331f0,,,[{'resourceId': '85fc6088-6821-427d-83aa-a567baada59d'}]
25016,8f7bbc49-f1cb-4701-9e7c-690c6b0331f0,,,[{'resourceId': 'dc82fb86-7c03-4512-89e9-0bb2867ce554'}]
25017,e25d52ea-f7c1-4189-bee0-6d014b74fd0a,,,[{'resourceId': '568cebbc-6e76-47ed-9d3f-1141fa489876'}]
25017,e25d52ea-f7c1-4189-bee0-6d014b74fd0a,,,[{'resourceId': '317196c2-6588-451d-9b0a-3678dd1fa08b'}]
25018,84c02434-caf4-40e0-b196-88d54df06deb,,,[{'resourceId': '5a6f7915-3318-4c8d-809b-cf512b261539'}]
25019,0f70c654-339a-4f88-8b9c-cf585fc41abe,,,[{'resourceId': '969c4523-88f7-4160-9643-5848b108d29b'}]
25019,0f70c654-339a-4f88-8b9c-cf585fc41abe,,,[{'resourceId': '4bb62984-a35a-4546-9c03-38f6ab7df61e'}]
25020,3f5b8893-b3fd-44cc-9107-aa6722b4815e,,,[{'resourceId': '12b13176-0d70-4fea-8ac9-d142db866871'}]
25020,3f5b8893-b3fd-44cc-9107-aa6722b4815e,,,[{'resourceId': '70a0c597-9362-41a7-968f-0a45ae1ba4fe'}]
25021,915b8e3d-86c2-431e-b016-0635f730435d,,,[{'resourceId': 'a4ba824e-39d1-420f-ad1c-07e0b535d9a2'}]
25021,915b8e3d-86c2-431e-b016-0635f730435d,,,[{'resourceId': '956526ad-9140-425c-9474-9e0f0d2401ed'}]
25022,2cc1be33-1085-403c-b90f-b19e3907c8b4,,,[{'resourceId': '3e99b304-3f0c-42bf-a7fc-09ca188b36a4'}]
25022,2cc1be33-1085-403c-b90f-b19e3907c8b4,,,[{'resourceId': '8f55493a-9c00-4c0f-aa27-ac542ed6849d'}]
25023,509c497d-7d14-412d-972d-fdc941cd8cf4,,,[{'resourceId': '635037b9-8368-4fbf-9f25-244324d656d3'}]
25023,509c497d-7d14-412d-972d-fdc941cd8cf4,,,[{'resourceId': 'bf20aa3c-4bd2-4e3b-9305-84697b43c180'}]
25024,ceb873af-e061-4071-bf65-b781210e9ece,,,[{'resourceId': '76dc5b66-25d5-4e8d-889d-54c75f9fe3e2'}]
25025,d7b53943-70fd-45fd-99de-9ea3b18df1f1,,,[{'resourceId': '015408dc-f458-4dc3-8d2e-604d9c602d77'}]
25026,c8239dfd-4a71-4041-b9c9-c8764411ffae,,,[{'resourceId': 'b52a12f8-55a4-4bed-9b4d-4de92d6fef31'}]
25026,c8239dfd-4a71-4041-b9c9-c8764411ffae,,,[{'resourceId': 'e307f82d-46b1-42a4-9cda-ba6c767d10da'}]
25027,5c0cc92d-ff1f-432b-a07e-1388ed2dbaa3,,,[{'resourceId': 'dcad4e0b-e660-45a7-82ac-02d274890b69'}]
25027,5c0cc92d-ff1f-432b-a07e-1388ed2dbaa3,,,[{'resourceId': '5e208823-daf1-4c24-9eef-8c416bb8b241'}]
25028,96e612b9-efff-4036-834d-dc10c3990e39,,,[{'resourceId': '8d49c1e6-14f0-41c7-92b9-4d03f8d4aef1'}]
25028,96e612b9-efff-4036-834d-dc10c3990e39,,,[{'resourceId': 'f76b4228-f4ce-4073-9a2d-ae944476170f'}]
25029,d8546d78-dddd-4b00-ae72-5b4d43d93d55,,,[{'resourceId': '7603d0e5-53f1-4b11-ba9a-07db0a9d5d38'}]
25029,d8546d78-dddd-4b00-ae72-5b4d43d93d55,,,[{'resourceId': 'c3421ea6-a506-40c5-a394-03b0110ee818'}]
25030,cb08515f-788f-47cf-800e-7ec7d395842e,,,[{'resourceId': 'b804bdf0-1b09-4cf2-86e7-77a718053ed4'}]
25031,71dadfd3-dc97-491a-ad5c-9f7bea6c5c8f,,,[{'resourceId': '1d9ee6d9-3ff6-4097-91e7-3bb10ec6c423'}]
25031,71dadfd3-dc97-491a-ad5c-9f7bea6c5c8f,,,[{'resourceId': '2c838e09-9749-4226-945b-a38712411707'}]
25032,b4c37dc6-dfd4-45b0-98c4-41000760a642,,,[{'resourceId': 'ffdc385f-8980-490b-968a-3ff940574328'}]
25033,542fb086-2e9f-4226-af2a-5bcb7dec43bd,,,[{'resourceId': 'cb7e721c-ceb9-472d-8745-a780774d182b'}]
25033,542fb086-2e9f-4226-af2a-5bcb7dec43bd,,,[{'resourceId': '323f177a-2bf3-4c86-9120-fd883f493288'}]
25034,5a79618b-fbeb-40e8-b686-d2d0f26cd447,,,[{'resourceId': '2a3cdd24-26c5-481d-85f6-b367634769c5'}]
25034,5a79618b-fbeb-40e8-b686-d2d0f26cd447,,,[{'resourceId': 'c02003bf-626e-487f-b1c4-867f54ed716e'}]
25035,f04128ca-f33d-4c1b-94fb-14bb23a3c8c2,,,[{'resourceId': 'ebe78b8e-2bf0-493a-9a54-ff23e708c52b'}]
25035,f04128ca-f33d-4c1b-94fb-14bb23a3c8c2,,,[{'resourceId': '4741530e-b56b-46d2-9357-80a4e1ccb027'}]
25036,600dc1fb-cb67-4df1-bd3f-c6112d0fa940,,,[{'resourceId': 'dfc84124-cfb2-411d-91b4-aec55a9f5688'}]
25036,600dc1fb-cb67-4df1-bd3f-c6112d0fa940,,,[{'resourceId': '6da2f159-0706-49ec-9c33-e61683c32db4'}]
25037,f2959052-8627-464b-a737-ecb4c3ce6904,,,[{'resourceId': '0af0667b-7877-4176-abba-0d28e83bb3c3'}]
25037,f2959052-8627-464b-a737-ecb4c3ce6904,,,[{'resourceId': 'faffebcb-1164-43b0-8c1b-4943cfc1e81b'}]
25038,873033e0-2e6c-4ac1-af54-3f17a798e993,,,[{'resourceId': '308921a3-6115-48ee-95f4-8afb6b75ac59'}]
25039,591bbbce-0063-4d76-9313-4cd06fafcabd,,,[{'resourceId': '04d11860-6929-4227-99e4-23028eb55c61'}]
25039,591bbbce-0063-4d76-9313-4cd06fafcabd,,,[{'resourceId': '228bbbf9-cdf4-4cc1-9bf6-c8e857c4c017'}]
25040,4373b208-74b4-4085-be68-e10b2e3c5be9,,,[{'resourceId': '3963b642-9cfd-47f1-9a7a-9a8fa79edfbf'}]
25040,4373b208-74b4-4085-be68-e10b2e3c5be9,,,[{'resourceId': '4215c9ee-97e1-42bf-9111-5d061ce64770'}]
25041,350ac32e-8b9a-41bb-b8d5-59d5e31ddd00,,,[{'resourceId': 'c709cb8a-ab79-4d8e-a79f-f0f7a54abb17'}]
25042,701ad271-951f-4d59-8f8a-63fba1881cce,,,[{'resourceId': 'f4ad5a40-509b-4598-bcaf-30dce9cc86a1'}]
25042,701ad271-951f-4d59-8f8a-63fba1881cce,,,[{'resourceId': '2293a4b3-3735-400c-b1d7-7ccb4bd1404e'}]
25043,ae7b4645-3c3b-4005-adaf-07c957e03bbb,,,[{'resourceId': '134035b1-8543-44e6-b26e-65a78078b0f5'}]
25043,ae7b4645-3c3b-4005-adaf-07c957e03bbb,,,[{'resourceId': '8153b173-e170-4073-858d-6bff489e96bb'}]
25044,69b7059d-22d1-49f7-8a45-12e25b609cac,,,[{'resourceId': '635037b9-8368-4fbf-9f25-244324d656d3'}]
25044,69b7059d-22d1-49f7-8a45-12e25b609cac,,,[{'resourceId': 'bf20aa3c-4bd2-4e3b-9305-84697b43c180'}]
25045,1d161564-0a06-45c2-aae8-540ca402db6b,,,[{'resourceId': '743da6cc-b96f-4bb5-93bb-7acad119fea3'}]
25046,e5e8cff9-bb7c-4be9-9cab-aa6b84bfe771,,,[{'resourceId': '2a3759cd-6589-49dc-914a-b109c25772b3'}]
25046,e5e8cff9-bb7c-4be9-9cab-aa6b84bfe771,,,[{'resourceId': 'c521d451-ab9b-4560-b59f-97e45a67b842'}]
25047,13df1438-10dc-417e-91c6-0574783e7b9e,,,[{'resourceId': 'c70cf9f9-a298-49b3-804b-a4e96939b64c'}]
25047,13df1438-10dc-417e-91c6-0574783e7b9e,,,[{'resourceId': '413d03f2-0dfb-49a7-b641-4839151643e5'}]
25048,14ace344-9626-40f3-ab2f-6b420b572f5a,,,[{'resourceId': 'bc572ea1-6a18-4e9d-8d87-a60bca6c9d09'}]
25048,14ace344-9626-40f3-ab2f-6b420b572f5a,,,[{'resourceId': '8517f0dc-9505-4f1a-a190-1d563b1490ae'}]
25049,155fbf1c-b161-4894-bc49-6febecff6e07,,,[{'resourceId': '1d9ee6d9-3ff6-4097-91e7-3bb10ec6c423'}]
25049,155fbf1c-b161-4894-bc49-6febecff6e07,,,[{'resourceId': '2c838e09-9749-4226-945b-a38712411707'}]
25050,27c94880-6804-4e50-8008-e2a16153cacc,,,[{'resourceId': 'b642d3b4-1f30-4f3f-8e5b-936cc9def585'}]
25051,c334a182-3708-4cd2-9429-0619286413d6,,,[{'resourceId': '8eb1cf8b-3941-4dc4-9746-67aa54e99ced'}]
25051,c334a182-3708-4cd2-9429-0619286413d6,,,[{'resourceId': '71dadfd3-dc97-491a-ad5c-9f7bea6c5c8f'}]
25052,58f2223d-e4b4-4129-b3ef-f877adbe2557,,,[{'resourceId': '33080be5-40fc-43f0-b182-3aaa2a484585'}]
25052,58f2223d-e4b4-4129-b3ef-f877adbe2557,,,[{'resourceId': '69821a7b-3cd3-4ceb-9ba8-b6f8422213e2'}]
25053,928525e5-a798-4ad6-8701-e3f1de7c2332,,,[{'resourceId': '9454ae48-d7d2-409b-b57b-20abb379e900'}]
25053,928525e5-a798-4ad6-8701-e3f1de7c2332,,,[{'resourceId': 'e209ea61-8df8-40e1-9e1b-8c8868e22afb'}]
25054,38b16e7f-a42d-49fa-90be-52b791093084,,,[{'resourceId': 'fb4b3ae3-d554-4b13-a9b5-5eedcaa0cdd7'}]
25055,f741553b-aa4e-48ae-b341-3b3bfc44ccde,,,[{'resourceId': '21c3189a-7ea5-45d1-be7b-6cb1de96eb1f'}]
25055,f741553b-aa4e-48ae-b341-3b3bfc44ccde,,,[{'resourceId': '7c74cf7d-88d9-4095-a47f-a60b767eb821'}]
25056,c23c0cb2-d2f5-46ab-8738-59c89e5a87c6,,,[{'resourceId': '63d5fab1-c8b3-46ba-9c1e-5c3b94731e97'}]
25056,c23c0cb2-d2f5-46ab-8738-59c89e5a87c6,,,[{'resourceId': 'a0f93e14-f97d-4fac-9d1f-a1b92aa9e70c'}]
25057,3807999b-455b-4e33-9d32-9d434bb332dd,,,[{'resourceId': '14c007a3-fd30-40cc-b1dd-174dd9d7aef8'}]
25057,3807999b-455b-4e33-9d32-9d434bb332dd,,,[{'resourceId': '039500c1-943a-4095-b467-38d29bc27196'}]
25058,6d41fb25-37f4-4a9e-ae40-d15e574cbf6f,,,[{'resourceId': 'b44a3d30-5a8b-4d74-8635-a9984298bc00'}]
25058,6d41fb25-37f4-4a9e-ae40-d15e574cbf6f,,,[{'resourceId': 'd7e89938-d357-4c36-81ef-abc2021d1d84'}]
25059,e103d730-087b-4ce9-abf7-8938091b0cc1,,,[{'resourceId': '269574ec-063b-46b8-b8a9-74b48274ff06'}]
25059,e103d730-087b-4ce9-abf7-8938091b0cc1,,,[{'resourceId': '7f19ec94-bcd1-49c0-8451-1b69d267559a'}]
25060,4044c302-044a-443d-9a83-6f3585e26f65,,,[{'resourceId': '8ced19aa-bae2-417d-a6ef-b54efc2bcc20'}]
25060,4044c302-044a-443d-9a83-6f3585e26f65,,,[{'resourceId': '8f48bf00-491a-411e-9db5-80f02f9d552c'}]
25061,a36055be-0c84-4a0b-9c92-213f714d77ef,,,[{'resourceId': 'd8aef0d5-01ff-4ad1-b13c-bdc800459b0d'}]
25061,a36055be-0c84-4a0b-9c92-213f714d77ef,,,[{'resourceId': 'f931942c-71c7-418b-9699-f8362cd4c875'}]
25062,d332672c-6567-4124-bb7c-20f70f74ebf3,,,[{'resourceId': 'cc44b034-2c78-4fa5-8b61-56baa0eb466c'}]
25062,d332672c-6567-4124-bb7c-20f70f74ebf3,,,[{'resourceId': '6074cc80-3949-42ee-beb3-0f17b3aabe22'}]
25063,b1f65f82-2b41-40d2-8c12-d80fce0def49,,,[{'resourceId': '00d60a8e-d7d7-4115-9a93-c1947cc6b069'}]
25063,b1f65f82-2b41-40d2-8c12-d80fce0def49,,,[{'resourceId': '10c0f47f-825e-4eb0-893a-58b916fe588e'}]
25064,a4b58e22-93e0-418d-8c2f-ee571d4bf23a,,,[{'resourceId': '242c7a60-e508-487b-83d6-fa482110cbc6'}]
25064,a4b58e22-93e0-418d-8c2f-ee571d4bf23a,,,[{'resourceId': '08b48cf3-cce7-4657-8332-2e059dbd6c4b'}]
25065,138b4504-2a49-4080-9290-0e1d797fee81,,,[{'resourceId': '84c419fc-be6c-40bf-8cc7-b7e1acb8a06d'}]
25065,138b4504-2a49-4080-9290-0e1d797fee81,,,[{'resourceId': '94a3b295-4321-4860-986e-6c9af1cbf5cf'}]
25066,cb419ae0-be4e-4f20-ae29-5e11a371df08,,,[{'resourceId': '057d01e8-2462-45df-8980-cb1d3f5eea3c'}]
25066,cb419ae0-be4e-4f20-ae29-5e11a371df08,,,[{'resourceId': 'a6934968-a47e-45ac-b0b9-908eb4343b27'}]
25067,7a213d84-b1c1-4965-8ae0-cfaa71ba5d3d,,,[{'resourceId': 'b642d3b4-1f30-4f3f-8e5b-936cc9def585'}]
25068,ed751e0b-6596-4dc1-87f5-45d04a46afdf,,,[{'resourceId': 'bb9e8b78-bfd8-49b1-8efb-90b04cfe9867'}]
25069,10e5cf89-1432-48f9-b00e-6c3fb6a33d97,,,[{'resourceId': 'e51bd674-e1f8-4328-b248-e646d0ef304c'}]
25069,10e5cf89-1432-48f9-b00e-6c3fb6a33d97,,,[{'resourceId': '3e632c3a-3c81-44b3-89c1-0c5d0da82806'}]
25070,b6f1d356-2152-4d20-b125-65ba0720228d,,,[{'resourceId': '10e5cf89-1432-48f9-b00e-6c3fb6a33d97'}]
25070,b6f1d356-2152-4d20-b125-65ba0720228d,,,[{'resourceId': '9474248e-143c-4c3e-ba98-ebcf5949e09a'}]
25071,3937a47a-47d8-48fd-b651-9befb4b51539,,,[{'resourceId': '3871ad32-4e6c-492e-a1fd-a85d6d747343'}]
25071,3937a47a-47d8-48fd-b651-9befb4b51539,,,[{'resourceId': '146d9e63-06fa-421a-aba4-3371883b7eff'}]
25072,64796865-2253-48ea-ab75-150a11ace802,,,[{'resourceId': '806a9714-8c3e-4396-a356-9cea0ff9c8fe'}]
25072,64796865-2253-48ea-ab75-150a11ace802,,,[{'resourceId': '48d56d19-d1c7-480c-a99c-22021d8b4dbc'}]
25073,a1e0096c-da2a-47e8-9439-6dfa8c7446f0,,,[{'resourceId': '54e9c0b8-b56c-4bf9-8d17-cd3a73853821'}]
25073,a1e0096c-da2a-47e8-9439-6dfa8c7446f0,,,[{'resourceId': '4c8510c4-ee5e-4be9-807c-eb336dc4cd54'}]
25074,a5d2dc47-336b-4130-9764-29c6ec25c1e1,,,[{'resourceId': '269574ec-063b-46b8-b8a9-74b48274ff06'}]
25074,a5d2dc47-336b-4130-9764-29c6ec25c1e1,,,[{'resourceId': '7f19ec94-bcd1-49c0-8451-1b69d267559a'}]
25075,418eb200-0ba8-423e-b3f9-69939a2d8aed,,,[{'resourceId': '753e8caf-fdf3-4a07-bccf-577eb1d0ebda'}]
25076,c3421ea6-a506-40c5-a394-03b0110ee818,,,[{'resourceId': '2bef7b36-045e-45be-93fb-dab6950a4f24'}]
25076,c3421ea6-a506-40c5-a394-03b0110ee818,,,[{'resourceId': '76fd97e1-3587-4c0a-811a-ad55de57cf29'}]
25077,487d2047-7e07-441e-b306-ab11b9ef0b8c,,,[{'resourceId': 'e2b19061-098e-4cfb-851c-d906d9580d19'}]
25078,cde20a67-7190-49e7-8cbc-12371c64d4c9,,,[{'resourceId': '03267065-45b6-4b97-9d61-fd61287e9dc9'}]
25078,cde20a67-7190-49e7-8cbc-12371c64d4c9,,,[{'resourceId': '16b5b696-647a-472c-91c7-7023dd677e1d'}]
25079,1e123dac-6e67-4b5f-a476-cf28b897c8f3,,,[{'resourceId': '8dc6ac24-99f7-45cd-90e0-e68162c3afff'}]
25079,1e123dac-6e67-4b5f-a476-cf28b897c8f3,,,[{'resourceId': '1e792ee6-6c78-4a1d-8313-d81bacd4ec9f'}]
25080,4d44a67c-c9b6-4dca-a113-409a78788743,,,[{'resourceId': '7db4cd87-c299-40dc-903b-14fa4f138fe1'}]
25080,4d44a67c-c9b6-4dca-a113-409a78788743,,,[{'resourceId': '958a9811-de13-497d-a58a-90cdb3a5dc8f'}]
25081,667d003d-da07-4f51-a385-1eed30194467,,,[{'resourceId': 'e14f6d14-55c1-46fc-abb1-8a7f8055ee67'}]
25081,667d003d-da07-4f51-a385-1eed30194467,,,[{'resourceId': '9707240b-da07-4d83-8690-812fb7a3359b'}]
25082,0a0aa159-0880-4992-af71-c58685ab50fd,,,[{'resourceId': '4cf226b9-b665-414a-863a-cd95006a7819'}]
25082,0a0aa159-0880-4992-af71-c58685ab50fd,,,[{'resourceId': '2572e1d7-8a62-4ccd-a0c3-2e6f4e508c1b'}]
25083,7c13ddbf-1c62-4056-9c8c-b1bcc0e1611c,,,[{'resourceId': 'bb9e8b78-bfd8-49b1-8efb-90b04cfe9867'}]
25084,f80be426-53bd-4a9c-85df-9580bd4dbf20,,,[{'resourceId': '8a80ccc0-6449-4e4c-93ad-b1dfa53d5ce5'}]
25084,f80be426-53bd-4a9c-85df-9580bd4dbf20,,,[{'resourceId': '2cc1be33-1085-403c-b90f-b19e3907c8b4'}]
25085,8f55493a-9c00-4c0f-aa27-ac542ed6849d,,,[{'resourceId': '33628e9f-7fec-4dc7-be53-48ed2b163914'}]
25086,2ec9e417-761e-46ac-a3b4-6e1116f545b0,,,[{'resourceId': '59f80a01-d3c5-46cf-9e74-734443a1a493'}]
25086,2ec9e417-761e-46ac-a3b4-6e1116f545b0,,,[{'resourceId': 'd38db898-243b-477b-9615-61f6898b5243'}]
25087,906df4c3-e926-44d4-99a9-d378bd9453bb,,,[{'resourceId': '645c8dc0-18bc-4245-9303-6b20940837d3'}]
25088,c6d9823d-ea82-4625-b08d-39455347dd77,,,[{'resourceId': '7627597b-e671-4c63-bb39-7c481fffdf07'}]
25088,c6d9823d-ea82-4625-b08d-39455347dd77,,,[{'resourceId': 'df1c45f9-9ea6-406d-a8ff-1ab5bb01e79a'}]
25089,cdc9ec0c-ddbd-4db2-873c-a4496a6e7fd5,,,[{'resourceId': '057d01e8-2462-45df-8980-cb1d3f5eea3c'}]
25089,cdc9ec0c-ddbd-4db2-873c-a4496a6e7fd5,,,[{'resourceId': 'a6934968-a47e-45ac-b0b9-908eb4343b27'}]
25090,af8e380f-9754-40ef-8f8a-ba6eb0c03aa5,,,[{'resourceId': '9454ae48-d7d2-409b-b57b-20abb379e900'}]
25090,af8e380f-9754-40ef-8f8a-ba6eb0c03aa5,,,[{'resourceId': 'e209ea61-8df8-40e1-9e1b-8c8868e22afb'}]
25091,e307f82d-46b1-42a4-9cda-ba6c767d10da,,,[{'resourceId': '1f6533e3-5f0c-4c57-b5e3-71cd90f07497'}]
25091,e307f82d-46b1-42a4-9cda-ba6c767d10da,,,[{'resourceId': '54f985fb-0109-45b9-965e-7a1f40ea89e9'}]
25092,ef9297e8-97ee-452e-abdd-26b8d2d39e64,,,[{'resourceId': '4c553284-883a-4899-b7e8-2f5a1599f61e'}]
25092,ef9297e8-97ee-452e-abdd-26b8d2d39e64,,,[{'resourceId': '79d124aa-489f-4a8c-b3ea-84a02cd3ddc9'}]
25093,7ea359e3-2add-4290-9be3-4c2ab53fb5eb,,,[{'resourceId': 'cf9e5c47-bb66-40ea-8645-931941545738'}]
25093,7ea359e3-2add-4290-9be3-4c2ab53fb5eb,,,[{'resourceId': 'cd7b1554-f53c-4395-b14f-a36688425865'}]
25094,5a36a81a-67e5-4164-8f9e-f9f1cfef6cbf,,,[{'resourceId': '7603d0e5-53f1-4b11-ba9a-07db0a9d5d38'}]
25094,5a36a81a-67e5-4164-8f9e-f9f1cfef6cbf,,,[{'resourceId': 'c3421ea6-a506-40c5-a394-03b0110ee818'}]
25095,79ede81f-f6fe-44dc-8c99-3ea2df501dfb,,,[{'resourceId': '40223876-8612-4d05-9202-296385ff12e7'}]
25095,79ede81f-f6fe-44dc-8c99-3ea2df501dfb,,,[{'resourceId': 'fb844a13-42fb-43c8-ad5b-e45026972d4e'}]
25096,82574af3-7d75-4f13-8dd3-c7e2b28d4c33,,,[{'resourceId': '92f17633-4ce3-499f-a7fa-21f8cca7ad57'}]
25097,3d757e85-1a84-4256-b058-4c0b8a7cc21c,,,[{'resourceId': '7b14e228-ae72-426e-968e-4b0838562569'}]
25097,3d757e85-1a84-4256-b058-4c0b8a7cc21c,,,[{'resourceId': '14cd24d2-143e-4eb5-89c7-ba189e9b2091'}]
25098,484a9591-1755-4935-b132-eaef6b24e27d,,,[{'resourceId': '605db703-8ccd-42b1-aa80-10cdda923d7b'}]
25098,484a9591-1755-4935-b132-eaef6b24e27d,,,[{'resourceId': '2a2a2088-37eb-4555-9f5b-55ab984b312c'}]
25099,558b52e0-f1ff-43f6-a7c3-f3750b6ff50f,,,[{'resourceId': '5ebb1c52-52c0-4494-80a3-1787f0899fbe'}]
25099,558b52e0-f1ff-43f6-a7c3-f3750b6ff50f,,,[{'resourceId': '179f2c2d-cfad-4f04-a34c-c545ecfdaa81'}]
25100,4bb62984-a35a-4546-9c03-38f6ab7df61e,,,[{'resourceId': '19bfc93c-3c72-471d-91d1-7f70ebaafd52'}]
25100,4bb62984-a35a-4546-9c03-38f6ab7df61e,,,[{'resourceId': 'ceb24af3-910b-4941-ad2a-595493734584'}]
25101,029fd962-b146-4a11-9184-f21a800d8c52,,,[{'resourceId': 'cb47d814-2d20-426d-8117-5459ba179f2e'}]
25102,7b909895-ccc0-44b3-b3f8-16155d7feabb,,,[{'resourceId': 'b44a3d30-5a8b-4d74-8635-a9984298bc00'}]
25102,7b909895-ccc0-44b3-b3f8-16155d7feabb,,,[{'resourceId': 'd7e89938-d357-4c36-81ef-abc2021d1d84'}]
25103,a90ec7b9-4532-49f2-b4f0-52975ae800f9,,,[{'resourceId': '1d9ee6d9-3ff6-4097-91e7-3bb10ec6c423'}]
25103,a90ec7b9-4532-49f2-b4f0-52975ae800f9,,,[{'resourceId': '2c838e09-9749-4226-945b-a38712411707'}]
25104,72d841ed-5d5b-4b39-adff-6b221e8a6475,,,[{'resourceId': 'c4251f93-0623-4673-b490-7542ee91340f'}]
25104,72d841ed-5d5b-4b39-adff-6b221e8a6475,,,[{'resourceId': 'aa6a3e5b-e96f-4a73-b9f0-f9863b197b79'}]
25105,30a3ac08-5d77-4a26-b6f7-a02e734758a5,,,[{'resourceId': '136d86e1-330a-405e-91a9-ea7305ed7851'}]
25105,30a3ac08-5d77-4a26-b6f7-a02e734758a5,,,[{'resourceId': '19a2f7b3-6ad6-4bf4-8f7d-0beb7f1fabf3'}]
25106,456b9455-26ed-495d-8cfd-bbb66dcee5a1,,,[{'resourceId': '39695fac-9ce5-402d-a1d7-1d65ae430125'}]
25106,456b9455-26ed-495d-8cfd-bbb66dcee5a1,,,[{'resourceId': '4990db49-1500-47dd-8a97-0e86573ec128'}]
25107,1fe75e5e-4a72-4c92-b0c6-c84d5050877c,,,[{'resourceId': 'a424676d-970d-496c-b294-9bb4d8b8e46c'}]
25107,1fe75e5e-4a72-4c92-b0c6-c84d5050877c,,,[{'resourceId': '7b420cef-7ce8-487c-853c-d855b0b65122'}]
25108,7d28a722-ef6b-4c1c-af39-2006926889e4,,,[{'resourceId': '4d6c078a-b041-401b-82ba-4cd06f85d029'}]
25109,162bfafd-ae2e-4195-9bcb-c7ccb22c5f29,,,[{'resourceId': '2dc5584e-e810-43a7-b8e3-dd97edbd7eae'}]
25109,162bfafd-ae2e-4195-9bcb-c7ccb22c5f29,,,[{'resourceId': 'cdff68fa-95f4-4e17-ae2a-f6d99ff0fc6b'}]
25110,21faf446-18bb-4f8c-a0d3-e8f919dfa025,,,[{'resourceId': '563288d8-efe6-46fd-8b70-9c443e339c41'}]
25110,21faf446-18bb-4f8c-a0d3-e8f919dfa025,,,[{'resourceId': '4f7a073b-5551-4233-9f01-5ddd8991e3f2'}]
25111,e07dcde1-f4ff-443b-b98d-2509ecf5e749,,,[{'resourceId': 'c757d7d0-cbef-4815-944f-8e5f2ec18897'}]
25111,e07dcde1-f4ff-443b-b98d-2509ecf5e749,,,[{'resourceId': 'd1eff42c-40d8-464a-863a-beae10bac0b2'}]
25112,a41e179c-2f86-4e27-bb33-133141d83183,,,[{'resourceId': '8517f0dc-9505-4f1a-a190-1d563b1490ae'}]
25112,a41e179c-2f86-4e27-bb33-133141d83183,,,[{'resourceId': 'b6697345-3915-49f2-9c5a-bd4a38aa7db3'}]
25113,ffdc385f-8980-490b-968a-3ff940574328,,,[{'resourceId': 'ecfde847-a327-48ab-bc8e-cd982b22fd80'}]
25113,ffdc385f-8980-490b-968a-3ff940574328,,,[{'resourceId': 'b24233d2-e0b4-4700-a7d5-502c1f432d75'}]
25114,6816cb1c-3c7a-4c3e-95ee-5d9794276e9d,,,[{'resourceId': '31015488-0162-4567-8ffe-eaa17717055d'}]
25114,6816cb1c-3c7a-4c3e-95ee-5d9794276e9d,,,[{'resourceId': 'ae30dd63-e39c-49f2-a12b-ade8ae28c849'}]
25115,9fbb5169-a638-4dd5-a4ca-1ee1814c7163,,,[{'resourceId': '558a5e5f-f493-4035-8017-347865c109d0'}]
25115,9fbb5169-a638-4dd5-a4ca-1ee1814c7163,,,[{'resourceId': '8c96a592-da6a-4285-8f4a-c6f9270cf3e4'}]
25116,ccbe1778-5d87-4441-a503-f87ff16a47fb,,,[{'resourceId': '9c6505a0-696b-415b-ae4b-c12f19fd3a69'}]
25116,ccbe1778-5d87-4441-a503-f87ff16a47fb,,,[{'resourceId': 'af9cb998-f127-48a7-ba13-e9acd39c570f'}]
25117,9dc5715a-7d08-4edb-89fe-45910f31c243,,,
25118,055f7e7b-9b34-46e6-876b-a87f05d4a003,,,[{'resourceId': '0af0667b-7877-4176-abba-0d28e83bb3c3'}]
25118,055f7e7b-9b34-46e6-876b-a87f05d4a003,,,[{'resourceId': 'faffebcb-1164-43b0-8c1b-4943cfc1e81b'}]
25119,408b8a6f-294a-4a8e-af57-b703794f17ca,,,[{'resourceId': 'a4a637bd-b46a-43ac-82e5-3a7eedb8bc72'}]
25119,408b8a6f-294a-4a8e-af57-b703794f17ca,,,[{'resourceId': 'dcc348c4-49eb-47b9-97c0-9f5d733313e1'}]
25120,263fa9db-4b2e-4f77-bb3b-a7df5b2bcf3e,,,[{'resourceId': '7603d0e5-53f1-4b11-ba9a-07db0a9d5d38'}]
25120,263fa9db-4b2e-4f77-bb3b-a7df5b2bcf3e,,,[{'resourceId': 'c3421ea6-a506-40c5-a394-03b0110ee818'}]
25121,f024050c-e0f7-4f60-987a-ec3ff750a34c,,,[{'resourceId': '9d566fef-8296-4d09-81f0-c3e7138708b8'}]
25121,f024050c-e0f7-4f60-987a-ec3ff750a34c,,,[{'resourceId': 'b4bd7499-b467-4f8a-8ce0-4d2654aabff0'}]
25122,6606920f-d445-4e94-af0f-852c135c45b1,,,[{'resourceId': '314c8177-969d-4d4e-bc09-4c3e2712f468'}]
25122,6606920f-d445-4e94-af0f-852c135c45b1,,,[{'resourceId': '509c497d-7d14-412d-972d-fdc941cd8cf4'}]
25123,fa32b289-5b52-4bce-be5d-547c3dea7404,,,[{'resourceId': '37e47d1a-72be-42be-bd0f-ca2373011fbb'}]
25123,fa32b289-5b52-4bce-be5d-547c3dea7404,,,[{'resourceId': 'b7348bab-5c1e-40cf-b5a1-39f8ef5dbebe'}]
25124,d592c508-a55f-484a-9c49-a5b4a9b5b2d1,,,[{'resourceId': '1ee8f425-cb0e-4dae-8deb-39b34bbaeb9d'}]
25124,d592c508-a55f-484a-9c49-a5b4a9b5b2d1,,,[{'resourceId': '7f9d68e1-af44-4684-968f-fbd82723587e'}]
25125,74f0000e-3ddd-49d9-ab93-31cf3877ee83,,,[{'resourceId': '14c007a3-fd30-40cc-b1dd-174dd9d7aef8'}]
25125,74f0000e-3ddd-49d9-ab93-31cf3877ee83,,,[{'resourceId': '039500c1-943a-4095-b467-38d29bc27196'}]
25126,97ff8188-c642-40bd-8e25-0cb2eae34277,,,[{'resourceId': '2e85f439-99d1-4d3a-b90b-e518519ee836'}]
25126,97ff8188-c642-40bd-8e25-0cb2eae34277,,,[{'resourceId': 'f4eac4e8-3bcf-40c7-9718-f0f4b86c69a0'}]
25127,a2e9d22a-c9d3-4a26-9760-627504220420,,,[{'resourceId': '2a06fbe5-a9ee-4a6c-9004-6ada6c0e8957'}]
25127,a2e9d22a-c9d3-4a26-9760-627504220420,,,[{'resourceId': '0a755ced-7e64-425a-b868-662cb5dd0780'}]
25128,c1639084-6249-4a26-ba1d-a2fc5f6f673a,,,[{'resourceId': 'a8259712-7c4a-405a-87a7-d962990851ae'}]
25128,c1639084-6249-4a26-ba1d-a2fc5f6f673a,,,[{'resourceId': '1368576c-70cb-4e14-aace-9e6c4ed52ef0'}]
25129,73774755-584f-4c7a-94cd-5c90764f2217,,,[{'resourceId': '1925ca9f-7714-46f3-b779-5ce1768d7e63'}]
25129,73774755-584f-4c7a-94cd-5c90764f2217,,,[{'resourceId': '87b283e1-22c7-4b53-9f69-3a60e69ca122'}]
25130,53fb36dd-7af5-459b-b96a-6a88107a7977,,,[{'resourceId': '1f6533e3-5f0c-4c57-b5e3-71cd90f07497'}]
25130,53fb36dd-7af5-459b-b96a-6a88107a7977,,,[{'resourceId': '54f985fb-0109-45b9-965e-7a1f40ea89e9'}]
25131,35b56b71-4095-45ec-a0ab-240fdec702ab,,,[{'resourceId': 'a424676d-970d-496c-b294-9bb4d8b8e46c'}]
25131,35b56b71-4095-45ec-a0ab-240fdec702ab,,,[{'resourceId': '7b420cef-7ce8-487c-853c-d855b0b65122'}]
25132,949723de-b8e9-4bb9-9808-fa4ae5f486b1,,,[{'resourceId': '40223876-8612-4d05-9202-296385ff12e7'}]
25132,949723de-b8e9-4bb9-9808-fa4ae5f486b1,,,[{'resourceId': 'fb844a13-42fb-43c8-ad5b-e45026972d4e'}]
25133,c12e2931-2846-4d42-b4aa-b32fb9746831,,,[{'resourceId': 'e30620b4-80b9-4eb3-923c-9678ae7a2aee'}]
25133,c12e2931-2846-4d42-b4aa-b32fb9746831,,,[{'resourceId': 'ecb86666-2282-4f46-9f05-a8cbf9430a39'}]
25134,257ec7f5-24dd-4936-89d2-f5ac4312163b,,,[{'resourceId': 'b2b96b56-fbbe-4f0c-9e6d-7324c9df69df'}]
25134,257ec7f5-24dd-4936-89d2-f5ac4312163b,,,[{'resourceId': '4a2d35d0-7f7b-4ce5-8e34-4720b833fb25'}]
25135,9ab597ad-3260-47e1-a6f5-08ac022c596f,,,[{'resourceId': 'bc572ea1-6a18-4e9d-8d87-a60bca6c9d09'}]
25135,9ab597ad-3260-47e1-a6f5-08ac022c596f,,,[{'resourceId': '8517f0dc-9505-4f1a-a190-1d563b1490ae'}]
25136,729ea3b3-5e89-44a6-80ef-34616229b329,,,[{'resourceId': 'd4e3541b-372a-4093-bddd-9acbc8afbb80'}]
25136,729ea3b3-5e89-44a6-80ef-34616229b329,,,[{'resourceId': '3d757e85-1a84-4256-b058-4c0b8a7cc21c'}]
25137,06b6c1b3-c092-4ac3-b1f8-18e985991c67,,,[{'resourceId': '753e8caf-fdf3-4a07-bccf-577eb1d0ebda'}]
25138,0b2eae5d-246e-4429-885c-ceed669da5fd,,,[{'resourceId': 'cbff4beb-4d5f-4935-8be8-9e4d6ae116dc'}]
25138,0b2eae5d-246e-4429-885c-ceed669da5fd,,,[{'resourceId': 'b642d3b4-1f30-4f3f-8e5b-936cc9def585'}]
25139,b3669d71-1973-4ab0-aae6-1f8cdb914578,,,[{'resourceId': 'adf741f3-89df-4728-881a-437e5d60a83b'}]
25139,b3669d71-1973-4ab0-aae6-1f8cdb914578,,,[{'resourceId': '9ff8a659-e050-4e61-8d7b-8e6fe52a85b9'}]
25140,f621ea21-f423-4046-aa9a-2d2b0eb0e1b4,,,[{'resourceId': '97076705-7c38-4757-930e-c625c7ec6d53'}]
25140,f621ea21-f423-4046-aa9a-2d2b0eb0e1b4,,,[{'resourceId': '94ecf1a4-2535-4f47-b415-6c8a8d791652'}]
25141,efe966d7-de52-4f1f-af63-af0157df0632,,,[{'resourceId': 'f4ad5a40-509b-4598-bcaf-30dce9cc86a1'}]
25141,efe966d7-de52-4f1f-af63-af0157df0632,,,[{'resourceId': '2293a4b3-3735-400c-b1d7-7ccb4bd1404e'}]
25142,fd0267e9-fb60-4aad-b892-74157b6743df,,,[{'resourceId': 'bc879450-eb65-4fe2-a817-75278ebdd8f0'}]
25142,fd0267e9-fb60-4aad-b892-74157b6743df,,,[{'resourceId': 'f18878e3-d4f6-4ef2-b9a4-40566f6d6617'}]
25143,61af4eb5-eb0a-42ee-bd2c-ee78ebecf0f6,,,[{'resourceId': '2bef7b36-045e-45be-93fb-dab6950a4f24'}]
25143,61af4eb5-eb0a-42ee-bd2c-ee78ebecf0f6,,,[{'resourceId': '76fd97e1-3587-4c0a-811a-ad55de57cf29'}]
25144,a9b3f8a7-2ca9-4b83-9785-b94d2371fadd,,,[{'resourceId': 'c5ba68d7-5619-4111-9151-88e280ae6f79'}]
25144,a9b3f8a7-2ca9-4b83-9785-b94d2371fadd,,,[{'resourceId': '353b8a1f-6014-41e4-8b64-352258d49469'}]
25145,af699fe8-e7a7-42eb-8e73-687861653d6a,,,[{'resourceId': '25042291-c1e5-4952-84d6-ff8c9368173c'}]
25145,af699fe8-e7a7-42eb-8e73-687861653d6a,,,[{'resourceId': 'aea1fea6-97e9-4d66-8940-54bd571d123a'}]
25146,832d4151-87e9-4916-b994-33080bb7b15b,,,[{'resourceId': 'ebe78b8e-2bf0-493a-9a54-ff23e708c52b'}]
25146,832d4151-87e9-4916-b994-33080bb7b15b,,,[{'resourceId': '4741530e-b56b-46d2-9357-80a4e1ccb027'}]
25147,68f3e18b-2b79-4352-a56e-62d64766d786,,,[{'resourceId': '9e727313-f5af-4196-abcd-ed50dd9e7f9e'}]
25147,68f3e18b-2b79-4352-a56e-62d64766d786,,,[{'resourceId': '832d4151-87e9-4916-b994-33080bb7b15b'}]
25148,e209ea61-8df8-40e1-9e1b-8c8868e22afb,,,[{'resourceId': 'a0f34a06-1f43-4b63-ac5e-79b436270367'}]
25148,e209ea61-8df8-40e1-9e1b-8c8868e22afb,,,[{'resourceId': 'd15738f3-4787-41d1-8449-7712fcbf7557'}]
25149,73e6b294-1ca4-4687-9748-73790e29ffb0,,,[{'resourceId': '4e717e8d-ec0b-4a0b-bfb2-60b292af4ce4'}]
25149,73e6b294-1ca4-4687-9748-73790e29ffb0,,,[{'resourceId': '68c3b92d-0c6d-4142-b07f-f1da51204c7b'}]
25150,0abb72e3-1f30-40a9-8524-be66889b4683,,,[{'resourceId': 'cb9ccc03-acf2-4f24-9beb-8218f459d3fd'}]
25150,0abb72e3-1f30-40a9-8524-be66889b4683,,,[{'resourceId': '52bb2afd-118b-4209-a94e-2316b0123dd0'}]
25151,48851b62-9773-49ab-b6c6-4d55abace085,,,[{'resourceId': 'f971d052-775d-441e-8a1d-4123c22e8cc1'}]
25152,ad0f982b-1820-4298-bb44-289a6093069c,,,[{'resourceId': '558a5e5f-f493-4035-8017-347865c109d0'}]
25152,ad0f982b-1820-4298-bb44-289a6093069c,,,[{'resourceId': '8c96a592-da6a-4285-8f4a-c6f9270cf3e4'}]
25153,35231246-f1f9-488c-8ba5-bed030bdefab,,,[{'resourceId': '33f15bd4-480b-41b7-9bd0-37a7c035f855'}]
25153,35231246-f1f9-488c-8ba5-bed030bdefab,,,[{'resourceId': 'cc1b162d-7d29-404c-bc5c-15b9e19c02a2'}]
25154,b00ef89e-7ea8-4836-8862-b8dd8b685d9b,,,[{'resourceId': '9fbb5169-a638-4dd5-a4ca-1ee1814c7163'}]
25154,b00ef89e-7ea8-4836-8862-b8dd8b685d9b,,,[{'resourceId': '13288196-f3e2-4ddb-ae3d-babd1e6ea971'}]
25155,f9ebddb5-04c4-4781-b610-9a68b6949485,,,[{'resourceId': '9c6505a0-696b-415b-ae4b-c12f19fd3a69'}]
25155,f9ebddb5-04c4-4781-b610-9a68b6949485,,,[{'resourceId': 'af9cb998-f127-48a7-ba13-e9acd39c570f'}]
25156,ebf1570c-a27e-4fa9-8562-e37f2b7d639d,,,[{'resourceId': '78655b92-5326-487f-ad2b-e8614fb6def8'}]
25156,ebf1570c-a27e-4fa9-8562-e37f2b7d639d,,,[{'resourceId': '957ccd19-8136-41a8-9da6-2893e715ee22'}]
25157,b642d3b4-1f30-4f3f-8e5b-936cc9def585,,,[{'resourceId': '5faf00eb-4891-4d7c-b3d3-99d988969347'}]
25157,b642d3b4-1f30-4f3f-8e5b-936cc9def585,,,[{'resourceId': 'ba308696-ea7a-4f5d-9e44-588a8a17f34c'}]
25158,0d1b8ba8-8963-4870-89f3-b91fbfb5c9bd,,,[{'resourceId': '30d92a95-c6d1-4c56-876c-7c0cc1dd6b44'}]
25158,0d1b8ba8-8963-4870-89f3-b91fbfb5c9bd,,,[{'resourceId': '73612254-46a3-4eb7-8917-a5bd03260f06'}]
25159,42bc7a56-6564-42b7-89aa-582c10a99fa2,,,[{'resourceId': '960e91f9-75e8-4419-a600-d5e54db80ffc'}]
25159,42bc7a56-6564-42b7-89aa-582c10a99fa2,,,[{'resourceId': '0d1b8ba8-8963-4870-89f3-b91fbfb5c9bd'}]
25160,c521d451-ab9b-4560-b59f-97e45a67b842,,,[{'resourceId': 'e55afa90-d4ce-475f-8f04-318f3a4e0f1f'}]
25160,c521d451-ab9b-4560-b59f-97e45a67b842,,,[{'resourceId': '58f2223d-e4b4-4129-b3ef-f877adbe2557'}]
25161,8dc05bd3-99a6-4f1a-bf43-8b3bb8a681ca,,,[{'resourceId': 'b44a3d30-5a8b-4d74-8635-a9984298bc00'}]
25161,8dc05bd3-99a6-4f1a-bf43-8b3bb8a681ca,,,[{'resourceId': 'd7e89938-d357-4c36-81ef-abc2021d1d84'}]
25162,f6cf61ad-7542-4808-8e98-d2aa292d39cb,,,[{'resourceId': '85fc6088-6821-427d-83aa-a567baada59d'}]
25162,f6cf61ad-7542-4808-8e98-d2aa292d39cb,,,[{'resourceId': 'dc82fb86-7c03-4512-89e9-0bb2867ce554'}]
25163,adde6bf2-c9d9-4f44-85b9-50b66c6f5d01,,,[{'resourceId': '038f77d2-a242-4eff-9842-00feb16a0b2b'}]
25163,adde6bf2-c9d9-4f44-85b9-50b66c6f5d01,,,[{'resourceId': 'f024050c-e0f7-4f60-987a-ec3ff750a34c'}]
25164,fe5e9324-bbbe-4248-a060-8aea654b20b1,,,[{'resourceId': '095f80c6-0a6d-438a-8305-2043b83a8638'}]
25164,fe5e9324-bbbe-4248-a060-8aea654b20b1,,,[{'resourceId': '1d9ddf68-2987-4dfb-a419-1f1a442c3d64'}]
25165,fde55f92-a9b1-4a17-af12-0367cd084d00,,,[{'resourceId': '1ee4d293-f09f-4f49-a3c2-b49a484dac2a'}]
25165,fde55f92-a9b1-4a17-af12-0367cd084d00,,,[{'resourceId': '6ea235b1-b1d0-4fb8-992a-42eb337bcac0'}]
25166,91f44a91-4ff8-4207-b1af-5038954d0d74,,,[{'resourceId': '9383f2ac-9ddb-4d66-a574-f3417fdb8aba'}]
25167,d8729090-46f1-4468-877a-2f0fd557143c,,,[{'resourceId': '8d49c1e6-14f0-41c7-92b9-4d03f8d4aef1'}]
25167,d8729090-46f1-4468-877a-2f0fd557143c,,,[{'resourceId': 'f76b4228-f4ce-4073-9a2d-ae944476170f'}]
25168,1abca802-8ab9-4054-b0bb-e21256e368c8,,,[{'resourceId': '64d1de39-0034-40b8-b4fa-e23b50749a27'}]
25168,1abca802-8ab9-4054-b0bb-e21256e368c8,,,[{'resourceId': '2fce458f-43c5-48af-abc0-d0a84b14ab00'}]
25169,561d88ba-04e1-4759-9734-a6e521693d8f,,,[{'resourceId': '6cae7248-fee1-421a-baba-4a0bfd2526f6'}]
25169,561d88ba-04e1-4759-9734-a6e521693d8f,,,[{'resourceId': 'c8c05479-0cdd-4c48-9360-f417e3b79d8d'}]
25170,8f48bf00-491a-411e-9db5-80f02f9d552c,,,[{'resourceId': '095f80c6-0a6d-438a-8305-2043b83a8638'}]
25170,8f48bf00-491a-411e-9db5-80f02f9d552c,,,[{'resourceId': '1d9ddf68-2987-4dfb-a419-1f1a442c3d64'}]
25171,21459f0f-b43f-41fd-bb26-650fd891e6ad,,,[{'resourceId': 'f8791d2a-6e2e-4c7a-866d-a0c821f68c54'}]
25171,21459f0f-b43f-41fd-bb26-650fd891e6ad,,,[{'resourceId': '868a0092-6352-4d4b-95f3-959b7e619b6e'}]
25172,e5fe86f8-6315-4134-8737-93861d7f11f3,,,[{'resourceId': 'c757d7d0-cbef-4815-944f-8e5f2ec18897'}]
25172,e5fe86f8-6315-4134-8737-93861d7f11f3,,,[{'resourceId': 'd1eff42c-40d8-464a-863a-beae10bac0b2'}]
25173,ff565e1a-4079-44ae-be6c-97bf0d5ea5e6,,,[{'resourceId': '9a32a1b2-4b9b-437c-98cc-5f443baa3552'}]
25173,ff565e1a-4079-44ae-be6c-97bf0d5ea5e6,,,[{'resourceId': '31af271d-9797-4a67-94ec-54c4d823f77c'}]
25174,7bcd5705-a332-4788-967a-8af4c000e356,,,[{'resourceId': 'e14f6d14-55c1-46fc-abb1-8a7f8055ee67'}]
25174,7bcd5705-a332-4788-967a-8af4c000e356,,,[{'resourceId': '9707240b-da07-4d83-8690-812fb7a3359b'}]
25175,56d7f9d7-bace-4980-9dda-29c6999c25f1,,,[{'resourceId': '667d003d-da07-4f51-a385-1eed30194467'}]
25175,56d7f9d7-bace-4980-9dda-29c6999c25f1,,,[{'resourceId': '32e19400-3fc6-4096-9c52-1b4e5b032e9d'}]
25176,69746120-bcc0-464d-b971-4116b26766a2,,,[{'resourceId': '377ddb11-e368-406c-b0f2-2b3f76231969'}]
25177,516d496a-3d7d-4bfb-8718-1bd7eb3714b8,,,[{'resourceId': 'cb7e721c-ceb9-472d-8745-a780774d182b'}]
25177,516d496a-3d7d-4bfb-8718-1bd7eb3714b8,,,[{'resourceId': '323f177a-2bf3-4c86-9120-fd883f493288'}]
25178,7c9e3ef5-cf67-4fc6-823a-b8894634c1fa,,,[{'resourceId': 'b5bc9fc1-48de-4907-9a0b-a02316a4c0d4'}]
25178,7c9e3ef5-cf67-4fc6-823a-b8894634c1fa,,,[{'resourceId': 'fb808123-abc2-4af1-9e2c-713a454e8640'}]
25179,8e2acb3b-1dc3-4d45-b1b7-f2ba4164e8e5,,,[{'resourceId': 'a0f34a06-1f43-4b63-ac5e-79b436270367'}]
25179,8e2acb3b-1dc3-4d45-b1b7-f2ba4164e8e5,,,[{'resourceId': 'd15738f3-4787-41d1-8449-7712fcbf7557'}]
25180,e3738fa7-528a-4dc1-89a7-7223b398d186,,,[{'resourceId': '0657f939-188f-4093-8f11-ba65b7c6deb1'}]
25180,e3738fa7-528a-4dc1-89a7-7223b398d186,,,[{'resourceId': 'bf13e400-ebde-43aa-b0a9-1c04c2e2b725'}]
25181,39570d1b-82f6-4014-b203-0a948fd4079e,,,[{'resourceId': '9454ae48-d7d2-409b-b57b-20abb379e900'}]
25181,39570d1b-82f6-4014-b203-0a948fd4079e,,,[{'resourceId': 'e209ea61-8df8-40e1-9e1b-8c8868e22afb'}]
25182,3b6c70bf-ff8d-4ed6-a18f-da2e18c14b03,,,[{'resourceId': '7627597b-e671-4c63-bb39-7c481fffdf07'}]
25182,3b6c70bf-ff8d-4ed6-a18f-da2e18c14b03,,,[{'resourceId': 'df1c45f9-9ea6-406d-a8ff-1ab5bb01e79a'}]
25183,cc90265c-f52f-4dce-916d-1e4036b3d490,,,[{'resourceId': '3e99b304-3f0c-42bf-a7fc-09ca188b36a4'}]
25183,cc90265c-f52f-4dce-916d-1e4036b3d490,,,[{'resourceId': '8f55493a-9c00-4c0f-aa27-ac542ed6849d'}]
25184,580e1bd8-e36d-4531-a90a-45eaf839fb20,,,[{'resourceId': '33628e9f-7fec-4dc7-be53-48ed2b163914'}]
25185,75450f9d-4522-4498-bb62-e0e2b83d75dc,,,[{'resourceId': 'a8ec4a55-2066-48f8-bf8d-67625bfcd564'}]
25185,75450f9d-4522-4498-bb62-e0e2b83d75dc,,,[{'resourceId': '9fb2f3e7-0751-42e5-8c2c-b53d49bc0bba'}]
25186,9fb2f3e7-0751-42e5-8c2c-b53d49bc0bba,,,[{'resourceId': 'c314cf6e-52db-4598-aa67-b55c0b18fee2'}]
25187,6ece5792-cc90-46c0-b9b5-47ba6c696d0e,,,[{'resourceId': '75450f9d-4522-4498-bb62-e0e2b83d75dc'}]
25187,6ece5792-cc90-46c0-b9b5-47ba6c696d0e,,,[{'resourceId': '6d0607ed-42bd-4440-902d-9d2d653d8ad8'}]
25188,a361540d-d12f-4f10-be58-995b50c90738,,,[{'resourceId': '8e2a79c6-e3bb-40d8-9203-7066409ef6a1'}]
25189,76dc5b66-25d5-4e8d-889d-54c75f9fe3e2,,,[{'resourceId': '3e99b304-3f0c-42bf-a7fc-09ca188b36a4'}]
25189,76dc5b66-25d5-4e8d-889d-54c75f9fe3e2,,,[{'resourceId': '8f55493a-9c00-4c0f-aa27-ac542ed6849d'}]
25190,f5f014e3-a5b2-4f4f-b7f9-d0516faa3540,,,[{'resourceId': 'c1b002f5-46e6-4d49-a0af-d7645734d4e5'}]
25190,f5f014e3-a5b2-4f4f-b7f9-d0516faa3540,,,[{'resourceId': '8428ead4-29e9-4a64-9128-e0f58c165c08'}]
25191,da593f1a-00c9-42b0-a989-d701fe564b4a,,,[{'resourceId': '5ebb1c52-52c0-4494-80a3-1787f0899fbe'}]
25191,da593f1a-00c9-42b0-a989-d701fe564b4a,,,[{'resourceId': '179f2c2d-cfad-4f04-a34c-c545ecfdaa81'}]
25192,efd24919-d884-4237-9b0a-7e279d1dd3f7,,,[{'resourceId': '4e6b79bc-d87b-4288-a639-143a02dee20a'}]
25192,efd24919-d884-4237-9b0a-7e279d1dd3f7,,,[{'resourceId': '0818d587-9bf5-487a-9035-7cc389b6a012'}]
25193,5d6a2d8e-128e-4426-8df8-64c4baa63b09,,,[{'resourceId': '96077fb9-be1c-4ee2-ae71-43b14ae61ffe'}]
25193,5d6a2d8e-128e-4426-8df8-64c4baa63b09,,,[{'resourceId': 'c6614569-e046-4b20-86b8-cb7430bfb61c'}]
25194,7774339c-af18-4272-8cd4-c1aa3f4939de,,,[{'resourceId': '5e5a977e-9aef-4cd2-b697-556cbb136aa8'}]
25194,7774339c-af18-4272-8cd4-c1aa3f4939de,,,[{'resourceId': '693457bf-fe82-40c3-91ac-df1010f87582'}]
25195,18ebcdd2-bc4b-4adc-b0b3-2d5f6c800e63,,,[{'resourceId': '9b855add-a4bb-4db6-b96c-1b3225677e79'}]
25195,18ebcdd2-bc4b-4adc-b0b3-2d5f6c800e63,,,[{'resourceId': '8bff2fda-fcd5-4bee-bdad-a970c5897828'}]
25196,38b25735-8ffa-4f89-9679-09fcc1a54bb1,,,[{'resourceId': '136d86e1-330a-405e-91a9-ea7305ed7851'}]
25196,38b25735-8ffa-4f89-9679-09fcc1a54bb1,,,[{'resourceId': '19a2f7b3-6ad6-4bf4-8f7d-0beb7f1fabf3'}]
25197,fda5e30f-5cc2-4be1-8186-b16378885319,,,[{'resourceId': 'b20761a6-e68c-4a3a-9a26-d2c9a29e3fd8'}]
25197,fda5e30f-5cc2-4be1-8186-b16378885319,,,[{'resourceId': '35590e24-6450-4bcd-ab10-e38d62277bec'}]
25198,aa108c95-177f-40c2-9b60-d5e352dba629,,,[{'resourceId': '5b8c1e3c-2d93-44ad-80e1-c955c91935d9'}]
25199,fc244078-3458-40c3-a73f-618f314901f0,,,[{'resourceId': 'f9d0b8c6-3e0a-4fc8-b350-6e8e794f6876'}]
25200,fd70fb99-7655-4a60-9e9b-df3552777f13,,,[{'resourceId': '3fbf27a0-952d-46ee-8414-2c62dcd49caa'}]
25201,c94f2526-b305-45cd-ab95-3021c811e6c5,,,[{'resourceId': '0868a535-57c0-4b94-839f-f8618ba3062d'}]
25201,c94f2526-b305-45cd-ab95-3021c811e6c5,,,[{'resourceId': 'fe0d3d8a-79db-4770-973e-634061b9ebdf'}]
25202,3a860bce-7a1b-4877-9895-00a02a2cb8c7,,,[{'resourceId': '57931b3f-bed5-49e2-8520-6b77792b9fc3'}]
25203,bcfcf535-d30c-4d37-9fab-75e8cdb242c0,,,[{'resourceId': 'c1a47f86-f01b-4634-93e8-37ddafad5c65'}]
25204,50aba33f-3f24-48b2-9345-c4f4b3decd6b,,,[{'resourceId': '7862657b-6be8-4b88-b137-8748dc0e5495'}]
25205,69821a7b-3cd3-4ceb-9ba8-b6f8422213e2,,,[{'resourceId': '5e5a977e-9aef-4cd2-b697-556cbb136aa8'}]
25205,69821a7b-3cd3-4ceb-9ba8-b6f8422213e2,,,[{'resourceId': '693457bf-fe82-40c3-91ac-df1010f87582'}]
25206,cac19a91-e4ef-4695-80d7-4f85b625048d,,,[{'resourceId': 'ff5b8ebf-5b0d-49ff-aac9-1d68306b0e96'}]
25207,2d5888c2-c949-485f-8725-2382f77b8cea,,,[{'resourceId': 'bc572ea1-6a18-4e9d-8d87-a60bca6c9d09'}]
25207,2d5888c2-c949-485f-8725-2382f77b8cea,,,[{'resourceId': '8517f0dc-9505-4f1a-a190-1d563b1490ae'}]
25208,1d259eca-324c-40ad-8e77-616da2602b27,,,[{'resourceId': '3709e0bf-b2f6-4ed1-8716-fbd3f4ac0d2c'}]
25209,cd1aee19-e304-4cb6-a926-1659212a2d8b,,,[{'resourceId': '85fc6088-6821-427d-83aa-a567baada59d'}]
25209,cd1aee19-e304-4cb6-a926-1659212a2d8b,,,[{'resourceId': 'dc82fb86-7c03-4512-89e9-0bb2867ce554'}]
25210,8e4dc2ca-62fd-4403-8430-f46f47f9bcd0,,,[{'resourceId': '5a2f3776-31d8-4cc6-9edf-953e19867958'}]
25210,8e4dc2ca-62fd-4403-8430-f46f47f9bcd0,,,[{'resourceId': 'a41e179c-2f86-4e27-bb33-133141d83183'}]
25211,9ccc5d94-0386-4186-8542-c64a4a714ad0,,,[{'resourceId': '1d9811bb-d6f2-48de-ab47-d05dbe34c3b8'}]
25211,9ccc5d94-0386-4186-8542-c64a4a714ad0,,,[{'resourceId': '5cc32461-b224-405f-965d-c45146c9f7b7'}]
25212,2310c609-c2a3-4c73-bd51-aea763f1966b,,,[{'resourceId': '6277773f-45f8-48e3-8ccd-8444263a6c9e'}]
25212,2310c609-c2a3-4c73-bd51-aea763f1966b,,,[{'resourceId': '18cfbddf-3826-4ef7-b367-a04e67cc325d'}]
25213,f7c7f0e2-be66-41a8-aea4-ba4ea8a49956,,,[{'resourceId': '5d13c7bf-cf75-4f89-81c4-46cb1e927c04'}]
25213,f7c7f0e2-be66-41a8-aea4-ba4ea8a49956,,,[{'resourceId': '24cdd68f-7a48-404f-b233-011d90bea9e5'}]
25214,049c5203-2398-4395-ab57-04dfee2ae0fd,,,[{'resourceId': '4b3efa15-7d48-4431-bcc3-25ddbbb7ad04'}]
25215,48e2ff3b-a708-4c33-9bb6-22362266f9fc,,,[{'resourceId': 'fefe1ce2-858a-4e47-8fb4-64444ff1642d'}]
25216,bb43f0c1-d758-49fe-b619-aa2972ea72ea,,,[{'resourceId': 'f971d052-775d-441e-8a1d-4123c22e8cc1'}]
25216,bb43f0c1-d758-49fe-b619-aa2972ea72ea,,,[{'resourceId': '15e92ece-63e6-4919-a511-1847805c2b4a'}]
25217,74a54892-e2b0-4473-81ea-2145962262ed,,,[{'resourceId': '9c6505a0-696b-415b-ae4b-c12f19fd3a69'}]
25217,74a54892-e2b0-4473-81ea-2145962262ed,,,[{'resourceId': 'af9cb998-f127-48a7-ba13-e9acd39c570f'}]
25218,725bd425-d3bb-4c67-bb6a-3deb20bf7031,,,[{'resourceId': '26c2ced3-297a-42fe-a8ad-3254d2e145ec'}]
25219,26c2ced3-297a-42fe-a8ad-3254d2e145ec,,,
25220,e9e55e7a-4fe6-4793-a562-a497c086a742,,,
25221,5880c17d-8bca-4c8b-b703-dd695328c71e,,,
25222,5e754b41-d40c-473d-b42d-d55115e70d03,,,[{'resourceId': 'f16e51dd-6f62-4887-9dfd-fb888f9c9df4'}]
25222,5e754b41-d40c-473d-b42d-d55115e70d03,,,[{'resourceId': 'cc6d0100-dbe9-42e7-a087-b88b4a7d1626'}]
25223,8394056a-afe7-48df-9002-ee9218ed252a,,,[{'resourceId': 'f16e51dd-6f62-4887-9dfd-fb888f9c9df4'}]
25223,8394056a-afe7-48df-9002-ee9218ed252a,,,[{'resourceId': 'cc6d0100-dbe9-42e7-a087-b88b4a7d1626'}]
25224,ac770b4d-6efd-400f-821f-61720f926c9f,,,[{'resourceId': 'b9bb9dd4-9860-41e6-a54a-057a9d3c67b8'}]
25225,c05d2ae7-bb74-40ac-b96e-71d4eba37f9c,,,[{'resourceId': 'b9bb9dd4-9860-41e6-a54a-057a9d3c67b8'}]
25226,6dff2343-3e35-43e5-ba7a-7a03be7ec9e8,,,[{'resourceId': 'f16e51dd-6f62-4887-9dfd-fb888f9c9df4'}]
25226,6dff2343-3e35-43e5-ba7a-7a03be7ec9e8,,,[{'resourceId': 'cc6d0100-dbe9-42e7-a087-b88b4a7d1626'}]
25227,6a9024f0-0a76-483c-bec7-5e8938895874,,,[{'resourceId': '38b19c98-fbfa-4256-bed9-773def580e23'}]
25228,eea2c7df-7c37-40f0-93f7-a715bc43f3d0,,,[{'resourceId': '6a9024f0-0a76-483c-bec7-5e8938895874'}]
25229,396cde63-b50e-4555-91c1-5c319a257af3,,,[{'resourceId': 'f16e51dd-6f62-4887-9dfd-fb888f9c9df4'}]
25229,396cde63-b50e-4555-91c1-5c319a257af3,,,[{'resourceId': 'cc6d0100-dbe9-42e7-a087-b88b4a7d1626'}]
25230,b9bb9dd4-9860-41e6-a54a-057a9d3c67b8,,,[{'resourceId': '38b19c98-fbfa-4256-bed9-773def580e23'}]
25231,3a52accc-8afb-4924-91c9-2df3c4940873,,,[{'resourceId': '6a9024f0-0a76-483c-bec7-5e8938895874'}]
25232,22c76982-223f-4c65-bd97-72b812a5a2d1,,,[{'resourceId': 'f16e51dd-6f62-4887-9dfd-fb888f9c9df4'}]
25232,22c76982-223f-4c65-bd97-72b812a5a2d1,,,[{'resourceId': 'cc6d0100-dbe9-42e7-a087-b88b4a7d1626'}]
25233,9532e7ae-77ad-49c2-93e5-60f9f98af1e0,,,[{'resourceId': 'f16e51dd-6f62-4887-9dfd-fb888f9c9df4'}]
25233,9532e7ae-77ad-49c2-93e5-60f9f98af1e0,,,[{'resourceId': 'cc6d0100-dbe9-42e7-a087-b88b4a7d1626'}]
25234,fadebe02-ff24-43ce-90d4-9ad2d040a377,,,[{'resourceId': '38b19c98-fbfa-4256-bed9-773def580e23'}]
25235,78d77e1b-e323-4c7b-8a02-794bf9066231,,,[{'resourceId': 'f16e51dd-6f62-4887-9dfd-fb888f9c9df4'}]
25235,78d77e1b-e323-4c7b-8a02-794bf9066231,,,[{'resourceId': 'cc6d0100-dbe9-42e7-a087-b88b4a7d1626'}]
25236,1be959fe-6d36-446c-9812-9e09223bffb4,,,[{'resourceId': 'f16e51dd-6f62-4887-9dfd-fb888f9c9df4'}]
25236,1be959fe-6d36-446c-9812-9e09223bffb4,,,[{'resourceId': 'cc6d0100-dbe9-42e7-a087-b88b4a7d1626'}]
25237,a94c3c26-d78b-4236-ae92-396ea8390f47,,,[{'resourceId': '78d77e1b-e323-4c7b-8a02-794bf9066231'}]
25238,cc6d0100-dbe9-42e7-a087-b88b4a7d1626,,,[{'resourceId': '38b19c98-fbfa-4256-bed9-773def580e23'}]
25239,38b19c98-fbfa-4256-bed9-773def580e23,,,
25240,9c5f2748-e727-4fbb-9a60-024a06e65536,,,
25241,6f2a7a97-912a-42f0-958f-3b6a14280836,,,[{'resourceId': '297de37f-4cde-4716-a29c-50292f75075e'}]
25242,0f5fa43c-270b-4734-8205-ee0af66e37e8,,,
25243,297de37f-4cde-4716-a29c-50292f75075e,,,
25244,0c5b8fe1-9800-4b16-8d4a-3e7d7b5c1cd7,,,[{'resourceId': '556a044a-c586-4f96-ba50-ae48838fd49d'}]
25245,556a044a-c586-4f96-ba50-ae48838fd49d,,,[{'resourceId': 'dc45cf36-d443-4c56-a01e-24f4e52b272b'}]
25246,dc0f85f0-3c95-401a-84dc-29e7fae5ec25,,,[{'resourceId': 'dc45cf36-d443-4c56-a01e-24f4e52b272b'}]
25247,dc45cf36-d443-4c56-a01e-24f4e52b272b,,,
25248,288640be-8c8e-4ba2-90d3-209d30e37366,,,
25249,308d7858-05c1-41dc-8ec4-ccd49b7e03dd,,,[{'resourceId': '288640be-8c8e-4ba2-90d3-209d30e37366'}]
25250,4ef5c74f-9468-429b-92af-948bbd4acf77,,,
25251,fa8d78ee-ba59-49ac-9c8d-31464802242c,,,[{'resourceId': 'c2471ee3-8539-4b62-bf14-c253cf218232'}]
25252,0e3bc20c-2734-4dd0-916d-9c521c262ea6,,,
25253,ccb71fff-1b5d-4e75-824d-80c87b89d253,,,[{'resourceId': '8214ab5f-eee7-4bcb-8fc2-c5f427b04e36'}]
25254,1eb8df63-5050-404b-a975-418d43abe74b,,,
25255,51301da8-3918-43a7-a502-de5bdc69170f,,,[{'resourceId': 'b944e233-3f7d-4fb6-8220-a0d12a05d0fa'}]
25256,b378b485-123d-40e2-8fa2-c33b66162a01,,,[{'resourceId': 'bf83f5a6-d385-489f-99b6-415276d37efb'}]
25257,1cca88b7-e027-4299-befd-cc4ea46fe72c,,,
25258,95e7f149-02fe-4953-a9bb-fb4386fb3119,,,
25259,c4f54093-d1c2-4e7e-84ae-adbd06bf1f5c,,,[{'resourceId': '44ffafb7-4beb-476f-8935-b1408f16bc5f'}]
25260,44ffafb7-4beb-476f-8935-b1408f16bc5f,,,[{'resourceId': '83b7098e-8713-4b2e-ad90-1d732228c931'}]
25261,7ea82a5d-cbec-4ab3-8bd5-2425913aab71,,,
25262,bf83f5a6-d385-489f-99b6-415276d37efb,,,
25263,71904f27-5cde-4f17-9365-7aae7696c44d,,,
25264,2c838e09-9749-4226-945b-a38712411707,,,[{'resourceId': '1eb8df63-5050-404b-a975-418d43abe74b'}]
25265,06c73cb6-2857-48b0-8652-bb53038eca79,,,[{'resourceId': '51301da8-3918-43a7-a502-de5bdc69170f'}]
25266,b944e233-3f7d-4fb6-8220-a0d12a05d0fa,,,
25267,c2471ee3-8539-4b62-bf14-c253cf218232,,,
25268,ab1094a8-d2e3-47d4-8e02-e38035704911,,,[{'resourceId': 'c524bd17-9dd8-490f-a4c4-1b63c9063546'}]
25269,b42492c3-a6e4-4033-a743-cc3c41a92acd,,,[{'resourceId': '7ea82a5d-cbec-4ab3-8bd5-2425913aab71'}]
25270,8214ab5f-eee7-4bcb-8fc2-c5f427b04e36,,,
25271,7a263db0-7fc2-44cb-a38a-78f4045fadca,,,
25272,83b7098e-8713-4b2e-ad90-1d732228c931,,,
25273,4615ad33-b890-4269-a63a-030d8dfb6c13,,,[{'resourceId': '7a263db0-7fc2-44cb-a38a-78f4045fadca'}]
25274,c524bd17-9dd8-490f-a4c4-1b63c9063546,,,
25275,0a755ced-7e64-425a-b868-662cb5dd0780,,,[{'resourceId': '0e3bc20c-2734-4dd0-916d-9c521c262ea6'}]
25276,c814515a-8819-469a-8705-baa8d04781da,,,
25277,f554ea81-5a81-41e7-b6d8-0a08de92a0f7,,,
25278,0efc2e69-eb99-42ae-b1bc-87673778999a,,,[{'resourceId': '64e2bf16-edb4-48d3-8b98-8f80c671c43b'}]
25279,b8b4d8da-3987-463e-ac64-da58a1b415d2,,,[{'resourceId': 'f737e225-e912-44c1-90e1-264214398b27'}]
25280,05f5ed6d-b340-4fb9-9049-5f917beb86ac,,,
25281,b361bfc2-bb93-4aaa-ad98-e562097cbc5b,,,
25282,e4ef59ff-b090-4bdd-a98e-f6887b9d19bd,,,
25283,ad9a9421-30be-4561-bb35-43828fc79896,,,[{'resourceId': '799f6182-10bb-4353-ae8c-087545ed2baa'}]
25284,3e563cba-534d-4a33-8e8e-8d653c06f66f,,,[{'resourceId': 'a1022cdf-dfad-4e6f-86cd-c5959a847cc1'}]
25285,cd7b1554-f53c-4395-b14f-a36688425865,,,[{'resourceId': 'c2301f10-49fe-4da9-b2ad-d63c3c05d717'}]
25286,f85db74b-9d9c-4766-9691-a27de077a5c3,,,[{'resourceId': 'aa783305-01a0-4b5d-a233-7ea4d644c5c0'}]
25287,4453e243-3d81-4487-b7da-bcc4be33a410,,,[{'resourceId': '7d2a4600-8ee9-43b5-9804-878869d0d805'}]
25288,f1e93403-8ac3-4009-a9cb-f5fe72767c4d,,,[{'resourceId': '2e3b184b-ebc6-4552-9dc9-2e951ed94aac'}]
25289,7238ea81-511a-492e-8f87-da0008ff7261,,,[{'resourceId': '2bfc326e-50bb-4fa1-9536-a793f4e606d4'}]
25290,f2f24b15-3464-4d2d-984b-c9c30a72f8ba,,,[{'resourceId': '0396cc24-7ac9-4131-bbae-55b930997d52'}]
25291,ef24a239-05e5-4d82-97fd-890c5f06aeb4,,,[{'resourceId': '00326142-1aed-4d27-a0d9-8af17a795aee'}]
25292,317196c2-6588-451d-9b0a-3678dd1fa08b,,,[{'resourceId': 'c814515a-8819-469a-8705-baa8d04781da'}]
25293,19a2f7b3-6ad6-4bf4-8f7d-0beb7f1fabf3,,,[{'resourceId': 'edcb8616-15ab-42b6-a064-984378b88348'}]
25294,d89ccb62-f18e-44f3-adc2-44a8fa41f30e,,,
25295,76d9f94f-67c0-40f9-add9-e6f2573ee4c5,,,
25296,dd304ea3-a9b9-4596-97e1-a1a22f8480cd,,,[{'resourceId': 'b727e9d0-72a1-47d8-8008-d9cc281727f3'}]
25297,9de098f0-a674-4cd9-ae20-22af790fac60,,,
25298,64e2bf16-edb4-48d3-8b98-8f80c671c43b,,,
25299,799f6182-10bb-4353-ae8c-087545ed2baa,,,[{'resourceId': 'f39bdcfd-6d22-4fa8-829d-2da409afe744'}]
25300,768ec8b6-b57d-4ccd-aef6-a46f6a2a4089,,,[{'resourceId': '343e0141-68e1-422f-8acd-0c30f1131cf3'}]
25301,343e0141-68e1-422f-8acd-0c30f1131cf3,,,
25302,01062458-2b94-4c01-8848-ddf702143bb6,,,[{'resourceId': '79a1274d-57d4-432f-9c80-104b61e13902'}]
25303,aa783305-01a0-4b5d-a233-7ea4d644c5c0,,,
25304,79a1274d-57d4-432f-9c80-104b61e13902,,,
25305,0396cc24-7ac9-4131-bbae-55b930997d52,,,
25306,64e0748b-1d72-4286-9f03-2126a5775186,,,[{'resourceId': '9b590ac0-23cb-415a-81ae-97988a365870'}]
25307,b727e9d0-72a1-47d8-8008-d9cc281727f3,,,
25308,4953ab7e-40b5-41d5-ac0b-d4f8cddf4de1,,,[{'resourceId': '7e84c186-9a81-427d-82a4-5d2107b3c3c3'}]
25308,4953ab7e-40b5-41d5-ac0b-d4f8cddf4de1,,,[{'resourceId': 'd4675203-5d5a-462c-ba7a-37b21c71d525'}]
25310,a1022cdf-dfad-4e6f-86cd-c5959a847cc1,,,
25311,2620e370-46cb-41e5-9ac3-700847eaf76e,,,
25312,54343ed0-11a3-42c3-83cc-71e2478bae5c,,,[{'resourceId': '05f5ed6d-b340-4fb9-9049-5f917beb86ac'}]
25313,8a45368e-50b0-4947-ad44-1a9286241b84,,,[{'resourceId': 'f1e93403-8ac3-4009-a9cb-f5fe72767c4d'}]
25314,7c23f53e-93de-44b1-89f6-5acce49bd637,,,[{'resourceId': 'b8b4d8da-3987-463e-ac64-da58a1b415d2'}]
25315,d4675203-5d5a-462c-ba7a-37b21c71d525,,,[{'resourceId': '9eb16aa1-9eaf-49e9-8922-a1a7fbe623c6'}]
25316,21a199be-1dd1-4cc2-ac70-823ea1c1bb9c,,,[{'resourceId': 'e4ef59ff-b090-4bdd-a98e-f6887b9d19bd'}]
25317,73003734-ec27-43ff-8d6c-9acfb3b49aed,,,[{'resourceId': '2620e370-46cb-41e5-9ac3-700847eaf76e'}]
25318,aaaa1dc9-8853-4239-8a37-43c9b6e8b45e,,,[{'resourceId': 'c814515a-8819-469a-8705-baa8d04781da'}]
25319,f39bdcfd-6d22-4fa8-829d-2da409afe744,,,
25320,00326142-1aed-4d27-a0d9-8af17a795aee,,,
25321,6581fcd9-ad9c-4efe-8a98-dddf0dd4cdb9,,,[{'resourceId': '9de098f0-a674-4cd9-ae20-22af790fac60'}]
25322,e30d5a61-55ab-4eb1-a7ba-d5a24851bdf4,,,
25323,c2301f10-49fe-4da9-b2ad-d63c3c05d717,,,
25324,9b590ac0-23cb-415a-81ae-97988a365870,,,
25325,7d2a4600-8ee9-43b5-9804-878869d0d805,,,
25326,fa6d489e-b325-448c-9770-c32ef872fdb2,,,[{'resourceId': '76d9f94f-67c0-40f9-add9-e6f2573ee4c5'}]
25327,0a913f5b-741a-4799-8d74-741741b4b8ef,,,[{'resourceId': 'fc3aaf15-46cc-4c86-a69c-09992600f60a'}]
25328,5f5ce764-4f33-4170-badb-40ea8bd27a44,,,[{'resourceId': '0a913f5b-741a-4799-8d74-741741b4b8ef'}]
25329,fc3aaf15-46cc-4c86-a69c-09992600f60a,,,
25330,7e015b39-5bcd-4693-bf4c-c3d9ea2ccb32,,,[{'resourceId': 'd89ccb62-f18e-44f3-adc2-44a8fa41f30e'}]
25331,6074cc80-3949-42ee-beb3-0f17b3aabe22,,,[{'resourceId': 'b361bfc2-bb93-4aaa-ad98-e562097cbc5b'}]
25332,2bfc326e-50bb-4fa1-9536-a793f4e606d4,,,
25333,9eb16aa1-9eaf-49e9-8922-a1a7fbe623c6,,,
25334,c2e07739-292e-4023-8451-5f9ea64e635d,,,[{'resourceId': 'ec564471-27eb-4e67-94b4-0d731b1ee2ea'}]
25335,4ec30d8f-5e22-4b52-bb44-27a13c742a77,,,
25336,87b283e1-22c7-4b53-9f69-3a60e69ca122,,,[{'resourceId': 'dca9ea37-ec11-48cc-ba39-9a04bf2dd551'}]
25337,9d5d1cd9-037d-4d0e-9d76-fa2d27a806bb,,,[{'resourceId': '4ec30d8f-5e22-4b52-bb44-27a13c742a77'}]
25338,fa421a99-0872-44be-a3fa-fe2c7c71d749,,,
25339,ec564471-27eb-4e67-94b4-0d731b1ee2ea,,,
25340,dca9ea37-ec11-48cc-ba39-9a04bf2dd551,,,
25341,e1eb9b72-30b5-4161-8ed3-0b4aca90283e,,,[{'resourceId': 'fa421a99-0872-44be-a3fa-fe2c7c71d749'}]
25342,74d72236-a260-490c-8db8-1466844cb2f2,,,
25343,742f255d-2828-4b93-af60-671792739d3e,,,[{'resourceId': '74d72236-a260-490c-8db8-1466844cb2f2'}]
25344,fb3ea72d-6e64-40f8-a6fe-6d44abe058bf,,,
25345,dca9d2a2-5e47-4a2c-8c0b-cc1ba7d41f8e,,,
25346,60274f57-b408-45bb-8a2c-5251963ef180,,,
25348,48f2b7dc-a816-441f-ac42-e30451601d61,,,
25349,d4f40751-63da-4f15-a12f-a91347f6943d,,,
25350,cba89d74-e1dc-458b-808e-04e77ccebf49,,,[{'resourceId': '89e39e7d-c1e0-467c-80a4-9110d5fe5f77'}]
25351,5e7728eb-daaf-4931-84da-1dbc176ff5f3,,,[{'resourceId': '747b32d2-5090-429f-95ca-5fcb6c82785b'}]
25352,b076bdad-e841-45f4-8d04-3d8c8f0a0bd0,,,[{'resourceId': '86422e21-8a1a-44a5-ad54-9751d31a20ea'}]
25353,59a9c70e-8e02-4855-92a6-4bd90a2e9376,,,[{'resourceId': '7d4d80b9-e553-41d8-9253-3ff4f51ecffe'}]
25354,d6c62709-025f-4d5e-8158-bf53261eb628,,,[{'resourceId': 'faef1c2c-2e37-49dd-bb3a-3ef4eb3bf414'}]
25355,2528f0ae-8b57-4120-bba4-96d11f45b625,,,
25356,89e39e7d-c1e0-467c-80a4-9110d5fe5f77,,,[{'resourceId': '86422e21-8a1a-44a5-ad54-9751d31a20ea'}]
25357,7d4d80b9-e553-41d8-9253-3ff4f51ecffe,,,
25358,4cd3df5e-0b79-4e58-9a5e-9dc59502b840,,,[{'resourceId': '53126aa5-af5b-4505-adbf-12ab722f031e'}]
25359,3c5fdb14-450b-4c4e-b52d-432c1e64b6ac,,,
25360,542f9317-4358-4e6d-9853-e57d3532c7e8,,,
25361,5c3a93e1-c9a3-4d02-b48d-30c751be08ba,,,[{'resourceId': '3c5fdb14-450b-4c4e-b52d-432c1e64b6ac'}]
25362,5f1d9c6d-9d0b-48d9-b74f-85bab1ddedfc,,,
25363,faef1c2c-2e37-49dd-bb3a-3ef4eb3bf414,,,
25364,747b32d2-5090-429f-95ca-5fcb6c82785b,,,
25366,1a04d7c0-861b-4d2e-804d-cdb8324d9739,,,[{'resourceId': 'cb53595b-70e9-49e0-902e-f88f7b51116f'}]
25367,ecb86666-2282-4f46-9f05-a8cbf9430a39,,,[{'resourceId': '1a04d7c0-861b-4d2e-804d-cdb8324d9739'}]
25368,c644e9e6-9c19-4842-ada7-6e9bd866f0d4,,,[{'resourceId': '89e39e7d-c1e0-467c-80a4-9110d5fe5f77'}]
25369,dcfee893-a82e-449b-86b5-e962853663e1,,,[{'resourceId': '9ca20fd2-6585-4f66-9c78-335dff532b74'}]
25370,8b96c638-79de-44a6-b0c6-cd3576b25630,,,[{'resourceId': 'c68f617f-d2cb-42b3-b663-ecaf5b3466a7'}]
25371,53126aa5-af5b-4505-adbf-12ab722f031e,,,
25372,a80f0cc7-95ff-4fe8-88df-93d3a141f155,,,[{'resourceId': 'b076bdad-e841-45f4-8d04-3d8c8f0a0bd0'}]
25373,96b87f52-d3c6-4745-a32f-a052794ba87c,,,[{'resourceId': '3884ebdf-4446-40af-8371-572cd319f1aa'}]
25374,c68f617f-d2cb-42b3-b663-ecaf5b3466a7,,,
25375,323f177a-2bf3-4c86-9120-fd883f493288,,,[{'resourceId': 'faef1c2c-2e37-49dd-bb3a-3ef4eb3bf414'}]
25376,e1df58fa-6baf-4a22-b2c4-464fe8721fa4,,,[{'resourceId': '5f1d9c6d-9d0b-48d9-b74f-85bab1ddedfc'}]
25377,b72399ae-7775-4556-9501-4c58b0b6c1ad,,,
25378,2754be7e-f6cb-4513-bf29-e5c56e983c8b,,,
25379,d250c049-ae82-4c9d-9101-1af58526ee2e,,,[{'resourceId': '9e6c069b-8881-4165-995d-377c46aa3bff'}]
25380,989a5f0a-33f7-4b7d-9ce3-7523fc31a2df,,,
25381,5f4bb0a9-b4e1-4a38-bc23-7c3d0e97c2e4,,,[{'resourceId': 'de8c6efa-7eab-4d36-bb26-352ebc99b1eb'}]
25382,a9ee3b78-5c7d-426f-893b-8f87ff99e3f4,,,
25383,88fa7343-7981-4b48-ab9a-75489774243a,,,[{'resourceId': 'de8c6efa-7eab-4d36-bb26-352ebc99b1eb'}]
25384,030b42d1-3b50-4830-94da-5d146ba85eed,,,[{'resourceId': '0469082c-f55b-466e-b7b6-e29ed1d1593d'}]
25385,8e5662a3-4115-432c-8c57-228e98860d6a,,,[{'resourceId': '934d213d-d204-4adb-8c3b-3f4a88b90c2b'}]
25386,ffa537f3-eaf8-4b2e-8c0e-9e3f08e93b61,,,
25387,9e6c069b-8881-4165-995d-377c46aa3bff,,,
25388,9e98d76f-9628-4e0c-9813-7a667a7e4228,,,[{'resourceId': 'ffa537f3-eaf8-4b2e-8c0e-9e3f08e93b61'}]
25389,9474248e-143c-4c3e-ba98-ebcf5949e09a,,,[{'resourceId': '2754be7e-f6cb-4513-bf29-e5c56e983c8b'}]
25390,5de5c11d-ecfe-4aa7-97f8-568f23da0319,,,[{'resourceId': 'b72399ae-7775-4556-9501-4c58b0b6c1ad'}]
25390,5de5c11d-ecfe-4aa7-97f8-568f23da0319,,,[{'resourceId': '2ebbefb5-be81-4182-b6a9-10a8cac9f814'}]
25391,de8c6efa-7eab-4d36-bb26-352ebc99b1eb,,,[{'resourceId': '989a5f0a-33f7-4b7d-9ce3-7523fc31a2df'}]
25392,934d213d-d204-4adb-8c3b-3f4a88b90c2b,,,[{'resourceId': 'ab83bc69-2d2a-431f-b192-7268b8417126'}]
25393,0469082c-f55b-466e-b7b6-e29ed1d1593d,,,
25394,0412abc1-0a89-4e29-a31e-56c46ddecbcc,,,
25395,a8bdc184-4737-4600-b17e-8931d3846453,,,[{'resourceId': '0412abc1-0a89-4e29-a31e-56c46ddecbcc'}]
25396,36f38f1c-5035-48b0-9b22-c1fa555822c2,,,
25397,b0ddd3f7-b06d-4962-be00-5f3a841f5f1f,,,[{'resourceId': '91305345-73ef-45a8-9b34-94d20bce7ccf'}]
25398,c7dfe146-fda7-4228-8d8f-42046bfc0f1f,,,
25399,faffebcb-1164-43b0-8c1b-4943cfc1e81b,,,[{'resourceId': '7669b564-975f-4cef-b501-5c0365ca0057'}]
25400,91305345-73ef-45a8-9b34-94d20bce7ccf,,,[{'resourceId': 'c7dfe146-fda7-4228-8d8f-42046bfc0f1f'}]
25401,7669b564-975f-4cef-b501-5c0365ca0057,,,
25402,61b9e716-075a-4927-8f67-a6fa2c3dd192,,,[{'resourceId': '598ebc8c-7892-4172-a583-02e736400cd8'}]
25403,a45f0c5c-ba57-4e1b-b84e-ebada88b70b3,,,[{'resourceId': '2e9708ee-7419-4d5e-a9f0-5ee9c9bf8f6f'}]
25403,a45f0c5c-ba57-4e1b-b84e-ebada88b70b3,,,[{'resourceId': '8b35f72d-fc8d-4d36-acc9-e77b3464ad6b'}]
25404,2e9708ee-7419-4d5e-a9f0-5ee9c9bf8f6f,,,
25405,598ebc8c-7892-4172-a583-02e736400cd8,,,[{'resourceId': '9003a302-8948-4e7a-ae94-3a19eef7c82c'}]
25406,a9ca5f5e-d51b-465d-8cda-d96e6a738dd5,,,
25407,08247da3-5311-4bd0-9d9a-9be30b6ffd19,,,[{'resourceId': 'f13e6b9f-acf6-47f2-b5da-a4177ae1f783'}]
25408,f13e6b9f-acf6-47f2-b5da-a4177ae1f783,,,
25409,070b5a58-fb16-439f-bd80-71070167475e,,,
25410,2bbe68c9-3e12-4117-b1af-26b2311eccdd,,,[{'resourceId': '3e3cbf36-be4b-4348-a542-f7747ab39167'}]
25411,f6cf186d-bc9a-4c2e-9111-76623e8a5fb0,,,[{'resourceId': '7d637e41-12e0-41f1-b291-5963aa4a5341'}]
25412,68dcb8aa-8145-4c82-8957-653464fc3370,,,[{'resourceId': 'b1ac1229-3b21-49e5-8fe2-8f0c194323f4'}]
25413,9cc2417b-b68c-4dd9-8115-fbb36ae98427,,,[{'resourceId': 'aa108c95-177f-40c2-9b60-d5e352dba629'}]
25413,9cc2417b-b68c-4dd9-8115-fbb36ae98427,,,[{'resourceId': '2bbe68c9-3e12-4117-b1af-26b2311eccdd'}]
25414,d95b3d2b-dd50-48ce-97a8-59955adfb2bc,,,[{'resourceId': 'ab30e3cf-d4aa-45e5-a007-d1708d88019e'}]
25415,ab30e3cf-d4aa-45e5-a007-d1708d88019e,,,
25416,68a88109-0cc9-4de0-a56f-95a9a05542b1,,,
25417,2f63dc1c-c2c6-4087-a494-0f42e66da7d1,,,[{'resourceId': '9e6bfc2e-9681-46cf-a6a9-fee7fa51342c'}]
25418,db05ff38-61e8-4019-9037-839544cebdb7,,,
25419,9c88a7ba-c836-45ad-9189-7b3db017b2b5,,,
25420,5c2e12af-1920-47a3-bdf1-2f379b45dd17,,,
25421,c39d09b0-d761-4d32-93d1-191e08882367,,,[{'resourceId': '5c2e12af-1920-47a3-bdf1-2f379b45dd17'}]
25422,9e6bfc2e-9681-46cf-a6a9-fee7fa51342c,,,[{'resourceId': '83d18e0d-9f91-4b80-8e1c-ea22302bbec2'}]
25423,ca08f7a1-eb73-4c69-aba0-c412a67a73f6,,,[{'resourceId': 'db05ff38-61e8-4019-9037-839544cebdb7'}]
25424,126f7965-2cb6-43fb-97dd-6a23b0ae7923,,,
25425,9b19da58-e7b6-45c7-885d-4ccdc1a41dcb,,,
25426,b1ac1229-3b21-49e5-8fe2-8f0c194323f4,,,[{'resourceId': 'f6cf186d-bc9a-4c2e-9111-76623e8a5fb0'}]
25427,5cc32461-b224-405f-965d-c45146c9f7b7,,,[{'resourceId': '4ab8bc5d-033d-4d46-818c-44d9951ba3e6'}]
25428,d69a75c0-23f3-4ee1-be62-3aed32453797,,,[{'resourceId': '5c2e12af-1920-47a3-bdf1-2f379b45dd17'}]
25429,4ab8bc5d-033d-4d46-818c-44d9951ba3e6,,,[{'resourceId': '3e3cbf36-be4b-4348-a542-f7747ab39167'}]
25430,8cc279b4-91aa-408d-9d4b-295e74527a16,,,
25431,96623b2d-3e29-4c56-92df-03c4c2bf0dd0,,,
25432,c0418c1d-73b2-4d51-bf93-d1cad41d1579,,,[{'resourceId': '68a88109-0cc9-4de0-a56f-95a9a05542b1'}]
25433,aee0cdf1-ea40-403e-8555-d1f6c97b1673,,,
25434,3e3cbf36-be4b-4348-a542-f7747ab39167,,,
25435,12ac716e-5c26-483e-af95-be3b48fe2fd5,,,
25436,7d637e41-12e0-41f1-b291-5963aa4a5341,,,[{'resourceId': '9c88a7ba-c836-45ad-9189-7b3db017b2b5'}]
25437,83d18e0d-9f91-4b80-8e1c-ea22302bbec2,,,
25438,02e37316-3a4b-435c-a0a9-aa23e0b7c025,,,[{'resourceId': '96623b2d-3e29-4c56-92df-03c4c2bf0dd0'}]
25440,2f48a7e5-c9dd-4745-a47e-0fdc6ea30aca,,,
25441,9d7367dc-80e1-43fa-882e-471fddc1496e,,,[{'resourceId': '2f48a7e5-c9dd-4745-a47e-0fdc6ea30aca'}]
25442,4604d1aa-7fda-4ab8-be73-8e4bac97fa19,,,[{'resourceId': '92529992-0954-4ca7-9f33-c58eb3746d5e'}]
25443,92529992-0954-4ca7-9f33-c58eb3746d5e,,,
25444,4c32ba3c-8aa1-4e88-908a-b503d25820e4,,,
25446,14f520a3-2cf0-409e-a089-670dd7c331b2,,,[{'resourceId': '592beb7f-961a-493e-b9ea-8c0493b0d39c'}]
25447,4aff05b8-663d-4c00-a157-28d541a1d2c8,,,
25448,8743c407-a48f-4fba-9df4-2d41dc4fddc1,,,[{'resourceId': 'faaa88c8-ac91-494f-ac63-68accc2ead2b'}]
25449,faaa88c8-ac91-494f-ac63-68accc2ead2b,,,
25450,fe84bd47-7930-4be4-9dcb-b43d9f10df69,,,
25451,0f77d00b-9f19-4ced-9785-46a0a2cfd89c,,,
25452,1d03e447-0854-4dc8-9d01-031a67a05a0b,,,
25454,43185f88-eed5-42a9-8072-fb442a42a85a,,,[{'resourceId': '9bc63b28-406d-4df6-89d8-ec0d27805548'}]
25455,928609b5-4fb8-485f-a2f6-225844ec0054,,,[{'resourceId': '185a49e4-5a0c-48b9-a32b-d68e9d6a2a18'}]
25456,003832cd-591f-41ee-b42b-a982e61e8d29,,,[{'resourceId': '16a07ffe-c364-4003-bca1-1988f4a2b3c0'}]
25457,9bc63b28-406d-4df6-89d8-ec0d27805548,,,
25458,16a07ffe-c364-4003-bca1-1988f4a2b3c0,,,
25459,0855a925-4fad-48fa-9413-e3395de2e47e,,,[{'resourceId': '9d780fa8-06f9-472b-b735-7ea7c7f81bea'}]
25460,9d780fa8-06f9-472b-b735-7ea7c7f81bea,,,
25461,5b448d07-4e58-441b-8238-4db850ed3c41,,,[{'resourceId': 'f3f379c9-7a58-496e-b9e7-5c6aff814044'}]
25462,dc82fb86-7c03-4512-89e9-0bb2867ce554,,,[{'resourceId': '5b448d07-4e58-441b-8238-4db850ed3c41'}]
25463,f3f379c9-7a58-496e-b9e7-5c6aff814044,,,
25464,20277f2f-be8c-4e8f-97c3-94a7fc069dc7,,,
25465,057a04ab-d78e-4966-93c6-e1b4474dabcd,,,[{'resourceId': '3370774f-2bea-431f-a631-2f1e6e91db38'}]
25466,2777e513-9020-4edd-97d2-f00d7a07b441,,,
25467,b727cf68-2905-466c-a4d3-362e16ddf516,,,
25468,ef1ea5d9-63c0-43d6-b6ad-3a3e1cad7aeb,,,[{'resourceId': '20277f2f-be8c-4e8f-97c3-94a7fc069dc7'}]
25468,ef1ea5d9-63c0-43d6-b6ad-3a3e1cad7aeb,,,[{'resourceId': '3e0c6279-3a6d-4c02-a162-ce43e0db5f4a'}]
25469,7b5a87c5-3889-4c83-837b-dcafb74ac143,,,[{'resourceId': 'c515d101-eb09-46fe-a90a-109d79327d55'}]
25470,518c3e43-d212-433a-b726-9ac84850ab44,,,[{'resourceId': '9a17dc53-ed22-4451-8794-aafa145918ef'}]
25471,5ccc6f4e-d50d-4574-a06c-c12a2a2b31fa,,,[{'resourceId': '8072fabd-8b17-4144-a592-74fe618acc83'}]
25472,9a17dc53-ed22-4451-8794-aafa145918ef,,,
25473,c515d101-eb09-46fe-a90a-109d79327d55,,,
25474,b03d5fac-fda7-44e3-9531-e5fcbaeb6f0b,,,[{'resourceId': 'db2370a1-1ac4-41c9-a012-84c648a7ebed'}]
25475,7e5f3640-712b-4ff1-951b-027f72aa2e90,,,[{'resourceId': '7b5a87c5-3889-4c83-837b-dcafb74ac143'}]
25476,79d8b570-54f1-4c10-8464-cf2593f2b60a,,,[{'resourceId': '910cc63c-80f7-4440-913c-da4ddd26b33c'}]
25477,910cc63c-80f7-4440-913c-da4ddd26b33c,,,
25478,a73b0058-026b-47b8-b0b2-339bc350d25a,,,
25479,e86da625-a1c0-46ae-bdba-3ed007d5c75e,,,
25480,44e0474c-473b-4f00-bbb6-2408200712ce,,,[{'resourceId': '2777e513-9020-4edd-97d2-f00d7a07b441'}]
25481,bba2583c-9ecf-49ba-9c0a-477edd6551cc,,,
25482,c08caa59-d933-4c13-90e9-ddeb2952904d,,,[{'resourceId': 'b727cf68-2905-466c-a4d3-362e16ddf516'}]
25483,3370774f-2bea-431f-a631-2f1e6e91db38,,,
25484,303e4d37-0b96-4264-9959-6bcdc508b541,,,[{'resourceId': '5f456e8b-c747-4d01-83b4-2bf3e26de0d5'}]
25485,f521a4dd-62dc-4c61-88c1-d3505c65ab38,,,[{'resourceId': 'a73b0058-026b-47b8-b0b2-339bc350d25a'}]
25486,5e8f45a4-4143-4438-a5a2-fb1e2ebe4ca3,,,[{'resourceId': 'bba2583c-9ecf-49ba-9c0a-477edd6551cc'}]
25487,62d98c61-b3eb-42d8-b88b-fa15505da08a,,,[{'resourceId': 'c515d101-eb09-46fe-a90a-109d79327d55'}]
25489,8072fabd-8b17-4144-a592-74fe618acc83,,,
25490,db2370a1-1ac4-41c9-a012-84c648a7ebed,,,
25492,2f7c563c-3470-4ec7-8a9e-7a11cdb0bb31,,,[{'resourceId': 'c515d101-eb09-46fe-a90a-109d79327d55'}]
25493,b6697345-3915-49f2-9c5a-bd4a38aa7db3,,,[{'resourceId': 'e86da625-a1c0-46ae-bdba-3ed007d5c75e'}]
25494,53fcbf3a-939e-4fd2-8704-1309bf49ace3,,,[{'resourceId': 'db2370a1-1ac4-41c9-a012-84c648a7ebed'}]
25495,9b8f1d38-0c49-4b67-b1c6-f11c72ded7cd,,,
25496,4654f40c-7427-4ea0-ae47-fe1c24b31a13,,,
25497,d6ef711e-8cf9-46f2-a25d-b2f381537792,,,
25498,934efe95-4c35-45c6-a42a-b97dce2e3dc6,,,
25499,b49db3e8-fceb-4544-9574-443c11d29ea2,,,
25500,36f8b974-03c1-4387-a286-cc847b0b1f36,,,
25501,d7eae6af-e383-48e3-95c5-190629efe96b,,,
25502,e1370a19-1ad4-4949-9c0c-3281e97a68f2,,,[{'resourceId': 'aaf4c452-1ac9-4715-bc85-b16d1682dda5'}]
25503,46356580-ce84-420e-b3fd-e06fa0d7a90f,,,
25504,aaf4c452-1ac9-4715-bc85-b16d1682dda5,,,
25505,8b1ecc9a-42f3-4601-8b88-5b1ae1a69672,,,
25506,5b25930d-096c-47fc-b7b6-ce14b5d982c6,,,[{'resourceId': 'cf1b6b8d-172c-4519-ac71-0b9a2e6d91e2'}]
25507,cf1b6b8d-172c-4519-ac71-0b9a2e6d91e2,,,
25508,db59ec91-afc7-4276-8efc-138bcea1a795,,,
25509,7ce9e1ed-5d2f-4322-aeb7-e7791a19031e,,,
25510,c1f85949-1d93-46d1-ac79-9ed0b90c2ffe,,,
25511,d32534c3-2bf6-4d7d-99d5-554ed41d8fc1,,,
25512,695ab4e7-a4aa-4d98-a754-dc71fa324d91,,,
25513,19596029-8291-4295-aa85-9174c2c98da4,,,[{'resourceId': 'fb01ca98-7ab4-4a73-b229-b77357876ede'}]
25514,d0900fdc-525b-46d9-a8ca-1bcfee50cfb9,,,[{'resourceId': '7d80fed0-4028-4aa4-96f5-59be44655701'}]
25515,7d80fed0-4028-4aa4-96f5-59be44655701,,,
25516,fb01ca98-7ab4-4a73-b229-b77357876ede,,,
25517,327f6750-eb71-41b2-9c5a-deb15e5e0785,,,
25518,e0a76960-e063-4026-9ec6-333f46dea40d,,,
25519,56dc6a59-e7dc-4f47-86e1-e954a8254fdb,,,
25520,cde9161e-a530-405d-b63b-db45f43f6e71,,,
25521,6cfbcc6b-29d6-4aee-b90d-530068a56ccd,,,
25522,929e530b-6322-4fc6-a7a0-45ce925a7a57,,,[{'resourceId': 'cde9161e-a530-405d-b63b-db45f43f6e71'}]
25523,5979e254-0559-445e-8d28-acd207c47908,,,
25524,d531a40e-11b3-4045-b5f5-bc9ce73b3fe9,,,[{'resourceId': 'd57094a7-ef3d-407c-8f40-6bad3cd07f83'}]
25525,5f456e8b-c747-4d01-83b4-2bf3e26de0d5,,,[{'resourceId': '2fb79403-4a6b-4af5-b9e8-6782be5c7a73'}]
25526,c5c37019-11f2-41b7-b51b-8d00da5a6a0b,,,[{'resourceId': '3ecf326c-2bfe-4ee3-b236-e1db8195da2e'}]
25527,e8237a4d-9717-4949-b0fb-c87338457938,,,
25528,293c9e33-7974-435a-92f4-d9572893a0a3,,,[{'resourceId': '35481783-fb1b-4376-b922-a6e62ef807e9'}]
25529,778567e6-f775-4707-af2b-b12f5c8cc8bb,,,[{'resourceId': '604060e1-b789-40cc-97f7-904ab33d461a'}]
25530,7b09e046-5c78-43f8-addc-b5cb606e98a2,,,[{'resourceId': '6d0c88f8-d1a4-41bf-b14a-ddfc169fe614'}]
25531,8f24a977-d065-4063-a527-ba59fa3f6c2e,,,
25532,3e632c3a-3c81-44b3-89c1-0c5d0da82806,,,
25533,7b5e54dd-9f26-4021-9afb-a4884eb93977,,,[{'resourceId': '984c0528-6e5c-4598-b299-30f82fa19953'}]
25534,df315615-35ce-4e02-86ed-6bf2e004784c,,,[{'resourceId': '4377bc09-f2a9-4774-a417-70769583ad67'}]
25535,4108d3ff-4cbf-40df-9bf9-0de9ffeab9ae,,,[{'resourceId': '32960145-0e71-4762-b928-d6be7360efb0'}]
25536,ce4daa60-c1d0-4255-a430-963e76aa214a,,,[{'resourceId': '984c0528-6e5c-4598-b299-30f82fa19953'}]
25537,a38d6b32-9319-4e09-bff5-dd61fbcc7f55,,,[{'resourceId': '912b5588-e848-40fc-9bd5-4a173d6a248e'}]
25538,35481783-fb1b-4376-b922-a6e62ef807e9,,,
25539,6d0c88f8-d1a4-41bf-b14a-ddfc169fe614,,,
25540,97ad7c7d-47dc-419d-b398-e8cbee3ef39e,,,
25541,4377bc09-f2a9-4774-a417-70769583ad67,,,[{'resourceId': '32960145-0e71-4762-b928-d6be7360efb0'}]
25542,604060e1-b789-40cc-97f7-904ab33d461a,,,
25543,b6c53182-f1e5-4917-9f70-dfd0d9b0fd74,,,[{'resourceId': '8f24a977-d065-4063-a527-ba59fa3f6c2e'}]
25544,04dbe16b-76fd-48f5-9212-4f48efe6eba1,,,[{'resourceId': '3ecf326c-2bfe-4ee3-b236-e1db8195da2e'}]
25545,0cc98a14-d151-4683-8e2a-808cc9fb02a0,,,[{'resourceId': 'c5c37019-11f2-41b7-b51b-8d00da5a6a0b'}]
25546,32960145-0e71-4762-b928-d6be7360efb0,,,[{'resourceId': '1f80a88f-e128-4c44-8394-f1029c5365e8'}]
25547,3ecf326c-2bfe-4ee3-b236-e1db8195da2e,,,[{'resourceId': 'a123a610-3b9e-4d76-bed7-7d76f3fea3e4'}]
25548,7031cc4e-b3b4-419d-ac13-b7d318342b0a,,,
25549,983dee24-73d5-4acc-bc4a-de923e4b627a,,,[{'resourceId': '7031cc4e-b3b4-419d-ac13-b7d318342b0a'}]
25550,984c0528-6e5c-4598-b299-30f82fa19953,,,[{'resourceId': '8c9960cd-9670-406c-b8ba-c4e4c7096a56'}]
25551,912b5588-e848-40fc-9bd5-4a173d6a248e,,,
25552,fb844a13-42fb-43c8-ad5b-e45026972d4e,,,
25553,78fb7f7f-680a-412a-a735-9d3581c2e9d4,,,[{'resourceId': '97ad7c7d-47dc-419d-b398-e8cbee3ef39e'}]
25554,9707240b-da07-4d83-8690-812fb7a3359b,,,[{'resourceId': '984c0528-6e5c-4598-b299-30f82fa19953'}]
25555,6c72a91f-7155-44aa-9751-66133d5a07ec,,,
25556,560899f0-0b61-47ff-b37a-55c0d2fbc771,,,[{'resourceId': '41fcf2f5-bac7-4991-8672-47e3a9644f5d'}]
25557,cbe44195-948a-49fe-8a4f-6bf5d0c5d1fe,,,
25558,73c97f05-6b14-44ee-a6df-b5cc56696fc8,,,[{'resourceId': '82e28257-768b-41e5-8643-d58c87bf9a25'}]
25559,5a77d2b8-747d-4a25-9798-a68057e0384f,,,[{'resourceId': '12bc6947-47ca-4dcf-9a90-2c8285dbd4e2'}]
25559,5a77d2b8-747d-4a25-9798-a68057e0384f,,,[{'resourceId': '14f5272b-5615-461a-a297-9d8a7a530d8d'}]
25560,75075506-ad89-4c71-92cd-b83dae0ad672,,,[{'resourceId': '99753a34-6734-4a6d-8a63-20206971d1c9'}]
25561,41fcf2f5-bac7-4991-8672-47e3a9644f5d,,,
25562,12bc6947-47ca-4dcf-9a90-2c8285dbd4e2,,,
25563,dbaacd71-9aed-4009-b61a-6c0bd2594cf3,,,[{'resourceId': 'cbe44195-948a-49fe-8a4f-6bf5d0c5d1fe'}]
25564,82e28257-768b-41e5-8643-d58c87bf9a25,,,
25565,99753a34-6734-4a6d-8a63-20206971d1c9,,,
25566,60a9ac4a-8c26-470d-b92f-92a19f09a91a,,,
25567,47e5065c-c6a2-4920-81be-4e1979788aff,,,
25568,07066248-ec10-4832-8f23-4a08e33ef0a8,,,
25569,5bda94c8-8c15-4f10-91b0-d920f301ceee,,,[{'resourceId': 'bece9ab5-14fe-4f1b-a9a9-19122de8fa2b'}]
25570,e0a0baf0-e603-4fe9-a9d2-efdf42a50d55,,,[{'resourceId': '07066248-ec10-4832-8f23-4a08e33ef0a8'}]
25571,bece9ab5-14fe-4f1b-a9a9-19122de8fa2b,,,
25572,d99defea-93d9-4c0b-bd2c-2e3ab08114f7,,,[{'resourceId': 'a0a6bf4c-8b5d-4ef5-9de8-faddafa9927a'}]
25573,a0a6bf4c-8b5d-4ef5-9de8-faddafa9927a,,,[{'resourceId': '1af7c976-b408-4258-91d9-af57fd7904cc'}]
25574,1af7c976-b408-4258-91d9-af57fd7904cc,,,
25575,3dbbae67-2d13-4b5a-8480-77f230efa402,,,
25576,a3c27e5e-39fc-42c2-8fbf-f79e6e3c5a1b,,,[{'resourceId': 'f892245f-1153-4298-8f46-554329023f44'}]
25577,10c0f47f-825e-4eb0-893a-58b916fe588e,,,[{'resourceId': '08247da3-5311-4bd0-9d9a-9be30b6ffd19'}]
25578,f4e87e39-b0f4-4c94-a20f-5a4ae7c58101,,,[{'resourceId': '338f58e6-b6bf-4f6b-9ba0-9dccf5e0bc27'}]
25578,f4e87e39-b0f4-4c94-a20f-5a4ae7c58101,,,[{'resourceId': 'a3c27e5e-39fc-42c2-8fbf-f79e6e3c5a1b'}]
25579,1be7f7da-e556-4d84-8b56-37077aa38790,,,[{'resourceId': 'ea8a8b8b-9294-466c-bae6-5cb88bdcfaca'}]
25580,ea8a8b8b-9294-466c-bae6-5cb88bdcfaca,,,[{'resourceId': '3dbbae67-2d13-4b5a-8480-77f230efa402'}]
25580,ea8a8b8b-9294-466c-bae6-5cb88bdcfaca,,,[{'resourceId': '726c5aac-eb12-40f9-80fc-f222c6c8e501'}]
25581,f892245f-1153-4298-8f46-554329023f44,,,
25582,6d0607ed-42bd-4440-902d-9d2d653d8ad8,,,[{'resourceId': '29f1b0cc-1482-4cac-a07c-ec1676fe5de1'}]
25583,0312daf0-c71b-4ef3-b229-b43aadbf5751,,,[{'resourceId': 'b432d90f-40d4-4e65-9b17-572e39af387e'}]
25584,b432d90f-40d4-4e65-9b17-572e39af387e,,,
25585,29f1b0cc-1482-4cac-a07c-ec1676fe5de1,,,
25586,d95b4d0c-86a8-4f83-85d5-0ab9bf622cda,,,
25587,d1597673-3982-4014-8d28-01a40a964fe3,,,
25589,fe55a1a8-c96b-4dfa-abd8-cda987128c1a,,,
25590,5e093237-f2b6-4f19-8a52-75fb7bf3ce2e,,,[{'resourceId': 'b6c55f17-a491-4d9e-a713-37b65a9cc9b0'}]
25591,0abb1922-153d-431b-8e33-c8cbb09dc002,,,[{'resourceId': 'f12173fb-e688-4340-bc7d-05e52f828dd7'}]
25592,962f4e98-ab43-4520-bdf2-c1760fc5d723,,,[{'resourceId': '27b3d8d6-9b9f-4152-9a38-fd2aa649e96a'}]
25593,8c340ec5-164d-4ef1-ade8-67812c73bc62,,,[{'resourceId': 'dc8770d0-b0c1-44c4-9418-8e2696e1bc97'}]
25593,8c340ec5-164d-4ef1-ade8-67812c73bc62,,,[{'resourceId': '1f808150-108a-4331-9d88-526432596b30'}]
25594,99bef38a-a2b3-4009-9951-5b40d195e614,,,
25595,e113ca15-de37-4fc3-b5c4-c04b808b4f30,,,[{'resourceId': 'b49392cc-8ddd-4786-84d8-cd3fba33fad2'}]
25596,0bf32ff9-8be4-48ff-9739-6fe8b18d3a1f,,,
25597,d6faf6b0-ece1-47bc-89ee-bca2f51fb894,,,
25598,b6e7d38d-916f-4781-aaf7-7eebaef96703,,,[{'resourceId': 'a5b57945-0135-44cd-b208-d19c2a2d9599'}]
25599,5ec6710d-47dc-4178-a1e7-198c9d478d6f,,,[{'resourceId': '81499413-4720-4b56-8983-cce4fceb7de8'}]
25600,fce84f3e-0664-4285-97ac-6356345cc890,,,[{'resourceId': 'dcc0bdf7-7801-4f6d-af9c-c88d717ab5a0'}]
25601,229d2186-bc36-4155-be2a-3d1e187c7b2d,,,
25602,2edb8f6e-70a9-47d2-a983-da86a704461c,,,[{'resourceId': 'e113ca15-de37-4fc3-b5c4-c04b808b4f30'}]
25603,b40df6c7-5a37-4918-80bf-4b0fa61ecbc2,,,[{'resourceId': '70494831-f16a-4e90-8398-abfb610bacf5'}]
25604,85c15da4-04b0-4115-908d-ce61f0d357a3,,,[{'resourceId': '87cfcdfc-4fc2-4971-85bf-ae25e6b52e29'}]
25605,79cc4608-0822-4ae8-bfa5-ec3e3c23e295,,,
25606,3918a8ed-3761-4ed7-99a2-6a3f58c999bd,,,[{'resourceId': '4df7fd90-9798-4321-ac46-c06ed40b6a0e'}]
25606,3918a8ed-3761-4ed7-99a2-6a3f58c999bd,,,[{'resourceId': 'da1d5159-0501-4127-bb08-576b0aacbdae'}]
25608,b7093aae-15fd-48cc-a062-8e12c1f37921,,,[{'resourceId': '33aad221-0b21-475d-be05-5d3d40b53807'}]
25609,789b6446-ef91-47ac-8eb2-39f82421fa28,,,[{'resourceId': 'ead03fe1-cef3-4d28-9a52-29f22ea9ec91'}]
25610,dd82f6db-5c86-4ab1-9923-3eb529697727,,,
25611,fd034b1b-4111-4724-b083-c82948a0752a,,,
25612,607f9603-2ac5-4725-81a6-080fc57c93b6,,,[{'resourceId': 'f12173fb-e688-4340-bc7d-05e52f828dd7'}]
25613,15e92ece-63e6-4919-a511-1847805c2b4a,,,[{'resourceId': 'b2f87c7e-4088-4626-a36e-28f1d280b9a6'}]
25614,b6c55f17-a491-4d9e-a713-37b65a9cc9b0,,,[{'resourceId': '570ae0f6-617f-4c2d-8543-2b9e4da2387b'}]
25615,71f8b20f-a914-4941-9f81-8c8b652db986,,,[{'resourceId': 'a8659950-1fac-425a-b9b6-6a662575aa63'}]
25616,70a0c597-9362-41a7-968f-0a45ae1ba4fe,,,
25617,f4251057-92de-41b8-8fec-beb1afeb00e5,,,
25618,e68aaef1-7a7c-4527-9e6a-7d40510c90a4,,,
25620,f3b19686-f72e-4be0-8bf5-8ee02dcda3ba,,,[{'resourceId': 'b297d11a-444f-4b6c-9783-7fc2d24645be'}]
25621,66583039-bcf5-4790-982d-d0573cfe2ae8,,,
25622,5d162962-4ae4-4b69-8a15-3889dc70b08b,,,[{'resourceId': '4cd62440-df38-42e7-87a1-4f537d1ae93d'}]
25623,4cd62440-df38-42e7-87a1-4f537d1ae93d,,,
25624,7262bb53-767d-4564-85a7-7eef0fedf4c8,,,[{'resourceId': '410df5ac-2428-495d-8c18-f0cda95cc768'}]
25625,adff9f8b-2a6e-4290-b9d3-b0ef9e238fc6,,,[{'resourceId': 'b9de88ea-7f79-4408-bc7e-d4ebc8cacd79'}]
25626,d3bf463f-8919-4afc-9025-8acc1b8c0228,,,
25627,7f12340b-aa95-429e-89c9-39b82f7aa528,,,[{'resourceId': '7a213d84-b1c1-4965-8ae0-cfaa71ba5d3d'}]
25627,7f12340b-aa95-429e-89c9-39b82f7aa528,,,[{'resourceId': '8fb17536-d9b9-40a8-b422-cb67d58b68a3'}]
25628,37be9914-b186-4ac8-8100-d2e8ee820392,,,[{'resourceId': '79cc4608-0822-4ae8-bfa5-ec3e3c23e295'}]
25629,f0832368-d4f7-4a89-966a-210144d3bdf3,,,[{'resourceId': 'd8ba37a9-b7b9-41cf-9050-522de5b5a627'}]
25630,410df5ac-2428-495d-8c18-f0cda95cc768,,,[{'resourceId': 'f88d232a-9396-4519-9b82-0949627db846'}]
25631,cf22a524-23db-40ce-b3ef-39d183551667,,,[{'resourceId': 'd69d020a-30ff-4912-b33b-a2e559f3e6be'}]
25632,32e19400-3fc6-4096-9c52-1b4e5b032e9d,,,[{'resourceId': 'a23a8734-6c0f-4d6c-b26e-b22ade516aed'}]
25633,ee550fe2-1366-46dc-8478-4a4fc4a48c44,,,[{'resourceId': '6a03d430-cff5-4a1e-9345-78334499c23e'}]
25634,64943f07-db59-456e-8627-3a9459eaa32d,,,[{'resourceId': '926aa03f-e42b-409e-9920-3091c2e64a13'}]
25635,926aa03f-e42b-409e-9920-3091c2e64a13,,,
25636,4cea03fe-6147-4b7c-97a5-8e1f427e0c72,,,[{'resourceId': 'd60ad617-41d6-4c2b-a075-7b3aa669ef93'}]
25637,9f023c66-bad5-4fb9-8487-78ababc5d07b,,,[{'resourceId': 'ea9f0bee-00d8-4317-9141-21d3f1e3a176'}]
25638,b58517af-2589-4398-9c87-d49da12c8a2d,,,
25639,7f19ec94-bcd1-49c0-8451-1b69d267559a,,,[{'resourceId': 'b98a6a36-fec5-4ac0-babb-0f1760e28965'}]
25640,d5308d67-4133-441d-9e20-3381a780c8b1,,,
25641,423d58c9-dc44-4b4a-9519-224edf5269de,,,[{'resourceId': '34f73ed8-78b2-4a2e-90ec-f50574a7e617'}]
25642,5d381189-af17-4f59-98d8-ebb1bd7a574f,,,
25643,f30f72c4-db61-46fc-b3d0-731b2de377ee,,,
25644,ac75f261-6052-426c-bb80-d2aabe093136,,,[{'resourceId': '39b2b41e-0803-4985-83f2-089d7df03b50'}]
25644,ac75f261-6052-426c-bb80-d2aabe093136,,,[{'resourceId': '410b7e48-3a50-411e-ac21-237729cd438f'}]
25645,555f0517-6875-48cd-b2d3-284d95a23708,,,[{'resourceId': 'f3b19686-f72e-4be0-8bf5-8ee02dcda3ba'}]
25646,7633b801-368c-4191-94c7-e1bbb0581d10,,,[{'resourceId': 'c68ee5fc-ead9-48fb-a9ac-e3f377704dcf'}]
25647,8c7b9c1d-e4bd-492d-ba2d-4bf5a6a8e2b3,,,[{'resourceId': '0abb1922-153d-431b-8e33-c8cbb09dc002'}]
25648,f12173fb-e688-4340-bc7d-05e52f828dd7,,,[{'resourceId': '03b4ca0f-beee-408e-aa54-e1d9cba8b1ee'}]
25648,f12173fb-e688-4340-bc7d-05e52f828dd7,,,[{'resourceId': '5f7fac4a-cebe-469b-97d5-4379e231106a'}]
25649,747c3d58-0552-4ec7-8d25-6e83a3c07393,,,[{'resourceId': 'd3e02fe8-f1a0-4f76-8392-9f827c881d4f'}]
25650,230ec007-94a3-4199-9c07-08ecce986c80,,,[{'resourceId': '194fb239-6863-411a-92bc-e9110bb30acd'}]
25651,db93151f-e5a8-4f73-9324-4e88cc91f801,,,
25652,b20c9ea3-a749-4805-a77b-35d254acca72,,,[{'resourceId': 'c40d6993-af78-4db2-9cef-5fabb0fb1bb0'}]
25652,b20c9ea3-a749-4805-a77b-35d254acca72,,,[{'resourceId': 'b5c6b817-fcfd-448e-b6a8-1853e87e9932'}]
25653,6382e978-d77c-474a-99dd-12a56934f446,,,
25654,0e95fa5c-64b5-48d6-95da-a4d59138f8c3,,,[{'resourceId': 'fd034b1b-4111-4724-b083-c82948a0752a'}]
25655,13288196-f3e2-4ddb-ae3d-babd1e6ea971,,,[{'resourceId': '3fae2b2f-7c73-4dae-8271-3ae12a532852'}]
25656,b5c6b817-fcfd-448e-b6a8-1853e87e9932,,,[{'resourceId': 'bc32fe87-3dff-4f84-8b71-43d8817e0818'}]
25656,b5c6b817-fcfd-448e-b6a8-1853e87e9932,,,[{'resourceId': '24f37c8e-5c48-46cf-8162-546e6ed18a33'}]
25657,550a5c98-ad2b-4b7e-85cc-d4b8f47f32f9,,,[{'resourceId': '2096d66e-25b6-44f1-9512-b76941021da6'}]
25657,550a5c98-ad2b-4b7e-85cc-d4b8f47f32f9,,,[{'resourceId': 'f62f6776-803b-42ad-bf0c-73725bf9ddd9'}]
25658,07633875-e714-4ad8-a4bd-db83966b4677,,,
25659,a23a8734-6c0f-4d6c-b26e-b22ade516aed,,,
25660,18bfa1c6-2121-4497-b51a-194425bd4f79,,,[{'resourceId': 'd6966e5c-5f6e-492b-ba43-6dec44a5db43'}]
25661,d8ba37a9-b7b9-41cf-9050-522de5b5a627,,,[{'resourceId': 'fafb7ad6-c04b-437f-99d0-5f2e08963fbd'}]
25662,9c95d4df-c06c-496a-9008-63745cd5184a,,,
25663,59607d8b-bf15-473a-a8a6-ce67a842c3e1,,,
25664,cd636718-f237-4852-9411-508c57064e03,,,
25665,9076bf2f-483d-465f-a66e-23c37146fdaa,,,[{'resourceId': 'd005dd16-ecb2-4bb8-912e-b75e42693bab'}]
25666,88cc53c6-a412-4883-bd84-4c36fc276868,,,[{'resourceId': 'b1f65f82-2b41-40d2-8c12-d80fce0def49'}]
25666,88cc53c6-a412-4883-bd84-4c36fc276868,,,[{'resourceId': 'fafb7ad6-c04b-437f-99d0-5f2e08963fbd'}]
25667,5fae9a68-d9f7-4368-a4f3-5145bca4e4d4,,,[{'resourceId': 'f4251057-92de-41b8-8fec-beb1afeb00e5'}]
25668,8a63a773-26a4-4d75-b694-ba11f175ef13,,,[{'resourceId': '15d256a3-f6e7-4bde-883d-8536d89d2aad'}]
25669,27b3d8d6-9b9f-4152-9a38-fd2aa649e96a,,,[{'resourceId': '8c340ec5-164d-4ef1-ade8-67812c73bc62'}]
25670,08b48cf3-cce7-4657-8332-2e059dbd6c4b,,,[{'resourceId': '5d381189-af17-4f59-98d8-ebb1bd7a574f'}]
25671,ea26148c-d7c2-4b1a-9ac2-51caa3faf645,,,[{'resourceId': 'aac2689c-a911-4e79-b6f6-1c2b6e130db1'}]
25671,ea26148c-d7c2-4b1a-9ac2-51caa3faf645,,,[{'resourceId': 'ee756858-bb4c-425b-a58e-561139b1b3a1'}]
25672,b7ff69b2-d123-44a2-acf3-b59a530d5ba6,,,
25673,ec740caa-9567-46a2-81c1-ad9f33739afd,,,
25674,d005dd16-ecb2-4bb8-912e-b75e42693bab,,,[{'resourceId': '99bef38a-a2b3-4009-9951-5b40d195e614'}]
25675,570ae0f6-617f-4c2d-8543-2b9e4da2387b,,,
25676,c714c9a1-df96-4e74-999c-391eb2340754,,,[{'resourceId': 'b42e3fb2-cf42-4671-8b75-1c2a630d1e53'}]
25677,a5b57945-0135-44cd-b208-d19c2a2d9599,,,[{'resourceId': '0128e826-a2ee-4f8a-a017-695bb135799b'}]
25678,c1245fe2-81b6-4632-8ee0-45a814c6a845,,,
25679,4df7fd90-9798-4321-ac46-c06ed40b6a0e,,,[{'resourceId': 'f3b19686-f72e-4be0-8bf5-8ee02dcda3ba'}]
25680,31af271d-9797-4a67-94ec-54c4d823f77c,,,[{'resourceId': '07633875-e714-4ad8-a4bd-db83966b4677'}]
25681,d69d020a-30ff-4912-b33b-a2e559f3e6be,,,
25682,5f7fac4a-cebe-469b-97d5-4379e231106a,,,[{'resourceId': '747c3d58-0552-4ec7-8d25-6e83a3c07393'}]
25683,887e8d98-5502-45d6-989d-7df50eb8afed,,,[{'resourceId': 'f4f02427-d4ab-4668-938c-089a6448da7d'}]
25684,2105699b-0713-4e27-b41a-9952747c1b7a,,,[{'resourceId': '959387d3-2bb6-4010-a308-37b530875980'}]
25685,6d6c048a-126c-4a8d-b8f9-0b39ce677f2c,,,[{'resourceId': '09d69e7e-8c9e-4a4e-b186-0a6f17a970fc'}]
25686,8ee7832e-80de-46cb-a053-2f5dc3ad9505,,,[{'resourceId': 'd1878321-39a1-4684-9ee5-5447e003aad4'}]
25687,959387d3-2bb6-4010-a308-37b530875980,,,
25688,964c1c35-12ea-45c8-abe4-9fcea0d9b98e,,,[{'resourceId': '8c91c9a5-7b4c-41b8-82e1-27dcba958e2a'}]
25689,06796f6c-c971-482b-80d2-a054fc553803,,,[{'resourceId': '5fae9a68-d9f7-4368-a4f3-5145bca4e4d4'}]
25690,f4f02427-d4ab-4668-938c-089a6448da7d,,,
25691,965f9604-643c-4395-9667-3875bce095cf,,,[{'resourceId': '7f12340b-aa95-429e-89c9-39b82f7aa528'}]
25692,743179ad-95d3-44e5-bfff-34d7041f1f24,,,[{'resourceId': 'd00427d3-7f10-43e4-a0f7-1d2625b0b08d'}]
25693,09d69e7e-8c9e-4a4e-b186-0a6f17a970fc,,,[{'resourceId': 'a126f00c-7a10-4c50-aa24-e8a83eaea210'}]
25694,8b5ae2b6-8d3f-4ed1-805b-519cd21c726e,,,[{'resourceId': '6382e978-d77c-474a-99dd-12a56934f446'}]
25695,fad24a1b-c53b-4965-88e6-1490a357641f,,,
25696,410b7e48-3a50-411e-ac21-237729cd438f,,,[{'resourceId': 'b98a6a36-fec5-4ac0-babb-0f1760e28965'}]
25697,3c563c7a-e60c-4734-b0dd-b37976172e40,,,[{'resourceId': '42a8defa-ba7a-4264-bdf1-c6c210a61676'}]
25698,b6544bac-5e05-4cc7-a3fb-03ec43b3b707,,,[{'resourceId': '4cea03fe-6147-4b7c-97a5-8e1f427e0c72'}]
25699,ea9f0bee-00d8-4317-9141-21d3f1e3a176,,,
25700,c16b5a2e-f503-47c9-a858-3e46831ce9f2,,,[{'resourceId': '20b09185-4c04-41be-bbec-164c177d56b1'}]
25701,a126f00c-7a10-4c50-aa24-e8a83eaea210,,,[{'resourceId': 'dc3db801-7d40-4ec4-95e6-4469c225858a'}]
25702,dc3db801-7d40-4ec4-95e6-4469c225858a,,,[{'resourceId': '154cb2df-dbaf-4176-99d3-a9f2b4c77fe8'}]
25703,95bd80c6-c86b-45d4-94da-be7b1426b15a,,,[{'resourceId': 'd3bf463f-8919-4afc-9025-8acc1b8c0228'}]
25704,b2d25157-0077-41a7-b560-5edb4c14cbd1,,,[{'resourceId': '2f334d59-25b9-40fe-add8-2d240a852bae'}]
25705,d1878321-39a1-4684-9ee5-5447e003aad4,,,
25706,d64852dd-80a1-4c47-9124-06cb9ab2fdfb,,,[{'resourceId': 'f3b19686-f72e-4be0-8bf5-8ee02dcda3ba'}]
25707,cfe177d1-2071-4d5b-b0e7-1ce57868af83,,,
25708,a290f159-4619-4208-82ed-085eac36ddd5,,,[{'resourceId': '229d2186-bc36-4155-be2a-3d1e187c7b2d'}]
25709,3fae2b2f-7c73-4dae-8271-3ae12a532852,,,
25710,49e46682-19e6-446c-99ab-de8f845149b3,,,[{'resourceId': 'a5b57945-0135-44cd-b208-d19c2a2d9599'}]
25711,3336bbc0-66d2-4488-99a7-96ea95ce57c9,,,[{'resourceId': '78333bb2-4d52-4b8d-bbc3-cc38ee15fad0'}]
25712,8fb17536-d9b9-40a8-b422-cb67d58b68a3,,,[{'resourceId': 'c714c9a1-df96-4e74-999c-391eb2340754'}]
25713,194fb239-6863-411a-92bc-e9110bb30acd,,,
25714,b9de88ea-7f79-4408-bc7e-d4ebc8cacd79,,,
25715,6a03d430-cff5-4a1e-9345-78334499c23e,,,[{'resourceId': 'db93151f-e5a8-4f73-9324-4e88cc91f801'}]
25716,42232586-1b9c-4852-83a4-47a5addf0ab5,,,[{'resourceId': '71f8b20f-a914-4941-9f81-8c8b652db986'}]
25717,0d666197-b78c-4626-9369-3ed943da7d34,,,[{'resourceId': '154cb2df-dbaf-4176-99d3-a9f2b4c77fe8'}]
25718,33aad221-0b21-475d-be05-5d3d40b53807,,,
25719,4165c1dd-190b-4859-ba26-f8d1cf9424a5,,,[{'resourceId': '840cdcc5-042a-4767-9aee-b47e3c15414c'}]
25720,7ff8a697-773c-494f-bd43-e7de4653e7d6,,,[{'resourceId': '54d35a84-b614-45e2-a73a-46415d2b0a99'}]
25721,42a8defa-ba7a-4264-bdf1-c6c210a61676,,,
25722,9678ba09-f0a4-42d6-b649-1392524b967a,,,[{'resourceId': '71f8b20f-a914-4941-9f81-8c8b652db986'}]
25723,86334f26-9810-4710-b129-3294fbc5b182,,,[{'resourceId': '66583039-bcf5-4790-982d-d0573cfe2ae8'}]
25724,82b27889-3bb1-453a-a43e-8c2f5c95f729,,,[{'resourceId': 'e23dfa06-c05c-42c6-923f-5422414e1269'}]
25725,6c642079-366c-4a61-8b6a-eae9d773900b,,,
25726,e23dfa06-c05c-42c6-923f-5422414e1269,,,
25727,e3eacaed-0a50-4ca2-83b3-f97f82a3ff86,,,[{'resourceId': '962f4e98-ab43-4520-bdf2-c1760fc5d723'}]
25728,92aca850-ae0f-4209-88cb-7c82faf63c5b,,,[{'resourceId': 'd69d020a-30ff-4912-b33b-a2e559f3e6be'}]
25729,154cb2df-dbaf-4176-99d3-a9f2b4c77fe8,,,
25730,840cdcc5-042a-4767-9aee-b47e3c15414c,,,
25731,2e9a34e4-5f47-4495-a0c4-5f2f2e963552,,,
25732,0f7c01e9-eaca-4f99-89fe-595266f23a49,,,[{'resourceId': 'd5308d67-4133-441d-9e20-3381a780c8b1'}]
25733,2326e60d-58ba-4909-9ccf-33de96600f47,,,[{'resourceId': '27b3d8d6-9b9f-4152-9a38-fd2aa649e96a'}]
25734,222b0cb2-5158-4d63-b625-7873f9a2c7ab,,,[{'resourceId': '4165c1dd-190b-4859-ba26-f8d1cf9424a5'}]
25735,20b09185-4c04-41be-bbec-164c177d56b1,,,[{'resourceId': '88cc53c6-a412-4883-bd84-4c36fc276868'}]
25736,76fd97e1-3587-4c0a-811a-ad55de57cf29,,,
25737,81d37696-0c36-46de-b85a-05d1fa00be78,,,[{'resourceId': 'cfe177d1-2071-4d5b-b0e7-1ce57868af83'}]
25738,8bff2fda-fcd5-4bee-bdad-a970c5897828,,,[{'resourceId': 'ec740caa-9567-46a2-81c1-ad9f33739afd'}]
25739,9d2021c0-b316-4c24-8e37-6677e7f369b1,,,[{'resourceId': '8a63a773-26a4-4d75-b694-ba11f175ef13'}]
25739,9d2021c0-b316-4c24-8e37-6677e7f369b1,,,[{'resourceId': 'ad683f03-e1a6-41da-af95-aa58f9b84b34'}]
25740,0818d587-9bf5-487a-9035-7cc389b6a012,,,[{'resourceId': 'c1245fe2-81b6-4632-8ee0-45a814c6a845'}]
25741,87cfcdfc-4fc2-4971-85bf-ae25e6b52e29,,,[{'resourceId': 'b40df6c7-5a37-4918-80bf-4b0fa61ecbc2'}]
25741,87cfcdfc-4fc2-4971-85bf-ae25e6b52e29,,,[{'resourceId': '35c4595a-09f6-4dc5-a5cd-7f8b7bab3f2f'}]
25742,2572e1d7-8a62-4ccd-a0c3-2e6f4e508c1b,,,
25743,41003957-8c91-47de-afc4-0e0f571e2c49,,,
25744,70494831-f16a-4e90-8398-abfb610bacf5,,,[{'resourceId': '6d6c5399-c797-4fb3-b273-ffcfb2ac4f4d'}]
25745,147aeaa3-8e9d-4486-a097-098dff9f624a,,,[{'resourceId': '7262bb53-767d-4564-85a7-7eef0fedf4c8'}]
25746,0565e26c-5e2e-41d0-ae69-e03f5f843635,,,[{'resourceId': '03b4ca0f-beee-408e-aa54-e1d9cba8b1ee'}]
25746,0565e26c-5e2e-41d0-ae69-e03f5f843635,,,[{'resourceId': '5f7fac4a-cebe-469b-97d5-4379e231106a'}]
25747,34f73ed8-78b2-4a2e-90ec-f50574a7e617,,,[{'resourceId': 'd6faf6b0-ece1-47bc-89ee-bca2f51fb894'}]
25748,8ec82e9d-44f4-438d-aeb0-a461628ab110,,,[{'resourceId': '2e9a34e4-5f47-4495-a0c4-5f2f2e963552'}]
25749,a8659950-1fac-425a-b9b6-6a662575aa63,,,
25750,fd1c5c76-b031-4221-857a-2b55ea5a20e5,,,[{'resourceId': 'ea26148c-d7c2-4b1a-9ac2-51caa3faf645'}]
25751,c68ee5fc-ead9-48fb-a9ac-e3f377704dcf,,,[{'resourceId': '70494831-f16a-4e90-8398-abfb610bacf5'}]
25752,ead03fe1-cef3-4d28-9a52-29f22ea9ec91,,,[{'resourceId': '7dfb5a62-e348-44b3-bb83-33f246e98b4c'}]
25753,10fc34be-7321-4cfd-8bab-447e0f90493d,,,[{'resourceId': 'c442e38b-b85c-4036-b361-af850e786f91'}]
25754,989cfb24-d9d7-4d84-a09e-c2a2dba93a7f,,,
25755,2f334d59-25b9-40fe-add8-2d240a852bae,,,[{'resourceId': '926aa03f-e42b-409e-9920-3091c2e64a13'}]
25756,dd7258ba-3604-4dd8-ab0e-449ab41a3df3,,,[{'resourceId': '6d6c5399-c797-4fb3-b273-ffcfb2ac4f4d'}]
25757,0a87725f-f3f6-4b40-b372-cfe6587bc1f4,,,[{'resourceId': '99bef38a-a2b3-4009-9951-5b40d195e614'}]
25758,a5f9cc83-b9e6-4b09-8047-2018ce8ff283,,,[{'resourceId': '78dd545c-3c01-4a60-acb6-bf75a806e140'}]
25759,401f12d5-1d18-4b36-9628-cc5417dd538f,,,[{'resourceId': '9c95d4df-c06c-496a-9008-63745cd5184a'}]
25760,fafb7ad6-c04b-437f-99d0-5f2e08963fbd,,,[{'resourceId': '926aa03f-e42b-409e-9920-3091c2e64a13'}]
25761,84105499-e502-4b4d-b2cc-ee69f6f593d1,,,[{'resourceId': '06796f6c-c971-482b-80d2-a054fc553803'}]
25762,8c91c9a5-7b4c-41b8-82e1-27dcba958e2a,,,[{'resourceId': 'dd7258ba-3604-4dd8-ab0e-449ab41a3df3'}]
25764,21ced327-a5cf-4521-ba09-91f3d2ac72cc,,,[{'resourceId': '9678ba09-f0a4-42d6-b649-1392524b967a'}]
25765,b26734bc-81fe-4ab8-8ea5-548fa509cac5,,,[{'resourceId': '64943f07-db59-456e-8627-3a9459eaa32d'}]
25766,b0740fc4-cc9e-4f21-835a-c6665f3c0f3e,,,[{'resourceId': '0bf32ff9-8be4-48ff-9739-6fe8b18d3a1f'}]
25767,1311bb60-1a88-4106-a9d7-5cb2b5fe115e,,,[{'resourceId': 'fe55a1a8-c96b-4dfa-abd8-cda987128c1a'}]
25768,b8b81647-afb5-4532-b266-e7d083f4835c,,,
25769,ce51741b-b5de-480a-b3b4-155bfde6255e,,,[{'resourceId': 'c442e38b-b85c-4036-b361-af850e786f91'}]
25770,6af85ecd-4da7-4c38-a572-21734095a4d4,,,[{'resourceId': 'b2d25157-0077-41a7-b560-5edb4c14cbd1'}]
25771,43c16887-63e0-42d2-ad06-ba7c79a140af,,,[{'resourceId': 'b58517af-2589-4398-9c87-d49da12c8a2d'}]
25772,b297d11a-444f-4b6c-9783-7fc2d24645be,,,[{'resourceId': '59607d8b-bf15-473a-a8a6-ce67a842c3e1'}]
25773,b2f87c7e-4088-4626-a36e-28f1d280b9a6,,,
25774,6da2f159-0706-49ec-9c33-e61683c32db4,,,[{'resourceId': '78dd545c-3c01-4a60-acb6-bf75a806e140'}]
25775,b98a6a36-fec5-4ac0-babb-0f1760e28965,,,
25776,20745f5f-1ea2-4423-92dc-18080b797c71,,,[{'resourceId': '989cfb24-d9d7-4d84-a09e-c2a2dba93a7f'}]
25777,78dd545c-3c01-4a60-acb6-bf75a806e140,,,[{'resourceId': '41003957-8c91-47de-afc4-0e0f571e2c49'}]
25778,bb66f9e2-ab8f-4f23-b4d4-eaeba182b54d,,,[{'resourceId': '6c642079-366c-4a61-8b6a-eae9d773900b'}]
25779,81499413-4720-4b56-8983-cce4fceb7de8,,,[{'resourceId': '9d006387-3225-48ab-ae9f-a9814c6abcca'}]
25781,bf13e400-ebde-43aa-b0a9-1c04c2e2b725,,,[{'resourceId': 'f30f72c4-db61-46fc-b3d0-731b2de377ee'}]
25782,d6966e5c-5f6e-492b-ba43-6dec44a5db43,,,
25783,78333bb2-4d52-4b8d-bbc3-cc38ee15fad0,,,
25784,dcf06b59-d19c-4fef-9e20-bb13900853d2,,,
25785,d00427d3-7f10-43e4-a0f7-1d2625b0b08d,,,[{'resourceId': '95985d32-3c72-4eca-bb0f-73c441bf273c'}]
25786,d8673e6c-a763-45a9-bede-9db44177c446,,,[{'resourceId': '3c563c7a-e60c-4734-b0dd-b37976172e40'}]
25787,c1505791-c8cd-4ac4-aa1d-dccd9215d058,,,[{'resourceId': '39c674d7-1142-4a6b-9883-cf1154a90240'}]
25788,fbf215d4-8810-4a70-920d-ce15ce61b6b1,,,[{'resourceId': '8517d802-b656-4774-b3b0-25ac7a97c609'}]
25789,0f7e3787-d6f3-4984-b869-49005c5a2632,,,
25790,0998eb2e-7d37-466e-bf76-3b5422f304c7,,,[{'resourceId': '0f7e3787-d6f3-4984-b869-49005c5a2632'}]
25791,e008292c-8ce3-419d-8d10-998ac954a7df,,,
25792,1052737a-a287-4ce1-ae58-ce2397e20c55,,,
25793,39c674d7-1142-4a6b-9883-cf1154a90240,,,
25794,250aad66-fc1b-44fe-9553-c5df1d21a808,,,[{'resourceId': 'e008292c-8ce3-419d-8d10-998ac954a7df'}]
25795,a49e734c-4947-4e15-bc27-276bb349c30a,,,[{'resourceId': '1052737a-a287-4ce1-ae58-ce2397e20c55'}]
25796,8517d802-b656-4774-b3b0-25ac7a97c609,,,[{'resourceId': '52e71fcd-f3b2-48a9-aa68-449ad2ed15d9'}]
25798,ef5fe359-bf32-44c4-82a3-181beb411f3b,,,[{'resourceId': '15f40207-22de-48ff-a0d6-d67c40c919dd'}]
25799,605ffd2a-2117-4ffc-87a6-63bcfb9c0696,,,
25800,67cb5038-2c79-4167-b1a6-0d23bc315cd5,,,[{'resourceId': 'ef5fe359-bf32-44c4-82a3-181beb411f3b'}]
25801,bc797eee-6e18-44a9-baf7-062af14aede0,,,
25802,386c1e02-d10b-47ff-ac30-ea8e9fb6869d,,,
25803,960571d7-d960-4c39-8b30-2b902a015e0a,,,
25804,0154948b-b25b-490d-a87c-ac1102687235,,,
25805,9a95ffea-3849-4054-9c42-15d87ced3359,,,
25806,2b56afa1-70aa-46ae-ab2b-f36b55d14453,,,[{'resourceId': '9a95ffea-3849-4054-9c42-15d87ced3359'}]
25807,06a6a470-f32d-42ab-af46-88db2b0068e1,,,
25808,a60cb05d-b2af-4e1a-9ca0-8d19e870e0e4,,,[{'resourceId': 'ff36e182-991f-4df5-b72d-cda867e62eaf'}]
25809,ff36e182-991f-4df5-b72d-cda867e62eaf,,,
25811,056767e8-e57d-4796-a35e-47f6386a026d,,,
25812,cdbe6ba0-3fc7-467a-97e2-346114cfdb09,,,[{'resourceId': '4b37edb7-3e90-4d9a-9069-b7620672d4af'}]
25813,4b37edb7-3e90-4d9a-9069-b7620672d4af,,,
25814,dbec1ac9-ca85-4116-9b6f-442ce25ed06c,,,
25815,479f55e4-3969-471b-804e-94a346c67494,,,
25816,868a0092-6352-4d4b-95f3-959b7e619b6e,,,[{'resourceId': 'a3e17c87-137a-4f97-b013-54c99d9a8a40'}]
25816,868a0092-6352-4d4b-95f3-959b7e619b6e,,,[{'resourceId': '223c1d9a-480e-473f-93e1-c8e0ce0edcfd'}]
25817,4741530e-b56b-46d2-9357-80a4e1ccb027,,,[{'resourceId': 'a50c924e-09e2-4296-82f4-8474bcdc56aa'}]
25818,912b0ebf-2007-4c8e-b2c7-137e0f67b85e,,,[{'resourceId': '479f55e4-3969-471b-804e-94a346c67494'}]
25819,4bbbb956-83d6-473b-bf38-2777da3e0d8d,,,
25820,fbbb3162-d488-45d2-9b36-82dab627b04b,,,[{'resourceId': 'dbec1ac9-ca85-4116-9b6f-442ce25ed06c'}]
25821,7460e5b5-764f-4e0a-89bb-f6cdda7a7b2f,,,
25822,dea1bfb0-8f88-438c-9246-fdae7a975291,,,[{'resourceId': 'd9874a81-b0de-4a91-82c1-185f24c3cdec'}]
25823,a14a9148-0310-443b-b886-6baa7e22fbbf,,,
25824,9eeeee1e-934a-4f82-b022-f57e962c9d0f,,,[{'resourceId': '4bbbb956-83d6-473b-bf38-2777da3e0d8d'}]
25825,3eb90695-ac06-43b1-ac58-ab99638697a7,,,[{'resourceId': '7460e5b5-764f-4e0a-89bb-f6cdda7a7b2f'}]
25826,2a5e6028-7245-4cce-9862-27940fc6f2e4,,,[{'resourceId': 'db03fe29-688a-4d6b-b096-dc6e3c9875a2'}]
25827,6b831b0e-2c6d-4db9-8662-eb6721c216c6,,,[{'resourceId': 'dea1bfb0-8f88-438c-9246-fdae7a975291'}]
25828,a6934968-a47e-45ac-b0b9-908eb4343b27,,,[{'resourceId': 'a14a9148-0310-443b-b886-6baa7e22fbbf'}]
25829,1cef9e67-8210-41fa-bf62-78a59d2925a7,,,
25830,d7e82439-1722-4996-86e2-305dbb9fe3d8,,,
25831,a5cf2b64-062f-46c5-a007-6ae571b945e5,,,[{'resourceId': '912b0ebf-2007-4c8e-b2c7-137e0f67b85e'}]
25832,b4e1ebcf-5b3d-464e-94f7-adcd8bd30205,,,[{'resourceId': '1cef9e67-8210-41fa-bf62-78a59d2925a7'}]
25833,a50c924e-09e2-4296-82f4-8474bcdc56aa,,,
25834,db03fe29-688a-4d6b-b096-dc6e3c9875a2,,,
25835,223c1d9a-480e-473f-93e1-c8e0ce0edcfd,,,[{'resourceId': 'd7e82439-1722-4996-86e2-305dbb9fe3d8'}]
25836,cc2bc7b0-2492-43ba-bed3-d9c2850109b4,,,[{'resourceId': '48a75714-4a0e-47af-afcc-8fd2e49905f1'}]
25837,48a75714-4a0e-47af-afcc-8fd2e49905f1,,,
25838,c7b68dfb-461d-42cb-8f01-feeb6a4d9f3a,,,[{'resourceId': 'fffc2fe9-c1bc-478e-b177-b1dda09428b5'}]
25839,fffc2fe9-c1bc-478e-b177-b1dda09428b5,,,
25841,0104eb37-948d-4015-8581-bee428e696ea,,,[{'resourceId': 'f8638585-1564-4c8e-8efd-b2d379f27901'}]
25842,f8638585-1564-4c8e-8efd-b2d379f27901,,,
25844,8268a92d-a2fe-4a86-b979-c44c86d36a22,,,[{'resourceId': '4d955517-41a8-4fc0-bfd9-c6806f7b7ff8'}]
25845,266ed7a2-d79b-4e2e-b8dc-57a26bc0eb44,,,[{'resourceId': 'b7f7b388-b18b-41df-b257-d4e9c607842f'}]
25846,bed5588f-7354-4503-a4f4-b01873e55d72,,,[{'resourceId': '4c49022d-56ea-41b5-b0f7-e95753c97b9d'}]
25847,0db30427-8b7e-4fac-b2b4-71381b0b9082,,,[{'resourceId': '233a54a8-70e9-46de-a85e-8f12be673b68'}]
25848,3927b422-e327-48c6-a623-22c328595233,,,[{'resourceId': '63d13d0a-e8f5-4539-b703-5ed278b133b4'}]
25849,cc417d27-a2e1-4826-822f-29818252ac3c,,,[{'resourceId': '63d13d0a-e8f5-4539-b703-5ed278b133b4'}]
25850,4d955517-41a8-4fc0-bfd9-c6806f7b7ff8,,,
25851,f866a727-6c4e-4284-96a1-7efb686e097b,,,[{'resourceId': 'c86f5762-c1b0-477d-a7bf-587754507739'}]
25852,c86f5762-c1b0-477d-a7bf-587754507739,,,
25853,345ce204-bcc7-42c3-8f37-a313b5f4d06b,,,
25854,0996a530-b3b0-48ef-b417-77e4ca7ed690,,,
25855,844dedb1-f76e-4e36-bd5c-1308a4b1e866,,,[{'resourceId': '63d13d0a-e8f5-4539-b703-5ed278b133b4'}]
25856,a44e0912-c6f3-4dc1-84a8-442a5e9ebe7d,,,[{'resourceId': '345ce204-bcc7-42c3-8f37-a313b5f4d06b'}]
25857,5e6696ca-c819-483f-84ef-e27ca64f99c2,,,
25858,d3a9c379-d12b-4652-96dc-d8ad9171f6c1,,,
25859,5e0438d4-2778-4499-b2fb-c5d7f1b91a12,,,
25860,443b8bed-78d5-4ba1-a453-f616983627fa,,,[{'resourceId': '5e0438d4-2778-4499-b2fb-c5d7f1b91a12'}]
25861,233a54a8-70e9-46de-a85e-8f12be673b68,,,
25862,d85672d0-504d-4e6d-be30-11aaa8e6caf4,,,[{'resourceId': '2369e5c4-e438-4fef-b795-244000a97029'}]
25863,af7f7fad-bb8d-4fd0-b01a-99d44edba641,,,[{'resourceId': 'bd89d316-d0f0-41c4-8a3f-22ea0fddaad8'}]
25864,2369e5c4-e438-4fef-b795-244000a97029,,,
25865,44d6ae36-7d76-4e4f-b809-bd54c76095b9,,,
25866,05fc39bd-6649-423b-8198-2bc897c53472,,,[{'resourceId': '2d5888c2-c949-485f-8725-2382f77b8cea'}]
25866,05fc39bd-6649-423b-8198-2bc897c53472,,,[{'resourceId': 'ec28dbf9-f652-4e68-8479-96b7da65e091'}]
25867,72012afb-c4d7-430f-aeed-bc2a76b6fbea,,,
25868,63d13d0a-e8f5-4539-b703-5ed278b133b4,,,
25869,7b45aaf2-a186-4ca5-a5ae-cbe41556f94f,,,[{'resourceId': '44d6ae36-7d76-4e4f-b809-bd54c76095b9'}]
25870,df6a75ae-5490-49cd-a929-45cb577a7ec0,,,[{'resourceId': 'bed5588f-7354-4503-a4f4-b01873e55d72'}]
25871,f11d9ae6-9338-4558-b846-39fd54e5015d,,,
25872,c5f3a22f-12d6-41da-9c26-e9012fcf25c0,,,
25873,ed0a1ff7-d535-4e48-b9d6-00fb23504677,,,
25874,b7f7b388-b18b-41df-b257-d4e9c607842f,,,[{'resourceId': '4c49022d-56ea-41b5-b0f7-e95753c97b9d'}]
25875,64463643-a481-47da-836f-d03796575fdf,,,[{'resourceId': '73c1d852-d275-4cc1-8277-667942456ada'}]
25876,c7621c33-438b-4f8e-a5d0-0f0c24048f01,,,[{'resourceId': '63d13d0a-e8f5-4539-b703-5ed278b133b4'}]
25877,d022ca07-d7e4-4852-a4f1-9b2cabaf96d3,,,[{'resourceId': '443b8bed-78d5-4ba1-a453-f616983627fa'}]
25878,57839e67-15ac-4d1b-a08b-b2478f7a3863,,,[{'resourceId': '05fc39bd-6649-423b-8198-2bc897c53472'}]
25879,fbe16263-96a1-44a1-8ed3-cc50b3fb7597,,,
25880,ec28dbf9-f652-4e68-8479-96b7da65e091,,,[{'resourceId': '63d13d0a-e8f5-4539-b703-5ed278b133b4'}]
25881,73c1d852-d275-4cc1-8277-667942456ada,,,
25882,14ac0455-e6f4-4e8f-bf3e-f7050fa4e4df,,,[{'resourceId': 'bed5588f-7354-4503-a4f4-b01873e55d72'}]
25883,a9105026-28a7-446f-a3b3-e83e4c437cf6,,,[{'resourceId': '72012afb-c4d7-430f-aeed-bc2a76b6fbea'}]
25884,bd89d316-d0f0-41c4-8a3f-22ea0fddaad8,,,
25885,fb808123-abc2-4af1-9e2c-713a454e8640,,,[{'resourceId': 'c5f3a22f-12d6-41da-9c26-e9012fcf25c0'}]
25886,6c2954fc-6036-41f9-a6b2-695a09aae30a,,,[{'resourceId': '9e20924b-7c8b-4252-ac52-2d7302ae1095'}]
25887,9e20924b-7c8b-4252-ac52-2d7302ae1095,,,[{'resourceId': 'f1645e7c-f1b2-4aa1-8e64-ad888e08cf3e'}]
25888,ef5d0ad2-24dd-4622-b4eb-229dff076993,,,
26020,8195d432-47f0-4f48-b3ff-32ac8ce58575,,,[{'resourceId': 'a89d284d-3af9-4fe8-8d05-ff99d77879d9'}]
26021,a89d284d-3af9-4fe8-8d05-ff99d77879d9,,,
26024,d2a21b6e-55ed-47c1-bcaa-62ec2b6e9f29,,,[{'resourceId': '56b6ca42-ab4c-47dd-9269-219b15dd0a93'}]
26026,5e00cf76-2c1f-4f68-b85c-79c0d2eb8028,,,
26027,1c395eb0-8d1c-4e8c-9d00-940ece71af67,,,[{'resourceId': '964a2775-94d8-4fda-b148-885418ced38d'}]
26028,8e3fde48-2295-45a8-bafb-36e170dc1090,,,[{'resourceId': 'b3dd66e4-989e-4737-8d60-d20de4856097'}]
26029,b3dd66e4-989e-4737-8d60-d20de4856097,,,
26030,0a8a551b-6c4b-40bd-b365-0d954db0ebb7,,,[{'resourceId': '1273c95a-5926-4102-87df-8d6df25a4042'}]
26031,1273c95a-5926-4102-87df-8d6df25a4042,,,
26032,872ee63a-ff6d-4957-9f96-e275391c60e7,,,
26046,bc1fc911-716d-45d2-a316-8ab2c312b045,,,[{'resourceId': 'fd3e3de0-eae3-4e04-919c-eb8ff963b941'}]
26047,fd3e3de0-eae3-4e04-919c-eb8ff963b941,,,
26053,8cef78db-450b-49f4-bde1-5bae0b1e9684,,,[{'resourceId': '05b6a48d-6b7e-4f2e-9043-bd7513b14b06'}]
26054,05b6a48d-6b7e-4f2e-9043-bd7513b14b06,,,
26057,644d79d9-6738-4d5f-beaf-5debf0782a2a,,,
26058,516e30c5-6345-4f2c-acc5-bad235083593,,,[{'resourceId': '27b659c1-47f2-44b0-aaf8-05c167d847eb'}]
26059,27b659c1-47f2-44b0-aaf8-05c167d847eb,,,
26060,fc10299a-7f51-4bc1-9e8d-56de62156bbe,,,
26075,93ca8ac7-528d-4e3a-9eee-3bbc54016da7,,,[{'resourceId': '6ed72f20-7777-4f0a-8308-473e024eb34b'}]
26076,242dd3d1-afe0-4cc2-b6d1-663ab1f72419,,,[{'resourceId': '93ca8ac7-528d-4e3a-9eee-3bbc54016da7'}]
26077,912a25ac-852f-4587-931d-1ef77af95ccf,,,[{'resourceId': 'a5e7490f-7b81-4354-a157-8b88b4d61a1e'}]
26078,a5e7490f-7b81-4354-a157-8b88b4d61a1e,,,
26080,c269cc44-6cb4-41fb-8c72-15ce72b003f3,,,[{'resourceId': 'cd16f142-28b7-4b9e-bcd0-5aab82b83e8b'}]
26081,19ebcf77-162c-46ed-86a6-95cec0f94cc7,,,
26083,4aac279b-80b8-4685-a368-4b4c9c4a98e8,,,[{'resourceId': '76c31b52-6bd1-4379-b4d3-a269582cd222'}]
26087,cb53595b-70e9-49e0-902e-f88f7b51116f,,,
26088,e88c9e8d-1d46-4fdc-b4b6-cc5e1d16db57,,,[{'resourceId': '617d93be-a018-432f-90bb-06d072ba35d9'}]
26089,617d93be-a018-432f-90bb-06d072ba35d9,,,
26098,dbda8089-1bfa-443d-b3fd-cde676dbfdf4,,,[{'resourceId': '1ddb50cc-50e4-4d87-824b-d98b1ac2a590'}]
26099,1ddb50cc-50e4-4d87-824b-d98b1ac2a590,,,
26100,087372ba-b794-4850-8ce1-21e7ec8748da,,,[{'resourceId': '1ad5d8b8-55b5-4f6f-bc94-7867a9891563'}]
26101,1ad5d8b8-55b5-4f6f-bc94-7867a9891563,,,
26102,668662e5-1202-4635-87c6-fd7762e1c2a1,,,
26103,7713cbbc-b005-42df-a2f4-86cce80f7e73,,,
26111,63823ba9-2c8b-4add-b9f5-1d24a9eb5328,,,[{'resourceId': '92645a0a-76c3-4823-88ae-d6a6e12d2782'}]
26112,92645a0a-76c3-4823-88ae-d6a6e12d2782,,,
26114,13791d35-a299-4139-bc27-adceb004ac6c,,,[{'resourceId': 'ead0c752-ca9b-4365-b58a-a549a7d1ca59'}]
26115,ead0c752-ca9b-4365-b58a-a549a7d1ca59,,,
26127,59bc0825-9792-40e7-b9b9-a97b60a8af18,,,[{'resourceId': '4d108f32-556f-4c15-96eb-f26c300a1b6e'}]
26127,59bc0825-9792-40e7-b9b9-a97b60a8af18,,,[{'resourceId': 'df622be4-cec8-464a-9ee9-badabce72abd'}]
26128,4d108f32-556f-4c15-96eb-f26c300a1b6e,,,
26129,e40ed316-5dc9-4c1e-ad87-9c3bfcb1c9f4,,,[{'resourceId': 'f219fded-82a5-4acc-9d41-2531d4bb1dbf'}]
26131,f219fded-82a5-4acc-9d41-2531d4bb1dbf,,,
26132,ded6b178-936e-4c6c-9236-34d29c2f987c,,,
26133,4c65f574-fa77-41ad-bd5f-339f5575e3aa,,,[{'resourceId': '8559be08-2398-456a-a872-6980b3982d23'}]
26134,8559be08-2398-456a-a872-6980b3982d23,,,
26158,723a40ab-42ee-4693-aaaf-a67b58baeb54,,,[{'resourceId': '84cd5ce2-91bd-48fc-ace3-77c508ce35b6'}]
26161,84cd5ce2-91bd-48fc-ace3-77c508ce35b6,,,
26162,17a1050d-d082-48cd-ac55-50314294637d,,,[{'resourceId': '97354a90-8024-4924-ba3c-f5cbaff97612'}]
26165,97354a90-8024-4924-ba3c-f5cbaff97612,,,
26192,90e08898-d2e5-4f04-9cda-fd02b5df7806,,,[{'resourceId': '4caf02ae-c423-47b4-ae47-9c2fecead55c'}]
26193,4caf02ae-c423-47b4-ae47-9c2fecead55c,,,
26201,430c05d6-6cf9-4970-9ac0-0fb7a5fb9f14,,,
26202,cd9d79ed-e93b-4e28-b37d-bcc967428bbb,,,
26204,87eaecd2-dd3e-4d59-b787-728591bbf872,,,[{'resourceId': 'cb7a0e17-c3e9-4397-b41b-d35ad388cac1'}]
26205,cb7a0e17-c3e9-4397-b41b-d35ad388cac1,,,
26206,6fd6c82c-387b-4601-8e31-c5d9df121c04,,,[{'resourceId': '980226f5-a0cf-467d-a581-e6bd6f2a0bbd'}]
26207,980226f5-a0cf-467d-a581-e6bd6f2a0bbd,,,
26225,6e000778-d828-48d7-859e-b1d71f719549,,,
26226,0284a2c4-2a84-4424-8067-90b90fe479c8,,,[{'resourceId': '29e1adbb-783f-4cfa-9b43-30293cdd030e'}]
26227,35abadab-91f2-4576-81a5-280393973d9d,,,[{'resourceId': '8d55ee1b-9386-433c-ab0a-fc94bf2156e0'}]
26228,8d55ee1b-9386-433c-ab0a-fc94bf2156e0,,,[{'resourceId': '089c5791-a0cb-442b-a5a8-7400a491ee60'}]
26229,4cd2d47c-b23d-4409-bd51-ce4740942c91,,,
26238,ae81119e-5f8b-49d5-95c4-6f917ba6a8f5,,,[{'resourceId': '4af90bde-f18c-431d-bc25-f7fe6b1900bd'}]
26242,2f926d40-bee8-42da-b18f-ff32e228aa1e,,,
26243,3463c429-940f-4058-b21f-168c9504a987,,,
26244,14bab6b9-380c-4c21-8d5d-70b2c0674545,,,
26256,1efdb978-5bd1-4975-993c-e33cfe0e3b70,,,[{'resourceId': '2ccd4ebf-5af4-4c0a-b98a-9c622a199f14'}]
26257,2ccd4ebf-5af4-4c0a-b98a-9c622a199f14,,,
26259,06aeaac8-677e-4cb9-9c2e-17aa1db72139,,,
26260,96a114b3-0bf5-4ae8-ad22-21ffafc6c836,,,[{'resourceId': '1f03f34c-120b-48a1-959d-12a36e208604'}]
26261,1f03f34c-120b-48a1-959d-12a36e208604,,,
26265,21ad8652-9926-436b-843d-949ff0252909,,,[{'resourceId': '1273c95a-5926-4102-87df-8d6df25a4042'}]
26266,76ec19b1-03f3-42c2-9e84-0b15f2334fc8,,,[{'resourceId': 'e4632609-64cd-4555-8ca8-1f0d54ec9676'}]
26287,ffb61f00-4828-41c2-acf0-5fc54461bc11,,,[{'resourceId': '4ece1a68-692f-4875-a190-1d6ddd12f894'}]
26288,4ece1a68-692f-4875-a190-1d6ddd12f894,,,
26289,2dd46d6c-9a2e-49c9-bb7e-c573e3926763,,,
26292,73a1d5ee-235c-44d4-af70-a9f3bb2f6a45,,,[{'resourceId': '4ece1a68-692f-4875-a190-1d6ddd12f894'}]
26295,b6d49f60-e72f-4296-aa8d-eac08a2b69fa,,,
26296,488f3e9c-d962-40a1-b26e-dffebaf932b2,,,
26300,63904399-e83c-4cda-b038-4689b83601d7,,,
26301,03560e80-d040-4a61-b9c6-a3f449e81b2c,,,
26302,e2767a2a-c353-44ea-8f83-f15f5ab2446a,,,[{'resourceId': '61a68444-7019-4230-86bd-b8c33404d39e'}]
26303,61a68444-7019-4230-86bd-b8c33404d39e,,,
26304,e20f68ea-8f83-4b2f-a1b9-52512f7c7460,,,[{'resourceId': '965e4ba5-97ec-4af2-bcd2-ec2288695b48'}]
26305,a8a9cf78-e302-4d49-ac45-f197a59ba4bd,,,[{'resourceId': '965e4ba5-97ec-4af2-bcd2-ec2288695b48'}]
26306,8733c3a1-d75c-418d-866a-1a9080abbe54,,,[{'resourceId': '965e4ba5-97ec-4af2-bcd2-ec2288695b48'}]
26307,965e4ba5-97ec-4af2-bcd2-ec2288695b48,,,[{'resourceId': '3c0e870d-17f7-4f9a-a11a-6c21f0c83475'}]
26319,b016ab4c-0a4c-435d-870b-3b043ae028d5,,,
26320,8eb24f64-3098-454e-b40a-f485e0a900c8,,,[{'resourceId': '53acd36f-b040-49b2-99a4-7f2ebbb65bd6'}]
26321,210c3e8b-eef1-4af1-b65c-9892b5a3270f,,,
26322,821eddd9-4fee-479d-bc53-670156a5992f,,,[{'resourceId': '6c577b76-2de3-4d18-a0e6-2b6f4d473cf1'}]
26322,821eddd9-4fee-479d-bc53-670156a5992f,,,[{'resourceId': '9781a7e1-c652-4583-8182-e27c9d0f18f5'}]
26328,99eff594-b6f1-401d-8914-f57cfb5c2d13,,,[{'resourceId': 'd9f24d24-7946-4e9b-b179-f00953ee9602'}]
26329,d9f24d24-7946-4e9b-b179-f00953ee9602,,,
26331,51ed9948-a60c-4675-bd1a-a413d7c4de19,,,[{'resourceId': '670e16ce-8632-435b-bbe6-d747240bd782'}]
26332,670e16ce-8632-435b-bbe6-d747240bd782,,,
26336,b4d52dd1-f21a-4202-adf8-29651456ebcb,,,[{'resourceId': '58fcaf65-475b-4185-9b4a-6c6ef6a0e593'}]
26337,58fcaf65-475b-4185-9b4a-6c6ef6a0e593,,,
26339,69f825f8-d8fb-4701-994f-e2356486cfed,,,[{'resourceId': 'cf7344c7-936e-49b0-8aba-6f44e20faf97'}]
26340,cf7344c7-936e-49b0-8aba-6f44e20faf97,,,
26341,dce0efc3-d47c-489c-b8e1-292a1d50a5e6,,,[{'resourceId': '00ee9650-27f7-44e5-ba12-1693c708d33b'}]
26342,00ee9650-27f7-44e5-ba12-1693c708d33b,,,
26346,c514d3e3-29d3-4fe1-a895-2b6b07604d5c,,,[{'resourceId': 'ecec6937-3eba-44ff-b2c9-358c422ace2b'}]
26347,ecec6937-3eba-44ff-b2c9-358c422ace2b,,,
26348,1d7d215d-2394-449a-942c-d7f0a6491d0a,,,
26356,f12c1db8-466a-4501-ab15-c3896d2bbd60,,,
26357,e701793b-640d-4c70-9681-484ce235c2a9,,,
26358,e701793b-640d-4c70-9681-484ce235c2a9,,,[{'resourceId': 'f12c1db8-466a-4501-ab15-c3896d2bbd60'}]
26360,3b11898b-1b34-49c0-8967-e27a1f72720b,,,
26375,66ed483f-71cd-48ec-9f97-76cd7b473d90,,,[{'resourceId': '61d302cd-211e-4b3e-ac0f-813b2cb55c21'}]
26376,61d302cd-211e-4b3e-ac0f-813b2cb55c21,,,
26379,747999a0-1eac-489b-b300-339d375df16f,,,[{'resourceId': '66ed483f-71cd-48ec-9f97-76cd7b473d90'}]
26380,208d4ab7-529a-4f39-87a6-23340a4b2e42,,,
26381,2cebce3e-e35b-48de-baf7-6bf935fef458,,,
26383,a861798b-5b15-471d-8556-8573cd4fa7d1,,,[{'resourceId': 'a7cf7169-9162-4d40-ac6c-2e2f73bca025'}]
26384,a7cf7169-9162-4d40-ac6c-2e2f73bca025,,,
26385,635890c6-297b-4d0b-b089-4e3e95b7c796,,,[{'resourceId': '840305a5-08f2-420d-b69a-c05d2fc7abcf'}]
26386,840305a5-08f2-420d-b69a-c05d2fc7abcf,,,
26387,be30b31e-e25b-4f47-aaf2-75dcf4d6607c,,,[{'resourceId': '28de86ee-e07b-4440-a29a-3c49333362d3'}]
26399,9ec14ab7-7dba-4453-adc3-8c949e81a467,,,[{'resourceId': '4a6470f8-1907-4a4e-be65-d980f044a944'}]
26400,4a6470f8-1907-4a4e-be65-d980f044a944,,,
26407,27899212-8254-42c0-bc4b-9553cfd0e8bc,,,
26410,b33af25f-ab72-4812-b340-3777b124ef48,,,[{'resourceId': '4a6470f8-1907-4a4e-be65-d980f044a944'}]
26412,42761ce2-ddaa-478a-9c5f-0f35e551add2,,,
26419,853f14d9-2944-48b3-b598-37b53d70d473,,,
26420,60043f64-59ce-40a2-a698-0fae5876e749,,,[{'resourceId': 'b55a553b-a039-4f6a-8f68-4384cab561fe'}]
26421,e0e5b61c-f95a-4b9a-8eb5-399b07d00003,,,[{'resourceId': '7d4fe702-90b0-49f6-bfbe-a5c84b925cb1'}]
26422,7d4fe702-90b0-49f6-bfbe-a5c84b925cb1,,,
26423,64ca6c16-8179-4d06-b03f-d79f10c0f911,,,[{'resourceId': 'a54521e7-5783-4e62-901a-79f311b2fc61'}]
26424,203c5652-c34b-4756-ad5e-f57592a2fc55,,,
26425,47b938cc-8cca-4527-ada8-1465a6c57628,,,[{'resourceId': '9328d0cc-e87d-4c8f-ac49-7908b310682f'}]
26425,47b938cc-8cca-4527-ada8-1465a6c57628,,,[{'resourceId': '972da4bd-5ae9-466f-b081-7856ce3017a5'}]
26426,9328d0cc-e87d-4c8f-ac49-7908b310682f,,,
26435,1bb447bd-ccbd-4b89-8953-b5c6d35e840f,,,[{'resourceId': 'e7d8d9c8-b643-4834-b1f0-728e46c035b2'}]
26436,e7d8d9c8-b643-4834-b1f0-728e46c035b2,,,
26438,64862f9a-4ebe-4e60-a92f-c75912014f89,,,[{'resourceId': '032d0e36-dc39-420f-bdaf-16a8787385d1'}]
26439,032d0e36-dc39-420f-bdaf-16a8787385d1,,,
26440,8f332142-bee0-46e6-a82c-f61c95256cf4,,,
26444,78684d1e-203f-401e-8221-04ded13c1c09,,,[{'resourceId': '322e2d8c-27b0-42f0-bf36-6f2604bf588d'}]
26445,322e2d8c-27b0-42f0-bf36-6f2604bf588d,,,
26452,62187df5-7f82-4fa5-8bfa-16797839c19b,,,
26453,ef0a60fd-09aa-4d2c-adff-55bf0553d778,,,
26454,21547b09-4115-44b8-8f40-7beb207e44e5,,,
26455,012f6998-fcc4-4c56-a2f2-d0044d83b8ac,,,[{'resourceId': '84d4120d-05e0-4cf6-b38c-cf5445f9b5a9'}]
26456,ae2dfca8-b00e-4338-9cfb-b639d4a4b63f,,,[{'resourceId': 'cf5caed0-9361-4624-871d-76281cf73844'}]
26457,cf5caed0-9361-4624-871d-76281cf73844,,,
26464,2bd6478f-eaa2-4736-bcd4-da81f35c2456,,,
26465,3c4ab0b3-8b1f-4f5d-87fc-77b595c47f9c,,,
26466,13ff847c-6fcc-4d63-be9e-ba0a8631092f,,,
26467,7b011163-2325-4348-a358-a588b969fd05,,,[{'resourceId': '80f6b375-4822-43e9-b428-9de30ba273d4'}]
26468,24355ee0-cdcd-4f07-96ae-4c0fd029a8cb,,,
26469,b8b2f9da-6a7c-4753-9621-eff4559a1ad4,,,[{'resourceId': 'eb63927b-48f0-47df-84dc-44e37c9bb37a'}]
26470,582ae008-10d2-4619-a635-ac8bf7b514d3,,,[{'resourceId': '16ff986c-ea5e-489b-b2b0-ad0fa12ebaef'}]
26471,601e6600-c2dd-4c5e-b7a4-dacf30ea2948,,,
26472,ef83468b-8088-4fe3-b2f2-e38f43afc6f6,,,
26473,135c8ea3-3bf5-472a-ae41-ddd13a9b10bd,,,
26474,6eb7ebc0-c372-48cd-8132-820977fd6f3d,,,
26475,b3de6890-0d5a-4f33-8968-bf53f0df47e4,,,[{'resourceId': '2f0dbadb-ab14-40a7-b485-780289d13e69'}]
26476,0be807a9-74d7-46bc-a0e8-f3acf089d599,,,
26477,8cdcfd7c-9a88-45e9-96ab-d2593bcca19c,,,[{'resourceId': '202c13a0-c465-4fd5-b15d-72e7724ae7e5'}]
26478,af3c7b76-09ca-4947-ad50-50d9f6cdabac,,,
26479,f2640139-a18c-4868-903e-77b6b499ce3d,,,
26480,a9345d4a-6fb7-4273-993d-b038a71f891a,,,
26481,0dd25d4d-ad16-4cd4-b54a-6d33633cf77f,,,[{'resourceId': 'c2b56bdc-86a2-4502-b9da-01a2c917befa'}]
26483,bfeea0ae-1710-4966-b6f7-833a659ff7d6,,,
26484,8e55ac5c-a885-48b4-9cc2-8bf87731c45b,,,[{'resourceId': 'a3270657-9103-4cb0-82e9-11ce085fa329'}]
26487,f3cb1297-c6ed-4838-9730-058febbc6fdc,,,[{'resourceId': '53a3bcb9-4c49-4985-895c-507f52c452bc'}]
26488,404c33a2-6575-4bb7-be44-0b59547a3a5e,,,
26489,1e7d46c3-105d-4467-81de-db0974084cb0,,,[{'resourceId': 'f724d2e6-a47a-4638-ab9e-e1b48bdf25d0'}]
26491,95d0a384-50ec-44dd-8317-596e48a5c9d3,,,
26492,1434a87d-daf9-4dd4-a6e5-6278a7ea67e3,,,[{'resourceId': '1cbf9c70-8fcc-42f6-8806-ce2d7c2bedfa'}]
26494,e517cef7-cf4a-4cd0-bf85-64bc5f0ecd5d,,,
26496,c6b2fc4f-eac6-4986-be52-b2c3aa76fb00,,,[{'resourceId': '280d0104-562f-48d7-a867-dc6b640c12f3'}]
26497,dfaa6400-5f29-41ba-a1fb-2bdc1f8a7118,,,
26503,ea00270e-1298-4ae5-a774-5fdc0dab7c14,,,
26504,4b9847a5-261f-4916-a624-9038cbc94e58,,,[{'resourceId': 'cd06e261-7d5a-4a17-bee3-9e4435dbf017'}]
26506,00fc7509-05ee-4236-9bc5-6efcc9e01c5b,,,
26507,6da5b55c-84b2-4101-916c-8aa97f0765e4,,,
26508,6a1041fb-ea1a-4c58-9c66-15e896298bc8,,,
26509,c363da33-adaf-4f5e-b1d4-0e7f2114e05d,,,
26510,c2e58858-c6d1-495b-8ef3-4e5a71da8cc5,,,
26511,439dc819-ff82-4236-b559-ac7453463037,,,[{'resourceId': '2dced4ef-b7a2-477b-8feb-af89be26841e'}]
26512,1b611809-ed83-49b7-b93d-427aa7af623a,,,[{'resourceId': 'ae0fb820-a1e7-4398-afb5-0dfac517ecaf'}]
26513,0f1eac2d-0b55-420c-9e65-0474a77c5256,,,[{'resourceId': 'f92d5c5b-7140-4dc4-b709-9638df5017e3'}]
26515,d4a7ae60-d83c-42f2-8af0-c399e67bed46,,,[{'resourceId': 'c002f5ea-0b40-4d8f-a5ba-392ece90374c'}]
26516,28537f1f-e31d-4263-9e8c-1c0017dc50ef,,,
26517,f69cf327-f1d2-4584-93d4-45795cfc2424,,,[{'resourceId': 'ca4fcda2-23d1-4ae8-b51f-2cb40213320e'}]
26518,ec9354b8-2e49-4f33-888d-eb714c741f5e,,,[{'resourceId': '64148f9e-e902-422f-9a92-13e8398d5467'}]
26521,2886f5e5-87ec-4902-bdc4-5ca666d75a89,,,[{'resourceId': 'e1b5d753-2460-46e7-9bbe-7a13a0b6115a'}]
26522,da10efc3-79ca-4fd5-bb97-7be132732443,,,
26523,5d812e14-d817-4f57-bad9-81e3b2b4bd45,,,[{'resourceId': 'adb4b6fa-01c7-47a8-8d43-54d977954bb5'}]
26523,5d812e14-d817-4f57-bad9-81e3b2b4bd45,,,[{'resourceId': 'e022a8b6-5fce-412a-892e-798b49c22fd7'}]
26525,71b6ff59-616e-4db3-8ce6-d03b6d8b5588,,,[{'resourceId': 'ad3404e7-90dd-4cc5-a5dc-1abbe699bd19'}]
26526,3141f2d5-56d5-4f4b-8fae-a15f6fb92486,,,[{'resourceId': '563231ec-6951-4698-aa96-2551dd677905'}]
26528,48d67cc4-bd91-450d-9d81-2e7adcd0334f,,,[{'resourceId': 'd5265f43-493c-4768-8ce2-32abe23bbab6'}]
26530,2e53ce57-3134-4921-9176-06faf41214a4,,,[{'resourceId': 'e3f94f9d-82ae-4dde-b2a6-d918856f0c9c'}]
26531,1a83ca45-cae4-46e5-8425-febdc3de2280,,,[{'resourceId': 'ba0185a1-7efe-46e7-816e-2c8ff6a6de84'}]
26533,8bf15f28-5f72-4ed7-82d1-499025f0ce84,,,
26534,86d3cca2-4625-41c8-ab5a-97dcdb71c1ca,,,
26535,8b4fef4d-845e-47d0-9be7-fa4cbc8d0cd4,,,
26536,d676c7e2-79fb-4e21-9ff5-670ae445c2aa,,,[{'resourceId': '242de7c5-36ca-4ba7-a3be-529c84724296'}]
26537,22ee47d3-23e5-4e7a-9efb-b6070fc49f6b,,,
26538,84537d59-56b5-4751-be7a-e999d9d0091c,,,[{'resourceId': '60cff357-7ab3-4cf3-9805-71ffc125bff6'}]
26539,de9c2603-723f-4e8d-8953-e3912b3d0118,,,
26540,6ea6c6a2-761d-4d22-85a5-4754b6339992,,,
26541,d9a6fc35-5b44-4bfc-9b21-e5ce95b7fe9f,,,
26542,07c775bd-9081-493c-a113-f0523af54206,,,
26543,610ffebb-7eb8-4003-ae63-7efa6c64ae50,,,
26544,d49ac408-b227-4319-99c9-fd5ac2786cf8,,,[{'resourceId': '212f9c47-3d78-4eba-9498-3fed5276cd54'}]
26545,9fbca9da-7459-4e8d-b328-53a8a044fd1c,,,[{'resourceId': 'a0a654ce-9f0e-4678-ba3c-2e8569cd538b'}]
26546,d97595fb-6628-4ccf-b64a-eb06d766f925,,,
26547,b5004d23-d921-4855-afa7-5f23e523cae0,,,[{'resourceId': 'f2610c94-cc86-496e-978e-cdd3ff44b89a'}]
26549,6d12c37d-1cac-4667-abad-168c812cd304,,,
26550,7ffb4624-4758-4ff4-a567-ab0384657e51,,,
26551,2c0f9aa9-9cd7-4855-b567-223d20e5ab35,,,[{'resourceId': '04ce7cea-2708-495d-8200-ae4cd0fe4669'}]
26552,4520b360-fdd6-4186-a699-da55dcdea125,,,
26553,c907186d-2974-45fe-a66a-26388b4ed0d9,,,
26554,e485b91d-1988-4b43-9f34-73a7cf5f50e5,,,[{'resourceId': '5e1b3026-c28b-446f-a33b-f45a5d2e22ac'}]
26555,f1d3f738-94e6-4037-9e87-21f825b27df8,,,[{'resourceId': '021bbaf6-2794-4916-b913-6a39439e52f4'}]
26556,dc508188-616a-4caa-bc7b-678cdc83cbd1,,,
26557,25635511-4b15-4d65-8579-a69a6494c774,,,[{'resourceId': 'eb818c41-0024-42c8-9748-4ace668fc47f'}]
26559,7973552e-7680-477a-8063-5284221438f8,,,
26561,fb16ff2e-ba93-4bc5-b33b-5c795c6eddc7,,,[{'resourceId': '8e30e1b4-1d0f-4e63-9258-819163c7ac0f'}]
26562,f86dc3f5-b3da-496d-83ff-476a0c2edd28,,,[{'resourceId': 'de60577a-baab-4e2a-887f-5ddba5c1e69d'}]
26563,8737189f-ee5f-4edb-9301-97e3d9e787d0,,,
26565,de248dd4-4697-49bb-885d-e17cce39ea10,,,
26566,f5fd8a43-97ea-472f-83f4-8c985d8e5468,,,
26567,710f3b6c-36ac-4a10-a827-245473ff7a61,,,
26568,aa9118fe-bc0f-41ef-93d8-073575698eff,,,
26569,2004e157-dda0-4c61-adb7-f2a1062f48b5,,,[{'resourceId': '82185db7-a0b4-41f6-a2da-4e413b2289c8'}]
26572,9279cdd8-3aed-4e52-a73b-84f79fe0588f,,,[{'resourceId': 'df8b96cd-a389-4211-ad51-97af64157905'}]
26573,f45d5857-94a6-47fd-b250-58e19972fd46,,,
26574,76c203a1-8ebd-4954-a922-6266940b8afa,,,
26575,c5ec854b-abf3-4511-82e9-3030a9fad93a,,,
26576,a8108561-a088-4b42-81b4-4de9367c9a77,,,[{'resourceId': '1d5a3d0e-0107-463f-916f-c5326de76fd0'}]
26579,10280bfa-fd69-4717-9bc2-6e6781002f53,,,[{'resourceId': '01f6b4e8-bd13-421d-aa9f-ca94aab8ea82'}]
26580,078a35e6-6ae9-4b41-aee1-8834e4a628f2,,,[{'resourceId': 'c1ab246b-4dc0-4b73-bcdb-3ffaa593812f'}]
26581,84cb9435-d497-4567-8f13-cd36291d8eb5,,,[{'resourceId': '879fa256-083d-4be2-a984-be1562cc0448'}]
26582,8374ee21-a48e-4643-a81d-72ca245cda51,,,[{'resourceId': 'b3c9e988-c9d1-4d71-8e3c-adedae966a7b'}]
26584,202cc51a-cabc-4bad-b795-07eae47b3778,,,
26585,c38b9f36-24ef-4168-90dc-7875cc11148d,,,[{'resourceId': '32945f52-3272-4974-949c-e69dd61c39ad'}]
26587,a2393aa0-407e-49f8-991e-798a95d758ad,,,[{'resourceId': 'e3b95629-f1da-49b0-8708-d4d942024e11'}]
26589,4a66652a-e9f5-4495-9782-f85074e875e6,,,
26590,d255ee48-a77b-432e-b86c-944204493e32,,,
26591,b651195a-9946-4d2a-8b56-6fc4159ea53b,,,[{'resourceId': 'cf3dd318-06b6-442c-9ff3-707af07ad088'}]
26594,f627d4b8-d481-46a1-9d50-27ba5882ecde,,,[{'resourceId': '05451afe-0410-459e-81f5-ee5c92176d8e'}]
26596,a038ffe3-cb45-4791-8953-07152e0cf293,,,
26597,11e78539-3372-4602-92f2-d9ec6728a18a,,,
26598,8a9ee147-f81b-4a16-bf33-776a53e731f0,,,[{'resourceId': 'd9777453-c402-4aeb-b2db-71316902f966'}]
26601,4ce54faf-bfbd-4f67-a9a5-997b898de84c,,,
26603,d9c9fe74-a3ef-4033-86f4-29d2767cf37f,,,
26604,19c9b8a9-2c1f-470e-8d3a-5607e934c74c,,,
26606,72b02286-4305-455d-8c7f-f842a87fac87,,,
26607,7841fbaa-6b8c-48d9-806c-9435213f5248,,,
26608,dd903075-ba1e-493c-9b89-10acd6314d7e,,,
26609,ddc5cb1c-389e-431a-94cf-e828c236be66,,,[{'resourceId': '065052b5-c968-495b-a104-5195b0f2152d'}]
26613,ed85198f-a5be-4740-8a73-56e8e0eb774b,,,[{'resourceId': '1f03f34c-120b-48a1-959d-12a36e208604'}]
26614,ced88b50-4a12-4c4a-835d-e7c5cb363743,,,
26615,e4b4c8c4-e8c0-43f3-ae98-b15d917ad107,,,
26616,a62b3695-d4d2-4dfc-933a-68a2a02d8f6c,,,
26617,b0809ebf-d335-4dda-826c-97d17d4e4066,,,[{'resourceId': '7430d030-0375-4801-8704-be91dac2fa6a'}]
26618,10222371-f2e6-44d9-b10f-81774091b557,,,
26620,1a8f8e9f-0480-4e92-8eae-43624ae8f6e2,,,
26621,7e3ce066-1f3b-42ae-9490-2852ef83f5f7,,,
26622,8acf2d87-839a-409a-8da2-b94655d6d2ac,,,[{'resourceId': '934d213d-d204-4adb-8c3b-3f4a88b90c2b'}]
26624,21874623-f0cc-4ddf-af43-f67c1d025901,,,[{'resourceId': '606df1e8-acca-4c53-bfa0-c2c7c1dc3f8d'}]
26625,3698862b-b892-4b29-86a7-17f146ecb4aa,,,
26626,28de86ee-e07b-4440-a29a-3c49333362d3,,,
26627,608d38e2-34df-4108-b5a5-ba03d72244b5,,,
26628,edd90f54-debc-4608-b636-ad016a71116e,,,[{'resourceId': '44705fd9-ab97-4e97-8047-58ff5770fced'}]
26629,b9adfd05-7a4d-4a37-b05f-871f995d91d2,,,
26630,8a280322-f682-4c79-871e-2e135c32a508,,,
26631,6b7ab459-d7db-4368-8c5c-d68c9b963063,,,
26632,24ac2672-8e89-487a-b9fa-c5e8a8b5e8f2,,,
26633,8def4f70-adf7-4bce-9bf6-a49208ce1427,,,
26634,21f450b2-114e-44a6-87eb-8d1e672a26b7,,,
26635,bb143abd-c825-4286-b3be-f2015ec2f843,,,
26637,13bf321c-8717-43a5-9304-efbab4c80baa,,,[{'resourceId': 'bd4cb30f-132b-49d2-bf37-091a96d59f19'}]
26638,6269ce4d-7a40-46a9-b4f4-8b9f56f69004,,,[{'resourceId': 'c202a048-c2a4-460b-a8d5-576192313e11'}]
26641,b7491a02-a62d-4729-85e0-9b8337866aa6,,,[{'resourceId': '76cbc959-373e-4045-8ab7-36d262e67249'}]
26642,57ffff8e-46ca-4671-a00d-cef13c31ae78,,,
26644,416b3854-5e14-4e33-9df0-37fd89da0519,,,
26645,b310e100-77a2-4a81-aa4b-0906309f4ef9,,,
26646,a5f9de58-48f6-4d4c-8bd6-97ed74591f6a,,,[{'resourceId': '99ef6dcf-f499-49df-b952-35cfda176df8'}]
26648,79eae530-65c5-4cd8-8624-edcf1c188be5,,,
26649,9f238594-a5be-4167-bd53-6051b606a5a8,,,
26652,2c4d3adc-9056-4d72-88fd-82536d48fd24,,,
26653,b15ab0ef-5cd0-4d69-acf2-742b3b342737,,,[{'resourceId': '5bef25d3-5dee-4406-b9ff-da86f50638be'}]
26654,3d6fb173-13bd-459a-bbc0-1387ea5546be,,,[{'resourceId': 'b2a47ea3-925d-4534-add6-fda125bc0402'}]
26656,23a245c7-1a6f-4504-8c7c-386ed206421d,,,
26657,299ba25e-b0ca-43f7-90ea-3783edbc0416,,,
26658,0789c0a1-9dfb-48a5-8cb7-65c0ea21f13a,,,
26659,226c0dae-e67c-4b2b-986f-8352a1034422,,,
26660,343fc419-597d-4e86-abca-baecf9d53de3,,,[{'resourceId': '4f6ed668-31bc-499b-bf4c-8ecbbd1b7572'}]
26662,82e16a22-2f9a-40eb-88c6-1f06b671bbb3,,,[{'resourceId': '5c50b671-27d4-46cd-940a-5088f9ea4c9f'}]
26664,28c0ff5d-bf9e-4810-b813-08f6dcf776d0,,,[{'resourceId': '4512900f-d2b1-4da7-94ab-73076ad90cc2'}]
26667,400f5189-6b0a-4477-a302-d85e1cafe6e6,,,[{'resourceId': 'de10c710-5051-4833-88aa-5af46c2b8f49'}]
26668,08d4b2f1-bf0f-420b-9263-7471dc3d87d3,,,[{'resourceId': '41218b85-c548-4d8f-b251-97e734eb50a7'}]
26669,07f95ed7-c2fa-4dd3-be4d-aa3fd81f7bd0,,,
26671,ce5e5f8e-4f71-4691-b36f-0818cf8c91d0,,,
26672,41a2906a-854e-46aa-ae3a-757fbca302db,,,
26673,4ea38dda-1e12-424a-a400-fdfc43c6937a,,,[{'resourceId': 'f790220f-8c36-4719-8d66-451c80ce4dba'}]
26674,f30a78fe-9f0d-4e35-957e-784f41b43709,,,
26677,c3919036-4f89-4092-8937-962b505397eb,,,
26678,6f28e795-29d9-454f-ab6b-77bb5e207352,,,[{'resourceId': '011006d4-db3d-4c29-8531-5860016b4807'}]
26679,7e67053e-2906-4db5-925c-bf9564eb99d0,,,
26682,d205b57b-7f16-4299-9c47-c30afdd706d9,,,[{'resourceId': '28341929-6603-4028-88af-bc8c9255dff1'}]
26683,b867d462-5833-411a-8610-bc3adb50cec0,,,
26684,5b64ef55-d61c-4f3c-a4a2-89dd87ef91cf,,,[{'resourceId': 'c4e73eab-58fe-4b02-aab4-52da54057e79'}]
26685,6baa6de2-4000-456e-bb72-6df2818c07c6,,,[{'resourceId': '60bea839-1cd0-4fc5-98fb-56d3c8d34eb1'}]
26686,cca41d64-7b45-4e67-86db-4c3663bd68ac,,,[{'resourceId': '73a1d5ee-235c-44d4-af70-a9f3bb2f6a45'}]
26686,cca41d64-7b45-4e67-86db-4c3663bd68ac,,,[{'resourceId': '821eddd9-4fee-479d-bc53-670156a5992f'}]
26687,19996d51-d654-4b8b-82a5-23cbe7181ca6,,,
26688,8931b0d8-4944-4c61-8fc9-242006872d49,,,[{'resourceId': 'd464278e-7cd5-427e-962a-4b15b7da0c7b'}]
26688,8931b0d8-4944-4c61-8fc9-242006872d49,,,[{'resourceId': '06b6c1b3-c092-4ac3-b1f8-18e985991c67'}]
26689,cdfa436f-6122-4321-9120-9d1e4b0a3915,,,[{'resourceId': '21b55bf5-37c1-4390-8d08-516b41cba8e1'}]
26689,cdfa436f-6122-4321-9120-9d1e4b0a3915,,,[{'resourceId': 'aef2dfb3-30a3-4bbe-9af0-29f6809e63bb'}]
26690,12255575-a8bb-4052-9452-1b4281fd6bf5,,,[{'resourceId': '787a0ccf-e459-4ae5-9487-9a75d4dc0641'}]
26691,1e40e844-7cc6-40f1-9bb6-a9a17fbef2c5,,,
26693,fd75a375-741f-4fb8-bd8e-b8deff5c5529,,,[{'resourceId': 'ead04579-f068-4f77-967d-ea0c856adc2a'}]
26695,9f6ac9d9-f32a-4591-83bc-309f659d15de,,,
26696,2eaa463a-630a-445a-9c8f-461df411c2a4,,,[{'resourceId': 'd1605f51-fd0c-4852-b3da-e4959b7a5235'}]
26698,a2d975ae-4a55-4e7b-8ae3-80d73677756d,,,
26699,0f7932f9-c641-4f1d-9693-d01a3e181d58,,,
26700,a44a8ab7-d140-4c17-b6b8-69c7afd507d8,,,
26702,fa3a5ed8-b389-4147-9c7d-18aeefae1076,,,
26703,546bc6cd-a3aa-4ccd-957e-efe428c3b5a6,,,[{'resourceId': '42f6c57e-5fa8-425e-bd9c-bed59a75708a'}]
26704,b8ecbfe7-1c88-4b3b-be3c-c00e115bcf48,,,
26705,b3959ae3-010a-4748-b87b-ba79cf5b59a8,,,[{'resourceId': 'c20b2915-9907-407d-befe-6737311f5b59'}]
26706,2caa0891-06e8-4652-82d2-e52db10f9f1a,,,[{'resourceId': '8b04daf1-c4ec-4ffa-8b62-d6d36ddb76e8'}]
26709,b8588401-03d7-4fef-a8ff-f366526d69b9,,,[{'resourceId': 'd0f51183-ce99-4fd1-84d1-4dd75a5d29fb'}]
26710,b5854624-263b-4c9c-b08a-03c334520e44,,,
26711,fd113e12-441c-4645-afcc-ac51c14b2e31,,,
26712,aa5dd251-6ac6-4e2d-a685-0f43bf5eb404,,,[{'resourceId': '26109faa-87ac-4889-bca0-cf6eef6bacc6'}]
26713,c0a48bfe-e413-422a-94fb-49221f749822,,,
26714,fb3fed20-69fc-498a-8da4-90d5419dd06a,,,[{'resourceId': 'ba18c68d-6ac9-4442-be6f-7b58185aa43a'}]
26715,71f67c12-0b2f-4d4d-a90f-4b8ef16a34e3,,,
26716,24258ed4-ba7e-471d-9fe9-16e733225088,,,
26717,38ba3177-8024-486c-b232-2bb016e868ab,,,[{'resourceId': 'f6362583-dd0b-47a3-a260-0981e0f8b295'}]
26721,2a561dab-b69e-4899-ba4a-83777fbaa2ac,,,[{'resourceId': 'a7eca5d6-103b-4e8a-a12c-d072c568cd89'}]
26722,4bc0ea0e-04cf-4f05-ab4e-089d68f9b2d7,,,[{'resourceId': 'c423857c-ca72-4ddf-b9dd-a2f2f3bfda25'}]
26723,8cc3a964-02a4-49db-8fbf-6c0747c5def0,,,
26724,64d23bb8-f2e4-46d8-bdf6-817c38b606bd,,,[{'resourceId': 'f86dc3f5-b3da-496d-83ff-476a0c2edd28'}]
26725,b68b70b9-6dc4-402a-af99-035acf793989,,,[{'resourceId': '96f2e7d6-05c7-4ab7-9b52-bc909ea30f60'}]
26726,51ca5c05-144f-4049-95c9-7728a825653e,,,
26727,1f0ef6aa-24d3-456c-8090-0b2b3de7d8e8,,,[{'resourceId': '93ac8a00-6942-468b-a356-acbe5732a333'}]
26728,4126d8a2-de3e-437b-8ab6-4634e0cef256,,,
26729,704fa713-f204-4229-9cd2-c24b57988c98,,,[{'resourceId': 'd2315449-c934-442c-a336-1671a5fb84ed'}]
26731,9d2b567d-a638-4063-b2a2-faaabc3b9223,,,
26734,4e2e3510-f48f-4c10-80b8-52e21d64d5dd,,,[{'resourceId': '30342f64-a7ef-4e9e-b745-531422ac95ec'}]
26736,8631a29c-d687-4974-8f51-fd5d1a5b22f0,,,
26737,4235edae-1308-4c87-a596-51d9afb55b27,,,
26738,0988216d-3a49-4497-8ccc-285baa44b591,,,
26739,ac28c862-7bbf-4961-8b38-26e39cbdf4f5,,,
26740,717d71dc-5b35-406a-8fc6-75699b697355,,,[{'resourceId': '27b2a67c-e1c9-4735-8676-7e244fa26eed'}]
26741,057f0b6d-b258-4d3c-906b-16ace31a26d1,,,
26742,eb0abb62-9c38-4eee-8ff3-314c4168ae7b,,,[{'resourceId': '7ba50af3-be11-4155-b084-3dd8887b82d6'}]
26744,5e960f69-d4b7-420c-8af7-5159d060dfa6,,,[{'resourceId': 'ac05e6b6-0bbe-443e-aa82-0430d031ed14'}]
26744,5e960f69-d4b7-420c-8af7-5159d060dfa6,,,[{'resourceId': 'eb850ba1-0f3a-4844-88bd-e4947100116d'}]
26745,7f1ed4b9-72c9-447d-b9a1-9ffee76e14de,,,
26746,599b7152-e63f-4695-b202-a23d0753e039,,,[{'resourceId': 'd8f57f26-d3c0-4f4e-a42f-c805f9bba138'}]
26747,7b1dbdc0-fe7e-4e74-b205-11924b744f15,,,
26749,b6423fd6-9c16-47c3-81e7-acd478b11ad5,,,
26750,f9fb60ec-3a7f-400e-9e4c-c7d38be4d390,,,
26752,a04d20f5-bcf6-4f2b-99e8-170fa8c8346c,,,[{'resourceId': '934abdae-43f4-497f-bcdc-0cedd05267cc'}]
26753,c7e5c626-e674-4e47-8ba6-abf56a569f0f,,,
26754,59c60ec8-bd66-49c3-ac45-4ca346554155,,,
26755,895fe2a2-b27b-467a-b26a-0b701f5e9d20,,,
26757,73687ebc-009b-4606-97c2-1a31d5731f5a,,,[{'resourceId': '6e674f45-821c-4452-af1b-ee88bd14162a'}]
26758,b0bfa157-c1d5-4b51-a54a-f730ddf06045,,,[{'resourceId': 'dea55e04-2ffc-4777-a35d-c8f01ec652c8'}]
26759,84ee1259-8de0-4004-910b-47c044ed7570,,,
26760,cb09ffb7-9b45-467b-bafe-ba299195b7f2,,,[{'resourceId': '45d95d4e-fea8-476a-b655-116d6685e514'}]
26761,5e321f68-3742-46b9-8544-fcb7b8711d73,,,[{'resourceId': '16932a7d-5847-40d1-9ff2-752a7400121d'}]
26762,9a9bfd82-ec6b-418f-8d75-51cee72e8d8e,,,[{'resourceId': '04ce7cea-2708-495d-8200-ae4cd0fe4669'}]
26764,75779bd1-b61d-4b00-bf88-c73a75ac6b31,,,
26766,5cec4161-22cb-4aad-954c-4bc206829a70,,,
26768,6ad0e8ba-a0bf-4fc6-9fbe-c8760cd0a9d2,,,
26769,152b68c6-b6e6-4b00-b0b1-1e6405073588,,,
26770,50a35c99-5927-47e6-8007-0ed0ae1ca432,,,
26771,9941d898-3c27-4bb1-9011-821a0855cf0d,,,[{'resourceId': '09795212-34f3-4094-b2ce-a574751e657e'}]
26772,ba2f1089-c017-4f6f-bfd7-c5b95e523093,,,
26773,cd9af38d-cb5d-4789-8071-30834ac5cde5,,,
26774,e9e9aec4-4af6-44f8-9482-67d80882a0d9,,,
26775,ef39df8f-b037-4f86-a657-c0561bef1c14,,,[{'resourceId': 'f38d1ba8-7bce-4922-949e-841b3ee1e512'}]
26777,8460b679-de70-4b1c-a47a-feff37907d41,,,[{'resourceId': '966a3707-23a3-48a9-ad5d-57d6781e038f'}]
26778,c4b8a50e-8a68-4348-91da-8b414d242be6,,,
26779,ae755011-6f42-446f-b1fb-59e434d7acca,,,[{'resourceId': 'af561a6e-a888-4315-a43f-361bc58fd442'}]
26780,e18eeea8-cad1-494d-96f0-eb976c78f73a,,,[{'resourceId': '9ba2d96b-bf9f-460f-b38d-538b5b04a249'}]
26781,d43f1a9b-9ad0-4f9d-ab0b-b1c4a6fa1abf,,,
26783,2f3e1579-f8a8-4901-b30d-7c0b555ff51b,,,[{'resourceId': 'b7cb33a2-07a2-42b5-9c03-930c5f8c94e5'}]
26785,00e74852-5c12-4285-b3e2-cbacfeb35fab,,,[{'resourceId': '26117ef2-d9ba-4484-a71d-d327fff2bb06'}]
26786,c2aaad5f-4ab4-4dc5-a225-4b05eeeda8e2,,,
26788,b382a6bb-6b51-4ec9-9319-42e4bc9dda88,,,[{'resourceId': 'ad413437-b6bf-49c4-b5d4-b5c1060142be'}]
26791,7237c343-e12c-44b0-b5b7-93cacdcdc08b,,,[{'resourceId': '837c4cfd-adc4-491d-a328-f6fc14ea7479'}]
26791,7237c343-e12c-44b0-b5b7-93cacdcdc08b,,,[{'resourceId': 'c7f012e3-7d8d-41b4-a388-f8e1920410c3'}]
26793,8e18f684-038b-4ca0-9791-260d01944a60,,,[{'resourceId': '660e9f22-1359-4266-89dc-2e04dddd5865'}]
26795,0eff32ff-4b9e-4767-824d-ef6ee2713408,,,
26796,60945c9d-9d10-400b-b6ec-c0ded5a8ed0f,,,[{'resourceId': 'dff91ea7-d1eb-411f-800e-28c0dfeac16f'}]
26797,0aeda6ab-2dfb-4a67-8c60-0d674e2c7a2c,,,
26798,2cd636d7-13c3-4ca8-a053-efb0277e6dd0,,,
26800,a9b99b2c-c7ef-4eb4-84b5-c33a68165101,,,[{'resourceId': 'ec501e17-5c67-4b26-8de1-682f6da450a6'}]
26801,ef65c117-6938-4fd7-b20a-54bdcd38a50a,,,
26802,acb135c9-9224-4dfc-b7ee-6d4a6410b837,,,
26804,1ba0ad13-1063-473b-a97d-a152b8ea08ec,,,
26805,342e8d4c-adb5-4aa3-ae1b-03f358e66b96,,,[{'resourceId': '39064e83-b7cd-4acc-9ed7-de4438a002b1'}]
26806,11d48492-e1d0-49b1-a2d2-ec1ed88f2c20,,,
26807,cf476606-0b86-4e57-a710-c67b72a4f0ad,,,
26808,a163095b-c7fe-435a-b9ff-c206844afb10,,,[{'resourceId': '333bf652-8d60-4174-8977-7f8b0c43b9ac'}]
26809,bc9bcc97-241b-4256-9f16-2389529ea67a,,,[{'resourceId': '52df9e7e-1cd5-4198-9280-bee185d6f6d4'}]
26811,efaade74-aa03-4c21-a89b-a96f75e7ab27,,,
26812,56447278-0939-4829-9925-92f48c76b01d,,,
26813,4233f785-b322-4ba2-a9c6-2b0141cf5825,,,[{'resourceId': '7f7a863a-97c3-4545-9081-c5021837cfee'}]
26813,4233f785-b322-4ba2-a9c6-2b0141cf5825,,,[{'resourceId': '61aedaae-bed6-4329-86e2-b59c7172d445'}]
26814,65a65e27-6f3a-48f2-aeed-c65e09f0c550,,,
26818,cd3aaeae-7f73-4bdd-a8c4-01307058c5df,,,
26819,082b08b0-f38e-4f96-a505-6aed154c9dd7,,,[{'resourceId': '114c0640-b058-49c4-9f73-1446f7ef9c80'}]
26822,2d29ca11-4f28-48ea-80e6-981c13234c03,,,
26824,8a2202f4-3ee9-4fc7-a311-e4b1e5671c31,,,
26825,53365459-64d3-4bed-98ef-96cf8b1d937c,,,
26827,d8b0fabc-321b-48de-93cc-187024181f44,,,
26828,57d9a53c-77cd-48bc-a605-4483792616a4,,,[{'resourceId': '8e6e9748-ad49-4eab-be48-abfb0a7ff66e'}]
26829,d1067d6a-2670-4462-a08f-90161378ec1f,,,
26830,ea83cac6-9fe3-43de-84fc-f07c56e67f1c,,,[{'resourceId': '6b586b41-5905-4b2b-9073-80261b7954fa'}]
26831,4ea07732-5219-487d-b46b-aa3edf8ab2bc,,,
26833,b41e22fc-c226-470b-a807-4f3b0bd4f06b,,,[{'resourceId': 'e6fd64fb-504f-4a3d-9cb3-6e7385bd72e9'}]
26834,bad0f53f-fc6a-4b71-8a04-ad05a7eba279,,,
26835,e1d2627c-dd97-4c0b-ae25-a52aa16ab3da,,,[{'resourceId': '67281cb7-6ee5-47e5-ac80-e9515460eeae'}]
26836,ffbc612c-f5cd-4095-a7bc-191838cd794a,,,
26837,26dd4025-2319-4509-8c1d-f7a6fe18fd46,,,
26838,646a0272-5f8c-4f43-b3dd-e4ca779982f3,,,[{'resourceId': '841eb8cc-77fa-43f9-aa78-3c041420bb25'}]
26839,ddf5eb0e-c2bc-4fa5-951d-5e9b6d8c8af0,,,
26840,d120c017-523d-4a8f-9bf8-6a9dd0234d64,,,[{'resourceId': '09bf0dde-de1c-479e-b5ef-8e38927a5a5e'}]
26841,4309a959-3b63-4b40-84c1-73cee95cdf81,,,
26842,cc528850-02d5-4a87-b1d7-cfc63f284873,,,
26843,8c49b7fd-afaf-454e-aed3-d10afa13b6d8,,,
26844,f48bea21-f113-4e1c-83c0-46b01eeab3c4,,,[{'resourceId': '7f89dbf7-877d-4225-8b70-0c032ea18132'}]
26847,80acf7c1-2c5b-4b00-a853-e955d4df7d0f,,,
26848,3d5785a3-c859-44c7-bf00-31bcbf638141,,,
26849,68b84bf8-6b2e-4b5a-afe1-05943bd38b99,,,[{'resourceId': '4f95cb5f-d30d-4818-8d0b-33ab70b7b051'}]
26849,68b84bf8-6b2e-4b5a-afe1-05943bd38b99,,,[{'resourceId': '8444388e-535d-417f-bea3-c93b820daacc'}]
26853,00bf1f47-67da-4c4c-956d-4539c5138789,,,[{'resourceId': '65a868b3-1354-48e0-b486-cb3171815889'}]
26855,feb4dc83-65fb-4a6d-994c-525a723b1e79,,,[{'resourceId': 'b6988148-7f2a-4468-bb52-d3ddfd1fb672'}]
26857,922f89b9-0bcd-4be4-aaa4-c7dfb5b89630,,,[{'resourceId': '21655527-2ac0-4ce2-99d7-c41478034fa9'}]
26860,d97ae674-4ea9-43c8-b32e-15941b0f00bf,,,[{'resourceId': 'd41df978-3c78-43eb-9f82-c1df0ae1a4dc'}]
26861,b6b7d6e5-3221-4b26-b0cf-e5742913da9f,,,[{'resourceId': '34be21d1-487d-4367-9c3a-3d6c4de54471'}]
26862,0424c38f-7f20-424e-b285-fa62f60dfb95,,,[{'resourceId': 'f6d9af94-125f-4960-9b10-dd5b53549800'}]
26862,0424c38f-7f20-424e-b285-fa62f60dfb95,,,[{'resourceId': '0f70c654-339a-4f88-8b9c-cf585fc41abe'}]
26866,a9a04df0-ac9c-403c-85ab-3febbac7392e,,,[{'resourceId': '651f45dc-f33c-46a2-b2b1-d43dd7c001f6'}]
26871,8af5a1bb-fc23-4318-812b-a7a50a6bef65,,,[{'resourceId': '8ba36744-1bf3-43a3-a688-103932aff561'}]
26875,efc56912-e16d-43ce-9c3f-7bbfa598fcdf,,,[{'resourceId': '0b893868-1645-4b6a-afd6-68b43eedf047'}]
26878,f7bdb428-7854-4dfb-9e9c-a602a18f95eb,,,[{'resourceId': '7a377561-8c3a-4fdc-9e08-c2ba920c6075'}]
26881,1862b462-2767-4c7a-8589-b736d38e83a3,,,
26883,6348a6bc-1edc-4e3a-8e4a-25c273e6bf58,,,[{'resourceId': 'd04b6ff6-9845-4885-84bd-9154e053f90d'}]
26884,c1f5e1e3-7c7b-4f72-9156-e247d74601a7,,,
26885,abbeb519-df61-48c4-819e-f023f846a416,,,
26887,0a4904de-7a42-40a0-b6f8-9860d6d2b0f4,,,[{'resourceId': 'c202a048-c2a4-460b-a8d5-576192313e11'}]
26888,6e7e518e-0e12-4e40-87e0-a9c985125ee6,,,
26890,41273880-87cb-4d11-9798-b9af8c9f1a88,,,
26891,64148f9e-e902-422f-9a92-13e8398d5467,,,
26893,6272e88b-d499-417d-b639-7a9c9fc2413d,,,[{'resourceId': 'b69c0391-a1c5-405b-b487-581765bbe210'}]
26894,27bfd70f-a649-4821-abe4-85b5939f1f9d,,,[{'resourceId': '6580d157-dd98-4816-8480-abeb4576eb37'}]
26895,d58bdd0d-c33e-4064-bcb6-bf7398522b8d,,,[{'resourceId': '8b0927c0-df75-46c1-a9e9-af53b193dbcc'}]
26896,eab98234-c74f-44df-ab94-f69583c38312,,,
26898,54532ae8-1344-4a51-9290-8799ab86a3f5,,,[{'resourceId': '587c4eba-42ce-42e6-989a-27a52fc399ff'}]
26899,58aacb05-d5f7-4201-9255-9a917b0153d5,,,[{'resourceId': '1e0273d9-6dae-481f-8d58-a4bf3977ab11'}]
26900,ba253956-9cac-4bf2-a7e6-aa1965ea27b8,,,[{'resourceId': '09c5d72c-395c-40f7-9933-02c0a0c2c8bb'}]
26901,ca4b5523-5045-4c73-9ba7-5171eb5aee04,,,[{'resourceId': 'ed5d11eb-3326-45b4-8b0b-357ef15985dd'}]
26902,84fc797f-1dda-4fbf-88b4-cd177918e36f,,,
26903,b6894bc6-99d1-42fe-a66d-2c4caf536f07,,,[{'resourceId': '56af9872-45b4-4ae6-84de-a12d1192fcea'}]
26905,8f1982fc-8183-4c04-a554-c60c17043f62,,,
26906,9fb6bf3d-019f-46d6-97dc-fc90bd79ec1d,,,[{'resourceId': '93084aea-1d36-4fa3-baee-6b8e2a0c2638'}]
26907,ce201cd2-bc14-4deb-9dc3-20fc62a9a5cc,,,[{'resourceId': '2ea6a83c-30df-4963-abc9-afb7be455879'}]
26908,21413903-afed-48f9-b502-37b290404ae7,,,
26911,d9dc2cc3-60bc-40c8-a01f-313acb6e758a,,,[{'resourceId': '1a21aeaa-6724-4d02-a148-a5962af0ec8e'}]
26912,726fd06b-cdb4-418b-85e5-83bcfd8768f8,,,[{'resourceId': '6c209b5c-d9fd-41ba-abb9-53bc4d3990f5'}]
26913,404c7028-0e84-4225-a702-7dd0cdb5a3c3,,,[{'resourceId': '91491346-4267-4761-83d4-a3fdda5effba'}]
26917,e3847d42-9961-43b0-aaf7-591ff43150a5,,,[{'resourceId': '36eab3a8-0726-4c46-bb31-03e504777cd6'}]
26918,37ea491f-b6d1-4599-9fb0-e5fed8d99e67,,,[{'resourceId': '4edc64f8-7d0f-42b5-a5e5-8bfff172879a'}]
26919,74161e02-c50a-4aeb-9997-173010172a42,,,[{'resourceId': 'be5e30db-79f1-4c24-a4c4-823be5eeade0'}]
26920,db526d80-e2af-4092-a023-0c7fe54c20c2,,,[{'resourceId': '277b6918-a2af-4269-b6e8-fdc007ea59bf'}]
26921,c798efe4-3bb7-41bb-aaaa-2e74a0aff4d3,,,[{'resourceId': '34136627-a0f0-4723-85a7-8c023257cff3'}]
26921,c798efe4-3bb7-41bb-aaaa-2e74a0aff4d3,,,[{'resourceId': '78ed124b-7d85-4a1c-85f3-a02777bade86'}]
26923,abbb8c3f-90e1-4abd-b12f-ba33bcaeee17,,,[{'resourceId': '81371b6a-28d7-49d9-87e1-c9b13cc5ca2e'}]
26926,ff536493-d4bb-4ce2-9c10-3ae4ff67cf10,,,
26927,3960b9d1-50ab-4953-a825-68a4c67b869a,,,
26928,6af0fee1-1468-4ca9-ad92-170eb7f98395,,,
26929,e3782edf-8eec-4f1c-8469-6850a8850875,,,
26930,89f4f63d-9c01-4f4b-8949-2d67f2c4db6a,,,
26931,a6346456-5508-4d06-910c-3b6f8e2790c3,,,
26932,44003406-be98-488a-9d00-8e9a47601fdd,,,
26933,40624921-776f-4011-a3cc-b462027c2bbe,,,[{'resourceId': '87ed8462-1e29-4edc-8e6b-6c29691e303e'}]
26934,93e53c2e-88f9-457c-872d-a3c9ad5f5138,,,
26936,e462bdcd-1639-482b-8c46-31644fd40f2c,,,
26938,65c679a8-a2fd-4f81-8875-f4459de11914,,,
26939,7e6031df-171c-4e8b-8b92-f3eb12c8e4f9,,,[{'resourceId': '1f67bd46-64ac-4173-993b-ee1fcca0677f'}]
26940,51b2c61a-f223-4569-9773-d4c0999c0d52,,,
26941,e37c6b57-08f3-4ae1-b2a5-c82f30c0f785,,,[{'resourceId': '544d4fbe-922d-422b-bfff-9e418a370380'}]
26942,5bc8351c-0d49-47b0-aaec-f75bda2345c9,,,
26943,a4570819-c005-4165-a8c9-b957f5f4c0f9,,,
26950,922921f0-9ec6-49e9-a497-a9f972656723,,,
26951,0e3c3b31-5c20-49cc-adb1-f4e261b4f968,,,[{'resourceId': 'e2d88dc5-9d77-4bf1-99bf-3813288bce9c'}]
26952,fcfc39d7-d12d-4d00-9a9d-3b4e19dbb470,,,
26953,1da84ebc-f0bc-4308-8aaf-6a40f8db572f,,,
26954,1f46e8ca-0a97-4d3a-9580-df0a3ea8ea3f,,,[{'resourceId': '2650e771-a952-4cf4-8626-e852df52573a'}]
26955,0a1cb077-37c7-4f06-97b9-e9625ef0267f,,,[{'resourceId': '203305d9-0395-42ff-9408-8086e4e303df'}]
26956,f6c69710-ff69-4182-938b-f7c0cefd50a8,,,
26957,ddbfab62-acca-4463-8c50-2b481f3e9b9a,,,[{'resourceId': '2252df2d-25ff-46cf-a531-ff90e9d4cdf6'}]
26958,203b7c72-f843-450d-990a-7122da36a4b9,,,
26960,a3574cda-b489-478a-9e19-5222bcaf6879,,,
26962,81265ffa-7088-4bdb-852c-38752e911bfc,,,
26963,cf893db0-64d8-414b-aaab-e8d260e862f6,,,
26964,e30f7523-8eef-4347-b2b3-017f32f1554d,,,
26966,168fa587-28cf-4219-abfd-59e881fd6826,,,
26968,345baf4b-1227-4272-87fd-6d95159632f9,,,
26969,6d4308b6-d169-46f1-b39f-7a1a1c607a0b,,,
26970,f4f07ab9-8aa3-431d-91d0-cc4ed0d279b3,,,
26971,96f1fadf-a9a7-4b91-90a2-df2acca91ce2,,,
26972,76526298-efed-4077-9987-884b2e554876,,,
26974,62c93477-8506-4d8f-8fe8-5ca51a24d6bd,,,[{'resourceId': '5e35a727-b63e-4b2b-b893-100102ea567d'}]
26975,8734c074-ac62-4907-a07b-25fe8a07e0a4,,,[{'resourceId': 'd4706a38-ccf8-4c58-8cca-87e657e5803a'}]
26976,adbb1e94-f87d-4cba-83c2-5a01af2d17db,,,
26978,2af9eb7d-c32a-4508-a6e7-5e358c6f51fc,,,[{'resourceId': 'a6a0b539-d603-45eb-b4f6-6a6fe9896210'}]
26979,39125ac1-b7e8-4198-993f-7c739d1a5fca,,,[{'resourceId': '00b311e8-e95f-4b79-8cb2-3c6a7747166b'}]
26980,06ef0d6b-34a2-407b-8342-afcc36d5d3e4,,,[{'resourceId': '0e2952cf-6c1f-49a1-92b9-487298f9fca5'}]
26981,50ad4701-21d6-47d7-8ff0-3b4e7e445572,,,[{'resourceId': 'e1a2a4ca-98dd-4dad-90e4-d2c692656f33'}]
26982,f100928e-1598-4a8a-8b23-a082a549ff7b,,,
26984,b41730c4-d4a1-45ea-835c-d5d07f806bc5,,,[{'resourceId': '821fae3c-851e-11ec-a8a3-0242ac120002'}]
26985,bf873991-6e0e-4876-991d-4e8cb4c9ba45,,,
26986,5477cd67-704d-415d-b816-1c46d5b5d65d,,,[{'resourceId': '1d5b7a8c-eb97-44df-b6b9-fc323816b39e'}]
26987,6a30f6a9-5e2d-4b73-b3c5-34d42ea8e61b,,,
26988,7b31859e-7993-4313-92a3-e91829b94c59,,,[{'resourceId': '176e8e6c-da76-4790-9ec6-42ca791fca7d'}]
26989,15d256a3-f6e7-4bde-883d-8536d89d2aad,,,[{'resourceId': 'b6c55f17-a491-4d9e-a713-37b65a9cc9b0'}]
26990,73ff76ec-f49f-459b-a78e-1eaa99e6e3eb,,,[{'resourceId': '090921cb-9f19-49c7-abaf-e5345bfed9de'}]
26991,2f1d2d93-62bb-455d-838a-e213f7db037f,,,[{'resourceId': '8f2c7a10-631f-4416-8c04-ae939170a7e6'}]
26992,38067c59-c77a-420b-a631-1c9e121678db,,,
26993,e0f9a55a-8b51-4f30-8000-a08ab452a3c2,,,[{'resourceId': '759150d2-2a1a-4eed-90eb-838b8c19cab3'}]
26994,21589937-5bb9-40e1-a36a-73732aff1cc9,,,[{'resourceId': '4538b7f1-1a6c-4914-a6b1-fb6b3b67acf9'}]
26995,31280d91-96c0-4946-b5b7-894e0444523c,,,
26996,34516add-5fdf-467b-978b-56c2fe01b7a7,,,
26997,818e5f12-91ec-4c41-a773-231ad6cdbbe2,,,[{'resourceId': '2eaa9f40-7838-43ae-bb6a-6fb2d208c39c'}]
26998,f0cd3bdb-e046-438a-b11c-f8207c9e2b8f,,,
27000,1ac145f4-f6bf-4643-a40b-08c06b7ce620,,,[{'resourceId': 'b67a3810-307b-4c18-8027-79b9b15d72c9'}]
27002,da74d7cc-0ce5-4f2b-8795-df3785944d71,,,[{'resourceId': 'a3574cda-b489-478a-9e19-5222bcaf6879'}]
27003,6c3ea8db-c7e8-421a-aa8b-22d9ae8101a5,,,
27005,c941f112-dc1a-4d00-972e-1b6c8be70921,,,[{'resourceId': '2f0dbadb-ab14-40a7-b485-780289d13e69'}]
27006,4d0b218a-45ca-4577-bb2c-50af21ff5846,,,[{'resourceId': '21b55bf5-37c1-4390-8d08-516b41cba8e1'}]
27006,4d0b218a-45ca-4577-bb2c-50af21ff5846,,,[{'resourceId': 'aef2dfb3-30a3-4bbe-9af0-29f6809e63bb'}]
27007,2b07582d-cc01-440d-8ae0-b8297d09cf53,,,[{'resourceId': '819bc9a8-d9ae-499b-bc34-206258cf5da0'}]
27008,5f7d04d9-8805-45e7-8f54-bfbc76f39a07,,,[{'resourceId': 'af561a6e-a888-4315-a43f-361bc58fd442'}]
27010,1ae50cb5-d395-4dc0-ae72-c241e0f3716d,,,
27011,1a50ff0a-f298-4eb6-9359-a027176e6af7,,,[{'resourceId': 'b54d5c26-2891-4467-babf-d11e7c8aec2e'}]
27012,d6c94ded-004e-420c-8352-b7634b4f69f1,,,
27013,326a2007-0c22-4b62-a839-c7fe4e895637,,,[{'resourceId': '1f260244-be4b-47f6-9ec8-3e6286ea0eb2'}]
27014,088d5f0f-f7e1-4844-b3bd-a4aa5b7c94a8,,,
27015,430cbf16-e234-4fe0-b7bf-ad0dc71983bb,,,
27016,23bb54b4-bdbb-4a5b-84d0-bb56c5c83be7,,,[{'resourceId': '72827f05-1992-4e4a-b3f4-af82d5e293a3'}]
27017,0fdf54bc-4e55-4675-893e-5e02e8951917,,,
27020,5b3b2c51-81b6-4e0d-b916-44f3efdda77c,,,[{'resourceId': 'd0ac0c3b-809b-4d46-9b3e-7578b33ef04c'}]
27022,67127697-d25e-4871-9162-ea26c05bff36,,,
27023,82e6f2ae-e413-47ba-a0ed-f88dff608d24,,,
27025,4939339d-aeda-4ed0-a380-e5db3cb6cab5,,,[{'resourceId': 'e56c56a3-d18f-4fb5-a9f5-1d68302ef1d5'}]
27026,96c5abe7-134b-4d73-bae6-0864a8c7b291,,,[{'resourceId': 'cf6aeb35-0ca5-46a8-83e9-9ac88081f886'}]
27027,2de41ef7-b26e-49a9-bd54-59a9001cc6a5,,,
27028,50c23ad8-76fe-41c4-a08a-3402a953abce,,,
27029,ac48bf12-002d-41cd-9440-a33ebf64cd58,,,[{'resourceId': 'f4028ea7-fdf5-43f8-a05d-a653cd24632f'}]
27032,4a77c1e3-f937-4246-816f-e181324039cf,,,[{'resourceId': '01f9f4d0-9504-4588-bfac-0a0ca2c1f930'}]
27033,e60e5dda-d553-49c6-8308-e94f2691ea2b,,,[{'resourceId': '62d90e35-5117-49b4-b9e1-bcf4f40adb78'}]
27033,e60e5dda-d553-49c6-8308-e94f2691ea2b,,,[{'resourceId': 'ba915572-738c-479a-a475-72d94e5081a3'}]
27034,e0b95dd4-9539-43e7-9404-4376c301b946,,,
27035,730266de-1296-430a-abfd-c81fef0df26a,,,[{'resourceId': '3b5aa832-82d2-4ba7-acdf-1aa178234e24'}]
27036,341c83d2-cbeb-480b-9110-250be39d2f64,,,[{'resourceId': 'bcb79a1a-c2e8-42f1-9f5a-38a143a67307'}]
27037,bf7e6a21-5e0d-4e1d-b024-987d5c00887b,,,
27038,ca8a5951-f88a-48a1-bcee-2c18ccc5e22b,,,
27039,8e382e7e-aeda-4073-ab5d-df918cf33d15,,,[{'resourceId': '66e2e0de-0b1b-45d8-af0c-d450f99c495c'}]
27040,5298bd94-1ed2-4529-a830-ddd614a7b09c,,,[{'resourceId': '76071666-ad8f-4495-829a-266391a183af'}]
27041,130adbb5-cab1-423b-bb1f-a1e5ed8611c4,,,[{'resourceId': '873572d9-bb1d-4fb5-b46e-6782dec2f028'}]
27042,221cab15-48d5-48ac-820b-9df8823ff2bc,,,[{'resourceId': 'ba6281f4-add5-416f-b3ed-b4cf4c2baccd'}]
27043,421f3ad3-d1cd-461b-9521-2d429b39f26b,,,[{'resourceId': '5d7046eb-73ee-4d1c-8028-e73298000b60'}]
27044,513a242f-21b2-468c-ac9c-f686a0b64fae,,,
27046,fcb532da-9130-4f94-b1f8-8289013a91dd,,,[{'resourceId': 'e3fb80ec-5bb7-439f-8233-2604017d5796'}]
27047,c95c0435-f413-4a53-81c2-678c086ca200,,,[{'resourceId': 'afd42ada-3b20-4d8e-85ad-f64363d283ed'}]
27049,c3d838c2-6ff5-40fa-8c69-ab054afc940e,,,[{'resourceId': '0a79917d-96f1-4343-a847-9716ea004002'}]
27051,58656274-3895-4554-b550-0968962a47da,,,
27052,1bfe87a9-b09c-4c47-bdf2-1f5cf4823ab6,,,
27053,b2be85df-2046-4343-902f-e2a0817bd0b3,,,[{'resourceId': '36b0a184-44c4-4a40-9eed-201e48719dc5'}]
27054,2257b16c-02df-4dbf-93ee-5066369289ea,,,
27055,5ecdef7e-0e44-4c0d-92e0-d25fdd0ffded,,,
27056,b2400f7f-06f2-4a79-b6d2-d6c271cbbdfc,,,
27057,bf9cd1e8-b25a-4a4e-b61b-c0496e876e63,,,[{'resourceId': '1e431fa2-48c8-4459-9c45-e94a324e8d99'}]
27058,7015bddd-2b2a-4934-bf6a-d6fec945e63a,,,
27059,82217da9-1e05-4175-805c-f7ead54c5343,,,
27060,096a1592-db4e-439e-acb2-79ac57d1bf18,,,
27061,7e5110cc-60a3-4acd-80b0-9434a7f4e710,,,
27062,aed0824f-b651-4c7a-84a1-3ff89263567c,,,[{'resourceId': 'df61fdab-f9d9-47d1-bf18-cdd0bddeb9ea'}]
27063,6ad3c227-8198-42d3-97e9-9b4d40f8f339,,,
27064,53c78d5c-20f2-4d94-9761-577fdb922766,,,
27065,9752dc81-fb30-4b88-88da-100f27aa3841,,,[{'resourceId': '4d108f32-556f-4c15-96eb-f26c300a1b6e'}]
27066,4c2b542c-dc30-4fac-8fe8-8e57c80238d8,,,[{'resourceId': 'f6303821-fb51-409c-acbf-906744834256'}]
27067,ec3d4808-9481-4e3c-a310-1bb384baf0b7,,,
27068,8aeb5ce1-1a0d-46ff-ab5f-a645b5664beb,,,[{'resourceId': 'e9859f6c-d743-4ac5-980a-06334a82f01b'}]
27069,932cec53-9ed6-426b-8e1c-72e92cd191c3,,,[{'resourceId': '2c61b6fe-0011-4a7f-b978-9d952becf75d'}]
27070,3654113e-22c6-4e3c-89d4-b2fdb984363c,,,
27071,d5de668a-abb6-4714-a6ff-d276172ac5d2,,,
27072,651335e1-7273-4777-bd48-e6f26aceaf9f,,,[{'resourceId': '15f40207-22de-48ff-a0d6-d67c40c919dd'}]
27073,d506a949-b5da-49a5-b174-6918462ab5cb,,,
27076,fa175bf7-d224-4041-a15d-19279c9f7618,,,
27077,a6bab5fa-424a-40c8-8cad-65ee15b2a52e,,,[{'resourceId': '0d440f7b-6c29-4396-8616-5568706e28b6'}]
27078,348a1839-208a-4a6b-a8ef-11d063647e89,,,
27080,35a65900-52b4-4f0d-9a58-274363e770d0,,,
27081,4491023f-2c88-4016-9247-bb3a3f92a382,,,[{'resourceId': '288b8d88-222a-4b81-b52d-3c19fe528a5f'}]
27082,d2192e5c-0d97-402d-ac49-1abf7fdb289d,,,
27083,127017c9-86cf-4532-b129-a4190975ccec,,,
27084,851ca954-033b-4f39-9e02-9381343aa408,,,
27085,1832ea8f-e702-46f6-b2a8-55bd94de9796,,,
27087,be5e30db-79f1-4c24-a4c4-823be5eeade0,,,
27088,006decc0-de0a-4b8c-9e74-3d9bfa470a84,,,[{'resourceId': 'e569afac-09df-4fdb-ace6-e27685a763d6'}]
27089,a281204c-e742-4477-b753-f741fb77b061,,,
27090,4ea67339-127e-42ef-a84f-d388bffbf988,,,
27091,c2643bc5-b14e-4f64-b5c2-44b799807490,,,
27093,ca9005ab-2624-463a-842a-41f2d1bfd66e,,,[{'resourceId': 'faf81905-e9d0-40c2-a934-e7822dcbd7ce'}]
27094,98b054ae-2251-4787-8c0e-1f5523eeef9a,,,
27095,8cb2033d-ce3d-4de2-84fc-6356d7af69e0,,,
27097,acac5afe-b701-4499-ba37-94a8fbd07e07,,,
27098,17db3ae3-369d-4654-a661-e5bdf23657fe,,,
27099,e190e766-4942-40bc-b4df-f3629c1afaa0,,,[{'resourceId': 'c1df1b4e-7a3f-49e6-a7ab-dbc0e3b25e70'}]
27102,c3a0b4be-5008-46fb-9055-5e4a903d6500,,,
27103,8304ef71-0f4e-41bc-88f6-cbf098d07f4f,,,
27104,52ecb231-73f2-472e-a4c8-eac41fea3ad7,,,[{'resourceId': '8ea5a407-7f0d-40f5-b0b4-70eab47a20f8'}]
27105,835406f2-5d56-4612-b295-3244a1ce22ff,,,
27106,14f1a64e-c720-4cd3-83e5-3e9f7f8b4f36,,,
27107,ec6ee617-8809-41e1-bbfe-0bb391bcdb2d,,,
27108,3297cf99-d8ef-47ab-8035-345986c037e2,,,[{'resourceId': 'f539e1a2-9339-4db6-ba08-af52d15d3849'}]
27110,111d6f1f-8903-4103-bea2-fa33c50571ca,,,[{'resourceId': '5f679b39-4488-4f03-b444-2889e0c64151'}]
27111,b5f8022d-5996-4f6d-b3ea-76a6bd11b8d6,,,[{'resourceId': 'ea92addd-5e64-4ddc-b864-df518710b89f'}]
27112,b5312eb6-0226-4521-9a1a-9d45a2300183,,,
27113,f9032f02-4383-464b-83e6-25c8cee95435,,,
27116,8d023d65-1b31-47f1-90aa-186d74becdd4,,,
27117,44b67f2c-0d00-4cbf-86e2-89bb92109981,,,[{'resourceId': '1ad84d0b-1bec-47a7-a7e5-e0156d1ace25'}]
27118,374c64fc-62a5-4a2b-a666-e2ffee7644c7,,,
27119,504bafbc-f0c9-4687-8752-4420650799e0,,,[{'resourceId': '89e39e7d-c1e0-467c-80a4-9110d5fe5f77'}]
27124,c63a300a-03fa-469d-94b9-c8a8ebdf8f7a,,,
27125,33d8cd38-8963-44e2-9295-39f5d12deb9a,,,
27126,9f6ef23f-2e1d-4fc8-8e50-e0ec83b169b1,,,[{'resourceId': 'b7524753-1954-463a-92f5-f14c12373fd4'}]
27127,46e1f3df-4f5a-40ad-ad02-04321471dd43,,,
27128,33a15c9c-356d-4349-ad74-bb1242ff94c1,,,[{'resourceId': 'a4a49761-ccc9-489e-8e6b-355301e179f0'}]
27132,1bdd7efa-9bd4-453a-ae61-56143b0f67f0,,,
27133,fb1ec62c-6e0f-438a-ba8c-12c6887d89eb,,,[{'resourceId': '125b4b54-286e-4c56-841d-97766fb76d94'}]
27134,649cd758-35ea-4e10-ad4d-a85171bf2201,,,
27135,deecfc93-0e85-443e-8092-78bf9d4e52c4,,,
27136,5042282b-609d-463f-b69f-8d05f1f5a347,,,
27137,155fa4a7-bc98-48ad-ad29-f7e6af915643,,,[{'resourceId': 'cbe4c6e0-431c-471a-a794-42b06304c699'}]
27138,746f1b18-56aa-4644-a36d-a2ed1a9ae1d9,,,
27139,c838f160-7bc6-4bee-a88c-f0d0e3d6cb04,,,
27141,cf7a1211-6b3f-48e8-9117-6b8703ce39ec,,,
27142,f7bab223-3738-49f5-a8f0-22580ab24f80,,,[{'resourceId': 'be5e30db-79f1-4c24-a4c4-823be5eeade0'}]
27143,24bf1f3f-2e17-42d3-87f2-80a622333e25,,,[{'resourceId': 'd3d6b469-0113-4a07-8206-57336d29fb4b'}]
27144,eb019b32-63fa-44da-84fb-98f47dfccf2a,,,[{'resourceId': '1e6157db-0967-4eca-875c-9104664720d5'}]
27145,43f673df-b0ab-4265-8ac4-f829d85fc37b,,,[{'resourceId': '227a17dd-bb02-4dd3-8e9e-dd8b4b12d169'}]
27146,51f09dd4-ce62-405d-82cb-9e50e66eef13,,,
27147,c8919f5e-225d-4cab-aa57-f6e62b43b20f,,,
27148,a23a7e1b-6329-4ea8-a437-1545d303a57c,,,[{'resourceId': '6fb85b25-3a49-45ce-9bb5-4bbb5cb39428'}]
27149,0f0a3204-b593-4770-aaac-30796602021b,,,[{'resourceId': 'e0d4af85-a33a-4ecb-8ae2-0c0a4893904b'}]
27150,386fa73b-0720-4b59-bf56-9da742013736,,,
27151,ef251394-e6a3-4d12-b554-6487fe7b6c26,,,
27152,c7bebd3e-a711-40b0-92fa-6637bb2963f1,,,
27153,16a52c30-1d2e-48cf-b197-1ed7c5b273d4,,,[{'resourceId': 'dd6ed8d5-6a0f-421c-a030-a6f50ed03848'}]
27154,ff5ec69b-d0e8-40d4-8c78-d45fab77f548,,,[{'resourceId': '01177625-2cab-4c96-ad45-d60ef647b60e'}]
27156,48e667e6-75a1-4c13-8147-a32cd8f777cc,,,
27157,d06b7b12-14cd-476c-abad-977e3df65348,,,
27158,9d5b53e7-1ea9-4020-8fbb-c3c5e8d70896,,,[{'resourceId': '65da6e67-a634-49d5-ab58-d85fedd86a3f'}]
27159,05f3103e-5e47-42bf-9591-020dc2bf92d8,,,
27160,80a00574-8f95-4f09-bb81-db3c9d68a68d,,,
27161,1fcbcbda-b268-4d2f-9505-344f3ee8e070,,,
27163,73ad4b1a-68aa-4107-a5e6-77dd591b46e6,,,[{'resourceId': '20c7562e-ddc6-4d4d-902a-f3e038b6d85e'}]
27165,fd01e695-a7cb-4c43-a6ca-69d2248fb281,,,[{'resourceId': '205cc25a-d2ed-443a-8769-8a68e40dd9e6'}]
27167,90bc95a5-1bee-4966-9609-ff7339c6d64e,,,[{'resourceId': '26994456-a100-4ac3-b123-eb52485f8926'}]
27169,f62f42e2-27bb-4cce-a884-9909a63edab4,,,
27170,b189627c-a87c-4dc9-94bd-05a94e1530fa,,,[{'resourceId': '36b0a184-44c4-4a40-9eed-201e48719dc5'}]
27172,cf4bc725-3e91-449b-875c-422f982c0d02,,,[{'resourceId': '1d1c9161-33c8-470c-921c-57d302c4cf0e'}]
27173,29026f08-67fd-4330-b493-8df06a289cef,,,
27174,e893306b-4d9d-49c2-a57a-42b70e351f2a,,,[{'resourceId': '67281cb7-6ee5-47e5-ac80-e9515460eeae'}]
27177,0edf1c74-07f1-4582-84e3-e44cff1286d8,,,[{'resourceId': '9b79babc-7952-443c-86c2-ad36a0f7d3e6'}]
27177,0edf1c74-07f1-4582-84e3-e44cff1286d8,,,[{'resourceId': '840d5292-c671-46e2-931d-0edd0e83e2d8'}]
27178,1ccbcd86-51cb-4312-b781-689e5e583384,,,
27179,06650946-6741-41cc-8468-a6322f0f50b3,,,[{'resourceId': '5db2fb28-133c-48e9-85c9-3179628128b2'}]
27180,ee350086-ac50-41b0-b70b-f867d82588b4,,,
27181,e23103eb-f898-45c8-bebc-b15f4b90377f,,,[{'resourceId': 'aff14930-1685-445c-8732-c853aed3fdca'}]
27184,50409aa3-819c-4309-868f-4ecf7fe484d6,,,[{'resourceId': '4bf364b0-d153-44db-8d15-438ca74c42b3'}]
27186,c2780d3e-d9a1-4029-b28d-c257399c8c0a,,,
27187,f1ab296b-1f6c-4ccf-a864-e306d3876c9d,,,
27188,60e75720-7435-4094-b211-240d1a200659,,,
27190,a37bade3-85e4-4691-9820-f9238b5fd803,,,
27191,67ce63af-5424-4ee0-8564-a5a0dddd0b28,,,[{'resourceId': '8b0d8661-8b83-4476-92bc-d08811109275'}]
27192,04f36446-0db4-4f42-842d-ab593befa624,,,
27193,c33e911d-38d2-4f36-9f68-b743bdedd03c,,,
27194,f8667c72-6b96-4453-bada-d91dbbc05136,,,
27196,e3b086fe-fcd8-4190-8322-7ea59064263a,,,
27197,f87486c3-49a4-4e2d-a81f-926811d914b2,,,
27198,64d83011-707d-43d4-88a1-28516cca1772,,,
27199,a41df612-32f0-489e-84a9-c83c7a9e18a0,,,[{'resourceId': 'c5336f88-1067-4c25-90d2-6547c6544f03'}]
27200,16ff986c-ea5e-489b-b2b0-ad0fa12ebaef,,,[{'resourceId': 'd2da14cf-eeb4-4d08-8cdb-43fb6abafe4b'}]
27201,9065e5cc-9970-4e4b-97ed-276917ef01fe,,,
27204,810a00c6-3dd7-4672-8037-ff3194288b90,,,
27205,0683ca1c-6ba8-44cd-9787-6985d7cf4cdc,,,
27206,f4e75d04-cf77-47bc-b367-84e6c3fe12ad,,,
27207,7cce933d-9d88-4bf1-9db8-c947e88a5a10,,,
27208,18fd838c-d53b-4804-8d53-b67e3af1cbef,,,[{'resourceId': '8e259a3a-41c4-4488-bef9-73faba563294'}]
27209,34242fc2-433f-4708-b762-c61564b2d160,,,
27210,2b917078-b7cb-4ea5-8221-12bd99c8fd87,,,[{'resourceId': 'daf23cc4-5d27-44b7-b647-f04804666471'}]
27211,57d42c58-5b27-4722-80e5-a3d5f3035b07,,,[{'resourceId': '49a72f50-252b-4937-a9ed-466777811294'}]
27212,30f832e6-e689-4243-850a-1a6929287a4f,,,
27214,69ffc6a7-e7cc-4642-a251-ed482162947c,,,[{'resourceId': 'e03199b2-bdc2-4863-8194-5ef088cc6ac6'}]
27216,577568c2-352d-4f91-97d4-61920ea23fe5,,,
27218,28fe4ad8-acb2-4a8b-9c93-1a5f39042798,,,
27221,0372aeaf-d366-4419-b2b8-fccc3d151ebb,,,
27222,e8c41eb9-0166-4b03-84c5-4c3d8d03decf,,,
27223,e17026f2-1359-4d37-82f6-8c99646c5832,,,[{'resourceId': '45321831-194a-413d-bd77-ee81c69e6974'}]
27225,b220995e-4c83-4cd3-8025-53a0a0051a9a,,,
27226,b6735db8-0f10-48b8-a37d-0fb98ad83b8a,,,
27227,8eb5cdc7-b6e0-467f-a13a-8cb04cfdb060,,,
27230,7ba80953-5f54-4b73-8c59-dad884984048,,,
27231,e9b296a7-4186-4abd-b51d-39b898888d3c,,,
27232,dbef2860-bb86-4e5e-9872-3c76e86e2d5a,,,
27233,b7ba39e8-dcc0-4ba1-b675-441b2d80b897,,,[{'resourceId': '3cc44bf6-7d05-454f-b437-8f13a1a9508c'}]
27233,b7ba39e8-dcc0-4ba1-b675-441b2d80b897,,,[{'resourceId': 'cedd0e2b-66e1-426d-9d5c-e28756f84286'}]
27234,135e0f3b-d20a-4e67-b428-d913e681e92b,,,
27236,c7659461-4754-4732-8778-b15342d2b858,,,[{'resourceId': '1047167a-6965-44ef-958a-7fd180c06444'}]
27237,e0a91693-b757-478b-9cba-ece796fea89b,,,
27238,904cfecf-908f-4d02-966b-afaf65754c71,,,[{'resourceId': 'd497e75b-2712-46a6-a0cb-63327bc7753a'}]
27239,993f37f8-8101-461d-aeb6-611655c9b83f,,,[{'resourceId': 'b5caa1e6-51f3-496d-9247-a7094d7c4683'}]
27240,0af3ba1c-5df3-4dae-9598-d4c80620a351,,,
27241,eec08861-a111-4ce7-9b09-4c7e659b428d,,,[{'resourceId': '30342f64-a7ef-4e9e-b745-531422ac95ec'}]
27242,425d5003-93a5-4d7d-8a44-da5e97702434,,,[{'resourceId': '0c9f67e9-7c82-4de9-9c42-2e713e15257e'}]
27243,4f95572d-e277-4eb1-83a4-9714b95e4696,,,
27244,9af985b5-c56b-481b-9250-7c6d4602abef,,,
27245,ae2c9dcd-1b4c-4eb0-8251-62c05614d4cd,,,[{'resourceId': '3d2a5428-f2a8-401c-a6c2-34c3b7f5a917'}]
27246,65f56ad4-14e3-4bae-a91a-7e8eafe4bd73,,,
27247,de54aed6-73ea-475e-bb2a-359f257a6d25,,,
27248,c7ea3771-d872-47b1-b8c1-ce168e8f0303,,,
27249,47ea5ff8-ee8c-43a2-ab20-3120ce7db3fc,,,
27250,dc3d1191-462d-4ede-87cc-ebc74785fc7b,,,
27251,810fcc2a-87b6-40ad-a946-29c225e8623f,,,[{'resourceId': '2275b893-fd64-4968-b714-a4fdf8328639'}]
27252,f42e60cd-53d3-4243-b699-003b5ecad841,,,[{'resourceId': '1fe8f67c-0e4c-4a4a-99b4-dd74734815f1'}]
27253,d315634f-a997-4685-bb90-15cdaa78c70e,,,
27254,9158caf2-29e0-4a36-b81d-fa7030061a34,,,[{'resourceId': '8bd09f68-a751-4664-852a-c621a1dbd311'}]
27255,d4a8d09b-dd07-4c73-9cb1-6316595dbafb,,,[{'resourceId': 'a4449ff2-328d-4b59-8f76-e8c049a7872d'}]
27256,8f7eaa30-afab-4cd0-80db-d4d17d9e3c86,,,
27260,d0a31e98-c5ac-4457-a5db-c699e71149d7,,,
27261,9f70bca2-3549-4a20-a07c-188b4b4f22ff,,,[{'resourceId': 'acd29bf5-7ddf-4d0a-97b3-91e57760dbad'}]
27262,6e6f0bb9-3405-4c90-8c01-de3c6a082d55,,,[{'resourceId': 'd24f3821-ca07-4379-a549-d9050b111b7a'}]
27263,1deacfae-47cf-45ff-92f1-527eab8562b7,,,[{'resourceId': 'ea83cac6-9fe3-43de-84fc-f07c56e67f1c'}]
27264,f3d7ce48-6c86-40cd-b254-1171813ca6ca,,,[{'resourceId': '0f4bd09b-70a1-4de8-b0bf-a2b76c5abbae'}]
27264,f3d7ce48-6c86-40cd-b254-1171813ca6ca,,,[{'resourceId': 'd332672c-6567-4124-bb7c-20f70f74ebf3'}]
27266,41fb5c44-cef8-43f6-ae05-9aeb8baa2149,,,
27267,cd4b477e-e74a-47a1-a4cf-0e0ad8a1391b,,,
27268,e9ee25d1-60c1-4ab7-8739-6e38da189e9d,,,
27269,f07c69c9-a676-4707-9db7-46ad11e473be,,,
27270,65644c7d-1ad3-4f75-86fa-d5a42050efd3,,,[{'resourceId': '43900e47-24dc-4b8d-826d-905666550473'}]
27271,69cd7319-7a91-4be0-bc46-60c726e6cdee,,,[{'resourceId': 'd10871d9-1396-4087-973f-75827cd70e00'}]
27271,69cd7319-7a91-4be0-bc46-60c726e6cdee,,,[{'resourceId': 'c4f0e934-3e12-4154-a05a-78b6b6d5d5bd'}]
27272,37820e40-e945-4c01-9a62-3c821b91e0de,,,
27273,cf16e57c-b994-41b1-b3b4-3c8fa5c47cc4,,,[{'resourceId': '38223ba6-c8fc-4bd1-8609-746406d62ed7'}]
27274,3cb156b5-c547-4678-a869-d6eac9574ed9,,,
27275,683e25ce-7efc-4d4f-aa64-4ce60aee76b7,,,
27276,9c09d7e9-e7a5-41db-882d-b19280feb04f,,,[{'resourceId': '0ef9aeb9-31c4-48e2-bfc1-1dc297b7946b'}]
27277,1ecbaf31-57d4-4a3f-8491-d0c40db43976,,,
27279,6f15ce26-35e3-41ac-8723-a343113c05fc,,,
27281,6b56d9eb-97c0-4701-afbe-b707d185cbb5,,,
27282,fd5684d4-2757-4a76-9d17-477ccaf4fd6d,,,
27283,545f3f13-cae8-439e-8b9f-5016472dedd5,,,[{'resourceId': '3d24fa45-9772-4d0b-b602-f62d5de2ab71'}]
27284,39064e83-b7cd-4acc-9ed7-de4438a002b1,,,[{'resourceId': 'cc8fad6b-e26b-450b-b80c-e1561558f6cd'}]
27285,de45c813-0f0b-45e2-bf64-15aed8ff2328,,,
27286,2bf0a00a-adba-44e4-b51f-0ea609b4a018,,,[{'resourceId': '45d311dd-2881-421a-bcc9-1a5d0835a0a9'}]
27287,36845b15-8b3b-4858-949d-bfd64536e111,,,[{'resourceId': '10ab5951-fcae-4177-83e6-f6e05ebf4917'}]
27289,a13274b7-0162-45b0-bf80-944bdd3bd7d7,,,
27290,c7a2b2de-0ba9-4c34-98b6-f528dc4ac095,,,[{'resourceId': '146029b0-6af4-4868-babc-4152c75b3e7d'}]
27291,e86c8c77-0a7b-4347-ba91-1a254237685a,,,[{'resourceId': 'c23b1a39-fc86-48f3-8a5b-27904b53adf4'}]
27292,7e7d18bb-c38c-42bf-8937-57752e8e0639,,,
27293,57be1222-2622-446c-9226-27a3215bd545,,,[{'resourceId': '93084aea-1d36-4fa3-baee-6b8e2a0c2638'}]
27294,7140a62c-c85b-4033-8200-4a99984c0b32,,,[{'resourceId': 'b2065d3e-cb6d-498f-bc88-8003f84478a4'}]
27295,2fc96b5e-4b46-4084-94b9-238ab981736a,,,[{'resourceId': '50eebbe1-9dd1-42fc-944a-852c097e89d4'}]
27295,2fc96b5e-4b46-4084-94b9-238ab981736a,,,[{'resourceId': '65024bea-0a14-4a88-a8f0-7e4c753f45c2'}]
27296,16dcd057-1219-4211-a33c-6e02b5033253,,,
27297,39dea309-d74a-4567-b51c-7413ba5d2c52,,,[{'resourceId': '18d9c4bc-6a11-443a-8495-4c3eb15cd3af'}]
27298,e4f971e9-cbdf-43fd-bf69-851b8ab50e67,,,
27300,c0f44ae7-1422-4531-8380-51965c71e3b8,,,[{'resourceId': '2cb350a2-79a1-425a-80f3-688c936f946a'}]
27301,2dced4ef-b7a2-477b-8feb-af89be26841e,,,[{'resourceId': '61955972-32c2-45d3-ab16-0fcd905a2112'}]
27302,c676edb2-9311-4502-b653-7edf2b6aef39,,,
27304,8bfe8ad0-74e2-4d60-9ed3-b91589e70aea,,,
27305,40967b40-1154-490f-a514-620b506c5f50,,,[{'resourceId': '71b5719c-5a33-47e7-abff-2788012b3842'}]
27307,bebe0be2-f82c-4ea0-adb0-03bd8d2c0b73,,,[{'resourceId': 'bdbb892f-cb18-46aa-a2bb-65a23820af35'}]
27308,4767e885-9dfe-4a65-8d4a-bef80d8034c2,,,
27309,a65334ab-e796-4770-a616-1bb565334b76,,,
27310,db9f0034-f7b7-44eb-8260-ef06132f02f7,,,
27312,9228df88-fe71-43f3-a439-952bb62e7025,,,
27313,27376fc0-a513-4fe0-893d-4f97a4dba804,,,
27314,385f7e1a-2fd1-44e2-bc12-32f337cd1635,,,
27315,aa64569c-18b5-4bce-a6f1-22167c61a2dc,,,
27316,6453a3de-1667-4963-91e7-65eb99ced5f2,,,
27317,dede8f3e-d583-4977-a63b-3cf83cdd21f7,,,[{'resourceId': 'ac05e6b6-0bbe-443e-aa82-0430d031ed14'}]
27317,dede8f3e-d583-4977-a63b-3cf83cdd21f7,,,[{'resourceId': 'eb850ba1-0f3a-4844-88bd-e4947100116d'}]
27319,7f5a7fae-5849-46c2-b567-54622509b12d,,,
27321,4f95cb5f-d30d-4818-8d0b-33ab70b7b051,,,[{'resourceId': '4eab9495-bb8b-4800-a0a2-b7940de91454'}]
27322,8bf98e7f-8b07-49f5-a1ab-146cea6dfe52,,,
27323,c9176a03-aa4c-4695-a5ee-24d57d8b3e94,,,
27324,73464b5a-ac30-4375-8393-529847da0698,,,
27325,8e3c3127-d250-4daa-9c53-59c92c77ff78,,,
27326,a5585eca-76fd-4004-9140-13451f95c179,,,
27327,7275430f-a389-4975-930d-509cf9ebcec1,,,
27328,938d5607-fbb3-4388-ad5a-4e6c5e1f86a4,,,
27329,7039060b-ae58-4c7c-b532-aa7cdca93831,,,
27332,eccf33bd-a400-497d-a6d8-904866c3ae7e,,,[{'resourceId': 'aed0824f-b651-4c7a-84a1-3ff89263567c'}]
27332,eccf33bd-a400-497d-a6d8-904866c3ae7e,,,[{'resourceId': 'ed79213d-ec93-4d95-aae0-2580eac3c501'}]
27334,ab21c6d7-6e46-4969-b45e-dfbbc0939c8e,,,
27335,f0478d6a-6a4b-4991-9065-20e13733318a,,,[{'resourceId': '4ad2980d-b466-4d25-81fd-f4d385060ee4'}]
27336,6dc7a02f-2766-44e0-b96a-9ca70b5673fb,,,[{'resourceId': '6612d1e5-6557-4338-b55e-0078101d1d9c'}]
27337,ef2df570-e1f1-4d6c-98c6-ded277101964,,,[{'resourceId': '2c720571-8317-4fbf-b749-b3ff4388ca72'}]
27338,6bf64325-618a-42ae-a95a-3e0a8e24f9c2,,,
27339,77a60872-4e22-43ae-8bc7-76cd927f7c87,,,[{'resourceId': 'fb1f16fc-4d96-4e60-a44b-f1ff7d6779db'}]
27342,c8cb43a4-d2f3-43ca-89c3-a6ee9c7e6d37,,,[{'resourceId': '45e2ecbc-6461-4b2d-8446-5780cd12a110'}]
27344,d077cc99-e30b-4605-a1d0-8bbf57f41b9c,,,[{'resourceId': '5a85eb8b-37f5-4b3f-b3e6-44dc86a691f8'}]
27349,dc7dcc4b-ab85-4608-939a-36e0125fc518,,,
27350,0c6679af-e749-49ea-8c8c-ded4a4d856d6,,,
27351,a1927902-9302-49a1-9747-31c36898d864,,,
27353,30342f64-a7ef-4e9e-b745-531422ac95ec,,,
27354,925692ea-b596-47e0-9be1-87a46d109bd2,,,
27356,d173098f-b8a9-424d-aff4-47a340c592f6,,,
27357,56af5f8a-b433-4c47-9399-e19cde28a752,,,[{'resourceId': '9087c230-8492-40ac-945f-f2f707679a48'}]
27358,8c68facb-d97a-430f-80ba-15c8245b953e,,,
27359,a12da416-95b1-4102-a493-2ca8e7013ce8,,,
27360,c3959d5a-365f-4863-8a5a-f3b7f19d1014,,,
27361,13ddf4b0-38a6-4300-8a91-3f541bbf85d5,,,[{'resourceId': 'bafa60d1-940e-4d2c-bee7-f7c01d577901'}]
27362,e03199b2-bdc2-4863-8194-5ef088cc6ac6,,,[{'resourceId': '7072ca0c-5c5d-49eb-a6c1-298779114acf'}]
27363,aa0b3013-60e6-432a-93b9-febf22b28bcd,,,[{'resourceId': '011006d4-db3d-4c29-8531-5860016b4807'}]
27364,301ea4e5-6892-42ec-b057-b0e1c906f18f,,,
27365,51d9cf10-3190-43e1-b0df-cd7c415eae07,,,
27366,1d4bc933-2049-4e27-8cec-0876791e240a,,,[{'resourceId': 'fa33fcdc-4a14-422a-8797-d6cb8f7ad9de'}]
27367,db05def3-69ca-48dc-b703-69a3b5677da2,,,[{'resourceId': '771a6aa1-d487-4a52-a9bf-564adea11b99'}]
27368,dec5e97d-41fe-4e70-9e27-3f2f0faedb9e,,,[{'resourceId': 'd7840e84-b7eb-4ee8-a74b-963599eda880'}]
27371,541b58c6-cfc3-4cb3-8ffc-85e783196789,,,[{'resourceId': 'bdd8f765-3b0e-4685-be24-e88c2d94cbd9'}]
27372,2573253b-9426-466e-85a1-76f26eadbdbc,,,[{'resourceId': '6269ce4d-7a40-46a9-b4f4-8b9f56f69004'}]
27374,863394be-ff08-4381-bdfa-5f79cf9a9117,,,[{'resourceId': 'aee413cd-ab1f-4b71-ba60-5eb06c42b62d'}]
27376,1c9b1134-c078-4fb1-967e-4bf2dd7916eb,,,
27377,55b7df43-b1ca-4f8f-8619-5dfc74bd9151,,,
27378,8f8e27f3-630a-43fd-a890-64a2668a3d88,,,[{'resourceId': '909a99fd-e8b9-45d0-909c-219d64d4da11'}]
27378,8f8e27f3-630a-43fd-a890-64a2668a3d88,,,[{'resourceId': 'd16f31ca-1c17-4c1a-9b98-334f5358e8d8'}]
27379,7e1ec4f2-85de-4e4a-a99c-cad18f179666,,,
27380,b5d25e8d-3717-48bd-9694-28c52a344fd7,,,
27381,1b9d9222-1188-48ae-b863-516e93afd5bd,,,[{'resourceId': 'a087e393-1ea5-453f-9a9e-56015826bbab'}]
27382,abad1fc0-8eb3-48a5-8904-2897db73e231,,,[{'resourceId': '3969e296-740e-409a-9c07-72cb698a09f8'}]
27384,4c5a6f97-b9c2-4820-94fa-2a8c92642841,,,[{'resourceId': '9d0e1050-bd1a-4d62-b3c9-eea417f90428'}]
27385,88cbaa42-f43b-42a8-be47-a33d81149341,,,
27386,27b2a67c-e1c9-4735-8676-7e244fa26eed,,,[{'resourceId': '27f527db-91ab-4e1f-b9f4-000be67c3d6c'}]
27387,6704c714-fc8d-439b-9c12-70d39d65be8b,,,
27388,f1afe2b8-fe61-4c5f-ac50-5b629026e881,,,
27389,f1131e1a-3adb-4cf2-a584-d804391b753c,,,[{'resourceId': '42dec67f-1d45-4be9-bb9c-f8cdef54e115'}]
27391,d04b6ff6-9845-4885-84bd-9154e053f90d,,,[{'resourceId': '202cc51a-cabc-4bad-b795-07eae47b3778'}]
27392,59d464d6-6d39-4e0b-adb5-f778b72ca18e,,,[{'resourceId': '4ceea0da-6feb-42c9-b355-f9ea105f204c'}]
27393,a586af79-95d0-422a-b246-039a47d1a92c,,,
27398,49504fd7-6a41-4d0e-8474-00a969bd323e,,,
27401,ac2a4a0f-ef02-450e-9156-d700dedfaf96,,,[{'resourceId': '11d48492-e1d0-49b1-a2d2-ec1ed88f2c20'}]
27402,6303cdb2-9d3b-4c77-bed9-f2bf69f6b475,,,
27403,6c2ca08e-aeac-4c31-86f1-10eea79160ef,,,[{'resourceId': '26c958a4-2d25-40b1-b07b-8172236b3db5'}]
27404,7959f563-bcb0-4803-b3fd-d90da7e504dd,,,
27405,e8635e54-77f8-47b8-9b83-d7b3bc97666f,,,
27406,f2c50b6e-e6cd-441e-bca5-1328df01d873,,,
27407,2d302bc0-79ed-4cf7-b782-63ed2aa42248,,,
27408,2c797a13-3f4a-4c75-9048-b9bce1309b0e,,,[{'resourceId': '0a5fa0e4-2cc0-4921-ac4b-0f2c1a4c97c5'}]
27409,68244f79-74b5-4f1e-8c73-095e2716645b,,,[{'resourceId': '4b80acf6-52fc-45a2-ae32-69259290e169'}]
27411,0a2739f1-1941-4916-861a-2c0e3719d7bd,,,[{'resourceId': 'a0f0ea7f-8c15-4fe8-89be-7faf9043476b'}]
27412,59dc0747-986d-44d0-955b-a3707a1bb0cc,,,
27413,126bad39-e192-4a01-add3-7962745a9159,,,[{'resourceId': '23f7ac54-7248-4e16-b1e2-a49bc678af74'}]
27414,03f3f337-6445-472c-8412-a18ff19ee7c9,,,[{'resourceId': 'a3b54a87-dbad-4407-9878-dddea62b19ce'}]
27415,0b43d38f-0a6f-40ac-b553-e2863ae1ec93,,,[{'resourceId': 'dc10a703-265d-458f-bb64-31550c27c45d'}]
27417,89a30de5-7ddc-46af-8c8a-19e9cbc9daa2,,,
27418,3d4e23d1-45dd-44d5-aebe-e565f6d72712,,,[{'resourceId': '44bb02af-b836-4fba-89f4-8f74ce5c1530'}]
27418,3d4e23d1-45dd-44d5-aebe-e565f6d72712,,,[{'resourceId': '28fb4788-67f8-43d9-aa37-ab67496cbf8b'}]
27419,5c9cdc2a-f890-4273-b813-85305468ca37,,,
27420,0bdc585b-2799-427b-9093-47976be173f6,,,
27421,3848734c-94ff-4efa-bab0-ba22be15fc0f,,,[{'resourceId': '16ff986c-ea5e-489b-b2b0-ad0fa12ebaef'}]
27422,232b7f6f-0a09-475f-8444-4261c2c8581e,,,[{'resourceId': '62a6eaaf-835f-42e7-bf9f-6c31f706a83c'}]
27423,cf19f998-924f-4d6b-89ec-c9ed6dad27ac,,,
27425,f406b21b-4117-49f4-85ee-96005dd5cd3d,,,
27426,241f4259-761d-406b-8cb9-e0c0c023b847,,,
27429,907c117c-e5ba-4913-805b-4828468a16f0,,,
27430,b15f3f97-900a-42d0-9353-36e915b5ec2a,,,
27431,10a97120-e59a-4547-a252-b9edab6a758b,,,[{'resourceId': '5c5240da-2fc2-4f90-8cdd-596f676ecf8b'}]
27432,3d162b0b-8ab3-4377-9feb-579579fbc02c,,,[{'resourceId': '81d68615-3d01-4c73-9dc4-0a54850dd744'}]
27433,cdbcbeef-f098-484b-b080-e3901d3bf7bb,,,
27434,3172070b-f66b-4ec9-a9c9-427592908864,,,
27435,61894bc1-7087-4761-9ce3-6dd935e64d61,,,
27436,5675e896-eb07-4e51-842e-5fe165002d7d,,,[{'resourceId': '6fd02c7f-83cf-4de5-87b8-b94025d42eab'}]
27437,1ed2cd15-e7b4-40d1-a343-4ec0e5594e1c,,,
27439,8b04daf1-c4ec-4ffa-8b62-d6d36ddb76e8,,,
27440,78e25d75-7aa3-4102-b3c3-2101c619d1f2,,,
27441,98431ccb-628a-4725-9eb9-4eab41e005cf,,,
27442,b50df035-06a3-4eae-86d6-8e158f7d9909,,,[{'resourceId': 'b65f31ed-c72d-4529-9d7f-34166853bd89'}]
27445,fe9ba7da-357c-4a5f-a02d-9204503c52b2,,,
27446,385061d6-af7a-42d1-8a68-d81430029a35,,,
27447,27d96be2-455f-42f2-bc87-fbe6fd261d0c,,,
27448,1e431fa2-48c8-4459-9c45-e94a324e8d99,,,[{'resourceId': '537ebd67-2e83-4680-a014-ba69eef9df59'}]
27449,bb88fec0-afe9-4037-88e0-21b2bd38902c,,,[{'resourceId': '098c2996-08c4-4520-bdfa-8de18c0ba2f3'}]
27450,40a82026-e363-4796-ad3d-6c6d95161323,,,
27451,2f1a5c2a-8eef-4a9b-9fbd-2c3967503938,,,
27452,4675fbc3-bdd8-40cd-98f9-1ae12fbd509f,,,[{'resourceId': 'adafd166-e7ef-4b3b-b468-368183717dbd'}]
27453,a339efbe-1a78-4550-9171-75409dc4d811,,,[{'resourceId': 'd8a9bbf2-233b-4f2b-97af-0a6a67cda515'}]
27454,5503962b-4913-4c19-976c-ddc829c65187,,,[{'resourceId': 'af0796c1-044e-4304-b075-fa202521163a'}]
27455,3ac196e0-02af-4ccf-8429-800eaa141f15,,,[{'resourceId': '2b07582d-cc01-440d-8ae0-b8297d09cf53'}]
27456,1b6e59d7-a6eb-480b-a152-7f107138e769,,,[{'resourceId': '87d1c21c-7a3c-4d3c-a712-cb994421914b'}]
27457,c442e38b-b85c-4036-b361-af850e786f91,,,[{'resourceId': '115b6a45-f49e-4845-9f88-28b28f07cc91'}]
27457,c442e38b-b85c-4036-b361-af850e786f91,,,[{'resourceId': '837e03a7-65d5-4bd1-a817-2203c130b28f'}]
27458,2d5dcb94-93e0-4b63-99a9-30f03a326d65,,,
27459,53678bb4-aeed-4017-bdc8-9f395ce886d3,,,
27460,5d24f2ba-d4f0-4885-a665-7185425fa8fa,,,[{'resourceId': '771a6aa1-d487-4a52-a9bf-564adea11b99'}]
27462,b3037158-c0aa-4459-93c0-1214a285c614,,,
27463,bfa713fb-38f8-45d4-b2e3-274488c8b336,,,
27464,aa39c3fd-a785-4e76-9699-2c8815d7d2af,,,[{'resourceId': '3d43bfad-241e-4e61-856f-04cd1bb72f55'}]
27465,4f3c2f40-7f4f-498c-b810-8e17a4481707,,,
27466,461360ec-6acf-489a-8742-1eb00b7c7082,,,[{'resourceId': 'f21921fc-d15f-485d-a145-b74fe55e6cd4'}]
27466,461360ec-6acf-489a-8742-1eb00b7c7082,,,[{'resourceId': '915b8e3d-86c2-431e-b016-0635f730435d'}]
27467,b62d311e-f1c9-4e9a-95fd-8c50befba0d2,,,
27468,1c253e11-e897-4c68-928b-518e83e3bb84,,,[{'resourceId': '58d823c9-a569-4801-abf5-6ed04bc02a7d'}]
27470,e572d0f3-411c-41e2-950a-73043114445c,,,[{'resourceId': '8dd00cd5-fd2e-490d-9159-3eb32855712f'}]
27471,3677ad73-9fcb-4842-a8c3-a4e319f09ed7,,,
27472,2bb55281-bf5a-4e38-a20a-72baf0d541f8,,,[{'resourceId': '56af9872-45b4-4ae6-84de-a12d1192fcea'}]
27473,d3683847-1e7b-4e09-9d76-050f4f7cb754,,,
27474,ad18d7f8-cdb7-4e40-943d-1c11d6367b94,,,[{'resourceId': '4889aa1c-ff64-41b4-9af5-d438e102ebcd'}]
27476,1064da48-a004-461f-9efb-abcda6c4b606,,,
27479,6b2a07e0-a287-4427-9105-2249bd35102d,,,
27480,1bb1a33a-711b-4c53-885c-ba6eafda0c5b,,,
27481,f6dc526d-9042-4c21-9b32-5b8730ff1c10,,,
27482,7f83e23b-0f42-4287-be44-5cb17f99e39d,,,
27483,149c5ea0-3822-4a76-a1a1-12bc77c4f57e,,,[{'resourceId': '14f1a64e-c720-4cd3-83e5-3e9f7f8b4f36'}]
27484,1857b373-6852-40f6-8f73-48222bc49bbe,,,[{'resourceId': '9d110a88-c747-4985-acc4-457d8f12d45d'}]
27485,7d0d301f-96a3-451d-990f-8ed487bfda21,,,
27486,774430bf-ca9f-4716-9247-8f16ec9dd158,,,
27487,cf51d64f-c03c-4567-96bc-b0c54f39529c,,,
27488,dd763eca-38cf-4f82-adee-84e2b422a6da,,,
27490,82007067-c1a9-4268-b16a-632280be75bd,,,
27494,8d264579-7be4-493e-bb0d-030d3998b5e0,,,
27495,65e2d3e8-a505-4657-a57a-6d653ee29cd8,,,[{'resourceId': 'd4706a38-ccf8-4c58-8cca-87e657e5803a'}]
27497,1a193175-3a24-4e24-b200-2ab342251a11,,,[{'resourceId': '7f89dbf7-877d-4225-8b70-0c032ea18132'}]
27498,4f6ed668-31bc-499b-bf4c-8ecbbd1b7572,,,[{'resourceId': 'eb4054ac-5aaf-466a-887a-65310dca3380'}]
27501,53c122ad-3c03-4e6a-9152-d17b32a78fb4,,,
27504,237a3d84-7ffb-41fa-8cb8-81d065a78cae,,,[{'resourceId': 'b931f5dc-a08a-4c78-aa3c-e0e72bd93bdb'}]
27507,d3ee707b-ed81-43bb-b913-96b7ed6b1f33,,,
27508,f133c162-c38a-4254-bd4f-1e090707d660,,,[{'resourceId': '030bc94d-1379-4d42-af29-b5c0a9b1b8a0'}]
27509,99d49548-0ea3-498a-b6bc-b30639a93bc1,,,[{'resourceId': '00479644-41ce-4a6e-a8bc-329cbac6e883'}]
27510,f2cdccd1-20ee-4b43-bddc-f0a4294e0dc4,,,[{'resourceId': 'a42d3efe-6fc4-4481-8ef0-616bd9be08e2'}]
27511,2842e77a-b7ee-4276-bf74-a65472af991b,,,
27512,f6a04dab-58d3-4a94-a1f7-939654bec779,,,[{'resourceId': '4233f785-b322-4ba2-a9c6-2b0141cf5825'}]
27513,d13d996c-c7bf-4a23-804a-5065bfe1ed1b,,,[{'resourceId': '5168bac8-2e58-4f87-a9cb-a62cab65ace9'}]
27514,34f902a4-fd95-4e63-b624-02ff23cea6f3,,,[{'resourceId': 'a52c99cd-4ae0-4cad-8ed2-c576bb8efca1'}]
27515,cd7dd8ea-893a-41fd-b25c-f0511687c15b,,,
27516,463bc3e6-d127-4cff-ba03-112c8ef3d2eb,,,
27517,6c577b76-2de3-4d18-a0e6-2b6f4d473cf1,,,
27530,280d0104-562f-48d7-a867-dc6b640c12f3,,,[{'resourceId': 'a0d21295-0cbb-48a4-9dba-e22cf647ffaa'}]
27557,01f6b4e8-bd13-421d-aa9f-ca94aab8ea82,,,
27559,cf3dd318-06b6-442c-9ff3-707af07ad088,,,
27562,606df1e8-acca-4c53-bfa0-c2c7c1dc3f8d,,,
27577,c423857c-ca72-4ddf-b9dd-a2f2f3bfda25,,,
27579,2096d66e-25b6-44f1-9512-b76941021da6,,,[{'resourceId': '84651b6d-a43d-4f8e-bb03-f279b8d293ea'}]
27580,eaba249c-c116-47f4-a8df-b0efaa217a07,,,
27581,934abdae-43f4-497f-bcdc-0cedd05267cc,,,[{'resourceId': '560e3c40-6635-4f14-9c23-9e8c428fc2ec'}]
27585,16932a7d-5847-40d1-9ff2-752a7400121d,,,
27586,c395ce88-8062-490a-8672-a55f4de8ed83,,,[{'resourceId': '817d5921-8d19-45dc-80a4-6c257e95e758'}]
27586,c395ce88-8062-490a-8672-a55f4de8ed83,,,[{'resourceId': 'a6c30252-99f8-4ec5-825d-26ad4028ee4d'}]
27587,817d5921-8d19-45dc-80a4-6c257e95e758,,,[{'resourceId': '6ed72f20-7777-4f0a-8308-473e024eb34b'}]
27588,a6c30252-99f8-4ec5-825d-26ad4028ee4d,,,
27590,94268b2b-d8f1-4e69-b2ed-08551d3ce257,,,
27593,b7cb33a2-07a2-42b5-9c03-930c5f8c94e5,,,
27594,60135b42-2d72-46a8-85e1-acda7a718fe1,,,[{'resourceId': '8a9199e3-d19b-470c-95da-422a152dcb33'}]
27595,8a9199e3-d19b-470c-95da-422a152dcb33,,,
27598,35448bd0-3d26-471d-ac58-8f1d7fc6acd0,,,
27612,7f89dbf7-877d-4225-8b70-0c032ea18132,,,
27613,21655527-2ac0-4ce2-99d7-c41478034fa9,,,
27614,d41df978-3c78-43eb-9f82-c1df0ae1a4dc,,,[{'resourceId': 'c0a449bc-ff8a-4083-8df5-86ad0032c83a'}]
27615,eaf20eb6-7894-4600-aa4e-53bb9deed685,,,[{'resourceId': '2257019d-cc4e-46cd-9746-f26ec78ea1e0'}]
27619,d370e5b6-02e6-411f-b566-a25d5981cd14,,,[{'resourceId': '0a4904de-7a42-40a0-b6f8-9860d6d2b0f4'}]
27630,e2d88dc5-9d77-4bf1-99bf-3813288bce9c,,,
27631,33282bd9-f8ad-46cb-b436-95901c02daf8,,,
27640,fe4a1807-df67-4135-bc98-85484e78f06b,,,[{'resourceId': 'd916bc90-36d8-4db5-83b7-ef947d80dfca'}]
27641,d916bc90-36d8-4db5-83b7-ef947d80dfca,,,[{'resourceId': '159ac1a1-4751-48b9-a8db-f01852e0b764'}]
27642,759150d2-2a1a-4eed-90eb-838b8c19cab3,,,
27643,d2a282bf-1e7b-4bc9-bb06-35ad68cdf609,,,[{'resourceId': 'c0a5172e-f0b0-4fc2-87de-3be512b50fc7'}]
27644,c0a5172e-f0b0-4fc2-87de-3be512b50fc7,,,
27645,162898dc-f910-49d4-9c11-b3654c8e6a88,,,[{'resourceId': '13bf321c-8717-43a5-9304-efbab4c80baa'}]
27646,4538b7f1-1a6c-4914-a6b1-fb6b3b67acf9,,,
27652,2eaa9f40-7838-43ae-bb6a-6fb2d208c39c,,,[{'resourceId': 'c5acc5bc-022a-457e-a5cb-ba4229585737'}]
27653,258352c4-4366-4015-b830-da4798dcdeed,,,[{'resourceId': '159ac1a1-4751-48b9-a8db-f01852e0b764'}]
27654,159ac1a1-4751-48b9-a8db-f01852e0b764,,,[{'resourceId': 'bc32fe87-3dff-4f84-8b71-43d8817e0818'}]
27654,159ac1a1-4751-48b9-a8db-f01852e0b764,,,[{'resourceId': '24f37c8e-5c48-46cf-8162-546e6ed18a33'}]
27658,a0583bb7-9336-4284-8f73-b9b9b0b38be8,,,
27659,826f3cc6-3f25-4c0e-9b72-45b34c66f8e1,,,[{'resourceId': '0396cc24-7ac9-4131-bbae-55b930997d52'}]
27660,1f260244-be4b-47f6-9ec8-3e6286ea0eb2,,,[{'resourceId': '15f40207-22de-48ff-a0d6-d67c40c919dd'}]
27661,cf6aeb35-0ca5-46a8-83e9-9ac88081f886,,,
27662,bd394c26-4d65-4f5d-85f7-5a991d84820f,,,[{'resourceId': 'c0542d48-e274-4ff1-8ede-d5390a89d05e'}]
27663,c0542d48-e274-4ff1-8ede-d5390a89d05e,,,
27667,e3fb80ec-5bb7-439f-8233-2604017d5796,,,
27668,342f53e1-1bf9-46d5-9284-cba84152750c,,,[{'resourceId': 'e0b95dd4-9539-43e7-9404-4376c301b946'}]
27670,50508e51-201d-4ae1-9280-3664ba5e8127,,,[{'resourceId': 'c74c77f8-2cc7-47c3-b321-07caedbece90'}]
27679,df61fdab-f9d9-47d1-bf18-cdd0bddeb9ea,,,
27693,5f679b39-4488-4f03-b444-2889e0c64151,,,
27702,d3d6b469-0113-4a07-8206-57336d29fb4b,,,
27703,e473d3d5-8f13-4faa-b4b5-eee90f0bbdbb,,,[{'resourceId': '85e96cd7-06c2-4de3-a668-6bd8027532bf'}]
27707,1e6157db-0967-4eca-875c-9104664720d5,,,
27712,6fb85b25-3a49-45ce-9bb5-4bbb5cb39428,,,
27715,a50fcf92-317c-4b51-bd63-0c94f032e3d9,,,[{'resourceId': '545aba90-3ca5-46bb-bac5-e2549eb6117d'}]
27716,545aba90-3ca5-46bb-bac5-e2549eb6117d,,,[{'resourceId': 'dd7258ba-3604-4dd8-ab0e-449ab41a3df3'}]
27717,01177625-2cab-4c96-ad45-d60ef647b60e,,,
27727,36b0a184-44c4-4a40-9eed-201e48719dc5,,,
27731,2bb81e4e-3091-4f9d-854b-e9fb98bd5e58,,,[{'resourceId': 'd238fcbf-0084-4b94-9ab1-63131aaa0112'}]
27732,67281cb7-6ee5-47e5-ac80-e9515460eeae,,,
27733,d238fcbf-0084-4b94-9ab1-63131aaa0112,,,
27734,4bf364b0-d153-44db-8d15-438ca74c42b3,,,
27735,76dfb35c-4924-403d-bc78-0b5e44d8ccb1,,,
27740,5885971b-2031-4c91-928b-fb025a6f22a2,,,
27746,50d429b3-4bce-4044-b7b4-c2d2abeb1388,,,
27752,8e259a3a-41c4-4488-bef9-73faba563294,,,
27753,3cc44bf6-7d05-454f-b437-8f13a1a9508c,,,[{'resourceId': 'a387cd8d-0e66-471c-bad6-adf8c50c8d90'}]
27753,3cc44bf6-7d05-454f-b437-8f13a1a9508c,,,[{'resourceId': '9df10f42-18c5-4b7c-8495-19af347d39a6'}]
27754,cedd0e2b-66e1-426d-9d5c-e28756f84286,,,[{'resourceId': '3a549175-818a-4da4-978b-3ac16ff73955'}]
27756,3d2a5428-f2a8-401c-a6c2-34c3b7f5a917,,,
27757,2f0dbadb-ab14-40a7-b485-780289d13e69,,,
27758,a4449ff2-328d-4b59-8f76-e8c049a7872d,,,
27760,59d4f293-7c77-4b28-bafa-0ccc230a2d51,,,[{'resourceId': 'eced5e63-400d-4c14-b71f-e4bd8f360120'}]
27761,eced5e63-400d-4c14-b71f-e4bd8f360120,,,
27765,2acb9dee-d8c5-4cd0-8e56-639736c097f6,,,[{'resourceId': 'c0131d2b-4b30-4060-87ec-ee6758e181eb'}]
27766,c0131d2b-4b30-4060-87ec-ee6758e181eb,,,
27771,fb1f16fc-4d96-4e60-a44b-f1ff7d6779db,,,
27776,c0d331d4-3b33-4d48-a476-e2f638326cac,,,[{'resourceId': 'ab2edf06-69c6-4149-a984-42bb80d80f85'}]
27777,bdd8f765-3b0e-4685-be24-e88c2d94cbd9,,,
27781,909a99fd-e8b9-45d0-909c-219d64d4da11,,,[{'resourceId': 'c6ac11bd-8577-4aa7-8632-2da9720f427b'}]
27781,909a99fd-e8b9-45d0-909c-219d64d4da11,,,[{'resourceId': '376a5562-4174-4067-8d82-4826bb643115'}]
27791,b65f31ed-c72d-4529-9d7f-34166853bd89,,,
27792,537ebd67-2e83-4680-a014-ba69eef9df59,,,
27802,a52c99cd-4ae0-4cad-8ed2-c576bb8efca1,,,
27803,6cc66861-c18f-49b5-98f5-02a4df035130,,,
29917,19990d26-0b2f-4dde-b903-d03adaf14ce1,,,[{'resourceId': 'f9bf779c-1e1c-4644-afa7-37424284ed20'}]
29918,f62f6776-803b-42ad-bf0c-73725bf9ddd9,,,[{'resourceId': '96055626-bd34-4427-baef-cf8caef4ad85'}]
29919,dc5eb5a0-e5b3-455d-8a3f-5212fd8d1406,,,[{'resourceId': 'cc4aa43c-c228-413c-9ceb-bcdbe4996ba8'}]
29921,83602aea-cd8b-40fc-9fbf-7f51b4f54dc0,,,
29922,1b5767a9-61e9-4b7b-b329-b76bd3197bfb,,,[{'resourceId': '4af56ae7-5803-403f-beb0-1cc8b312c610'}]
29923,16a0f6f8-d47b-420d-b311-9386de159f43,,,[{'resourceId': '07b5cf7d-8fe1-4786-bac2-c1e327f4484a'}]
29924,57bebff9-1504-4deb-bbe5-54e63fb3919a,,,
29925,4bb9bb99-cd3b-4e64-83ee-e98cf05251d3,,,
29926,95b0816f-0e55-41e6-b1c2-e4e9ea995fe1,,,[{'resourceId': '4b7ffe92-3aba-413a-b6a2-c01d5fe4e5cf'}]
29927,0db53dc9-19fc-4bc1-998e-23e27570225d,,,
29928,37e9dc15-1886-485c-b9dc-990c34e9a0fc,,,[{'resourceId': '41fb5c44-cef8-43f6-ae05-9aeb8baa2149'}]
29929,18801d9b-e262-4886-955f-a40a8378f724,,,[{'resourceId': '64b643a6-18e2-4cdf-8ac6-2dda9623a23a'}]
29930,8e1eef53-0c94-4080-8c0f-d2dd3a76d691,,,[{'resourceId': 'd9dcf90c-6d52-4646-98a7-5e9b8f5bd5b9'}]
29932,0367789e-66b7-4bc2-b58e-a5fd76d62f7f,,,
29933,0b70f7b2-16a6-4702-bcc4-ab24337a2a26,,,
29934,1e4c947b-9bb5-47e7-9613-ac1032e16ef5,,,
29935,ac6c6408-139d-4b62-9e56-c65bfc3c8b42,,,
29937,915b22c4-c72c-458e-bac6-893e3d31c1da,,,[{'resourceId': '9d93765b-1356-4fac-9623-ccc3541dff52'}]
29938,297c8ae6-5fcb-4409-93f8-a908f8f2597c,,,[{'resourceId': 'd0ac0c3b-809b-4d46-9b3e-7578b33ef04c'}]
29939,8ebf9262-7d4a-4864-8249-0d524a1a5325,,,[{'resourceId': '5e7728f3-d33f-4802-bef0-86447b59a47c'}]
29940,aab2cd74-8157-4c61-aead-12503e9a7b6c,,,[{'resourceId': 'aae016d2-83f5-4f9e-8bab-3c62df086b96'}]
29944,a11c2ddc-82f4-471e-99f7-be77be24b521,,,
29945,012ca029-69f9-4460-9872-fa04671092b9,,,[{'resourceId': 'bda0246f-cae4-4447-9d5d-5e584756a62d'}]
29947,94a54d87-626d-43d1-87a9-389adad0974a,,,[{'resourceId': '556805b3-5d42-4f72-9537-f2f570ed1490'}]
29951,cbf151b2-09d5-46ad-8724-7cd2830714f8,,,
29952,ae0fb820-a1e7-4398-afb5-0dfac517ecaf,,,
29953,e5a48151-248e-4566-9304-db5e954bb76b,,,
29954,16616e5c-f046-47b4-bd98-74dad957f7a4,,,
29957,3952da80-ba28-4e80-8540-f2a293f83479,,,
29958,25b34d9e-e076-4ed6-8839-08913d45f0e5,,,
29960,f0a3a213-a5fd-492d-bc7e-948b5f400b0b,,,[{'resourceId': 'b890122c-f020-4843-9720-e1c0c2b594c0'}]
29961,39107daa-9159-4734-9f6f-f0b1beba0a8f,,,[{'resourceId': 'c5da87ae-9bc7-4386-97f7-99007606dc4e'}]
29961,39107daa-9159-4734-9f6f-f0b1beba0a8f,,,[{'resourceId': '2500cfc1-bfc5-4268-be0a-1efd3869e76f'}]
29962,892eada3-16c8-4fd1-a16a-d5b520afdd4c,,,
29963,cced2f79-4bba-4222-9551-a372276431ce,,,
29964,a17ca15d-d0c2-4641-9aa2-d367f345abfe,,,[{'resourceId': 'c1df1b4e-7a3f-49e6-a7ab-dbc0e3b25e70'}]
29965,275d0b75-efe7-48c7-8f2b-7cbe6f32da93,,,[{'resourceId': '0e9e58ed-a978-4d4a-abee-35603cbe83bd'}]
29967,0a24b65a-278b-4077-b53c-5828490a02c9,,,
29970,406f4d3f-988f-4c05-9b4a-320d62e641b3,,,
29971,af27f10a-6f73-4f47-9e14-4ae95e3415fb,,,
29972,a555d852-2676-4b0e-a9ce-f765521c57cd,,,[{'resourceId': 'e572d0f3-411c-41e2-950a-73043114445c'}]
29974,d75524dd-a5f8-4247-933f-48e6911c1648,,,[{'resourceId': '04300249-5a5a-48c1-8c24-dcb472a1f60b'}]
29976,13c448fd-bbf0-45d6-ace5-454db02c26e4,,,
29977,1c65742d-883d-492c-b29b-a28b52294710,,,
29979,9cdc360e-1fde-49c3-8847-b4f21622338b,,,
29980,faf0e5f0-4b42-4066-b850-eb0f278d4c5f,,,[{'resourceId': '132ef4e5-6e00-4229-af3e-29956bbf2d24'}]
29981,b0abab17-051e-4d81-9439-2ca24f1c1138,,,
29982,e3ddb000-4730-4c8d-88d4-199c6cc9935f,,,
29983,6188bf6b-3fc7-4941-a2f5-35855658c430,,,
29984,5a620f1b-50aa-40ea-ba50-c66ec3aef0ad,,,[{'resourceId': '032d0e36-dc39-420f-bdaf-16a8787385d1'}]
29985,69fe8b23-2486-49b5-bc03-19e7e86a4ef7,,,[{'resourceId': '9ada52c7-a1c4-4572-ab6f-3f7e186c15c7'}]
29986,88ff40b0-4bbc-45c3-928d-eea9b4c67eb4,,,
29989,1a5dbe36-3a28-479d-837b-2bf743a7134e,,,
29990,3283e5a4-88d5-42f6-a2e8-d0699c20d410,,,
29991,aba9977f-cea0-4533-b921-5e5443aea87f,,,
29992,4ec416d4-c2e2-4516-ba22-4cb0bf5bab90,,,
29993,bd4a90f4-335d-4e12-8c22-8fc02e99e1d8,,,
29994,6f03e1e9-4414-4c8e-84ee-b6eeb29601ef,,,
29995,03a3a2bd-30f5-40d0-b04c-dc7b32291577,,,
29997,76d3611c-02f3-4a99-8eef-c16a4ed819fe,,,[{'resourceId': '2cfbbe6a-9efb-4ae2-bf76-b5c977de7a82'}]
29998,6e3269c4-cd4d-4993-8d2d-54b5076fa5a3,,,[{'resourceId': '53233c40-c45d-4a12-9c87-7a6cfb50ac4e'}]
29999,4e0dce28-af80-4e33-9ede-cd74268c034f,,,
30000,5556277c-dcd4-43a5-a864-2947b7e25754,,,[{'resourceId': 'cec35b29-2d08-44fd-9d81-37084705c183'}]
30001,f461a25b-35e0-45ac-a7dd-63fc70674d0d,,,
30004,e4533f4c-162f-4293-a617-251e83b4919d,,,
30006,f6f49b4e-0cea-4d86-b29c-775945f3bb1b,,,
30007,b9e95d8b-b0d9-4f46-ac90-fd1ed9d5f266,,,
30008,e0a8d7b2-6f9c-4b20-b231-b62e791c53f0,,,
30009,546f848b-19d6-44ff-888e-2b83ab093dcb,,,
30010,904a50e3-9e97-4077-a1b2-a3e7b524d8f9,,,
30011,05dd66ab-efe4-4f09-b553-3d4cd2ed2c7e,,,
30012,72d197f0-f108-43c6-966a-88b5e832a0b6,,,[{'resourceId': '22c3c0cf-aa1b-47ea-bbcf-2a9d34dbb43f'}]
30013,3c0e870d-17f7-4f9a-a11a-6c21f0c83475,,,[{'resourceId': '8d9650a2-b047-4822-99f2-4af8e573b5a0'}]
30014,dc913df4-caf7-4b4b-803b-30451f4cac70,,,
30015,6d16ce9f-f7b8-4048-b962-d5a1a719a216,,,
30016,f8cbac4d-3235-4154-b7e1-bcc0a0c1fae7,,,
30017,bacdd306-5e57-4fd0-97ca-93de25862764,,,[{'resourceId': '64917688-c3cb-411e-af77-a43e0caa783b'}]
30018,e9d3ada5-2aab-4998-983c-8ab8065c66fa,,,[{'resourceId': 'cb66175e-1b9d-461f-8746-58319948f296'}]
30020,5dadc7ef-256e-4caf-be16-17aad4e295ef,,,
30021,05588e37-6b1c-45cd-987c-527c7f94f622,,,
30022,11280bbc-ca3c-44c9-8dc8-92fc033a8ece,,,[{'resourceId': 'b60fc8e0-4ac0-4c5e-9c1f-b52d5ea62a2d'}]
30022,11280bbc-ca3c-44c9-8dc8-92fc033a8ece,,,[{'resourceId': 'a9bbd99d-9cbb-4caa-b194-1d116ef217e0'}]
30023,9d1cddc4-996f-44ae-9354-3c60e8203573,,,[{'resourceId': 'a73f9318-34cc-46e9-9c28-91909c0404a7'}]
30025,076adc7c-cf69-4782-985e-7fb5e798f838,,,
30026,81a70651-f4c3-4f2f-826f-6a5e2c8bd3a3,,,
30027,696b1156-77a7-4fe9-8406-606dd05abf02,,,
30028,dcf990dd-6f4b-41a4-ab5b-70fcd5d54387,,,[{'resourceId': '68a204b2-ab28-4308-b730-309c3f2d36fd'}]
30030,0160d960-46ae-45ed-b7c0-e576f5995d62,,,[{'resourceId': 'ab2b3c90-9fb0-4624-88c5-72a0e5c14fb9'}]
30031,930eb1dc-e6fd-4ea8-a99d-471a082eeb04,,,[{'resourceId': 'd2edca76-dc69-4f05-a0b5-f03ae761154c'}]
30032,4d9b7a59-0d73-4805-8cda-e8f27ba6d6bc,,,
30033,380c1388-b4b2-4439-8717-e1ce3aff86cb,,,[{'resourceId': '60e75720-7435-4094-b211-240d1a200659'}]
30033,380c1388-b4b2-4439-8717-e1ce3aff86cb,,,[{'resourceId': '52d675a0-da80-4de9-bd87-b7722e3b61ad'}]
30035,e757fac4-a8e2-455f-9344-95e47ecb3a23,,,[{'resourceId': '45d0f6b0-a88e-4ae6-bcd9-fe5cda60a8cb'}]
30036,b56bb6b4-3f5d-4ce8-88b4-23b20607a688,,,[{'resourceId': '72c4ca73-4d37-41f2-a9c4-35661d8f15e2'}]
30037,73e68892-47a7-43f9-9d44-3f34271d62ac,,,
30038,60222185-69e3-4795-94fc-c11a209227ff,,,
30039,5e36db26-8322-42a9-9ed9-261a6a454a99,,,
30040,aca62e2e-8cd3-4b41-ba18-e25931e563cd,,,
30041,1bfef54d-087c-4484-b1a2-a070406478c4,,,
30042,9c4f2dce-1c8f-47de-843d-13c5a3962a41,,,
30044,014605ad-f5ed-433c-a665-89b6a17474f9,,,
30045,8c8b8e3c-fc52-44b8-9c47-aeb8c2d52382,,,
30046,36ffa96d-2b91-4b9d-a7fc-b49881e96879,,,
30047,8459a037-e38e-4d78-9e45-ec3a55ae9514,,,
30048,d8483af8-6b32-44dd-b4ff-4cf0a33ecddb,,,[{'resourceId': 'f1710af7-12d2-468b-afd2-f1bbd746b017'}]
30049,6399b436-63a8-4d1e-aa16-3b1fa9675b9a,,,[{'resourceId': 'eab98234-c74f-44df-ab94-f69583c38312'}]
30050,2d930f85-e115-4a68-b2b3-590fe4355eee,,,
30051,2ce279f1-596b-4751-b9ff-521363a16a8a,,,[{'resourceId': '5c14b71b-e83d-4b40-9c2a-449b61c0f107'}]
30052,93e31f2f-0200-40fe-894f-b099233ea1ed,,,
30054,c54d3485-542c-47f1-9244-82caeafa1c07,,,
30055,2add2a16-29d9-4752-8657-dbd76fa179e8,,,[{'resourceId': 'fcb532da-9130-4f94-b1f8-8289013a91dd'}]
30056,8b89ce1d-aade-4f32-82ef-16dd84633ccb,,,[{'resourceId': 'f8fc78d3-6f43-414a-bf6f-e96172b271d3'}]
30057,e798ae1a-4e19-48b6-9cf0-35d6a99c9d89,,,[{'resourceId': 'a5601551-e5de-4a9b-b005-0a3c3c8581d5'}]
30058,440fe45c-02f4-4b17-beb0-376aa6865fbc,,,
30059,4cb05b61-e8d1-4546-b77b-59072111e04c,,,[{'resourceId': '932eb2e3-756c-4591-8684-4a5ece8314f9'}]
30060,2905c8e5-4bdc-4e4d-971e-2677d186b61c,,,
30063,5c2e2f3f-b49f-4ac8-be5d-58e93c4eba2d,,,
30064,fafd0cfe-4d25-4d8c-a955-b4b1ae73b06d,,,
30066,57160047-32d9-4c71-a301-3a749f54b588,,,
30067,3d25411b-addb-40dc-ae67-39270743afbf,,,
30071,c072b8e0-44a4-4f06-9826-aeedcab85d0f,,,
30076,ee0eddde-7280-4ddd-895d-c41088d3c43e,,,[{'resourceId': '85e96cd7-06c2-4de3-a668-6bd8027532bf'}]
30077,21f6e20c-0928-438c-97db-9a42426b9a3a,,,
30078,0a5f9b14-4959-4c83-8015-83aaecc3eaaa,,,
30079,3dd9d9c2-d430-45db-bece-8988e842413b,,,
30081,1a9e495b-bbb0-440f-b370-dba1943dd8a2,,,
30082,aac92219-4f98-424f-949a-f08164154269,,,
30088,650e1f6e-c3b2-495a-a7d6-8e9cccbec041,,,
30089,e4917252-7485-4ccd-b4ba-27eccde8073b,,,[{'resourceId': '44392dd1-8298-4985-bea1-7a2eae4db938'}]
30090,d3bc4403-56d7-49a6-a4d9-16364ff0fee6,,,[{'resourceId': 'e20f131d-01fe-40ee-a29c-01a984dc6891'}]
30091,48c8ec9c-37a9-42dd-b8ce-2afd1c9e7060,,,
30092,918c83c7-0185-4e8a-89e9-dc1d74c4a76e,,,[{'resourceId': '6cfb545c-ac70-4b32-bb05-50c1d4671683'}]
30093,6baa1923-3c7e-48bb-a7a0-a1c9216c6b02,,,[{'resourceId': '8e72bc0f-84c1-4e5b-8092-930fc7049d63'}]
30094,c33183c0-7ddf-4968-aa19-84170aebf467,,,
30097,dc3f6bb2-6bb8-4608-b09d-3574ba75f7eb,,,[{'resourceId': '465e7e7a-aa1a-4151-a370-b9601f5e3834'}]
30098,8e20644d-494f-4181-8e01-b9ee17615e8c,,,
30099,1368dfb2-4d9b-410a-a6cd-a59a7a0db06a,,,[{'resourceId': '76e72ef1-04cd-4f22-88f6-ee894e52be78'}]
30100,728f0f49-300b-4aff-9142-a326b238043a,,,[{'resourceId': '5283d66c-7143-4d5a-bd61-811b768bc4a8'}]
30103,1062ca11-24b7-4a7d-92ac-15c9ed8701de,,,[{'resourceId': 'a9dc64e1-d8e0-44f0-bb05-4ccaa6619be7'}]
30106,2161de90-6852-445f-9192-4b877959249e,,,
30107,537735d1-4a16-4065-9101-34321f141662,,,[{'resourceId': 'b4e98e9a-9840-414d-9b92-db2d55455e27'}]
30108,7668ee92-2b5d-40dd-b6e9-19059999450d,,,
30109,ea9ea9fe-bb2a-4744-96e4-8f350ffef496,,,
30110,2ac42bc0-8985-4796-bec4-849d12075d40,,,
30112,d3ecf2d8-54ef-4e9b-82d2-486a55705c27,,,
30113,5d0019c0-783b-4916-8937-7ae641386df3,,,
30114,0c4f0d77-6f7d-4246-b34d-56cf72b5368a,,,
30115,ee810a92-109c-4c38-9e7b-9e6915d30b0e,,,
30116,47776ae9-156a-47c5-b267-966b090ac6d9,,,
30118,5ef91465-75a1-4d68-b8b0-317a95300df3,,,
30120,06144a50-e385-4fd7-8b5f-e4d9d9886343,,,[{'resourceId': '3c1004f5-17ea-48f3-b71d-9b847ab7ee71'}]
30121,2a4d65a0-b8e9-4fc0-b018-7a2a68c1cac6,,,
30122,f0388f44-d017-4792-980e-b210ac5e4bec,,,[{'resourceId': 'eb9fe18b-05b0-4320-b390-de5c88a5f530'}]
30123,ccd8d1b8-b17f-495c-8de8-5fc3f1a68e5b,,,
30124,232a64c8-3bbe-4b1f-ad69-b2645031c5df,,,[{'resourceId': '80c86810-1671-4db7-bc19-0bedc415f431'}]
30127,c5853c8a-63e4-494c-adcc-3ef4dfa14957,,,
30128,22c95575-f594-4d80-a33a-b6e3dc490f63,,,[{'resourceId': '58669c27-e5a6-4a2e-baf8-3afe62c5be9f'}]
30129,d201fdbc-8b1b-4ac1-99c8-80f9a0ce2d8e,,,[{'resourceId': 'e4533f4c-162f-4293-a617-251e83b4919d'}]
30130,e9ddc2ee-a8fd-4719-b586-5310a4ba0da9,,,
30131,185a49e4-5a0c-48b9-a32b-d68e9d6a2a18,,,[{'resourceId': '1b9cead7-8543-4316-804f-449902d8355d'}]
30134,a18b0828-3d49-4ee9-85c6-d1689e93619a,,,
30135,480ae1e7-0806-4b10-8517-dddcfaf2679e,,,
30136,ff478b43-c411-481c-8169-0c9bd4a332cc,,,[{'resourceId': '57ee6228-0652-4464-8d19-6b0d7113fc3a'}]
30137,93165faf-0b17-42f5-8b90-2f7cf8a8d824,,,
30138,70c5c7d9-8e31-429b-a831-a9850eb8fadb,,,
30141,e3c9adf5-34f8-4520-9cfe-86a3e53b0202,,,
30142,291729da-ed65-4b95-9595-c36ac1e65a4c,,,
30143,36a231f8-27e9-41bd-81ba-646cf4873fca,,,
30144,5a123aa4-f0b8-42aa-a0ce-dc3643f2cba0,,,
30145,f3f16fa7-40b0-4b5c-a9dd-c6cb69cfeb59,,,
30146,5a52c37c-ead0-4af1-bc27-92f3d69bc400,,,
30147,17cadf34-c718-46c4-82bb-d9180d78d627,,,
30148,decb8c22-3fb3-4f52-bf25-c0140f1a84cb,,,
30149,70fddba2-46b1-4362-9f8c-48580b2a5ea8,,,
30150,82a868d2-ac85-4a2c-a9f1-16dd9bc5a66c,,,
30151,e6b2d92f-026f-49dd-a2a3-460e733ebdee,,,
30152,96e41b32-fa3e-4250-a898-b15468f6280d,,,[{'resourceId': '93ca8ac7-528d-4e3a-9eee-3bbc54016da7'}]
30153,bd3ad6cf-8803-491d-b9cf-ccd220cbd007,,,[{'resourceId': '35de09ee-7c4e-4ab3-9561-2abe7b49c26e'}]
30154,9172b899-5d08-4292-b05e-9821f0861b7a,,,
30157,a0ba277e-1626-457b-bdad-637d916c74fe,,,[{'resourceId': '4f02f3a9-8431-49d8-8412-2403c12dd097'}]
30158,d737b4b7-00fd-4ec5-a471-c08dad426f41,,,
30160,f4334767-89c4-483c-b2ec-e0b6dd2193aa,,,
30161,7f6a08e2-d360-42fc-8a3f-5545cd47dbe0,,,[{'resourceId': 'f6a6e0ac-fe77-4398-993b-33fd62231166'}]
30162,61f3a87c-69cd-40d2-bb0a-b292ec5f0ce4,,,
30163,08fce9a9-09e6-459c-bdce-f1ee79dd479b,,,
30164,dce8fbd5-9fcc-4dc2-879b-5559f0ee5c66,,,[{'resourceId': '63823ba9-2c8b-4add-b9f5-1d24a9eb5328'}]
30165,ed3f15d6-ca90-4828-be82-0bd53a95f51a,,,[{'resourceId': '30ea7f6f-518b-4e7d-882e-c776eb126a9f'}]
30166,27f16d2b-7d9e-4504-a8d7-41e918681fa4,,,
30170,a8e05920-caa8-4c31-aa5b-f33f75ea482c,,,
30171,2d376f5b-87fb-47d1-bd33-d16a389cb00e,,,[{'resourceId': '7ec25587-8762-482b-b981-8e008864319f'}]
30172,cf4146f5-5f10-4f41-9e70-e44526f6e9d1,,,[{'resourceId': '2d7ba8ff-61f6-4d68-8cca-52fbbc140f57'}]
30175,89b60609-8fba-418c-a013-2449cfd282e1,,,
30177,26d978d0-d14c-4873-8b53-90beeb766e5b,,,
30178,2f1a13bb-c16d-4c49-858a-598971eb5c6c,,,[{'resourceId': 'fca3d5cc-ccbb-497a-a4c5-45f8ff29f186'}]
30179,05e49a4f-2de9-42c0-bb54-5bc8da8d9f58,,,
30182,751566d3-330e-43b8-b28c-d2c91c881f93,,,[{'resourceId': 'a49c5bc5-04b2-48fa-a7b2-e4aaacdae54d'}]
30183,5b57e9b3-9e02-422b-8da3-e8f03a5ccbba,,,
30184,c6613574-fb81-4722-b1bc-a845cc5dc284,,,
30185,5c31f0ed-8bf9-4cf7-b27c-944fa5c2aca7,,,[{'resourceId': 'e190e766-4942-40bc-b4df-f3629c1afaa0'}]
30185,5c31f0ed-8bf9-4cf7-b27c-944fa5c2aca7,,,[{'resourceId': '4ee0b72d-e070-4bb5-82e6-44f0de17afd8'}]
30186,7a499fed-51a1-4dcb-878e-2e3e609770b6,,,
30187,3d78f19a-c17d-426e-8c01-bfe9a3537fa6,,,
30188,4564a373-69c0-4bf0-96eb-0d5510392852,,,[{'resourceId': '53b03b39-e496-44c7-b99f-d641b287f15f'}]
30189,1fbc7f24-aa6a-49ba-91f6-7adbe2e69ee4,,,
30190,32e6cdb8-91d6-4beb-9972-3e5a7d574b4e,,,[{'resourceId': '3c1004f5-17ea-48f3-b71d-9b847ab7ee71'}]
30191,d01d290b-844e-48a2-b001-5747f5d3db97,,,
30192,cdc26e63-a621-4a21-adbf-756c2dae4036,,,
30194,e5053603-f82e-419c-823e-581926739e11,,,
30196,70f2ae09-7bad-4cc8-b4f0-e89672b9f2e1,,,
30197,ff718c40-40f2-40f2-9f47-f1249acdec89,,,[{'resourceId': 'f53bc9c8-b838-4629-8ea9-a52ecafdbf63'}]
30200,fcdf7853-3658-40dc-b445-40db3a66f5c5,,,
30201,5b15bf9a-955c-4339-b4d2-8a344cde857a,,,
30202,8d91dc7c-b5ef-4231-a2b1-749fc13f4e4e,,,
30205,8ce8dee3-4384-4e29-9f1b-9ab6e44efa5b,,,
30206,677e62f1-3e87-4bab-a1c4-b22ba01fb4c3,,,[{'resourceId': '3608784b-eace-4f82-b219-1e7aa362d15d'}]
30207,c06ef22c-5f2c-455a-af9c-1011f509b2f0,,,[{'resourceId': '31ad82bc-488b-49f2-b3ca-3e8a7d3a7adb'}]
30208,c179a56b-8097-4821-b26c-81d9b63068a4,,,
30209,957e6c2b-0942-4fc8-9886-2e9c88659087,,,
30210,f763955b-89d1-45cc-8914-3eb2e5eb4efe,,,
30213,96909447-a396-4da2-9a4b-40d914c379f2,,,[{'resourceId': '4a834801-8bcd-44fc-add7-88943f423af9'}]
30214,5de77d4c-bbac-4f27-ba29-715acf6216d4,,,[{'resourceId': '19dffbed-f5e3-4b3e-b0e5-f281d3257520'}]
30215,d6727f5c-7743-46f9-9250-0b206d4c4385,,,
30216,0f2b1149-ceb0-4970-9cd9-8b574577c5f4,,,[{'resourceId': '09aeb99e-f6ce-4401-b84a-6198134063ea'}]
30217,dbb096d0-8b47-4b45-9202-d4a500ca3d07,,,[{'resourceId': 'a85183a0-7a34-4fc2-8c14-4e9304786b36'}]
30218,83c2e1fb-880c-4155-981e-2ca342917a9a,,,
30219,c6a9d89f-257b-4df4-b924-412e36345ef4,,,
30221,7e69530c-ea0a-4726-947b-af08b86fdfe8,,,
30222,4f9b0c71-ef45-4cd0-92d3-c52d842f696a,,,[{'resourceId': 'd3d29611-5ed7-48fa-9dd9-675c304121dd'}]
30223,7657bee8-5430-4e69-bf7e-ebf791f61fae,,,
30225,991cd8ab-afb8-4ecf-a7f8-abf4a9a3b7a3,,,[{'resourceId': 'cee1ea9e-5a1d-4e54-a987-aa7282ee95eb'}]
30226,d5339501-b1f1-4e56-ba8b-dc2b4768fcdd,,,[{'resourceId': '6ae21f9f-7bdf-49a0-8d39-b8a711028ad3'}]
30227,829219e0-cf90-4fc5-8a13-80bef5433b12,,,
30230,a08caf7b-b313-474f-9c6d-e9705d955d8e,,,[{'resourceId': '321e4c76-3226-4cb8-b41e-dd8450b67fdd'}]
30234,20249c61-1151-45b7-858a-163ec772a009,,,
30235,0b8d2fc8-575b-4ff9-9b14-eea52218ff5e,,,
30236,4e1c0c61-285b-4f5e-94b4-5911ac40e457,,,
30237,4b261970-622a-4959-8639-689195d72a67,,,
30238,3a78726e-21c2-4d4d-8e5e-989f1848ede7,,,
30240,3df8ccaf-b7e3-4def-ad89-3ae5958672a6,,,[{'resourceId': 'fcf618e4-2ed4-4243-81d9-6305c0a8745f'}]
30241,561d2014-191b-4825-baf1-f7d77d90516c,,,
30242,d76a5d19-f1f3-4f56-94b2-b03e119a07b1,,,
30243,0b2ba78b-5e45-4714-b55e-e5fecc07aa08,,,
30244,207334f9-95c6-40e7-8e03-773401ea94e0,,,
30245,731428bc-9ee6-4483-afdc-744686eb0537,,,
30246,efdf762e-96d3-4391-bcd3-02f546e20efd,,,[{'resourceId': 'cb4ee83b-6ee1-4101-b618-d22065405b54'}]
30248,4dacabca-d8be-4521-a3f1-9627b2c327d8,,,[{'resourceId': '16568a71-97c1-4eba-b94e-90bdcea10acb'}]
30249,59ef443b-f1c0-40d3-952a-075cfb939aca,,,
30250,6983fbc0-f994-4d36-8aa5-3c242f4e9a22,,,
30251,4aba9e5a-aa45-4b19-a7e1-eb93c7e222dd,,,
30252,2d7ba8ff-61f6-4d68-8cca-52fbbc140f57,,,
30253,012dc42e-135f-4180-a47c-49efb9c1c724,,,
30257,ac9a1f08-43c3-4208-a27d-bd8bd8237299,,,[{'resourceId': '1e7512c7-c22d-473a-81a9-5a74385b09a4'}]
30259,a50d37ac-a2fe-4ae7-bcfc-5d3793929e18,,,
30261,e809abfa-e980-407c-9b9d-b4fbdc39b505,,,[{'resourceId': 'fd79383e-edeb-4a49-8ec8-2fd3e7cc3855'}]
30262,ed46bb95-897c-43bb-a669-970262f61174,,,
30263,9c0a39fd-e4a1-43e4-8ea8-e39a8d17d2f1,,,[{'resourceId': '7989c66b-c0d7-4bf8-aea1-c1767b24f6cb'}]
30264,7ed67c16-ef22-48c7-baa3-70af98839635,,,[{'resourceId': 'cc424f72-ae3a-43af-9f12-0db9593d7452'}]
30265,8bd109ed-9ee0-4c2d-b6b2-7c9e5bd00123,,,
30266,7e66a3a7-aa3a-400c-92e7-813bdc3b65eb,,,
30268,c5021267-2a0b-4eca-9a7f-bb6115bbb494,,,[{'resourceId': 'fb353916-4cfe-4485-8e4a-9eca46600230'}]
30268,c5021267-2a0b-4eca-9a7f-bb6115bbb494,,,[{'resourceId': '31c226c4-852b-11ec-a8a3-0242ac120002'}]
30269,a42d3efe-6fc4-4481-8ef0-616bd9be08e2,,,
30270,ef78226d-63bc-4b79-9fd6-38def09138bc,,,[{'resourceId': 'ffb7f17b-6871-406f-9cd1-a51c2935bea6'}]
30273,29f73325-7e8f-4868-b23c-90c5e8670477,,,
30274,83a7d4d6-91a4-40c2-b4ca-bc8558c5e4c4,,,
30275,6c461acf-3f30-4cac-b9bd-e7525860dc63,,,
30278,060ef5c4-2b9c-41a6-8837-ea22ff68083e,,,
30279,fdc6f34e-cf69-4c83-a6ae-6dd12159682d,,,
30282,07dd2ed9-1df7-4ed0-a22e-57007f200424,,,[{'resourceId': '2778aafd-a113-4b2b-a26f-5a540999889e'}]
30283,a5b715e0-d373-4af5-93b1-28b738189614,,,[{'resourceId': '11490c44-7898-4db8-9c76-d0e033d56b94'}]
30284,9fb3e169-639f-4df6-9bf4-5287e43b0355,,,
30287,6e674f45-821c-4452-af1b-ee88bd14162a,,,
30288,08d9dd5d-4eca-4ecc-a332-8c237d788656,,,
30290,906ff5d8-7838-40a7-aaf6-68dce5d7a2f1,,,
30291,53a1bc24-85fa-47d5-9ca2-1f48418d85b6,,,[{'resourceId': 'a5f9de58-48f6-4d4c-8bd6-97ed74591f6a'}]
30294,618df26a-eb1b-404c-b075-e6f791683951,,,
30296,2d578a41-db24-46da-9b73-51ba13707594,,,[{'resourceId': '5d0aa876-51c3-496e-82af-30bb9300d9bc'}]
30297,1d1c9161-33c8-470c-921c-57d302c4cf0e,,,
30299,df0830c9-e075-4861-a527-026b02268741,,,[{'resourceId': '91988af7-3e44-4000-aafe-2c5ef25de6ba'}]
30301,c05ad2a9-92c1-49cb-aaca-ac16fe72a827,,,
30302,020b39d4-9bbb-4afc-b692-79414ba98a49,,,
30303,1640bd90-251a-46e4-a726-e3805c6e540e,,,
30305,db911df9-35d1-41aa-a160-d44fd49046ca,,,[{'resourceId': '3d6fb173-13bd-459a-bbc0-1387ea5546be'}]
30306,2b59f0c3-8b81-429b-9065-c80575bf069c,,,[{'resourceId': '1428d38c-d903-4fcb-a6fd-920f54c14ea2'}]
30307,d48c362f-88f5-4913-a65f-9f70feabafc7,,,
30312,ba871e84-326e-4426-a993-7dc6d85ae217,,,[{'resourceId': 'a53fc25d-51a7-4e98-9446-1ebe974689d3'}]
30313,343169f3-64d5-4384-b857-858cb921663e,,,
30316,9dbd541c-86ff-458c-bdf8-39b69aec55bc,,,[{'resourceId': 'f278065b-535f-4469-a71c-c83ec2acae40'}]
30317,4d316960-90ca-4dd1-aa6b-753ff7707bbe,,,
30320,32ff5f7f-1a76-4a90-a1ed-0f12a74465ee,,,[{'resourceId': '1efa44a7-6ea2-4b36-93d6-02bba8b67f59'}]
30324,4eebc917-9361-4fa6-ac69-14dbc6df7cdf,,,
30325,d2a98cd9-c78c-4168-a23b-7fb8ba48da7a,,,[{'resourceId': 'b2a8b143-a8ab-4ab0-bbf1-0833028cc5ae'}]
30327,54346334-ab86-4820-844e-a5f3051fcee4,,,
30328,cc7fc18c-55e4-4443-bec4-7913e7a6d50d,,,
30329,0a4be7b7-3aad-4814-aac5-7905a91788ce,,,[{'resourceId': '13ea0ca0-89d3-46e3-991d-417f3b25dcd1'}]
30331,8a92daf0-ab0e-41e7-961e-3e3af422fcd7,,,
30332,d662c05a-11ba-4371-b8bd-48b2aebaa1aa,,,[{'resourceId': 'c1ab246b-4dc0-4b73-bcdb-3ffaa593812f'}]
30333,de08665b-7ce9-4147-bc92-4ad1590546fb,,,
30334,608be725-f25e-4f44-b504-a683983c6bce,,,
30335,f65242b1-a881-4ca5-bd3f-bceb7798c91a,,,
30336,59e6b989-0125-4bb5-856f-452d1f288a15,,,[{'resourceId': 'c846dc75-ffaf-4dfb-a1a9-9dda0d90f25c'}]
30337,405c8f27-4306-48c2-ae00-0a04cd83e955,,,[{'resourceId': '5f84bbd3-4517-4c8e-8726-cdf0b5c8c64f'}]
30347,c292f3ba-d4ae-40f7-86b9-1445f221e064,,,[{'resourceId': 'bde6c86b-9b8f-4410-9ad0-62f680d629be'}]
30349,bd5f49a7-2d1a-4cd4-9891-4b4679593a1a,,,[{'resourceId': 'af51b905-387e-4636-825a-17fd1023b47a'}]
30351,0d4d1966-898c-4f81-9038-30d8fb1aaf9e,,,
30353,dc7796d3-de17-416d-a865-35dcbb99f9cb,,,[{'resourceId': 'f12c1db8-466a-4501-ab15-c3896d2bbd60'}]
30354,153d46fc-f13c-4de6-b1dc-202e210914e9,,,
30355,401c361e-db7c-4255-859e-772a6f337482,,,[{'resourceId': '8b624789-f7e0-4c4a-a0cd-27eae234f345'}]
30356,bbffa46c-0696-45f8-bf4d-81ba8010c3e4,,,[{'resourceId': 'bd7407b4-3d0c-438d-a04a-5ffe965b0483'}]
30358,fb3587f5-f611-40f8-9cb9-09d0c4cef813,,,
30360,300032c5-b136-4078-b402-0c371887d4eb,,,
30361,cfc4791e-3fe8-451c-8c7b-8d1c5da60ded,,,
30362,8a03af67-c873-4635-9b6e-1f99de5a19d3,,,
30363,86a87e41-42a7-400c-a85f-d6123f219ce9,,,[{'resourceId': 'fca3d5cc-ccbb-497a-a4c5-45f8ff29f186'}]
30364,d3dbd699-f176-4470-99f7-3a0a0ad2fdd2,,,
30365,721b4ed7-6e40-4e37-9c05-698a96156179,,,
30367,f9595a5e-0c78-48bd-93c5-60c12baba2b8,,,
30368,6888142d-c787-4a03-ab09-e650817c898c,,,[{'resourceId': 'f42981a3-1f72-4297-91df-22998b6bb597'}]
30369,a21469e1-4344-4f15-85cc-08be0ab6638c,,,
30370,3ef00670-8c3e-4501-a57a-dc7458a94e6b,,,[{'resourceId': 'c6486efc-7207-4941-a54d-174d53a35df7'}]
30371,13d86dbd-d200-46f8-ba43-0863e7b694c8,,,
30373,668252ee-57a9-4958-bab4-8e504f148b13,,,[{'resourceId': '8e1352be-6067-4e59-8f90-badea959d6fe'}]
30375,ae0d0521-db17-4025-976f-3fc73a249bf3,,,
30376,cefd0ba4-195d-43e1-bcf1-ea1b3eaf309c,,,[{'resourceId': '7d820359-7632-4df6-bf1a-ba606096e10b'}]
30377,604ca505-b13e-4a70-9ebe-f80481b33140,,,[{'resourceId': 'af9b60b6-1dba-48f1-9a2b-3bc83e2543f7'}]
30380,be30fea1-f5b1-4a89-8581-1288ca303331,,,
30382,cf08a85c-fb2c-4b30-85bb-b252afc5f69b,,,[{'resourceId': 'e462bdcd-1639-482b-8c46-31644fd40f2c'}]
30383,6fcba74d-a6c0-4f7b-a94f-62faa63482ad,,,[{'resourceId': '63cc1d96-7148-4370-b4be-abb0694d8b56'}]
30384,c6c62aed-9977-4912-8847-45993dcefc71,,,
30385,ae87d352-578b-4838-87ce-d0b6594cf861,,,
30386,fad9a771-5509-41cd-8e4e-f298d04f2136,,,[{'resourceId': '9752dc81-fb30-4b88-88da-100f27aa3841'}]
30387,1ee327fd-ee22-4273-8ca3-dcfa15eb8d68,,,
30390,0a0bd897-7dc9-439a-94a1-12b08fed2d2c,,,
30391,9bdcf32d-3cc7-4718-83fc-3eeb7488a74b,,,[{'resourceId': '327bfccd-47ce-4cf9-95c0-781f87ff6f14'}]
30392,7181eb7b-f0c9-4fee-b37f-4bc8862f3a63,,,[{'resourceId': 'cf19f998-924f-4d6b-89ec-c9ed6dad27ac'}]
30396,f9de3546-4f0e-438f-8977-e39f72904156,,,
30397,9293fc65-0e2e-4b10-8f4f-6a6244659f9a,,,
30398,5cc56909-17bb-4056-bf87-f70ca5e55a18,,,[{'resourceId': 'f278065b-535f-4469-a71c-c83ec2acae40'}]
30400,9f228d3b-b6c2-45eb-9888-baf06f4f5f2c,,,
30401,7989c66b-c0d7-4bf8-aea1-c1767b24f6cb,,,
30405,31461bca-14a4-4833-9848-06d194b2a1ee,,,[{'resourceId': 'd710687e-38dd-45b6-9090-ceada45e6565'}]
30406,cb285718-ca83-4c13-aa83-bed675dd2b89,,,
30408,8b34516e-c4c6-4bd0-8300-018891dae10d,,,
30409,a9a6b80d-cba1-457c-aa16-5852e02f7c48,,,
30411,ea95e07e-d15e-4841-bbfd-50fa2e8cb86d,,,
30412,f5897756-fd2a-43d1-a72c-bf998675ce55,,,
30413,2862a191-c1be-4191-9a89-b42e76fe02b1,,,
30414,24ec0641-05fc-4c92-bf85-a5906a9d37d8,,,[{'resourceId': 'f2fc3989-d7bc-45c3-bc74-a46d126567f5'}]
30415,fb36119a-c90b-44f5-9e73-91a96ab465d9,,,
30417,720227ae-424d-43e3-9f84-ff136e50a66a,,,
30420,fed0986d-e320-4699-98bc-7c4728140618,,,
30421,ee7d858f-32e8-4d21-945c-b34c9dd24fe6,,,
30423,4831e65c-7d70-41cc-9689-4f41115d2d10,,,[{'resourceId': '668252ee-57a9-4958-bab4-8e504f148b13'}]
30424,3760b82e-41c9-4223-a9a3-daf74e08ecb5,,,
30425,56676916-5c1c-47b9-9b89-8516e1c603df,,,[{'resourceId': '859937b6-54a6-4842-bc38-7622dda2ccce'}]
30426,0babc9df-34a8-4edc-96d1-1517ad586b6f,,,[{'resourceId': 'ea00270e-1298-4ae5-a774-5fdc0dab7c14'}]
30426,0babc9df-34a8-4edc-96d1-1517ad586b6f,,,[{'resourceId': 'ea5d10fd-1ec3-403e-b50a-8b5b17c4e863'}]
30427,5ffb55f2-daa7-4bcd-bc94-556d57979eae,,,
30429,0c9f7ec3-1fab-4d31-833d-6caeb8e10279,,,[{'resourceId': 'e9a46b32-3173-4c82-ad9a-178ae24527d2'}]
30430,6a635bb0-2323-47e8-8959-ddbff1f53232,,,[{'resourceId': 'ba44ad2e-99d5-4674-9875-20cb3efa16ef'}]
30431,a78e6eb5-42dd-40c5-9ed0-9aa500bb07d6,,,
30432,9535e12d-cea4-4413-b80d-cc1b85b6eb1d,,,
30433,28933b5e-336b-4730-98fb-815dfbb97c80,,,
30434,ef7f9d51-cfd8-42d4-95cf-a4ecf2e52fcd,,,[{'resourceId': 'aca15d57-7f2a-40f8-8716-b6f52973c12a'}]
30436,44893dfa-906c-4fcb-864a-08cc5415cd81,,,
30437,8503910a-4369-4de5-977a-de5f1841b84e,,,
30438,bf61e278-0a4c-46cb-90be-9be03389520a,,,[{'resourceId': '3848734c-94ff-4efa-bab0-ba22be15fc0f'}]
30439,0527b5df-d418-468d-b454-6d210ac063b2,,,
30440,1ae226d8-89ae-40ec-966e-4c64e25a576a,,,
30441,1a9d9df8-3644-46fb-804f-7ece934a5263,,,
30442,00479644-41ce-4a6e-a8bc-329cbac6e883,,,
30444,773ec276-efdc-4503-a702-46098cb7650e,,,
30445,4e328bfa-bc3b-4de0-8d12-421bc0c242c3,,,
30446,d4a82036-7c6c-4b8e-9108-936262079292,,,
30448,36f263af-e23b-4789-a7ca-8f23182d71a3,,,
30449,34a2ad3a-2e4c-4d17-842e-90d13d008ec8,,,
30450,f532f621-1b44-456f-8e8d-822d2ea16150,,,
30451,0d659c5f-8860-45a9-99df-9d7765d4452d,,,
30452,2e890907-7e67-4150-87c1-57caa460e68d,,,[{'resourceId': 'c423857c-ca72-4ddf-b9dd-a2f2f3bfda25'}]
30453,1ab7d60b-d2c3-4153-8ff0-c506a22f886b,,,
30454,31759aca-e136-44ee-8ca2-3aaecca88363,,,
30455,2945d4d2-786d-4caf-9148-457dd7f1e7d6,,,
30456,1a167887-2f82-4d26-93a2-450a1543348b,,,
30458,ccdbe0cd-7b48-4c7a-84f5-80d0936d0086,,,
30461,77567b3d-4385-46a4-8ac9-4076489d4941,,,[{'resourceId': '860d0e3f-ce54-41c1-b8bc-3393a6e1bf79'}]
30462,01fdf15d-03e9-4520-8920-ba09540539dc,,,
30463,8e3246f2-a128-42a7-9b35-c3eddf5e5f28,,,
30464,39639cc7-7595-4b15-8c45-1af7dba8c47b,,,
30465,85f2e887-27d3-4bca-9982-c89d28f36895,,,
30466,7d40bf27-2d3d-4726-b9c4-5c905c176b25,,,
30468,75bfda2e-a812-41e2-abc4-9d25a4dbadad,,,[{'resourceId': '95878adc-1c10-4531-ba9f-847bda83cbac'}]
30469,d7f98a2d-753c-4263-a0a2-729cebd88af4,,,
30470,0f5910c5-cf59-4fa5-b8dc-102582312a66,,,
30471,b031ea7d-4275-4079-8667-9847de3c1ae1,,,[{'resourceId': 'ceac5015-9980-4389-9bf6-e7ce66fb6c06'}]
30473,925c811c-8cfa-4899-a7e5-b35ef08907f3,,,
30474,865f2ce0-ba77-45b1-b709-0d991cc93051,,,
30476,fcad606c-ddcc-41a6-bdac-d67bd122d3fd,,,
30477,3f9a9bd3-1deb-4414-bc9b-c6b12dbad6a0,,,
30478,3abb25cc-5a1f-4824-be4b-990bd8928ac4,,,
30480,ec27796c-3655-4695-b0fb-568861e538c6,,,
30481,cd16f142-28b7-4b9e-bcd0-5aab82b83e8b,,,[{'resourceId': '6286bfda-fcff-4f17-9a7b-e15fbb5ddcfa'}]
30482,33f9d20c-550c-47c2-847f-a3d9ff95cae4,,,
30483,e0009952-2f75-4498-a38c-9bcbcc7ce43f,,,
30489,7a072e9f-1d49-4271-bce0-2c6892974f5a,,,
30490,466f6a68-2de9-4a87-abbd-93a82e845da6,,,
30491,7e5437d9-d772-4146-9e89-c6edacedba24,,,
30494,df413694-15cf-4e16-9c4e-b2eae95cb5a3,,,
30495,90d78227-33a6-4848-86fe-04bfbf6ea663,,,
30500,a98ac309-539b-4a4f-bf7a-fc324e1474dd,,,[{'resourceId': 'b83520dd-377c-418d-ac24-3ac6e2cb6857'}]
30502,a746ba92-6420-4fd5-9c82-237a80010ebe,,,[{'resourceId': 'd909677f-b518-4d51-8368-923c13312669'}]
30504,64397c9c-5dd0-4b37-89a4-e6e9df3238a5,,,
30507,9a4c83d2-5711-4cd7-84b2-34867e6f729f,,,
30508,a7c61192-8206-46cf-8a4e-ebbfa92332b8,,,[{'resourceId': 'e3b4ceef-50e4-499a-be67-ecf3002ede46'}]
30509,fffd23d3-c928-41bd-b40f-7e7c07556893,,,[{'resourceId': 'ed51d4a8-aa17-4052-a980-49c12666d519'}]
30510,f932cba3-2940-4831-9f23-68b2d9c504fb,,,
30514,399b66ae-9081-4058-867f-5bf02a631512,,,
30518,0cf5bfc7-24f8-461c-ba52-892e67797c8c,,,
30520,b4dcba8d-bacc-415c-afb6-52941c6efa56,,,[{'resourceId': 'b471f6b0-07dc-4e2b-bc66-7a0eef46ca98'}]
30522,1bb4fe6a-d73c-4d23-8793-35bf54fa8b66,,,
30523,400d20f3-309f-42fe-bb61-d08e37eaf943,,,
30524,1d5b7a8c-eb97-44df-b6b9-fc323816b39e,,,
30525,35c3db4f-d303-4171-ba6f-bbef219400ff,,,
30526,a67bbcb5-3bb9-4c4d-8665-eed3338c056f,,,
30527,41218b85-c548-4d8f-b251-97e734eb50a7,,,[{'resourceId': '4ea317e1-7d73-4ab0-a62d-e3348f68a308'}]
30528,5d0aa876-51c3-496e-82af-30bb9300d9bc,,,[{'resourceId': 'a9cda285-1f85-4ef0-bdf2-96aa07f6ea5a'}]
30529,003aac63-c7e7-473c-8a73-8dae5e905c85,,,[{'resourceId': 'e8e5f13e-dbc4-4648-a57b-eac904d25d6c'}]
30531,b1aab8dc-ab01-4ca4-9918-3926ecc2f9a6,,,
30532,81545138-7d0c-444c-b7cb-f83fb89e8936,,,
30534,a9d39a51-3d4d-4807-9e73-e279848b5a71,,,
30536,8d3b335c-6831-4854-bd97-f27bbcd557e6,,,[{'resourceId': '8d55ee1b-9386-433c-ab0a-fc94bf2156e0'}]
30537,7dc889a6-46fc-4242-90d2-40bfde031ba8,,,[{'resourceId': '45e2ecbc-6461-4b2d-8446-5780cd12a110'}]
30538,46bf8e34-e1f7-4cb9-a84f-642ea33fc070,,,[{'resourceId': 'fd8f9337-d000-4960-9e2e-24f5908071ce'}]
30539,9dd9f86e-698a-4217-a93d-2f7fb2dece25,,,[{'resourceId': 'e71d4266-d127-4da9-a751-f9705dc72fb5'}]
30540,63211e87-0ce2-4c5c-af92-3fc545e5afad,,,[{'resourceId': 'f9bebb41-132a-47e0-a59e-9cd752e37a5c'}]
30541,7c2714cb-aa6c-4045-86ab-3e84a67cf712,,,[{'resourceId': '1904e6dc-a244-4bf9-9a15-b3a51c79ed65'}]
30542,1180e151-d0ba-4a0c-bcf2-2fa4db74be7f,,,
30543,0dd0d15b-f11b-4704-aefc-f1738b596de0,,,[{'resourceId': 'fe9580c7-e497-4588-9295-5d330ed482d6'}]
30545,111a77d4-0c95-4cb2-8a9b-9adc7752e200,,,[{'resourceId': '1300e773-de47-435b-a8ef-c4c025910630'}]
30546,840472ec-9f9e-4ed8-a268-35824abec64a,,,
30547,1a100bc3-4ce5-4f53-bde0-2d595abcd021,,,[{'resourceId': 'ba871e84-326e-4426-a993-7dc6d85ae217'}]
30548,87d47572-262b-484a-b547-5580f8960920,,,
30549,041c3503-fa7a-4609-991e-4028990c3876,,,
30550,8c5ec972-9fea-4ea4-b721-8a831b04451c,,,[{'resourceId': '4aac279b-80b8-4685-a368-4b4c9c4a98e8'}]
30551,4de1776c-5310-44d9-8e10-e9677851abb4,,,
30552,96bdb25e-f3ad-4637-b634-de7565a6f959,,,
30553,4625496c-d67e-40ad-87c0-e8c9a521603c,,,[{'resourceId': '2dc218e8-1013-455b-bd76-27608d72be07'}]
30553,4625496c-d67e-40ad-87c0-e8c9a521603c,,,[{'resourceId': 'a44e0912-c6f3-4dc1-84a8-442a5e9ebe7d'}]
30554,02339ac1-3765-4e9b-bdd2-936bda0d4bd3,,,
30555,206bafac-8525-4a46-9eff-2277ca2a2f2a,,,
30556,f1ee104e-d4fb-4f95-969c-bb7bcbe7f787,,,[{'resourceId': 'f2a71106-02ed-47c0-b469-c75ae53262d6'}]
30557,d1c20568-907f-4fac-952d-748e45b3a3a1,,,
30558,769145f9-b2ae-487e-a884-e32ee0071139,,,
30559,3e307fc5-9ec9-40b3-9f9d-6055136e412b,,,
30561,b55a553b-a039-4f6a-8f68-4384cab561fe,,,
30565,56afac23-a033-4095-9a42-5b892bac0ce7,,,
30567,8a83a2de-00b1-4b7e-b1ec-92ba41f4bfed,,,
30570,8388b54d-448f-4b21-8709-ede09a866b93,,,
30571,799e728f-8cc4-42a9-be37-cfd18822e2be,,,[{'resourceId': '4d5c106f-773d-483b-9ea7-df8a24b37b33'}]
30572,f519982b-e90e-467a-b897-80b2d51a5fae,,,
30573,a5d3514c-70b1-401e-84d5-a0185be4a6c0,,,
30574,b5d6c398-513d-474d-ac0b-710b22482c76,,,
30575,d7f038f2-5c30-4297-bd2c-8aa2461aff19,,,[{'resourceId': 'ef98d850-3bb4-477c-872d-8e0ba1a77599'}]
30577,e593fbdb-8ceb-4301-8fb2-147e4ebc81d6,,,
30578,2c2dc27f-45c8-4e48-9fc3-a9e8e826d625,,,
30580,8cf03377-3af3-4756-9441-3b91bfc68894,,,
30581,7598b677-65e5-4a37-9d9e-33e1a3d2a526,,,[{'resourceId': '3e6a38a2-04cb-4488-8933-b8c723f5e25e'}]
30582,f05d61f5-204c-4f03-a995-a1c7695194de,,,[{'resourceId': '96f2e7d6-05c7-4ab7-9b52-bc909ea30f60'}]
30583,cbe4c6e0-431c-471a-a794-42b06304c699,,,[{'resourceId': 'aa783305-01a0-4b5d-a233-7ea4d644c5c0'}]
30584,514f4580-eae3-420e-ab13-f1987f608458,,,[{'resourceId': 'a50de99c-c965-4896-a980-fa1e33cd0d97'}]
30585,e21c015a-6b9d-4d07-85a5-3e0a4a2f7af2,,,[{'resourceId': '3f0d2259-088f-496d-9bc7-d9067e055a97'}]
30587,94e676a4-885c-47fb-9467-76cdba402cf7,,,[{'resourceId': '5f0d51d0-a62d-4a97-8428-51315a6d453d'}]
30589,d6f2bf61-c8a1-4252-917f-35cd5a57e2b6,,,
30590,22c1b3cb-6e3f-4b46-9d38-46a482369914,,,
30591,75fbd27f-f510-4b26-9722-3706adac4dfa,,,[{'resourceId': 'a08caf7b-b313-474f-9c6d-e9705d955d8e'}]
30592,492a4c2e-6149-44dd-828b-866b9d80ee9a,,,[{'resourceId': '7176b9ca-47ca-4de4-8a87-e20ba069b395'}]
30593,b71e0e29-b0bd-4034-9960-941f3579fa4a,,,[{'resourceId': 'f1e93403-8ac3-4009-a9cb-f5fe72767c4d'}]
30594,d7eba496-e0fc-4de6-97f1-97a782427521,,,
30595,bb121c00-aea8-4d55-9792-f157835dfc3d,,,
30596,d549e39a-0064-4476-befc-54c326310e5e,,,
30598,764d8f21-b228-4598-a627-988b05964f68,,,
30599,47e6948b-ba38-4152-99ad-3a2675ac42bd,,,
30600,3822c3df-37b0-4949-bb74-cf98e03e373a,,,
30601,7b9555ea-0d4f-4baf-a737-9b2700611bde,,,[{'resourceId': 'd43bf646-1192-41ca-9c29-b6442e54d568'}]
30602,093fe98b-6945-41ad-b486-5fd1269a21b8,,,[{'resourceId': '7ac832e1-622c-43fc-a2bf-f1ec4e6f5bd4'}]
30603,1d3e35da-4c31-4cec-b608-0d232b5c0dd9,,,[{'resourceId': '0284b1d0-88a0-44bc-a74c-9559e507effb'}]
30604,ed369f6a-ec33-427b-8e4a-627fd0b6082e,,,[{'resourceId': 'e6db8285-2544-497d-b4a6-d6dd5a23a557'}]
30607,00e9b22c-67c4-498b-8eed-1ad38926dc98,,,[{'resourceId': 'b5c9e962-299d-43a5-954b-afae6cdf6873'}]
30608,b4b894f2-f243-41dd-8409-c2bb779dac82,,,[{'resourceId': '34a2ad3a-2e4c-4d17-842e-90d13d008ec8'}]
30610,dbf65d86-33de-4086-84b9-0d28418ae1ce,,,[{'resourceId': 'bd779107-22ea-43f4-86e8-d7e2cca23b9d'}]
30611,04f0a1c7-2aae-4942-b8ae-51ebff9f8cf5,,,[{'resourceId': 'a616d4a9-6a31-4688-b3d0-b98a069631d9'}]
30612,1e7d3792-4ed6-4e1e-b9e5-968252281291,,,
30613,73480064-dd50-41dc-94ea-3a63c372e113,,,[{'resourceId': '5c83ac92-f5d2-4e0c-afe2-318ce41aebc3'}]
30614,4d7c83b3-5608-407d-99eb-c8fca750a81b,,,
30615,8842c6d5-d5d4-49d9-ad7f-173a96d5167d,,,
30616,4b130417-831c-4fb0-934d-90985fad1e01,,,
30617,b181bea4-f98c-447a-a6ee-7c022e6d8e46,,,
30618,fccd5be8-1797-4ce8-b619-fe60c4852e74,,,
30619,4bb0718b-a7c7-4c19-ab2e-343ce8411679,,,
30620,5b1ec8c0-110a-4af2-a1b6-c35c2c3b003f,,,
30623,adcd881b-6aee-48a1-85db-9995bd31978e,,,
30624,b95b1649-3707-4c1a-83e2-b267f33c7608,,,
30626,3bd59e88-88b6-491a-976e-108429643f8d,,,
30628,8cfc7314-e31e-4319-9482-2452b40f6e02,,,
30629,3e9fd9ac-1fc7-429e-a184-edee8ae0fb3d,,,[{'resourceId': '8b343c85-9f8c-408a-8bac-0f2698629327'}]
30630,b038dfb1-a211-4e9f-8ac9-123d18f132ea,,,
30631,409a2b77-c594-4a22-98d5-9a99f4980053,,,[{'resourceId': '0225a009-0357-4d22-8074-9dac4949716a'}]
30632,1779dbe1-a1c8-4bcd-a0ae-c258d05efa05,,,
30634,056292b4-1d6e-4179-bc9f-c14db886817a,,,
30635,b4d0608e-adab-435d-94e8-a2151e81d49b,,,[{'resourceId': '38685ba4-276a-4c05-a8d0-1a0b09d90e39'}]
30636,d5c8507d-4330-4714-9c04-52e1c7f7fca0,,,
30637,9fba2bf3-6382-4714-8148-49dd261326f8,,,
30638,9da640e8-7234-489c-8387-a26ecad29072,,,
30639,a1f2b761-38b6-495e-a977-5176e8016f2f,,,
30641,08bb52f2-4941-4498-b2c6-7b149153d749,,,
30642,407290e6-7ec1-492e-aa6e-61c97c93ffef,,,
30644,4d507d5f-d9ef-4c43-95e1-3df097b25c60,,,
30645,0f239478-0fc5-480c-b341-4f01f52b1684,,,
30647,060796c6-a459-49fb-b519-89d50df8eff3,,,
30651,855f8d55-ee1a-4e0b-b96b-d53422bd6369,,,
30653,0537212b-c631-4c13-af39-62758f21afd5,,,[{'resourceId': '93192182-0d73-4848-a2fc-cb2fac47e72e'}]
30655,db8643da-76dc-4ebf-9364-7077f2b351b6,,,
30656,f3992d70-6ed6-48b2-8499-92af62415a66,,,[{'resourceId': 'ba532605-0cd9-43b5-ac53-5e5aa230f95e'}]
30657,7f7a863a-97c3-4545-9081-c5021837cfee,,,[{'resourceId': 'd005dd16-ecb2-4bb8-912e-b75e42693bab'}]
30659,e27fb698-44a1-4f73-a289-890a1c181b67,,,
30660,fa957bff-9c7c-4741-b012-94df97caf9d7,,,
30662,577a1f10-d9d5-4bf2-aa4a-9861d04d9f41,,,[{'resourceId': 'b3f8a5ee-d8af-4de2-b671-70de7d1b80c2'}]
30663,1a21beb8-7d8e-45fb-88b0-701e3198d8b6,,,
30664,104b7087-1dcb-4268-9e36-be2f8ffa6451,,,
30666,c2480b93-681a-485c-ad3d-431dc912d5a2,,,[{'resourceId': 'bca5ba1d-66c7-48c9-88be-5f58f421d5ce'}]
30667,e0ad6183-9eb6-4010-89aa-a8529452dd29,,,
30668,1d4d16a8-6fc0-47f8-ae8e-64cda1e683cf,,,
30669,d9dcf90c-6d52-4646-98a7-5e9b8f5bd5b9,,,
30670,e328002d-f859-4306-a45b-0b61b4a70942,,,
30671,55932c7c-b9d2-4cfd-835d-63bf920cd5ab,,,
30673,2b4bd1ee-b428-43cc-baa3-448b9adbd252,,,
30675,66568870-e489-4ee8-845a-b2e18bba0193,,,
30676,3736e377-9a68-481a-88cc-40555b5e2fb3,,,[{'resourceId': 'd212287f-4451-44c6-a93e-21f279078793'}]
30678,03df9983-e4b2-4374-9096-2260b62a99cb,,,
30679,3f05666c-e897-487f-9123-2c63b418b5ff,,,[{'resourceId': '28cf50d0-4793-4ef6-99ec-78c3c2f3d162'}]
30680,0e4ea745-3253-429c-86a7-78fb46dcb04c,,,
30682,ea04479b-99c4-4e8f-b5bd-4d32e61c1912,,,[{'resourceId': '6cfb545c-ac70-4b32-bb05-50c1d4671683'}]
30684,24b9a7b8-658b-4bb5-acf9-421feebccecc,,,
30685,7404985b-90e8-4ca4-9074-bfbe7dc5dfb9,,,[{'resourceId': '994807da-07c7-4a3a-8532-09f60c866c72'}]
30686,24b1d012-0262-458a-b4a4-ae46f0de8324,,,
30687,3a678a54-d699-4f12-ab66-7db7e4bb7410,,,
30688,267eb3b5-0777-40ef-b629-595131dca66f,,,
30690,44a38bf8-f943-4975-8b39-93985a124d67,,,
30691,dc2eaf29-0887-4cdf-8c21-14bcae7c30bc,,,
30695,3a0c8320-c926-4d65-9cb9-ac4f2d8ed370,,,
30696,1300e773-de47-435b-a8ef-c4c025910630,,,[{'resourceId': '598ebc8c-7892-4172-a583-02e736400cd8'}]
30697,f1595b0d-b152-49a1-9e46-c6e443bce2e3,,,
30698,b03bf605-fb02-4595-85b4-161dea29a0b9,,,
30699,8738c197-0047-441c-8e64-facce748bbf2,,,
30702,5ce5a13b-0a47-46eb-b03d-e5ff79aeab33,,,[{'resourceId': 'c5f47554-a718-40f4-bdf6-732abcff870e'}]
30703,41d5b08f-0f56-40c8-a5be-6df34731797a,,,
30704,e9b2369f-eac9-4055-8c6c-d1d833aff50b,,,
30705,19d303ac-85bd-4dc7-be17-9b415d826a89,,,
30706,238da0d5-affa-4334-9f5f-dcb1d30678ef,,,
30707,cde4d7a8-d307-4c2a-b73b-d091b912eaef,,,
30708,04a0fc92-3ac4-4855-8363-5c44622bd5b5,,,[{'resourceId': '79471cf8-fa23-4a6b-a20e-de547c20c531'}]
30709,80eb9814-c791-4267-86e1-8c5832a0902c,,,
30710,b60c07eb-e348-4b84-8d84-12707d8ee042,,,
30711,37537583-7997-4d00-b27d-cd93f89e847c,,,
30715,576b4069-5ef8-4290-9732-928bd15957ef,,,
30721,48e68b52-ede6-4bb4-967d-bc99fbfff169,,,
30722,4d91efb4-60c0-48e6-a077-f640f0a6ffa6,,,
30723,e86adff9-c7ac-42d9-9536-39e754d2100a,,,[{'resourceId': '73d9f13c-6733-4b31-8df2-84f96d97abb3'}]
30724,9d14ab2e-625f-4a28-9821-48404c64ad38,,,
30729,62c61fa8-1ffd-4eae-8dae-1ef3acae4efc,,,[{'resourceId': '470468d8-44b2-4288-8d3d-652f4c3fb06c'}]
30730,48fd1493-238c-4395-92b7-11870ee8d360,,,
30733,9a44efdc-6564-46dc-a3c8-1842ef84d866,,,[{'resourceId': '833a847e-4a4f-48e0-94ae-22da95866b4a'}]
30735,dff0def5-438a-4c6f-8bdb-1779f4dd8a1d,,,
30736,4ddd038a-79fa-44b0-a640-0a1bf6272041,,,
30737,5e56a0cf-fe92-44ce-8414-0b53d26c6526,,,
30738,2741d8f1-750c-4033-9dc8-2e05cb144221,,,[{'resourceId': '068914e1-6d0f-461d-bcab-0fd8725f6962'}]
30739,f2d7005e-e113-48e8-8c6d-0b8b9cfbb383,,,
30740,79f98ee9-cbe4-48fe-881d-7547aa1d2087,,,[{'resourceId': '36cb53db-5918-46fa-8ec1-f0161759782d'}]
30742,b8ac917c-39f7-40dc-91a6-010ece1fb08c,,,[{'resourceId': '77d78621-36cc-40ca-b199-928e9f4d52ac'}]
30743,466c4d8b-e76e-4fef-a035-bd6bac9590f8,,,
30744,25109aa0-1738-474b-bad6-ee33c1018bc3,,,
30745,d6dac81a-3204-430e-aec7-2bfbfaaabda5,,,
30746,45d311dd-2881-421a-bcc9-1a5d0835a0a9,,,
30747,d32d83cb-57a5-4f95-a9a4-ea404c008052,,,
30748,3ed32a73-a3af-4cde-bad3-97e2d65625a9,,,
30749,37cfe893-66a3-4b34-a8e4-c166201b0df9,,,
30750,e02aab16-41fe-45f5-9471-1e3e4a7c9beb,,,
30753,cb55326b-72ce-4e75-a106-7a08f1286f0a,,,
30754,d5b3d701-dc7c-477b-a49e-d674b911ea60,,,
30759,9ef84d54-8a37-4d2b-bb20-8ac76b6bda61,,,
30760,a0473674-b191-4b37-b17c-140c0446e45f,,,[{'resourceId': 'dc66c1d5-eef1-4fd7-8b95-30b0d1d637a4'}]
30761,6080bf14-49fd-462f-9851-a0a487ba7037,,,
30762,3911f746-239d-4470-8ea0-51054b7f5b0b,,,[{'resourceId': 'e9a46b32-3173-4c82-ad9a-178ae24527d2'}]
30764,e78ad35f-9d31-4a2b-81cb-9d148679cc2d,,,
30772,019d0352-9af2-46a9-bc84-c9e9a5b40450,,,
30773,02de472f-ad18-46fd-94b9-be8345d6e617,,,
30774,9178647c-2b55-4b7d-9b38-4af86a9c7ffd,,,
30775,2ebc957b-0a8f-4491-b668-86cd5e781ab0,,,
30776,080bafc0-2d4d-4463-995b-833feb93ec47,,,[{'resourceId': 'a5a3a86f-3976-425b-b9f6-31024ce37e3b'}]
30778,f310f1d1-2e2a-4a5a-bf34-4c9e96d19ed9,,,
30779,78bd4759-d55d-4a3c-aa35-2ea67dd4515c,,,[{'resourceId': '79811a2d-355b-44ad-8f2b-d2cd6ffeb513'}]
30780,1b9f7716-a433-400a-be02-dd9b246ae1eb,,,
30782,a563098e-4ea6-43db-a9b2-eb69eb69c943,,,
30785,acb9fe07-670b-4dc1-8479-20ebc311b9f4,,,
30786,4595a770-7456-4c8b-be0f-07c84a47d01b,,,[{'resourceId': 'a3ddac26-e511-486e-93e7-04a7c4f06454'}]
30787,8bd7db21-dbfa-4279-8c62-b2563ad43624,,,
30789,257f9637-0f9d-426a-bb9f-678c12ff3df6,,,
30790,2271fa73-979d-445e-a039-3a809eabaf22,,,[{'resourceId': 'fcb532da-9130-4f94-b1f8-8289013a91dd'}]
30791,a2fe47c5-3b18-41b2-818e-9da024e20865,,,
30792,7b4e1792-202b-45f5-bb0b-951602fccb3a,,,
30793,7da17286-19da-43fe-ad80-89b7ea8419e9,,,
30797,a1cde934-f626-45cf-80ad-b1e898b64e71,,,
30798,a4b19fb8-fb53-4170-a84b-e69c4eac2e3c,,,[{'resourceId': '21f5575b-e719-46c3-9188-6521a658613d'}]
30799,1eddd0a8-6124-4dc6-b788-5adbaeefd0c8,,,
30800,e6c2bd6d-eec8-477d-a244-edeee318225b,,,
30801,6e7414c1-944a-4fb5-b606-cfdf33de8fc4,,,
30802,9c569e5a-08da-4760-acc7-aebe6ac3fec0,,,
30803,ec91c33b-d027-4a09-89d2-9b9dbed3673f,,,[{'resourceId': '0748fc48-bb25-4703-9393-8028f8f4ff91'}]
30806,a5d20a22-b202-42e6-b2d9-dc386efccbc6,,,
30807,04987090-c3b4-41c6-a76c-213d82b237a8,,,
30809,33411b90-eb58-4223-95a7-b710335b956e,,,[{'resourceId': '5e3e36de-d430-4bb9-8875-b445c8eb1eea'}]
30809,33411b90-eb58-4223-95a7-b710335b956e,,,[{'resourceId': 'c09021d4-24af-425e-8e48-918a57136d53'}]
30812,3663cb86-2914-45fb-bdf5-cd6e29fb4d0b,,,
30813,80543768-722c-4736-8d29-6a1c22d74c04,,,
30814,0a6d195d-c30f-4845-b735-15fadce9eee8,,,
30815,984807af-346d-491f-86ee-e23cd5016225,,,
30816,fd7af435-ded2-4af0-bdfa-74f7050023fa,,,
30817,f2ffc5fa-5318-4a19-88c9-455e7ddf36f8,,,
30818,9ccd058f-4bda-4940-b61f-cf7b0761eee3,,,
30819,e2b9bfc8-6c78-4bee-8275-acca65bb55ff,,,
30821,632f407d-6544-4317-bb3d-0e31d1509894,,,[{'resourceId': '22ee47d3-23e5-4e7a-9efb-b6070fc49f6b'}]
30822,55ee9612-9820-443e-9ed3-662754514f85,,,[{'resourceId': 'd0251edf-c1db-42fe-b218-56cc1607afcb'}]
30823,a1af62a7-b78d-4bb6-a4e3-a87a0c860ca4,,,
30824,ad528de0-b43e-43e9-9195-6e92bcbb45ac,,,
30825,b7b5f399-a801-4916-bb6f-5f6edc0f844c,,,
30827,4bbbb5fb-5fdc-4cac-887b-6b80f1aa624b,,,
30828,9d90f7fc-482e-460e-9040-94bbb3f94d66,,,
30829,a0d21295-0cbb-48a4-9dba-e22cf647ffaa,,,
30830,23314cec-c97b-4f2c-af00-313f99284cad,,,
30831,c5584b85-3751-4e4a-bc90-318d7b32351e,,,
30832,a97a9b14-eb32-4c63-aa2e-17bbd2a734ba,,,[{'resourceId': '0c68f0e7-ee7a-4982-b0ff-f822c28df5d9'}]
30833,4e9df684-2340-4b76-86c5-2eb510624386,,,
30834,bdc95938-3567-4955-b83b-ea271b67e724,,,
30835,d84b5b00-f4f3-498e-9265-343cf3cab2e3,,,[{'resourceId': '6e18b833-833e-41bd-8f99-64add96ba7f3'}]
30836,6d660f02-5b0d-4361-89ef-c2b978152cd1,,,
30837,5e6de024-b6f5-45f6-b14d-03c905c94227,,,
30838,92221d3b-5bad-4c3e-8448-501496d23b58,,,[{'resourceId': 'e9334e0e-07a0-4786-b787-4056cf102ce5'}]
30839,c9b31c2b-43b6-4c0d-84a8-90118ca8cbb0,,,
30840,d8cc8887-433f-46e1-898e-45a4ea0ded01,,,[{'resourceId': '8ae3d5ca-f11f-4bad-9909-45cc2b4cfd5b'}]
30842,e713c854-6bbb-4b59-b75d-ea764456953e,,,[{'resourceId': '41d5b08f-0f56-40c8-a5be-6df34731797a'}]
30844,8487e870-91c9-4ee1-9b02-c7d7cbaa47ff,,,
30845,d4871214-5064-48c5-ab15-e755b1a04633,,,
30846,030efb67-13f4-4fa7-b7b7-d9a0be7f7738,,,
30849,2df1c619-6142-4ecd-9be3-00f09f49c3ba,,,
30851,542481cb-c4d5-4f78-b300-78bd70ef5969,,,
30852,8c1d85f9-ec1f-446d-b260-3526d1c74037,,,
30853,3fd0e238-cc47-4020-97d1-90bfa1868ef5,,,[{'resourceId': '3c835cc6-852f-4385-88d4-75583db10fcb'}]
30854,89b845f4-6593-4016-a28b-bf53e830d4d2,,,
30855,517539fc-675b-43b9-9284-d3770291d6d8,,,
30856,68dd3b9a-f89f-4f39-869f-3910eafaf696,,,
30857,9a163dc8-d2ba-4a8a-b564-b1e2daef6440,,,
30858,a53fc25d-51a7-4e98-9446-1ebe974689d3,,,[{'resourceId': '691dabcd-2038-4741-9936-d2a11c346e6a'}]
30860,ba3ad755-a828-498e-9a58-a377f1b5ab9b,,,
30861,bb97ec35-0866-43dc-b8ba-5cd8f6af4526,,,
30862,64dd96ad-297c-4459-93b3-d169bc203033,,,
30863,1c7279c3-a329-45a0-b217-c0df4e12fa64,,,[{'resourceId': '613d7c7f-3c9c-42b4-86a7-2cad149d3c47'}]
30865,a1c75f4e-cba1-48c3-8148-9e199894c5fb,,,[{'resourceId': '1f260244-be4b-47f6-9ec8-3e6286ea0eb2'}]
30866,faf43fc2-21fd-4234-90b0-be789c1f8b48,,,
30868,8f54e4f5-6d53-410f-a1d2-d12844aa696e,,,
30869,04405d7c-1524-4b71-98cf-c577b7cce75e,,,
30870,1ba63231-7482-4dd8-b7ed-93d93b08b63b,,,
30872,51460d1a-05b8-4eea-87af-0d9f9c78e935,,,
30873,b5120865-2c8e-4eeb-b507-5e775e675bea,,,
30874,dae4608e-72ea-44a9-b65c-880e9965eeee,,,
30875,d7b1b743-441a-411b-b4a4-d412c2cf7378,,,
30877,24b56c76-db0f-4006-9ed4-19c96441228e,,,[{'resourceId': 'd212287f-4451-44c6-a93e-21f279078793'}]
30879,16c9c723-3cfb-46f9-9780-e873f756a6ec,,,[{'resourceId': '88bd647a-a552-4cf2-97ba-3627ca3fea0d'}]
30882,5af42288-3e84-4184-95e8-48a9d8df6695,,,[{'resourceId': '2fc96b5e-4b46-4084-94b9-238ab981736a'}]
30883,98ecde5e-79ba-4665-aef7-ec3d531c83fc,,,
30886,4243e04a-f229-425d-b594-8dcaa3302e07,,,
30887,3f12768b-4b8f-4a24-af04-eb8b06785363,,,
30889,e90d96be-7cce-453b-8cbe-db31c540c936,,,
30890,8346aaf9-73db-4440-9439-45d6f0643bbe,,,
30891,734daef2-ae15-423e-a22d-a5fce049cce5,,,
30892,849a0a44-d85c-443b-9e52-41bc5e725ac4,,,[{'resourceId': '7973552e-7680-477a-8063-5284221438f8'}]
30893,4fdaf74b-bf57-4894-8feb-9a7c17fc36ed,,,
30894,62181495-4814-4594-8385-d9b0e529383e,,,[{'resourceId': '81b64e5b-e8e0-4543-9528-40a93f5e754c'}]
30895,02e7156a-02b6-4720-ac98-afb6720b9674,,,
30898,dce7de9a-5def-4d7f-bc73-693b3fa7ac86,,,[{'resourceId': 'df705866-39c5-4100-a019-37b36ddcad77'}]
30899,61c775a9-42ba-4dd0-82cb-b7f779c63ee0,,,
30900,27654355-29f0-409d-a693-954a9abc1162,,,
30901,2132c4e2-4ff5-4254-9fa7-f85b6173a47e,,,[{'resourceId': '292a4f21-4bcc-4558-88ad-9d70fd961e68'}]
30903,d637dba6-d1c1-435c-a40c-ba8d5bc6bc40,,,
30904,7189af92-6bfa-44a9-9205-f8f3afbcc5b2,,,
30908,3dbc812e-ffe9-4ff4-abbc-f8f08dfd397c,,,
30909,76f0b38b-fb9d-49d5-8e55-0a85dcdd7ceb,,,[{'resourceId': '8973b40f-cd3a-4f42-bf2e-d9cbbfccb1dd'}]
30911,6bbd3533-6e65-4639-9f17-026ec59c1ef0,,,[{'resourceId': '59ed3508-9933-49bb-8a52-c8c6945cc28b'}]
30913,d1b8e248-b53d-4eaf-b281-344eded55893,,,
30914,232dcd6f-b2a8-430e-89ca-bbff097b3b6d,,,[{'resourceId': '3dabed53-cb2f-4e62-a441-94dc1946bc00'}]
30915,3fb158b5-3593-4a31-838d-e3899eda3186,,,
30916,5a23706e-a7ff-4394-86a2-a9764a9e4d5b,,,
30922,9af24d32-032d-43b4-a93f-c6d1ff1ae9ae,,,
30923,e266fb17-c80c-408b-a1f7-f7599905c442,,,[{'resourceId': 'e1b31262-e9e9-409d-a5dd-4042292c0fa2'}]
30924,6ba81752-dab8-4ade-9cc6-624747b27ab5,,,[{'resourceId': '2c61b6fe-0011-4a7f-b978-9d952becf75d'}]
30926,263991ae-89c2-412d-ac08-0b812c811f58,,,
30927,3b5aa832-82d2-4ba7-acdf-1aa178234e24,,,[{'resourceId': '9d110a88-c747-4985-acc4-457d8f12d45d'}]
30928,64fce82d-98a0-4d51-a3e9-680fddda4d1a,,,
30933,e9d7144d-e916-4d69-a599-d1c36b8d97dc,,,
30934,88173419-c51a-4f8a-b20f-851e57075f95,,,[{'resourceId': 'ce2a3237-72ba-4405-8a16-841936b3e7b5'}]
30935,bc32fe87-3dff-4f84-8b71-43d8817e0818,,,[{'resourceId': 'd005dd16-ecb2-4bb8-912e-b75e42693bab'}]
30936,c9f046c5-3b30-4b7c-af00-86ab364c3456,,,[{'resourceId': 'bb370ae7-7e70-4237-86dd-acf72ff34bd7'}]
30937,232fc9d5-1872-4437-bf0d-7b8d50076605,,,
30938,c74c77f8-2cc7-47c3-b321-07caedbece90,,,
30940,615e7bc9-78a1-47e5-9ac7-10f95222bcc0,,,
30941,f5ee5e46-278a-4bbb-92be-2e4527228b30,,,[{'resourceId': '245c6fe1-ac1f-4148-af8c-8f263394e341'}]
30944,2c0a4bdf-ba27-4783-b45c-7e5b970ae926,,,
30945,edf59c72-1948-43b9-b253-ecaeb87654d8,,,[{'resourceId': 'ed533284-9ae7-470b-b7ea-56018ff7bfd9'}]
30946,fa4c8110-686d-4c04-922e-87d3f11a3eb5,,,
30949,51870691-786a-412e-afaf-bb550975148a,,,
30950,b429d0cd-37d6-47d5-8b50-2082c966c1e1,,,
30951,bcf03c31-3510-43b3-b8ed-d685c4930082,,,
30952,8b27ddde-28fb-4574-b086-8535d201c12a,,,
30954,eb413216-06c8-40e6-b385-63e3d994a6d1,,,[{'resourceId': '8a9202f4-475f-4fe3-a5c0-2587759dd7cf'}]
30955,2122e163-b9e5-4fd1-9e7a-d8cf363ffeb1,,,[{'resourceId': 'cc6a118f-0b11-44cb-944c-f2439668959a'}]
30956,cf9c83b5-bd75-42fd-9baf-a1eb7779fc6c,,,
30957,fedbb0e2-33b7-4de9-85f1-859478621c56,,,
30958,a8e2bc83-a7cc-44af-af84-f1e5ca71a261,,,[{'resourceId': '451f7698-5f4d-471e-a379-2b7f67c12a46'}]
30959,5707ed5a-7a08-4380-9ae5-14297291bf62,,,
30960,0fcf8cfb-aea0-400f-95f7-324fe39959be,,,
30961,1533c408-a915-48a8-905b-a07b55d8f78c,,,
30962,80cbcc33-6258-42aa-ac11-941df99ed0b0,,,
30964,84af6b0c-5a45-4716-a214-da3ef21f1150,,,
30967,03f6002b-60d6-4ee4-9b02-7b2a1b788b28,,,[{'resourceId': '037edd5c-f8b9-4aec-bea7-e40385773ec7'}]
30968,5dd1b60e-a4f6-40e2-8a71-13f9453c6464,,,
30969,fc8767be-a504-4bf0-9e08-e30e0aecd85f,,,[{'resourceId': '47cec337-fc12-4b8f-a38f-fa148a00cd61'}]
30969,fc8767be-a504-4bf0-9e08-e30e0aecd85f,,,[{'resourceId': '53ad4be4-8c67-426a-a579-9722e59e85c2'}]
30971,14f5272b-5615-461a-a297-9d8a7a530d8d,,,[{'resourceId': '85d0bf21-4e84-4b89-9c7b-4492aafbcda3'}]
30972,96055626-bd34-4427-baef-cf8caef4ad85,,,
30979,4b7ffe92-3aba-413a-b6a2-c01d5fe4e5cf,,,
30981,64b643a6-18e2-4cdf-8ac6-2dda9623a23a,,,
30982,fc1a37bd-3cc1-4223-8217-a2c97a749b35,,,[{'resourceId': '9946dfa8-f9db-4fdc-883d-94a773ead65d'}]
30982,fc1a37bd-3cc1-4223-8217-a2c97a749b35,,,[{'resourceId': '3f2a8f62-332e-4c71-801d-713cf870156d'}]
30983,9946dfa8-f9db-4fdc-883d-94a773ead65d,,,[{'resourceId': '0144ae8e-264a-439e-93b0-4fd349c576d0'}]
30984,70b9410c-7460-4723-80b5-742bf4f70357,,,[{'resourceId': 'aaf98735-992d-4e03-8530-773da495cebe'}]
30985,3f2a8f62-332e-4c71-801d-713cf870156d,,,[{'resourceId': '1a921e92-cca9-4e7b-8bd3-7e0dfec46a78'}]
30986,766d7e53-1372-4053-a121-fdfb9b82b4e6,,,[{'resourceId': '1a921e92-cca9-4e7b-8bd3-7e0dfec46a78'}]
30988,04300249-5a5a-48c1-8c24-dcb472a1f60b,,,
31000,cb66175e-1b9d-461f-8746-58319948f296,,,[{'resourceId': 'c3d24813-1cb3-44dc-90d5-5bb8604e422f'}]
31006,68a204b2-ab28-4308-b730-309c3f2d36fd,,,
31007,da915eba-6725-4735-aa86-445192d1ee9e,,,[{'resourceId': 'd4795fae-af37-407d-91bf-dc6f8743f5a3'}]
31008,d4795fae-af37-407d-91bf-dc6f8743f5a3,,,
31026,b6988148-7f2a-4468-bb52-d3ddfd1fb672,,,
31035,99ef6dcf-f499-49df-b952-35cfda176df8,,,
31036,e20f131d-01fe-40ee-a29c-01a984dc6891,,,
31037,d19fd0df-e94d-4a44-9940-dc091a6f4410,,,[{'resourceId': '61e935e2-32ff-40ea-8e3c-5bcfa029e0f0'}]
31038,61e935e2-32ff-40ea-8e3c-5bcfa029e0f0,,,
31040,a9dc64e1-d8e0-44f0-bb05-4ccaa6619be7,,,
31041,d1605f51-fd0c-4852-b3da-e4959b7a5235,,,
31042,e20bf449-ed9f-45fc-bced-d26d7a5f4733,,,[{'resourceId': '148cb6e7-b93c-47b6-82ab-665f5c1ad61d'}]
31043,148cb6e7-b93c-47b6-82ab-665f5c1ad61d,,,
31050,7ec25587-8762-482b-b981-8e008864319f,,,
31051,fca3d5cc-ccbb-497a-a4c5-45f8ff29f186,,,[{'resourceId': 'bfec216e-58dd-4182-8d13-1d82c4e56e6b'}]
31052,e2593004-27e0-4098-9856-0ea41448d812,,,[{'resourceId': 'b4e98e9a-9840-414d-9b92-db2d55455e27'}]
31053,bfec216e-58dd-4182-8d13-1d82c4e56e6b,,,
31054,60178b5e-5972-4455-b313-44a39f8372c1,,,[{'resourceId': 'bfec216e-58dd-4182-8d13-1d82c4e56e6b'}]
31057,a49c5bc5-04b2-48fa-a7b2-e4aaacdae54d,,,
31058,4ee0b72d-e070-4bb5-82e6-44f0de17afd8,,,
31059,9768eb91-2190-4649-909f-e361816dbde8,,,[{'resourceId': '343e0141-68e1-422f-8acd-0c30f1131cf3'}]
31060,ff2abd20-e078-4c31-a1f8-0397425214cc,,,[{'resourceId': '27091866-6d3e-4ba1-9f69-f3d4a1c9a3a5'}]
31060,ff2abd20-e078-4c31-a1f8-0397425214cc,,,[{'resourceId': 'd378a410-a097-4aec-aca1-bf91a666aa83'}]
31061,d378a410-a097-4aec-aca1-bf91a666aa83,,,[{'resourceId': '247ea988-224c-4c75-add6-a4308199e294'}]
31062,247ea988-224c-4c75-add6-a4308199e294,,,
31070,fb353916-4cfe-4485-8e4a-9eca46600230,,,
31071,8996d703-18ae-4ae4-9ad1-2b45234441ad,,,[{'resourceId': '4ae612d5-6740-4825-b499-7d7de9a9c2a8'}]
31074,91988af7-3e44-4000-aafe-2c5ef25de6ba,,,
31075,91491346-4267-4761-83d4-a3fdda5effba,,,
31077,f278065b-535f-4469-a71c-c83ec2acae40,,,
31080,53ff48db-1b16-40de-82d0-1f4b68574071,,,
31081,b2a8b143-a8ab-4ab0-bbf1-0833028cc5ae,,,
31087,c846dc75-ffaf-4dfb-a1a9-9dda0d90f25c,,,
31088,5f84bbd3-4517-4c8e-8726-cdf0b5c8c64f,,,
31089,52d675a0-da80-4de9-bd87-b7722e3b61ad,,,[{'resourceId': 'b0809ebf-d335-4dda-826c-97d17d4e4066'}]
31091,63cc1d96-7148-4370-b4be-abb0694d8b56,,,
31093,327bfccd-47ce-4cf9-95c0-781f87ff6f14,,,
31096,f2fc3989-d7bc-45c3-bc74-a46d126567f5,,,
31100,62d90e35-5117-49b4-b9e1-bcf4f40adb78,,,[{'resourceId': '4a77c1e3-f937-4246-816f-e181324039cf'}]
31109,95878adc-1c10-4531-ba9f-847bda83cbac,,,
31118,b471f6b0-07dc-4e2b-bc66-7a0eef46ca98,,,
31121,e71d4266-d127-4da9-a751-f9705dc72fb5,,,
31126,b7117555-a5cc-44f3-aa58-9ec6063bd6c6,,,[{'resourceId': '7e84c186-9a81-427d-82a4-5d2107b3c3c3'}]
31126,b7117555-a5cc-44f3-aa58-9ec6063bd6c6,,,[{'resourceId': 'd4675203-5d5a-462c-ba7a-37b21c71d525'}]
31128,da18843e-afc7-4721-8b7f-686efe7b0bd8,,,
31133,e6db8285-2544-497d-b4a6-d6dd5a23a557,,,
31136,ba532605-0cd9-43b5-ac53-5e5aa230f95e,,,
31137,47db1c9f-65b3-4618-a961-4df5b4a223c2,,,[{'resourceId': '81450290-726d-4b9d-9a4a-47052e7bfab1'}]
31138,81450290-726d-4b9d-9a4a-47052e7bfab1,,,
31139,61aedaae-bed6-4329-86e2-b59c7172d445,,,[{'resourceId': 'eb6651e9-d302-48f3-80d8-d7b4f3205f04'}]
31140,eb6651e9-d302-48f3-80d8-d7b4f3205f04,,,
31143,c27336ab-279c-4bc0-a71c-7c4fefd24410,,,[{'resourceId': '272d6a4f-400f-4b58-945f-692be2e1665c'}]
31144,272d6a4f-400f-4b58-945f-692be2e1665c,,,
31145,bae0e99d-2c78-4c50-9423-49f876901b7e,,,
31146,480690f3-6d31-411f-884f-b8cf52aa1262,,,[{'resourceId': 'b32c5270-a3fb-493c-aaf4-dd4606918704'}]
31147,b32c5270-a3fb-493c-aaf4-dd4606918704,,,
31150,e0fc2112-bad1-474a-8078-ef40f2f4b2f0,,,
31164,dc66c1d5-eef1-4fd7-8b95-30b0d1d637a4,,,
31166,f790220f-8c36-4719-8d66-451c80ce4dba,,,
31173,a3ddac26-e511-486e-93e7-04a7c4f06454,,,
31185,8973b40f-cd3a-4f42-bf2e-d9cbbfccb1dd,,,
31192,a4c754b1-01b7-41b8-9923-c6e838a0e533,,,
31193,fbd7f2ec-8f7d-4dde-b11e-ccbc85e2d79f,,,
31194,f170a6bb-c34e-44c6-9fc8-e31389dcfa70,,,
31195,b91083c2-0f76-4f7e-b969-ad9adb1c4044,,,
31196,cd2e5a84-b885-4834-85bd-ec5bb5a2c17d,,,
31197,6e734687-1f3d-49ca-b2e5-285dfd7538a7,,,[{'resourceId': '56f6d2ff-4395-44a7-b74a-2d373bd08c98'}]
31198,56f6d2ff-4395-44a7-b74a-2d373bd08c98,,,
31199,41c1b7e6-4de3-41d6-b8f1-52182912f295,,,[{'resourceId': '1d459d77-5b0c-48c1-bc24-cccf7377b8b4'}]
31200,1d459d77-5b0c-48c1-bc24-cccf7377b8b4,,,
31201,42e7d394-5640-413e-8165-80c653714475,,,
31202,b2d9e716-9ea8-4fa0-8c5b-797848b23894,,,
31205,8cdc0202-d0ac-4247-a236-7b4774f27656,,,
31206,30119899-5c29-4741-918f-6468ab0bdbc9,,,
31207,edebc997-3188-4e46-a457-10d3ecad6917,,,
31208,62716e73-7001-4e45-ab54-7f63929b99b9,,,
31209,3caebcdf-6ac7-4bb3-9b40-090c532c54b3,,,
31210,42a18542-f0fa-41ed-8bf6-6d44783d336a,,,
31211,c26e843c-ecf9-4d34-8010-25eaec773651,,,[{'resourceId': 'e77fed1c-bf9f-453c-8cf6-1d4a3130c04f'}]
31214,e77fed1c-bf9f-453c-8cf6-1d4a3130c04f,,,
31215,260f19b1-9e2a-42d9-a68f-99269daa559a,,,
31216,a86c7dbd-5d14-4f14-a9c0-c6c50fda1955,,,
31217,2213f930-9b4c-4c31-a12c-2616968db035,,,
31218,f4e5d2cd-9af6-4712-8740-b072e6b191cb,,,[{'resourceId': 'e4dde72c-2b62-42eb-a8f7-fa93e3d6c383'}]
31219,e4dde72c-2b62-42eb-a8f7-fa93e3d6c383,,,
31220,4a9d4b0c-3011-4757-a7cc-06601d8a1a10,,,
31221,8e70fdbc-335b-4ac8-85df-273361b1badf,,,
31222,3c9b0f28-3c8c-43a1-ba9a-1219ac3f8c1c,,,
31223,42dd2c14-133c-4d3c-9051-6d828ec94360,,,
31224,3afcc17e-d995-42a0-bd16-acbc7f0c7b15,,,[{'resourceId': 'b269c5e5-c2a2-4a58-b2be-921add9c3f07'}]
31225,c2fa935f-c9fa-4094-b8d5-e728981dbc07,,,
31226,e564dcff-a20c-4066-a12b-e4f23978d9a2,,,[{'resourceId': 'b4f83e90-25c6-4e10-a733-75e740542461'}]
31227,30a67eec-89b0-4907-aca1-14f358223d29,,,[{'resourceId': '9c3d8816-3c0d-4026-9ef4-b475853f54aa'}]
31228,bed5f186-768a-430e-91df-b0c6c0332982,,,
31229,8fc4bd5f-1e73-448f-9350-3be6e9522d7a,,,
31230,7dba801d-ba33-4400-bae4-b218bf98bdb5,,,
31231,a9addaae-4c15-4c69-bb86-9bbfaecb1e2c,,,
31232,517dc099-aa52-4907-805b-d3b09e82bb31,,,
31233,95dd408a-84d0-43a3-8a5e-14ef4b0776da,,,
31234,36c3d857-dac3-4e1f-a0f6-5735567a67a2,,,[{'resourceId': '75410d56-eb64-4b48-907e-879515a4fe93'}]
31235,59ed0899-7518-4a94-94bd-726cb2d10181,,,[{'resourceId': 'c1f85949-1d93-46d1-ac79-9ed0b90c2ffe'}]
31236,74fc3147-fded-418e-ad94-f61adab1b27e,,,
31237,bb2ab190-4341-4b4c-9d00-bd3ae880580a,,,
31238,4063c1fd-cd7d-46ad-a4d5-256fd90ceb66,,,[{'resourceId': '7ca8395f-a8f8-4446-843d-80edd1033635'}]
31239,8fbc171c-ce6a-4d31-a332-c5749c585a34,,,[{'resourceId': 'deddf00f-53cd-4e87-994d-f513fdd14c8b'}]
31240,5121e36c-e391-41cc-9174-38c08caf9d2b,,,
31243,5d7e8bbc-51bb-4c7d-b33e-29c360dbbd46,,,
31244,b341b3d0-62d3-436b-ac02-d53396c23d4a,,,[{'resourceId': 'b055e852-a141-4195-9c7e-2064ddb835d6'}]
31245,daf23cc4-5d27-44b7-b647-f04804666471,,,[{'resourceId': 'caa4bc55-15b4-4e55-8a29-21df49128367'}]
31246,5f739018-8c89-426c-911a-60c3f902a7a5,,,
31247,3df6907c-16a1-435a-9561-df7ae75b5fd5,,,[{'resourceId': '85e2da77-4270-4f33-9b65-3c9c8dd220b8'}]
31248,11189403-4cd7-49f8-af64-135f4d70956b,,,
31249,7787ee2e-670f-42d1-8dd6-9ab7e0144ae3,,,[{'resourceId': '034a1785-91a3-4b0a-8974-c71bd9cbd326'}]
31250,8c849873-3f53-4a47-8a89-4d076410e269,,,
31251,b84177e0-a86a-40bb-8cd5-ea2ad8ad9bd1,,,
31252,86e3a9e6-2f85-4189-b28c-d77639500478,,,
31253,617cd8ee-909a-447f-9bb7-23f8b6fefb58,,,
31254,009496a5-f080-41fb-8718-845f64a062f8,,,
31255,c2460a09-d9f9-4039-94ea-c0d3c7737945,,,
31256,55ad3265-a756-42d8-89c3-c4ed82a71fe2,,,
31257,0c25f5c8-b3bf-49b2-aeae-22e6e19b0220,,,
31258,26f15e92-2eab-4936-92ed-a6510faa65f7,,,
31260,ccabd390-ed45-4036-975e-e9f60198f4ab,,,
31261,5a37c82d-b832-42de-a70f-5a5fc0066ff2,,,[{'resourceId': '9316b54b-c975-44f0-bbf6-3e7897bfee0d'}]
31262,92eba140-587c-4890-a9f1-91fc54c2228e,,,
31263,7871730f-22b7-4549-adac-06226f4437c9,,,
31264,f7e3ac53-83f3-4a85-b72d-62baaea52a58,,,
31273,9bc319e0-87c1-4c37-987c-297a0b5c2e99,,,
31274,a62e8623-e72e-4d24-b3d7-38c20b538599,,,[{'resourceId': 'c79eb9f1-c501-457f-8b0f-9ea490be8d2a'}]
31275,9fa96ab7-c7ae-4f4e-8841-a45d6124173a,,,[{'resourceId': '5d4f4e51-5496-446c-a942-aab98543e71e'}]
31276,5d4f4e51-5496-446c-a942-aab98543e71e,,,
31277,cfbfcc87-ec47-4fe7-b4ad-fa68c5b8c70e,,,[{'resourceId': '9e125bd5-f0a1-4796-9e4d-1e8fa7a4077d'}]
31278,9e125bd5-f0a1-4796-9e4d-1e8fa7a4077d,,,
31279,9b0e55da-c487-450c-849e-ba611f422d4a,,,
31281,8cddd191-530c-44ac-adff-9f71f327217e,,,
31283,e97cbe8d-2699-4099-af20-2b04deb1ad8e,,,
31286,46fab964-ca40-45f9-a88b-5b0fdde3d5b7,,,[{'resourceId': '2950d15b-81be-4c99-bb42-717bbedf2b98'}]
31287,46b0b4b5-6160-4fdb-b9d8-d0f0ea55d355,,,[{'resourceId': '45122c3a-8294-4a88-a999-c2a4c9b82abd'}]
31288,0126df9d-ebe6-424e-8dfb-1e298b287888,,,
31289,21590976-4c7a-4540-8a74-a4519dcc01e6,,,[{'resourceId': 'aa78d442-db01-472d-8c8b-136b25738fe5'}]
31291,1b624f14-c196-41c8-9c7d-00f3ca173533,,,[{'resourceId': '89a45250-d1eb-4a47-aef2-e9c5f0118bf6'}]
31293,e7b9a107-7e59-4c2f-b0ad-9e5d24cff53d,,,[{'resourceId': '0e9e58ed-a978-4d4a-abee-35603cbe83bd'}]
31294,c8c76dc8-51ce-446c-9951-943ea5098503,,,[{'resourceId': '3e6a38a2-04cb-4488-8933-b8c723f5e25e'}]
31295,149b1bac-03d3-4aba-8047-8c6ffe0a126c,,,
31297,ff6e172c-f4a3-412c-835a-0c384f46fc4d,,,
31299,7000dab4-7b6d-4247-9b21-3f17bbfb9a4c,,,[{'resourceId': '560e3c40-6635-4f14-9c23-9e8c428fc2ec'}]
31300,fef43164-4624-4987-8b11-accc2ef9327e,,,[{'resourceId': 'e14b6cea-4511-4345-b16d-13f64f86122c'}]
31302,ef08e437-57da-46e1-84ac-cb09a56c465e,,,[{'resourceId': '1b6181a6-bb69-47e0-a20e-66f6eb8c5386'}]
31303,8477a7d5-bfe3-4f2a-9723-6ecd50efd41c,,,
31305,649220e9-d845-428b-be27-96ea4a8ba033,,,[{'resourceId': 'b711ef2d-0c98-4dfa-b685-5ee6d7e19c74'}]
31306,bf953d2e-8ec8-4b35-b116-189bb7f98de4,,,
31309,66895dd9-3d26-4779-afa8-e162b0bd99a9,,,
31310,2595bb7e-7cfa-4923-adea-7e3b2c12d2e8,,,[{'resourceId': 'e428f15c-bcd4-40ad-b0ba-7758e3f5006c'}]
31311,680c6ac1-5aa7-4e60-b0f8-1a6db1f7b139,,,
31316,295ca087-8496-465a-b597-b827fcb1940e,,,[{'resourceId': 'c515d101-eb09-46fe-a90a-109d79327d55'}]
31318,33b472c7-edea-4191-a6f6-007d6e11232a,,,[{'resourceId': '1ec5d9fe-9937-4f7d-826d-52108907513c'}]
31319,1ec5d9fe-9937-4f7d-826d-52108907513c,,,
31320,1e7120c5-f201-46bb-9983-8efc4af24f46,,,[{'resourceId': '9a1ad695-0719-4917-85f9-846692adf54e'}]
31320,1e7120c5-f201-46bb-9983-8efc4af24f46,,,[{'resourceId': 'a290f159-4619-4208-82ed-085eac36ddd5'}]
31322,8ab41b57-14f1-4cee-9fe5-30f6b200bf57,,,[{'resourceId': '9a1ad695-0719-4917-85f9-846692adf54e'}]
31322,8ab41b57-14f1-4cee-9fe5-30f6b200bf57,,,[{'resourceId': 'a290f159-4619-4208-82ed-085eac36ddd5'}]
31323,ca64c140-5db7-4727-8411-312bb2e4751d,,,[{'resourceId': '9e20924b-7c8b-4252-ac52-2d7302ae1095'}]
31324,f1645e7c-f1b2-4aa1-8e64-ad888e08cf3e,,,
31325,53e154d9-88fe-4b01-b424-8ec32c21bfa0,,,[{'resourceId': '83891cde-2791-4017-84da-5b3f797fbb66'}]
31332,aace72b8-dd05-47bd-ac3e-20fabc8c2188,,,
31335,5b325a73-ca8d-4988-9657-b87c1f5086a4,,,
31338,9510cb75-c61e-4727-8331-fb0d47557c60,,,
31353,2cc74024-08f8-4b16-962f-be1304c0a29c,,,
31355,57240713-54f3-49b7-aa35-634e09ea51e5,,,
31357,e99989e6-0d33-4ee9-9b0e-ec08e19c4c36,,,[{'resourceId': '34a5e968-b8ae-466b-8284-268aa894cced'}]
31358,34a5e968-b8ae-466b-8284-268aa894cced,,,
31359,0eb606bc-58b5-40ab-ab61-7e414b135584,,,[{'resourceId': 'e266fb17-c80c-408b-a1f7-f7599905c442'}]
31368,739f841e-59ff-40a8-993e-660a0531f3a6,,,
31369,c8eb2996-ce1b-4f8e-a75d-b9be1a0e563c,,,
31370,5509b8a6-73a5-4d39-96e5-cb867fb3f313,,,[{'resourceId': 'a454ffe7-a052-4d24-aa90-f347311ea9d7'}]
31371,a454ffe7-a052-4d24-aa90-f347311ea9d7,,,
31372,c6786c7d-7e2f-4c24-a2cc-39cfc1e618f1,,,[{'resourceId': 'e4632609-64cd-4555-8ca8-1f0d54ec9676'}]
31378,c09697f5-ce9e-4c1d-9cd3-50b1239adfa2,,,
31379,c5f2377d-eedb-4a82-9a44-e28aac571753,,,
31380,9800eddd-726e-4201-98fd-5c60ad16eef6,,,[{'resourceId': '9ca20fd2-6585-4f66-9c78-335dff532b74'}]
31382,a3888af3-3257-4ae5-b6c6-d290f48074e2,,,
31383,63194744-61e1-44a1-b854-ce01ba25eca2,,,
31390,2e952d63-1050-4670-8d8f-ec779f634b60,,,
31391,27b73cda-72c6-4790-940c-8600a1d5088c,,,[{'resourceId': '3f0d556e-740d-448b-b016-ce857950d2f2'}]
31392,3f0d556e-740d-448b-b016-ce857950d2f2,,,[{'resourceId': '246586ca-fb4e-43f0-ab0c-7a243735ffae'}]
31404,92e9addf-11a6-4952-ae85-9f8d7964baf8,,,[{'resourceId': 'fb46dc74-843e-426d-a05f-5412240f9b65'}]
31405,fb46dc74-843e-426d-a05f-5412240f9b65,,,
31408,74164efa-35f5-4b18-a26c-3e5e366fc8ca,,,[{'resourceId': '19ad7a29-3a58-473d-98ea-584f77f309ca'}]
31409,19ad7a29-3a58-473d-98ea-584f77f309ca,,,
31410,f38277b1-2ddd-4e75-9bd8-fe7df63f936b,,,
31416,a54171ae-ed12-4f77-8220-64655381357a,,,[{'resourceId': 'a580a2e8-1d79-4476-baff-1f5a3bcc1985'}]
31417,a580a2e8-1d79-4476-baff-1f5a3bcc1985,,,
31418,9e4b4b56-8442-4772-8e64-b0715b030aa8,,,
31419,75bde5ed-28c3-4eab-933b-0abad1bca7ac,,,[{'resourceId': 'ef08e437-57da-46e1-84ac-cb09a56c465e'}]
31420,1a21aeaa-6724-4d02-a148-a5962af0ec8e,,,
31421,551b5da6-1ced-4bb8-adde-5a73d228dba6,,,[{'resourceId': 'a580a2e8-1d79-4476-baff-1f5a3bcc1985'}]
31422,45587ecd-04a2-4750-ae4d-e7835d51dd3e,,,[{'resourceId': 'e56df651-c45f-43b3-b415-0de1a6bc6455'}]
31423,e56df651-c45f-43b3-b415-0de1a6bc6455,,,
31426,3b45d515-b435-4eac-abfa-7f6217e55442,,,[{'resourceId': '97354a90-8024-4924-ba3c-f5cbaff97612'}]
31427,37cec9d9-0a99-46bd-9104-851e45ea00ae,,,[{'resourceId': 'b2400f7f-06f2-4a79-b6d2-d6c271cbbdfc'}]
31437,28cf50d0-4793-4ef6-99ec-78c3c2f3d162,,,
31438,9b9517a9-3c90-4d0a-95ef-e7861e07e459,,,
31439,cfccd4e6-04fd-4f2e-a023-bb33ece5e91d,,,[{'resourceId': 'a79ea286-4e37-4228-ab69-eb98d4e0595c'}]
31440,38922099-d6b9-4d23-89a9-8157df1ebfa9,,,[{'resourceId': 'c5590c4a-b0c0-4743-afde-af4e2de65a65'}]
31441,c5590c4a-b0c0-4743-afde-af4e2de65a65,,,
31442,cf04b33c-3e47-4c33-8b94-ea7e12939199,,,[{'resourceId': '1c7babfb-4bbd-4867-9ecd-6cf2df2e97fc'}]
31443,1c7babfb-4bbd-4867-9ecd-6cf2df2e97fc,,,
31450,f24fe699-8e33-479a-b024-11bc4c84ae6b,,,[{'resourceId': '8de1fe80-d109-4af1-8e89-d4b26138eb13'}]
31451,c958f995-0afe-4c6f-8734-b35bdf60b3a4,,,
31452,5d21f948-3c70-4d7e-b823-ea25f351639c,,,
31453,004584f7-70dc-4b0b-a358-bd7f5d844738,,,
31456,4918f166-5e79-4e0e-8b14-97760aa08061,,,
31467,9c9cc205-fe48-44c5-bded-d0694093314f,,,
31468,cd2723f5-d0ae-497d-8071-05376a83b243,,,
31469,8de1fe80-d109-4af1-8e89-d4b26138eb13,,,[{'resourceId': '56a5ad44-8215-4518-8dbc-ea9c43d2da3c'}]
31470,0fb4844e-052e-484c-995f-fc1ac95ef1d5,,,[{'resourceId': '8de1fe80-d109-4af1-8e89-d4b26138eb13'}]
31478,00284736-e5de-4eb8-abb7-4a6fec68eba7,,,[{'resourceId': '021bbaf6-2794-4916-b913-6a39439e52f4'}]
31479,021bbaf6-2794-4916-b913-6a39439e52f4,,,[{'resourceId': 'd212287f-4451-44c6-a93e-21f279078793'}]
31480,c214d38d-3018-4faf-9ae6-795668be2be4,,,[{'resourceId': '021bbaf6-2794-4916-b913-6a39439e52f4'}]
31481,1e91146f-b8fa-44cb-ac0e-1d820bba9033,,,
31482,58362ba5-f2cd-4f90-9a0e-08c06432558b,,,[{'resourceId': '86b5e716-6f84-4a4d-8a51-230ee0a8ae9b'}]
31483,86b5e716-6f84-4a4d-8a51-230ee0a8ae9b,,,
31484,9141fd14-5d7f-4378-9c58-869832b84a60,,,[{'resourceId': '43b4684b-28b9-4b72-8e68-545518011f5f'}]
31485,43b4684b-28b9-4b72-8e68-545518011f5f,,,
31487,398cb515-b470-4034-aaf2-9cb2a3b56a02,,,
31503,221e6558-e44d-44d1-9e05-a46f9c5e9dc0,,,[{'resourceId': '5a6a3d6b-5afb-4512-8b72-1d120697e1b4'}]
31504,4afe80db-9826-4c73-9bbc-07dce980ea85,,,
31505,0af04d75-7b32-4c32-a96f-04ea55c955e0,,,
31506,f8d546d9-60ee-4030-8a98-fc243d1e07f7,,,
31507,49711eb1-c303-4e89-a0ac-c3d6b060e6b8,,,
31508,60a5dab9-f86d-4624-b116-500802c26744,,,[{'resourceId': '83078860-4f42-4378-a35c-0b23cda2839e'}]
31515,bab487af-6c99-4367-891f-c6f02b6c6d43,,,
31516,38cc11d1-56dc-4097-9897-d77cd00215d0,,,
31517,bdcc98e3-df08-4be5-a80c-0830186f1ccd,,,[{'resourceId': 'bb859cf8-dda5-4dbe-849f-8c14ab7cf795'}]
31518,bb859cf8-dda5-4dbe-849f-8c14ab7cf795,,,
31524,c1ab246b-4dc0-4b73-bcdb-3ffaa593812f,,,
31525,d6466bd0-3109-4db2-90b8-1ae20491fd5e,,,[{'resourceId': '65e2d3e8-a505-4657-a57a-6d653ee29cd8'}]
31527,f660bdb4-8672-40f2-9be7-db018296e32e,,,[{'resourceId': '7015bddd-2b2a-4934-bf6a-d6fec945e63a'}]
31528,6a3ac66b-adb7-47f9-9786-e0667f1b4f67,,,[{'resourceId': 'e4632609-64cd-4555-8ca8-1f0d54ec9676'}]
31529,dfa61ed0-f0cf-4641-86c0-a2f19c388740,,,
34804,9e8da0a0-788d-4c95-8387-2ea7a5936e9e,,,
34805,0588178d-bb57-417d-9224-9f32e6c99067,,,
34806,6d2f5038-c297-42e2-9871-3ddc49e90223,,,
34807,fbf26eed-a300-4c5f-b8cc-e9cfa95406b7,,,
34808,5c168bef-a2c2-49ce-95aa-cf7077be3937,,,
34809,bc18a1b5-2252-4f4c-942b-ae308505f430,,,
34810,601b1458-47e5-4c5b-b707-61a77824fe62,,,
34811,8f7e863c-616c-474a-9f24-a0520489fdaf,,,
34812,73de065b-37b3-4ee6-a19c-3ca32b192300,,,
34813,421e02ee-d258-4fbc-a938-ef790d134793,,,
34814,73be5c37-2271-4230-85c3-d6a4c0fd9270,,,
34815,918654a7-0a1c-406a-bd81-8def2e281f49,,,
34816,8bb74ee7-1131-4af8-9726-2ee187402335,,,
34817,bd859c8c-2584-4b5f-8fbb-fdf10fd29067,,,
34818,fbea2cf9-f27b-4950-893d-5353cd0a2267,,,
34819,a43536f7-66ae-4288-be43-a4b20c6bd2bf,,,
34820,b2ccf888-8320-4465-862a-594e5787f950,,,
34821,369f1683-3ff0-4bd3-9e6d-63d090e37b22,,,
34822,e9747450-adbe-4342-9b2d-d6f1e404093c,,,
34823,722564bd-1b94-40d8-9b17-a160e05c851b,,,
34824,b3a260d4-cfe1-4e5d-bfaa-ce15c536397a,,,
34825,242dfe0e-4aff-48fa-abaf-87e202118bb4,,,
34826,f2f19be0-2431-434c-8445-64b47e59c316,,,
34827,9a0d912c-9b9e-4a0d-ade9-61fdfb3d85eb,,,
34828,35893ac2-cee6-4acd-abc8-69526ec40897,,,
34829,0b9f37b0-8a16-4148-827e-7d13e3fc12a3,,,
34830,35ca3793-da1e-460b-8d05-8acc63af8832,,,
34831,9c72d030-7510-4aca-9e0e-8bba0c594b60,,,
34832,74877ab6-c5af-45bb-8127-3869e7c6bd40,,,
34833,6e2edcc9-9838-4496-a954-135b50bd6018,,,
34834,142693ff-9e45-421d-96c0-64e709a295a4,,,
34835,26f7a743-7caf-43ba-bc8c-97366128be8e,,,
34836,2747bf45-d279-4a2b-b2ea-9253c9d8158e,,,
34837,85a498e5-5b2e-476f-a614-85ff8258ec3d,,,
34838,7ff81302-d586-4377-af96-9b3103d53273,,,
34839,e333609d-83ea-40eb-8598-84cbdadcf99d,,,
34840,c3ab7003-1204-4265-940f-3d042d1918c7,,,
34841,dcd0da39-c3af-43de-b367-49bde638b45a,,,
34842,99298571-2d92-4ef9-bf68-69996b10c595,,,
34843,414f6f41-f84e-480f-86a8-c4a6d50b416a,,,
34844,a85e3429-bb8b-4709-b727-4fa15cced60a,,,
34845,2cd6774b-5445-410a-a0bb-9a54ef8228a3,,,
34846,751285fc-f9a8-436c-8e67-d2517975f56a,,,
34847,b250160b-ee27-4c0f-82eb-90ecf9605fd3,,,
34848,deb8b896-88df-4484-8644-60f3b5ccf601,,,
34849,96176a43-4dc6-4942-9d83-afaa31575ccb,,,
34850,da0ebfc5-554e-45aa-a20b-1cf3c99c6f1c,,,
34852,43ba099d-2982-407c-8e72-41d4abb9d220,,,
34853,0fb22098-0e40-4b6a-a879-c723d84b6799,,,
34854,2f71f133-776f-4b69-b159-998a299b3bc7,,,
34855,a9c5df02-4c95-4ccf-8776-18662a663e70,,,
34856,342668d5-bd57-4bec-9358-65047ce95b56,,,
34857,e3883835-272f-4f64-bcb5-7485cea9eea2,,,
34858,f2e3d333-a8e9-44ff-a028-0ea83ad8008a,,,
34859,97b6cfc2-3e56-48c4-9824-3f79eda7723b,,,
34860,0e1a1340-5672-4e5a-bc29-5d0fd4409cd2,,,
34861,abf70fb8-dc35-449f-a290-e226d9357e0b,,,
34862,a9a048be-60b8-4d82-956f-875d2bb63bc1,,,
34863,0b8f65fb-12c4-4777-8d57-5c59d142d3d2,,,
34864,dcdbad10-6eb3-453f-886e-a67b56af6f57,,,
34865,01086982-962a-4827-8168-5d9570afa8f7,,,
34866,705ab024-487c-47c7-937e-db0b3c502a0a,,,
34867,636f14d5-ff8e-4d0d-aa03-728cc917585b,,,
34868,fe19ea76-36a5-4390-a6c1-2539d73f493c,,,
34869,00377571-99ed-4e30-ad9a-39ce58d8183c,,,
34870,0c6e240f-b60e-461f-b7a3-1352a4e1560e,,,
34871,e749cff0-fbeb-4bcb-a502-e603d26500f6,,,
34872,2382c3d6-5132-4adb-98f9-d2b7b9744207,,,
34873,426201f9-433b-4614-8d80-3bdcb702939a,,,
34874,6b767e3b-4280-4c24-9939-4d52463c583b,,,
34875,712b19a4-1129-4268-8c2e-46120c93986f,,,
34876,8aa1d256-10bd-4d03-a478-bfe531a75689,,,
34877,af27cf07-5962-4133-8808-a8bf44864b23,,,
34878,d07aec1c-d364-4e1e-b77e-65fa2131675a,,,
34879,fc9e7198-f009-4aff-8fa6-cb73d3227db2,,,
34880,54ad1a95-3c49-436c-bb56-c4177f24fd20,,,
34881,b7e90363-ff52-4c5a-861b-3605a2de7c88,,,
34882,5273cd79-45b5-4f87-880c-cd8a273490ad,,,
34883,d27a952a-003d-42c3-aea8-6f48df7c318d,,,
34884,454520cf-68ff-404f-8959-42a5b3cc0578,,,
34885,60bc9fe4-574d-443d-ac2c-ee23a657b6bd,,,
34886,293b015c-ac26-4b8a-8dd6-d49a9f00d81f,,,
34887,6fdeb969-895f-4017-8eda-b64e17490668,,,
34888,c6de868f-655e-4ee7-83b7-d178e89c8b9b,,,
34889,93e1e63e-906b-4293-bdbb-0dd4d5c8ae86,,,
34890,ed5a6948-3dcc-4715-9e37-0e5758425a22,,,
34891,bfd8c58f-160d-4bf6-a8a5-1599dd35e37c,,,
34892,4f917502-c1ad-474f-af0d-19e0811488c2,,,
34893,de4a9c8f-b117-4761-aa95-d52529f78d52,,,
34894,516f8b3f-1b3f-4464-aa6c-e6084b8f7d3b,,,
34895,8527bc8e-9fab-4a67-951c-8cb47f422af8,,,
34896,a1196be7-f123-4df0-b410-f7faf1e76248,,,
34897,60a8fa75-43ed-43f8-bf17-b8687a4b1a61,,,
34898,9590b171-01fd-4f30-9ee3-d4e74438762a,,,
34899,5b0a4d09-5fb0-4715-ae11-824eecbbb48b,,,
34900,7751b8fa-3cc1-49a5-85b9-275844ed652a,,,
34901,7a05cec0-f7d6-4330-ad91-3e30cd2bb820,,,
34902,4ecc6c0c-32f9-4356-8918-fce7c5dffbe7,,,
34903,c20ddbbe-20a2-42eb-886b-16c77d050e51,,,
34904,68db0bd6-501d-4bc0-b03f-967894efced0,,,
34905,4fa9afc4-03e2-4fa4-9452-692b4ac32a9f,,,
34906,81c95788-1fb8-4b80-91f7-c95dd889e19e,,,
34907,52a3c618-3f69-4973-8d50-a0fa2c681e84,,,
34909,25dd4b0a-c37b-45c6-b2e6-023bf0ec6ca1,,,
34910,cf37f288-1c88-4598-89f9-824db0d250f4,,,
34911,1b293d4c-f99e-4f46-a206-256f323ead59,,,
34912,8176808f-e42b-433c-99c1-a1f36a143920,,,
34913,1f521bbe-3077-4a95-8bf8-31d16035ff0b,,,
34914,fe59ce2d-e014-4a6a-b845-6e9821fc43c1,,,
34915,377a53a3-c2ae-4e61-acdc-556658fda667,,,
34916,732291d6-957f-416f-838f-ceb6e81963ff,,,
34917,89b38e26-54ba-44b1-86dc-ff7c941ae124,,,
34918,b3b0b9f6-c97a-490e-8661-ee30f484a3b4,,,
34919,7267432b-e8e2-4c76-9633-2c594b4fbccb,,,
34920,d88c255a-1845-45f7-bcd4-895362afe3aa,,,
34921,c6f26d36-e4be-471b-b71a-8d2473910b06,,,
34922,96d24a9f-a3cb-4469-ae0b-e625308cd847,,,
34923,1dfc8174-13bb-43e7-ac9d-42583bca45ba,,,
34924,fe0a5801-a2de-4c19-a26a-0757c9aeac58,,,
34925,fc8fe522-5bb9-4d7d-9534-e207a4b8d164,,,
34926,45f6e77a-1d2a-45f3-b91b-68ed2a2cd98a,,,
34927,6edaac9b-5553-44a4-9b90-bf818952aa05,,,
34928,501057c3-9211-4f8d-8500-e0968241a944,,,
34929,18a80121-6e1c-4e6d-af82-2bed56eb0b4e,,,
34930,afafb6e4-8da8-4977-9a94-8fcf73d28feb,,,
34931,6634c8bf-4271-4c51-81b6-faaa7ba0f00d,,,
34932,9d590b5e-9eeb-496b-a0f9-850aa375e3d6,,,
34933,16d875be-f875-49fc-b2cc-14ba6e080b94,,,
34934,d4ce4965-4af2-45b3-94e9-8e26479f9f8b,,,
34935,c5e96802-3c70-468f-ae36-1941fac53578,,,
34936,895a1528-223b-42fb-8a5a-672dc9141c1d,,,
34937,483667b6-06cd-49b1-b918-772f13655cc8,,,
34938,a2b51e1d-cdb0-464c-ae70-7b77762493a2,,,
34939,59284384-4e7f-4593-9db6-853ed29b1a2f,,,
34940,a0fc9771-03d7-4088-830a-56f6c480eb17,,,
34941,5bebffa6-6f33-489b-a805-cb2de6a72204,,,
34942,86e7f80e-5d2e-4b03-b650-d317efb3e086,,,
34943,a378cc50-198c-4ce8-aa8f-9ab990b4c4b9,,,
34944,bdf16841-bd91-4701-8194-f861a5150bf1,,,
34945,11b951a6-45f8-4dfa-90de-365d31911ef5,,,
34946,94b3c438-c60a-4057-8eac-18c1f4cf10b9,,,
34948,be4eb4cf-18a4-4b22-96af-2d26c35d1134,,,
34949,98f18a83-b532-4204-ae30-a5fec616b6c9,,,
34950,785e764d-bee3-4fd6-b939-23a45cb8b31a,,,
34951,8e8e4da6-8120-4713-a105-5c93d823da37,,,
34952,e53b1f94-c686-44ec-a70c-15174e7d28c8,,,
34954,91ce330f-7519-4de1-9f25-b9d7a97ae0eb,,,
34955,8fe23ce8-e7f6-46af-9d4e-2849318e64ee,,,
34956,753e0482-f53a-474c-92a5-e4c03ee7b302,,,
34957,31046efe-6ad2-4e2c-b538-2109c4a64aa2,,,
34958,00fd8e15-9dad-4ac4-8d8a-3c8d3cadfd32,,,
34959,55dfa449-4348-455a-b7ac-36d22226e73e,,,
34960,537a46a6-c0e1-45e7-8add-a8786cc35ff6,,,
34961,d01f7478-c330-4bd7-87c7-418cf1e283c9,,,
34962,6a6c859a-dfab-4d7e-944a-1adf0dde6f82,,,
34963,3e9be010-dda0-4c13-8422-db215d47ed77,,,
34964,feecb982-f0ad-42f6-b362-b6b27c7dd3b0,,,
34965,555b2817-9899-48f1-9a92-097af09d1729,,,
34966,5ccc80ae-610a-4988-9b3a-5b3286dcbaee,,,
34967,de7896b2-839f-43e2-880c-bb47261e1316,,,
34968,f437a52b-fc24-4b37-b6a3-46e35b5944bf,,,
34969,eafd0aa7-9f13-4e56-bf99-377019e8ddc2,,,
34970,7bfb9702-9748-4566-9f90-23dbabfd7c42,,,
34971,efadfbb6-0b8a-4909-8695-b6fd870aafab,,,
34972,1d1fe32d-caf6-42d1-aad2-d716c0602c4f,,,
34973,8269b626-7802-4c99-a3ba-038afc9b9b1c,,,
34974,9bed68a2-67e9-45ba-b786-f239ab3398fb,,,
34976,396e1c32-38cd-4dd5-94da-e626374c8e79,,,
34977,3e74897d-f671-40d8-b63c-4ddb45fc7046,,,
34978,f191cf29-f17c-44c8-8057-bbbb0a34c60f,,,
34979,a0ab01b4-4b2b-4bd3-807d-c2170eb0c9e7,,,
34980,defc7696-0e73-4ba3-a0d3-e89b45f26b06,,,
34981,b1bb896a-6f63-4cdb-9a96-b47eff3c795c,,,
34982,1d0702bb-29b8-4c60-b511-8a318f8c4d9e,,,
34984,77e72f10-b93c-4f32-975d-34779433e84d,,,
34985,fc316cdb-b760-483a-98cf-04c440c15f8b,,,
34986,12f211b4-6a5c-4769-b3e6-b886282b2eae,,,
34987,458b5bf9-1ef3-42cb-990e-b265f27460f9,,,
34988,24f2d85c-5608-478c-b121-20df179a40ef,,,
34989,459523ef-f8b2-4875-a68b-4ab6226d5242,,,
34990,f9195506-11e7-488b-b0b9-ab1561817d21,,,
34991,ff08cd6e-1293-4b75-93a2-c0d4de2e95cf,,,
34992,399c986e-dfe9-48f3-b6ea-89b53ac6af6d,,,
34993,006dc541-b656-4531-9204-7065a95b539c,,,
34994,0841bb7a-ec46-4c80-a76f-a7767da706c6,,,
34995,008e697a-c1a6-470d-9f4e-2691728893cb,,,
34996,a049d4c3-167f-4858-9c2d-39f325e93a38,,,
34997,4f60dec1-23c1-4848-ada2-639b619f28e4,,,
34998,6c5b0d48-71c1-46c1-bb85-7b5d7a26e609,,,
34999,8d4f4b19-612c-4a61-822d-091690c87069,,,
35001,eeac7b81-adcd-4628-b449-e1774a044447,,,
35002,e29505b4-9186-4abf-9519-df12bbca7641,,,
35003,78328fca-d5f7-472a-bac1-3453b2c7cfbf,,,
35004,e49eaa42-2195-49d5-9425-c839ecf485bb,,,
35005,75cfcda5-b847-49fb-917c-60ffcd881950,,,
35006,dc14a4e4-c23e-432d-8849-847d172b2aae,,,
35007,0e9d8e41-158f-4f44-91fb-e72ba30c9521,,,
35008,c1965964-1fbe-43f9-8c54-b83676da2d77,,,
35009,f348152f-25d7-4387-b345-d580fe02e312,,,
35010,760212a5-7bc9-4efa-a0e1-52c071531485,,,
35011,7dcccf60-a78e-422d-8aca-37a510920e4c,,,
35012,9d810ee0-bb9d-479a-a071-2b3b4e3ae205,,,
35013,08f22879-91fa-482e-b0ab-993784eb8be9,,,
35014,4684c668-30c4-43d3-b1df-585612d742e0,,,
35015,8eae4890-1bda-429f-ad1f-f5563251a779,,,
35016,ac479d57-c98b-4f93-b857-1fdb63a345a6,,,
35017,cb1750ef-1474-47a3-b412-40ea07f6a20b,,,
35018,1f6f52cb-ee8f-4a36-b5dc-7d6f178c83f7,,,
35019,92439316-9130-4133-a676-f46317b23eee,,,
35020,225af3db-98ca-4336-bc27-dcf8f7805192,,,
35021,e52a75e1-b89e-4d3d-9ad7-04e84bd56e92,,,
35022,e3ab550e-50ae-4cb7-95d8-13ea857ce5e3,,,
35023,ceefdedd-f372-49ac-894d-c5aa5038a709,,,
35024,cf60db98-6767-4423-b826-db3972875601,,,
35025,743d3d48-5223-4159-a625-b2cc82612f57,,,
35026,b2aa70f4-286f-43bb-8f3c-4bd26cc9475d,,,
35027,b029af11-efd8-4826-bb3f-47cee770f055,,,
35028,ef1f452e-9888-4d60-8af7-7f7d08793a9c,,,
35029,9c7efdda-9ed0-43de-b883-3094a319c7ee,,,
35030,6124f304-9def-47f3-87ac-978a63b42aec,,,
35031,f08e0b35-7fdb-4374-8547-595a4804e9a5,,,
35032,b4f1faaa-68d1-4149-acc4-70ae47bb3ea6,,,
35033,a7c2732e-677f-487a-bb0b-fccc4faaf482,,,
35034,4e06b0e9-0c92-492f-a84c-088139b40816,,,
35035,893b6993-3038-40c6-8791-6e39f07f2f65,,,
35036,1afa9dc0-5158-45cc-8c56-f529d20062f0,,,
35037,57d656e6-be5b-42bd-8e94-19e5c2c237ca,,,
35038,cfdcb4f4-ef6b-4888-8dc5-2400545c9f72,,,
35039,4957705d-c208-432b-9734-cd682f1f69ca,,,
35040,656d1b34-4c46-49a7-a624-198d20b0dd65,,,
35041,88dc46cb-7998-44cb-b5c2-5a4cfb5d51ce,,,
35042,09dca5f6-e2eb-4339-8ecb-a883a861ac5e,,,
35043,79193d0b-f340-41e4-918a-0db3325f8413,,,
35045,ed7dce0f-55a8-49d1-b874-5565a762ebfd,,,
35046,bc1d2520-095b-4db1-b331-249de29cc7bf,,,
35047,ded3710e-b149-4d7f-895a-e0e079b8f83d,,,
35048,341eddbe-3562-4525-bacb-b91038228c34,,,
35049,41f753ed-95ca-439d-ad43-40c161cc4e30,,,
35050,8721ed50-3e0c-498a-b94f-f45790ab586a,,,
35051,64fea8e0-e790-48b8-8c7f-ea7c81079b4c,,,
35052,7cdd5f03-f9e7-40ac-a002-d222d1ae5f62,,,
35053,a2ab64fb-a456-4896-a038-4b40b4deacff,,,
35054,6f23808b-04df-4460-bf5e-b2bfdd1b69e2,,,
35055,8f115832-2a25-404d-9ff3-a572f3fda929,,,
35056,ab1ff448-7c88-4c12-a8f4-abec5f9d7062,,,
35057,7e43fb30-ddfe-47fc-8159-b185aab7af64,,,
35058,c47c5a07-32d6-4caf-b18d-b4ee230867ef,,,
35059,1c2be085-456f-4053-a745-6b8ef7d49f5f,,,
35061,366af9fb-65f7-4d4c-95bd-414125c153a3,,,
35062,b4346021-9ce0-4a26-88e3-b99559b10813,,,
35063,4e4ec9b9-43bd-4758-a05e-f9ce8e91924c,,,
35064,3e0b79cd-3d96-4ad0-b0f6-9d9718f63159,,,
35065,99996f3c-e5c1-4d33-80ef-25846dbaade2,,,
35066,969ee682-8474-4724-a425-daad12e7801c,,,
35067,cf0fc1d8-1a3d-413f-b9c0-8f05226c5d4d,,,
35068,e9aa35e4-fb45-43df-8272-82b0ec850687,,,
35069,3199ddb9-c1ec-4d1c-91de-ee634282edb3,,,
35070,1295e1e6-99fb-409b-924a-9f90beedee7d,,,
35071,8e3259b9-a082-4708-9fbb-6c8ef748cefb,,,
35072,a25492a4-0b35-4303-b34e-edb01ec506ce,,,
35073,6311e294-54f1-4be2-b80c-b87688c6e204,,,
35074,56ebe999-a19b-4aa6-891a-57975baa89bc,,,
35075,e3d5cf41-64f7-4434-b5de-e55e804b9e64,,,
35076,6b500f7a-8e9d-4b3e-94ad-b755d0857884,,,
35077,9b9b134f-f391-44ca-9f1f-82b476657a12,,,
35078,ceebb599-abc5-4fa3-8c1e-38e34d74af7a,,,
35079,987dfa99-b568-41d1-8f27-0ae1951d9b12,,,
35080,9c3ae6ee-e9b2-4af0-b085-c593c1d50def,,,
35081,7a9f56b0-baf0-4a2c-81e2-04c579937299,,,
35082,2d64fad5-398f-4d2e-8e6f-5a999593f39d,,,
35083,02d41119-db3f-4434-bd98-dfa97ac9fb8c,,,
35084,5cce471f-981b-43c4-8b01-a19975d73379,,,
35085,f36f910c-55b1-495e-8f10-49e9f60ab3f3,,,
35086,4b58e10a-dc46-4ff4-abab-8026f004b482,,,
35087,877de1a4-12a2-4256-9ea9-326390353e47,,,
35088,e27392a9-1d7a-4d42-adbb-91ed8d785131,,,
35089,e7bafa74-28a4-45e6-9265-cb7040004d28,,,
35090,ce1c53f3-370a-4aef-b703-596191c277b6,,,
35091,afaa0b5c-12c0-41e7-89bc-f2fea7cc4f1e,,,
35092,6451ec5a-49a1-4c7a-a274-2853b89b090c,,,
35093,9b4cc2e5-dc76-4e1a-a004-026eb580b6f3,,,
35094,863fed49-dbe3-4144-bb94-53d8be8e2d9a,,,
35095,5ba9d6f3-af96-4a96-ab9c-93647ce31761,,,
35096,c6b62f21-ed5d-4e2a-9373-dcbe6ecd7d86,,,
35097,85c6080b-8a24-4ae6-999c-a64da2f09ba9,,,
35098,fb907dc7-ae44-43a5-a43a-b0bac20b2709,,,
35099,de14b773-e51f-4239-805a-c4a784c3647f,,,
35100,beac4e54-8569-4404-a1b0-21667c18b933,,,
35101,1f44cd72-be57-4659-b44f-1385e8145c16,,,
35102,07e76e29-8e1b-435f-a290-5168160fc3c5,,,
35103,ec20ace8-29cc-4753-bb99-fa91dd601575,,,
35104,765ef868-cd59-433b-a06a-6d7cf2145fe1,,,
35105,2c850392-2447-412e-9882-7cf14ede6280,,,
35106,c8c2e49e-029c-4432-9eae-b042c53b1177,,,
35107,a900af94-a681-4247-bdca-e573ea4f8cf8,,,
35108,9308e59f-0267-4bd0-88d2-8fd267445351,,,
35109,1c7ea451-7ada-411d-8e5b-df42f2e642b7,,,
35110,f34a4add-42df-4da3-bcaf-b454b26797b1,,,
35111,932391ca-107f-4b36-b04f-69a0273992d1,,,
35112,7a83ea56-ae9f-41ce-9522-0808c293ceff,,,
35113,04420e3e-1d98-4efc-9c7e-1ebc0d8143f1,,,
35114,e10af6cf-ff84-451c-b700-9622f51d8190,,,
35115,dc0b866d-6c9e-497f-a6f5-e30a6d0befd3,,,
35116,7fbd2e13-b045-4635-a5be-e2d2c65d62ae,,,
35117,0f34a3f7-0e7b-4073-8b80-1f46d93264f5,,,
35118,1da9b38a-c8e5-4173-8928-b8dd372be9f1,,,
35120,d9bd44c7-376f-44ef-9537-a76292b90ccd,,,
35121,fc024611-9190-4cbe-b358-2a622b9521c8,,,
35122,46d3b98d-abcc-49e0-ab75-2c24b7d3b416,,,
35123,f0a3d9e9-acd0-4aa7-a7ce-e489315a7a58,,,
35124,1e800caa-45ec-44ab-8dd2-e646026e2db4,,,
35125,f4b720ac-28d3-438c-a609-8d2ced9ddaf8,,,
35126,2ac39d45-e118-4aa4-b085-4a6b4c390bea,,,
35127,fa42c3e6-64d7-423d-96ad-e18214cf0b84,,,[{'resourceId': '04c734d0-af67-4a82-9ba4-2d2535f520e9'}]
35128,3bcbb5db-939e-4972-9938-010fa1b8b666,,,
35129,20f40e62-2e1e-47a3-9be9-b10b5dc615cb,,,
35130,ef89184d-6de0-4d1b-b990-0bdc30fadc5f,,,
35131,0c3bb97a-173b-49db-bd44-874118c35480,,,
35132,93f3517c-d2ed-4cbe-b13b-e40c0a6829f0,,,
35133,5b9c8118-df8e-4eba-8ec7-d2ae776cb049,,,
35134,09bfbc3b-bf3b-41ba-a9e4-69d19cf214fa,,,
35135,2b37413d-285d-4b0c-b1e9-a96ad3485f92,,,
35136,63baa1d5-a2b2-46c1-beda-16da225c95fd,,,
35137,9c25ca93-9f93-43b1-b4ca-3a61d01b46c9,,,
35138,589885e1-35bb-4659-bc24-b363279e3cc3,,,
35139,40cf8010-fcfb-45e8-b95f-19e8a60d1335,,,
35140,0e8b5b34-65b4-4746-81d1-948f4fb0ed09,,,
35141,ad9a300d-e407-4430-99b9-6dbdf0c11bdc,,,
35142,10349de1-ed3b-47b5-8c8d-26fb516d82f8,,,
35143,99444952-c5c4-45ee-9006-e37d03313884,,,
35144,d92046ab-ee84-4500-bd97-70387499826e,,,
35145,812d7437-db0e-4ae7-a605-518e8654cdf1,,,
35146,f3cdd7f6-caae-4c84-9d35-11386d1ec2d9,,,
35147,78358743-39aa-424d-a7e9-02d50594bdb1,,,
35148,3689a27c-4b34-457f-bdd7-e1ab0bdf245d,,,
35149,7e2efebc-ec9c-4848-85ac-3b10b69f086a,,,
35150,cc609f59-f35a-4ab6-9ef2-db13dd0b1e1c,,,
35151,99e0ad3d-e8dd-4e4a-9656-35965b0001da,,,
35152,36cf176c-11f9-4dc2-aeb2-97682e08c583,,,
35153,1e9e279b-b596-4003-8057-4493acb6985e,,,
35154,4a5869e5-6f29-4099-9642-0e71c24ff403,,,
35155,498a1534-37a2-4090-883d-6b1667ca3924,,,
35156,9ac74f65-a1be-477e-b94e-190aae941661,,,
35157,74ab84b5-fa25-4620-8abd-e22e2065bf62,,,
35158,10db6944-c046-4d18-bc27-584eb473b0aa,,,
35159,ce762257-76b4-4e85-b5ca-deba7d782399,,,
35160,63b3f1f7-4c34-4227-9a07-d5b7fd91e1c2,,,
35161,c3573d08-42f3-4645-bad8-26e10a974eac,,,
35162,7d2f03f0-a0e2-48b8-8561-94678ef72213,,,
35163,de53d70b-569b-4065-ac23-9af837eb133f,,,
35164,3b1a94b8-4377-4e1d-b4ae-d8cbd6f175b0,,,
35165,14606db6-3681-4063-9706-735da7f5f870,,,
35166,5562f453-a7e6-462e-be69-79c59a5de269,,,
35167,e9733697-60ee-4f16-a3e2-4332960f6486,,,
35168,3f81bdba-3a4f-48c0-b37f-2bedb2395f42,,,
35169,f0ddd2b0-f0be-4af7-b7a5-c51e9daa7722,,,
35170,55004360-36f6-4d08-a8c8-49598a822894,,,
35171,15550b60-d89d-44a2-83c6-fc32132f07ce,,,
35172,b645a0f5-60ab-48fb-b036-3daecd6b16f8,,,
35173,67dfd85b-ba14-43b4-8e69-f8e74fa608c1,,,
35174,423651a1-8768-43f5-858b-7409d189e348,,,
35175,0befc3c1-e0c8-467c-9345-04f290f9da1d,,,
35176,b13f1515-9296-4690-9b94-d5951bf82e17,,,
35177,45dc91d2-dd50-4e85-b345-bd45364cd27e,,,
35178,f9850257-de79-449c-951c-1a98b8c1a41b,,,
35179,2326eb70-8340-41ac-927e-51c354b21662,,,
35180,45359ee1-aa62-4634-a0a8-89abba9281bd,,,
35181,64bca9c2-bd4e-417e-b8b6-ef8b46be1d01,,,
35182,e928b25a-b101-4f1a-b881-98dea5e254bc,,,
35183,09b93c74-1936-4b0b-9f73-b96499d54f64,,,
35184,93e749ea-ec8b-43f6-945e-fd5e04ccb90c,,,
35185,52c81527-ed86-4a08-af34-4e40768e6f43,,,
35186,67ab21ee-75ee-480c-8b43-f878808a673d,,,
35187,c0c9c0e8-c198-4cf7-96a3-5f122f9334a2,,,
35188,e5426827-2a46-483b-a880-61ff0b72ee24,,,
35189,244a0c70-3b4c-479d-92eb-ddf7fe09ab69,,,
35190,c62f18b3-8c11-40d0-bb5f-1cd2567e0340,,,
35191,5ea75ecd-d2d7-42b8-bcf7-f444850bcf02,,,
35192,9fa65bf2-a342-4def-ad3d-2ec5b8b89277,,,
35193,795c97b2-83a9-4bfc-a581-cb64cccdac57,,,
35194,dc414e63-2cc5-4f8e-ab32-c84a8a19742d,,,
35195,c64bde5a-e9e2-4830-8bf1-acd8408369cc,,,
35197,0245558e-15ad-414c-8d52-58ad078b55ab,,,
35198,977c11ff-f783-4b0f-983c-be8be5b41ba1,,,
35199,21dc00aa-d386-49b6-87bd-427c3e08ec1c,,,
35200,4d0cd8dc-8038-40df-b18d-0a2112431193,,,
35201,67d5c47b-6fd1-4d47-a7fc-65a3114ba5a0,,,
35202,4b1a8a67-9bdb-4790-950e-23fc36701b82,,,
35203,6b23128a-e74e-448f-b2f9-5ce77cf077c8,,,
35205,6960b803-26bb-4afa-bf46-fa15ab4de35c,,,
35206,3e4bfac1-dc2b-4780-aa79-f8ec76df9de8,,,
35207,ee5cc60c-04d6-4906-9e14-2dab69642bad,,,
35208,67245205-be75-4792-851a-50026f1ffa2c,,,
35209,25c82645-cd26-48f8-9772-82654084cfc6,,,
35210,6c7f9dca-88d3-462a-a6a5-f43923975f4c,,,
35211,8cb98bc2-02cd-4e63-ba79-9ca227af551e,,,
35212,4175d8d4-e65a-45cc-9b32-fd3ca651f6fd,,,
35213,56c09ebe-a995-43e7-a043-84280beb277c,,,
35214,f863abf8-c71a-4c3e-ae17-880a39e67654,,,
35216,a611c27e-6f55-40a4-9e16-d34ead6f5dfd,,,
35217,f6875906-1e59-4125-8236-d60167ac4825,,,
35218,e8f5cf60-9875-4c1b-94e5-d7d27c79b20b,,,
35219,e1bffe3f-26d0-4c87-baca-afe9b8b12f9d,,,
35220,62e7cedf-49a2-45ba-976f-ed2c28fc799f,,,
35221,83446d66-e7b8-421d-8d68-7ec021f179ab,,,
35222,bd1433ce-5c4a-4700-8da5-a19f44494d39,,,
35223,6ee9f96f-8a98-4c35-97cf-5be8043363df,,,
35224,a3de9534-5722-43a1-bd7d-41d627e7b44f,,,
35225,fd57eabc-68b7-4307-9155-b70eeab90abe,,,
35226,5d1a6e28-315c-48ef-add5-d7c3cd9460e7,,,
35227,125f84c6-df5a-491b-8674-249753f07cbf,,,
35228,227a5f0c-5e5e-43eb-81bc-5ed3d3ffb9e6,,,
35229,d73925b5-0588-4bd0-9455-30842109016c,,,
35230,453fc62a-0f5e-4b67-b25c-f6eada3f540a,,,
35231,d8c98aef-73fd-447d-9c12-db2671e771f0,,,
35232,73e1f171-3446-4463-82bc-302b185503e5,,,
35233,f34a42af-0348-4fa7-9854-c766e64b9e8e,,,
35234,914f9c46-df42-4dc0-b25d-ce594662c494,,,
35235,10362cd3-a236-46e3-a714-376c3200c61b,,,
35236,43edaebb-7ff7-45a5-a6b4-7c1eedf82a3b,,,
35237,c3c769df-eea1-439d-8e62-2f023b8947e4,,,
35238,1f8b8334-d45a-4ba5-b261-289c687cb60b,,,
35239,f7b05b99-e64a-46a1-aad0-33a8aa285e39,,,
35240,3c91c578-0049-4f70-9c54-8736fe96d07d,,,
35241,221c4341-6a79-4c79-8f3d-d93dee5a5174,,,
35242,27817771-0a30-410f-b120-0123a3c9c726,,,
35243,af69e439-9c66-4b18-af3d-ae2c98e867d0,,,
35244,6485bc9d-e9f4-488a-a1c3-3e6f7e8e9496,,,
35245,43e3d0d5-6f8f-4b15-aced-13547d7e72e2,,,
35246,882559a1-a6f0-45fa-8122-f102107a9f17,,,
35247,e493c607-4932-4547-b388-74e3f6ff1665,,,
35248,4763bd8f-0e95-4ed8-b153-673d7b224765,,,
35249,8b6f0791-d184-4ac5-addd-e0fe707e04d7,,,
35250,a449f8cd-6af2-41b6-9c81-717911dbede3,,,
35251,4580fb18-1613-4846-bda9-d03321a76ee5,,,
35252,e3ddd950-d12b-4bfb-a85b-22bdf6310cf1,,,
35253,2745ed59-daee-42ff-a9d0-34862b634108,,,
35254,7e0ec2b3-672b-400d-b556-3df17f722aec,,,
35255,9cc56a31-19a2-498b-98a3-973821461d9c,,,
35256,2b587684-1f3c-464c-a6bb-57a85dcac4aa,,,
35257,e65c0307-e84c-46c5-a7ff-82bf6f68f79a,,,
35258,85db3022-9a73-4816-99b6-f75a4f149144,,,
35259,5377c0a9-8ce4-4223-ada1-99041ea8ee9b,,,
35260,448bc05a-a6e5-49f1-b23e-e300e11a6825,,,
35261,ba1c56b2-5540-42d8-81d0-1ea9bc04c416,,,
35262,ff64c00c-902b-4ec9-9642-6c68067382c6,,,
35263,2bc7dc04-a1c2-4635-acf1-1844521cfc37,,,
35264,73629345-fdde-4a7d-aec9-5a7eb5c6abf3,,,
35265,e450d31c-4a75-4098-a948-fbd72ddd5d34,,,
35266,dd2dcba3-b52e-427e-a574-08d542fcb799,,,
35267,2df12af4-5194-4b5f-a1b0-fd005f9cfb52,,,
35268,a670bdc7-b6f3-4144-96f1-ef2306bcc04f,,,
35269,8c7db33b-ed7c-466e-b04f-b58aa463e883,,,
35270,651f1175-a02f-40c8-8250-f3a0fa814706,,,
35271,9280e1a1-89d6-4173-a79f-70f373d5ccf4,,,
35272,a1a0d1f6-83e9-4aa2-828e-1bfed78e3262,,,
35273,601d3f46-12b9-4d43-af9f-d96d4665f049,,,
35274,c9e50f59-1571-45d4-8d6c-4bc3ff0fed64,,,
35275,ca454645-c64b-4434-a374-09bb9f427fe7,,,
35276,d074fab4-29b8-4a5c-bf17-7bb579b0d284,,,
35277,b4c5bef4-1284-4bd3-a6b8-d12a11a45397,,,
35278,43f425df-c6c1-445b-841a-7fdd3eedfbc6,,,
35279,4cd64075-6caa-40ff-9475-1ba36629e813,,,
35281,7cccca45-6a9d-4f3a-b7f4-5780b9947a59,,,
35282,962f2c14-f0ec-462f-b6c1-850fb9159dc7,,,
35283,d14fa5ec-f5c7-465b-ab5c-2c34e89574ac,,,
35284,3c49f76c-6e40-4d9d-83c5-c546284d856f,,,
35285,2ea27308-6297-45d4-a070-c7c5daeb336f,,,
35286,884b0a3e-9284-45c9-8a10-83e877977569,,,
35288,cb3c84c1-5397-4809-89d2-f94c530e4398,,,
35289,b451247d-7cb5-4e42-b970-0c379f93d5a0,,,
35290,589a5fc7-b547-4773-8ff7-34783c14fa05,,,
35292,d9548448-03e8-4ae0-9b70-d5320da2760f,,,
35293,45575b3c-6c40-450f-a4ce-92001fc3f824,,,
35294,77332ab8-fa0b-44a2-a21b-8d722e793ef8,,,
35295,bf222417-4856-4689-8ca3-a8100f05ad8a,,,
35296,fdd07495-9a81-47a0-8ab4-48529c06f474,,,
35297,6b123d8b-7525-409e-9cb2-09b16c74bae1,,,
35298,04f3c56b-7988-4963-8062-482ca79cca9e,,,
35299,2fd8f24d-7953-4360-b3b7-d10fddd139ab,,,
35300,2d001d9b-7dcd-419e-bb06-85753ca7bf49,,,
35301,abf4f1b5-b082-45bb-b3fd-3bc445be2f79,,,
35302,92a50ae9-2adf-477e-8061-5566fc787bf9,,,
35303,bef8fe9e-3cc3-49a6-811f-eb9dfa01999f,,,
35304,e7364e05-36de-4e5e-83ed-cdb71f56ef2b,,,
35305,67a99f4e-20a2-4def-b66f-1c0a8be048a0,,,
35306,84961eef-6b95-46f6-b16d-1a40a51d7b78,,,
35307,0059f5c1-2d60-4889-8ccc-9dae605ef74f,,,
35308,1dbbe1fd-ee2c-4eee-9b7b-461812143e91,,,
35309,dc30ea94-a093-443a-9a92-61dad6259ac1,,,
35311,79fa32d8-cece-46fa-bce3-c45fcff5c012,,,
35312,861868ed-8f23-43cf-bfea-679b07fc74ef,,,
35313,7aa93d26-adca-475e-9f17-2567a9657b69,,,
35314,a17e1e03-e0f1-43cd-8dc9-557792af3eb3,,,
35315,3943c238-ba2a-4aa8-bed3-fa211eb242f4,,,
35316,b4bcd8ef-c436-4310-9782-a7321effeca6,,,
35318,2069c0c3-f6eb-4d0f-ae8c-348f6ca581f0,,,
35319,4a1799f5-60a6-473e-82d2-0007c2de16cf,,,
35320,b212552a-d43d-4aa2-8c1f-9356a7a920b0,,,
35321,760603f3-40e0-4393-97a8-7081147736b4,,,
35322,ad16bb10-d117-40b1-a03a-fffd3d34f4c4,,,
35323,2abd7bf5-6e6e-4f2a-aee2-321079f9f5e7,,,
35324,672e91ef-ba52-4a54-9cea-26d15340e1f6,,,
35325,9c9049c0-3943-4df2-838d-2c175efdf63f,,,
35326,8c03f714-89bb-4ee2-acc9-37ea6027e52c,,,
35327,04c734d0-af67-4a82-9ba4-2d2535f520e9,,,
35328,9147faae-4ede-4b52-83dc-e1c32d66813e,,,
35329,0ccdff47-16e8-4902-b611-39c188d54a63,,,
35330,12342491-a61d-47da-bba5-e60a32872802,,,
35331,26b19b8e-7275-496e-9168-7872dae50080,,,
35332,3bac3924-3651-4a68-b408-115da4990bf9,,,
35333,7da8f1b2-38f2-4dea-aa52-477ce5e4c105,,,
35334,5fb2d6fa-4572-4015-8461-4f67d2a64f7d,,,
35335,fc678917-4973-4a6b-98e3-519c99cc184d,,,
35336,21c6ff09-845d-4603-8415-55895ddaed1e,,,
35337,61db8578-89d0-454e-83da-277f7c60c1e5,,,
35338,9cd0540d-c626-4b59-a70d-01b3e4962881,,,
35339,0136b9e3-562a-4dcc-8e00-c48b61af9100,,,
35340,b49bcf99-07a0-4934-a531-2d59c51a0e8f,,,
35342,64e84f76-fc64-43ef-b6d3-5402afa1047d,,,
35343,3cfd8618-5a2a-4b41-8a36-8cf91799538b,,,
35344,9ffce4a9-977b-4c1f-bbd8-c1395f94cb71,,,
35346,3368fb19-44dd-4618-828d-df665b09bbdc,,,
35347,a33f15a9-1b80-4603-acfd-35600765db1f,,,
35348,df217720-0870-4b9a-b7c5-4dc92172b819,,,
35349,a07614df-57f9-49f5-9d5b-bf046361ba7d,,,
35350,3965ac88-854d-41a6-8403-da3f5bf12203,,,
35351,0f97dbd2-ecef-456e-b91e-89ffdbba5f6d,,,
35352,0ea03b6a-b4fa-4978-856e-d5e9fb1af0df,,,
35353,92d7e328-a88a-4a69-b0d6-23eef80605ae,,,
35354,b73e4cfb-6cd1-497a-810d-5bd2e2d5ab8d,,,
35355,d9e02bee-0270-4d78-91b1-5c84d5cdb94d,,,
35356,6063c9b1-c64b-4d6c-ae50-56e1769a7712,,,
35357,e3881856-9c52-435d-92fb-f2cb71f0f48b,,,
35358,aaa5afc7-ca23-4803-915f-2a44a72b0dfe,,,
35359,437535ef-6a06-4d89-ad37-a7c16fa64bee,,,
35360,657016d4-1334-43a1-a963-00659c6f962f,,,
35361,be7beedf-8147-4952-9462-1848288395eb,,,
35362,00a81ed9-f83e-484d-adf4-c8b99504b270,,,
35363,775c53e7-d6ac-4119-b0fa-ddaa209d43e1,,,
35364,0f35b379-b243-4ced-9e61-0455847ac0e2,,,
35365,b305f01e-d27f-4b93-9f8b-5791afcc7d28,,,
35366,65392cc9-b413-4588-b44f-df3d658a23d7,,,
35367,0963862e-f3cf-40b2-b834-576c7c1f4b82,,,
35368,00101c67-fa7e-451c-b4cf-dcfbb06afe5e,,,
35369,4dde45e7-8bbd-4f8a-8483-53c49c37c88b,,,
35370,8fe67b30-afc5-4c3f-b45b-224b759fae84,,,
35371,0e95db54-c4f3-407c-8f15-3bfc87b2d249,,,
35372,0db4bb8b-dfcc-4ca1-bb9d-d8e6e6e93064,,,
35373,717396cf-9798-4d8b-964e-cc43800a0d90,,,
35374,cf36d9de-43aa-4d52-8f3a-8f45c1db0038,,,
35375,42f0df98-f921-43aa-83e7-7f515b9dd436,,,
35376,d099bdc4-42d4-4786-b81e-a501de86d00c,,,
35377,60b8cd2b-50a4-4976-bdb4-71e759b96c3a,,,
35378,35b5988e-21c3-4cb8-b6d4-44dc8329a461,,,
35379,f8995113-855a-489f-b18d-ca6f3c6c24dc,,,
35380,eeb47946-5f00-414a-a2d1-dade0b5642b3,,,
35381,e2a4fd74-cced-468a-9fe3-f2d96f161ec3,,,
35382,a2f05e9c-1cf5-4345-bd41-f1ad1ebdf298,,,
35383,b8a17c45-d9c5-409c-ba2a-15a3f74a50fd,,,
35384,f4844639-1e23-4080-a0cb-357bf090077c,,,
35385,a024a54e-f607-423e-8cff-a3a775e04858,,,
35386,5d7659f1-920e-4b4c-8d9d-6adc0385a0e5,,,
35387,344e0218-cafd-479b-a6ef-b3a4a98a3c17,,,
35388,592490d8-d5ee-4d29-aa42-55dd870d1696,,,
35389,8c1178da-4985-476c-ab84-0a688a07efb0,,,
35390,6279a395-8334-4718-9011-7c90ad0aaba0,,,
35391,408db4f3-1901-4ccf-80b5-ef88943c1908,,,
35392,9bc4438c-468b-4c50-95a2-7c18f065ed0c,,,
35393,197ca908-47c3-45c5-97d9-02d11f756cd4,,,
35394,af520a30-2d24-432a-99a6-e02847a88383,,,
35395,9e0415fa-367c-4d3c-8504-7eb90bf10869,,,
35396,e57ada75-ea65-4375-8b6e-64c0be65fd88,,,
35397,ec3c4200-f405-462f-8669-ea62366426fe,,,
35398,8d941dd1-abde-4ace-bf3e-2c1c1a93bc0a,,,
35399,36b93cc3-10c5-45e2-95ba-6de26608921a,,,
35400,f3e58de3-132d-43d9-b429-5ee340fffc16,,,
35401,579596ad-81c5-41ee-abd0-a62027b15b14,,,
35402,ae256353-aab5-49e7-a354-5e95616bc7e3,,,
35403,dbcf3076-83a7-4ed4-b8e5-a3166fe2c2d2,,,
35404,3dc6a3f1-ab7a-403b-b1e6-ba3d4d0c07d7,,,
35405,d8395b34-da08-4906-893d-966cd7995a8f,,,
35406,3a751a15-0a56-4c42-980c-d9d82f625ec0,,,
35407,d7f00a51-f720-4360-a57f-0f6067f410be,,,
35408,b9faa80d-357d-426f-85be-8806f167461e,,,
35409,6d481958-ff39-4c81-ba50-554ee50098bf,,,
35410,c2ea2bdc-b941-463e-8855-3cab05568a78,,,
35411,22f1bab8-cd84-4e67-8304-3d1a38495bda,,,
35412,db6bf7cd-a4e9-4ed9-a699-30ef3f2a8659,,,
35413,f6de1a1d-2010-43d3-a9e4-47d45e60f23e,,,
35414,dcf39738-92b4-401e-bf0f-8450ff18a206,,,
35415,6ac632c8-ba4c-403f-88ae-5d79c91ae3bc,,,
35416,0a02e614-8252-4459-bacf-552e5197c2de,,,
35417,7921f00a-736f-4898-a58e-2f5a085c7662,,,
35418,c4601e4f-b443-4b88-8949-5017423eead1,,,
35419,55714d70-52c6-42d3-bf35-3cc95c1bab60,,,
35421,4073be74-0684-4cc4-baf5-4b7908d50a20,,,
35422,e214f8c2-72fd-4719-948c-1c255e95c6e6,,,
35423,9fe284b7-0775-4628-ada0-8418c50349a0,,,
35424,0c586bb1-55aa-4dee-b7ac-b8385027b065,,,
35425,43f4318b-22e7-45e7-b638-e1d6bb62e114,,,
35426,def871ba-bae6-4177-b79e-e0404aa6720f,,,
35427,33377a51-4fda-4cc8-8fcc-79886f39f0e8,,,
35428,46a16b79-3fb3-45cc-9fb6-60648d385878,,,
35429,d86a50d9-73d0-4edc-8d0a-e391031a141b,,,
35431,893c59ee-a6d1-4f4f-93a6-0038da40758a,,,
35432,7871eff1-5dd3-439c-a2f7-8e6e02fce397,,,
35433,43e5d647-5cca-4707-9587-a99dbc1ada5d,,,
35434,5c3238fa-cf97-46c3-88a2-f5392c1eeb3e,,,
35435,9a41818c-1653-4121-a637-3d8601a4e576,,,
35436,3ed91992-9926-40ce-969e-8495697ac911,,,
35437,6dbe2b2d-17ad-4910-8ef3-d1b538f21008,,,
35438,68939cc1-5934-4b52-b16d-a155f9185323,,,
35439,6c97c8c6-0b3e-4705-bc54-faf2d46da271,,,
35440,e7d73340-60a3-4c31-a9e5-61fdaeb466b4,,,
35441,55ec9472-8d81-4909-bb8e-e987ea0e9786,,,
35443,31e46d88-e1ee-4bbd-987a-7148f8ee9d4e,,,
35444,e86eba9d-3317-4b48-b315-a4700666df35,,,
35445,b77d0aa3-1078-4cdf-8201-f82b4900dd23,,,
35446,45c8e400-5d17-497c-8ab9-bdf897f992de,,,
35447,c0cbff21-79eb-45dc-966c-10c32b7b2d06,,,
35448,a0e4b365-e7bd-4c22-ba07-7187412f3a14,,,
35449,0b803851-30a1-4b10-9c8b-dc41ae49e15e,,,
35450,20d5c248-6543-4b93-affc-2d49e785cb61,,,
35451,cf7103c9-452b-4862-94dd-ba0f27f368ac,,,
35452,56c815ca-d654-470c-a54c-5d48f3014fd6,,,
35453,bc912c1f-fd09-4d22-9127-736ba1fb4161,,,
35454,400aa489-c329-4f44-80a7-9391c8ea0c06,,,
35455,65653a61-b1fe-464a-a192-95736f186ed4,,,
35456,9526a9cf-828b-4e9d-a9b1-b471d719a1a7,,,
35457,bdb973d4-95f6-46e2-8e9d-e2faa4335cdb,,,
35458,35892f91-86dd-432d-b792-6722f5fee0b5,,,
35459,5f45826c-6634-4f73-96db-cb378ec1ed90,,,
35460,d54f0afb-43cd-415e-a91f-908543abf78d,,,
35461,d6b2308a-cd1d-47df-9c20-1ddd1744e50b,,,
35462,df733b77-4fc4-45e9-9861-62af12d314ef,,,
35463,7f34516f-7a37-46a2-9ca5-1f37340f98da,,,
35464,1fba48fa-acf7-4fbf-99e5-3714444fd246,,,
35465,bb2bc565-0a9b-4cce-b93b-aebc6bb479a7,,,
35466,832a442c-b080-47c2-b6aa-83a8a2fc81ab,,,
35467,54e029f4-2755-4089-90b5-7b3a502af944,,,
35468,a9bc667b-ab3b-43ce-a4be-7d434f0f3a0b,,,
35469,75b1f7b9-1e78-4715-b3b8-db4dddd417f1,,,
35470,2171af78-0cd1-41e9-973c-56599e576b71,,,
35471,c4d9f0f5-de23-43e2-9d46-1d3535d0a972,,,
35472,c9e3c957-bdcb-4c7b-b2c1-efdab1f4af75,,,
35473,db5f45f0-6b0d-4f88-a4cb-605118d8690b,,,
35474,b6f3cb30-0385-4cca-84d4-586fef81c273,,,
35475,dbecf6ca-d80d-465d-8b97-af7d7e333146,,,
35476,602e1573-f019-4ca3-a3bf-167b4b9dffdd,,,
35477,3269efa8-34d5-4285-bfb4-aaa8de23f2ef,,,
35479,be447802-43e5-4cdb-a5d4-8979bfc59b77,,,
35480,81264f10-bc0e-473a-bbdd-cbe42168fa99,,,
35481,55bb5a05-127f-4187-8dcf-b7e3f12c7852,,,
35482,24c65e86-7a1b-4e62-b819-2a3e9a06fe6d,,,
35483,a62b87ff-7ffc-45e5-b506-7445c87300fe,,,
35484,504e574c-1c4b-4488-b2fe-cf53e0ba0e5d,,,
35485,6d4c8687-f1dc-4c05-bc30-1cb066e5cf0c,,,
35486,b805a5ef-aa79-4743-99b0-8ed13a21ab52,,,
35487,332518f9-e7cd-41a2-90af-4fa88b9830e6,,,
35488,d961f182-fcb5-4a52-aac9-c958ba6e63af,,,
35490,2f737573-2abd-4823-ac7d-8f1ac0d6d332,,,
35491,4de00424-63e4-409c-8501-c37079ef36d5,,,
35492,8c4f37c0-5fbb-499c-a5df-1c06c87b4b7b,,,
35493,afc250f4-ec48-40dc-b9e7-4119ce2ab816,,,
35494,3e1febe9-b40a-4ecd-bd90-694de63d21a2,,,
35495,13eb57d9-ac53-4838-b091-d9d0f3403467,,,
35496,546be89c-66f3-4dcd-8e9e-09fb88671797,,,
35498,4f561ca3-5b4c-4e9b-ab0f-4d2aac355ece,,,
35499,7e9d6dc2-e6fa-44d7-8ac8-9c1f5b402657,,,
35500,06c6e0d3-91da-4bea-b0a0-3d7aeb501b6e,,,
35502,13b6174a-3731-4dc6-b4b2-ac783b59b9a4,,,
35503,6fce706c-cbe0-4ab6-a243-3e2c48bf693f,,,
35504,3c0d7e6b-98f9-4abb-96f3-6d75b2182a38,,,
35505,89881feb-140a-48ba-b4a9-325da42d488c,,,
35506,c6c54a7b-817c-4652-96eb-0ab695adde69,,,
35507,f7ac73ca-3796-4c68-a1a5-5c056cde2909,,,
35508,7343a3e7-b077-4cf2-92c6-971035b91a23,,,
35509,fbcaa1c6-03a6-4153-a6f5-7de2215cd859,,,
35510,1ca2dd8d-e17c-4ab3-b0e2-3f40b7f3cc57,,,
35511,a9f4beec-a10e-43cf-a8fd-50b8cee3c06f,,,
35512,8b003f8d-895c-4267-9118-985925cd2324,,,
35513,a12e3633-4573-460b-aa1a-a739df77623c,,,
35514,6950bee2-08bc-44f8-9873-2f36324c42e4,,,
35515,7ebf6cdb-8050-448e-aece-226ebe3cecbe,,,
35516,cde7006c-122b-40dd-9c2a-d6864a350ad2,,,
35517,d06498ef-59ca-49d7-951f-028d947ddad7,,,
35518,d8b4f39e-aff4-4c50-9c34-797dfe9004b9,,,
35519,1804853f-a3ef-4943-9cf6-25480a3d0233,,,
35520,414e4736-d0d5-42d8-a037-6d6815c667f5,,,
35521,3419f937-24cc-4e28-ac9f-f39ca31e16d3,,,
35522,0e8f240c-ed94-40d9-ab82-9884c47f2d92,,,
35523,e2c9b557-ca4d-46e5-986a-d2cfd4c02f85,,,
35524,0ca277b6-c34b-4e08-b31c-76dee0450a65,,,
35525,af83564d-8030-477b-9b5e-7c45ee6788ed,,,
35526,6c872dd4-2944-4fe0-a855-a9dd24958222,,,
35527,b87f6c9a-d5ca-4283-861d-2ee2d5291459,,,
35528,a0596565-2fe1-43da-82fd-26e999916177,,,
35529,132fd32e-9d33-47e5-93e6-180b3a2b0d1b,,,
35530,f32698f4-9647-4b83-85ef-12ff4da1b7a6,,,
35531,914b1ed6-973b-4ba5-bf44-b3bb53148309,,,
35532,fd542f53-77a3-44b1-9bbd-e5b47e699866,,,
35533,631d5132-f852-4a6a-ae5c-0ec9b186993a,,,
35534,c0ea4580-6add-4b74-b37c-f67bb56f543e,,,
35535,77849bd2-4382-4e26-a92a-7b7a876bd967,,,
35536,4a3e6a88-0313-46ec-9881-f70758c1e1c2,,,
35537,9176c66f-08ee-4fc6-8da6-4f7a81432527,,,
35538,db7bf9ce-6754-4f1f-87e4-9e8ead7b8f1e,,,
35539,7e72958a-6b36-473e-b7c3-8355007cdbce,,,
35540,42935bd8-73f4-4a04-902d-533e14d0efad,,,
35541,45d358a3-c62f-457b-b852-fc8d2c9e3bf5,,,
35542,5d37f5d7-c6c2-4ca4-817b-a60a6e407093,,,
35543,8eb0f97e-06f0-455d-895e-000472dda1c0,,,
35544,98e33709-a0d1-4bbe-b7ba-01e58feb1270,,,
35545,fd096a24-fd96-486f-bd1f-66185e62aeee,,,
35546,6839f971-892f-4603-a2c6-ac5f32c47d62,,,
35547,825476f1-a53f-4fc8-9b90-a96c16e1f038,,,
35548,7a92a6f8-ee1c-4842-b6ec-485bbdd085e8,,,
35549,ed87c500-fe19-49b8-91f9-e717c4beb36a,,,
35550,8ae4867e-bcf8-4551-b9ef-39b2a2d5520e,,,
35551,135948d8-b696-4048-a775-24eb94fee99e,,,
35552,3a4ffa9d-9ad5-4b07-af94-89900f6f3f9c,,,
35553,318bf50d-85c1-45d8-b175-4bdee379f7be,,,
35554,8f7b1ee5-994a-42b9-ae98-589be5668c46,,,
35555,4cc8416f-d4ea-4e1d-9462-817296ea23e8,,,
35556,39923cd1-b72c-47ca-930a-96980b2ed263,,,
35557,2b519fbb-35f1-48cf-a3d3-794bdc22b403,,,
35558,06745141-e499-4b68-ac18-be0ae0d885ce,,,
35559,9c605076-2c76-4200-abf9-cfab2858e583,,,
35560,1ef5d4b7-62ea-40f1-83c3-ce2b94a5f6e1,,,
35562,30ab02bf-29d7-430f-8ba4-8ed83469f300,,,
35563,08d74009-9fbb-42cb-a994-2bc5e9c52bcb,,,
35564,bf8c2b65-e318-4052-acde-b924cab74f2c,,,
35565,ab5150d1-3ef7-49a0-a485-78614fd8c011,,,
35566,53ee17aa-6c52-4f68-9040-53f39ff8cfd5,,,
35567,3633c3a7-4e99-4668-9714-310fec837479,,,
35568,1eab8b83-0860-4760-af04-8173ba6fa152,,,
35569,7b90fbbe-fbe8-4a45-ae66-1d811ce7ff5d,,,
35570,55db69a7-bbd2-4d38-a099-f45dfe0330a8,,,
35571,d0304682-9bf5-4d4e-9242-9bacaae5b594,,,
35572,0333beec-3cd4-4b9e-b442-86666bdf68b7,,,
35573,441e07b1-aa25-4b13-b5c8-70656d28f92b,,,
35574,cbd6c85b-e440-4e5a-88b1-d105a6568747,,,
35575,954b2789-de03-4243-8227-2b6c5b3cd350,,,
35576,edded36a-e58f-4e50-9150-83af8d87656f,,,
35577,d6a8834c-c5e0-4ee7-9a06-a57639b6ef12,,,
35578,e6a7d894-936b-4637-845a-a61a338de402,,,
35579,365f7e1e-36b9-4436-8d25-91cc14ce39ac,,,
35580,66a5a2ca-fcd9-46d3-bfc4-53148d0c1960,,,
35581,8ecff288-36a0-4cb7-8abe-2f27b105e3f9,,,
35582,6c1b82b6-8328-4b88-97ae-a9d49e5ad648,,,
35583,4a472d74-8a6e-4a7d-8de2-5aa43194ba60,,,
35584,c3716cf2-c74b-4df8-bd0e-da8286369680,,,
35585,218ddcc5-943f-4fda-95e8-b04354fc77d2,,,
35586,c9a1041e-eb65-43ca-ae9c-9acd9197d6f7,,,
35587,bf65ef82-0c15-42ac-81bc-186f78ddffe6,,,
35588,e5c3380b-f0bd-49e7-83a2-114f1c3e1f11,,,
35589,0e39e6ae-50a9-4c84-b7a9-586832212f5d,,,
35590,01021402-bec6-4955-bb64-814ec8f25ef0,,,
35591,8e997359-4775-4501-8591-69629a5f422e,,,
35592,55ac685c-c04f-422a-b625-52c9a07d9c1e,,,
35593,e819d07b-7e74-4902-87b8-cd213586089b,,,
35594,7c5315c3-b991-457c-9b9f-d00e339f6b32,,,
35595,3a1c37c4-7990-46a7-b880-a067a2afe590,,,
35596,96125908-285d-4eac-934e-a66debc11788,,,
35597,642e27f5-e590-44b7-8092-edbe9c121c6b,,,
35598,02ac5696-fee6-429a-af0e-4ec184aa5156,,,
35599,fbe9e408-71f4-4422-8cad-970b560a6934,,,
35600,65b0a3aa-67e1-4d5d-a8a2-b35410ac612b,,,
35601,73c2b9da-02a1-41f8-b55e-846cb33ac83b,,,
35602,90bb1d15-0212-49cf-97f3-ad723cb7aefc,,,
35603,2a39c76f-ae3b-4b95-bdd8-206d5970b812,,,
35604,49fd6d84-cff4-4f29-945d-94e00d3b5a57,,,
35605,cf3e5114-f9a5-4bfc-9ec8-b0889db7884b,,,
35606,685ef703-01de-46bc-968a-74f21800d06c,,,
35608,bb83fae9-ef47-494b-bcd2-03c4c50c5d6f,,,
35609,9083860a-49d6-4e37-b60d-d9c2eff34e91,,,
35610,7160e33d-de40-4f4c-a05b-6fff5f180e37,,,
35611,51e069cf-aaa4-42f7-976a-9ac6e076749f,,,
35612,f51aad91-b05f-49c7-9908-056eaa812539,,,
35613,7bc3f6d6-c7e0-4d20-8fde-e91cccd535e4,,,
35614,641d0d4f-2574-40f4-ba8b-86f7b099c0d8,,,
35615,4c065b2a-966e-4156-9722-f42e9bb08465,,,
35616,5d570c8f-7c59-49d3-9bcd-89a95e1b6023,,,
35617,02289239-5199-4d45-a860-31a2c044af3a,,,
35618,0cb0a91c-526d-4c08-bf3f-5f8ff33a35eb,,,
35619,271ce87c-441b-413d-a89b-3f6ed72582cd,,,
35620,829c790d-7f77-4108-9839-e8e20167e113,,,
35621,fa7f0309-262a-4e61-ba63-93ca7b5e1baf,,,
35622,7b82ab9d-323c-420b-813e-c756d5dec581,,,
35623,596110b9-f0b3-4c04-8dd5-8c5b3205ec34,,,
35624,9aa61b0b-4923-4a77-bc00-83ec35fa6df3,,,
35625,a5fb1e1f-1aac-4475-9886-4bcf3cb17416,,,
35626,fcb4bbe3-0f46-4f95-b64b-756feb31a264,,,
35628,ff08d14f-c938-4bcb-9f51-3ea9b80f26b5,,,
35629,3ee7f952-7135-4411-95a7-5777dbbffeea,,,
35631,0762d621-2436-4ec8-b477-e29226860061,,,
35632,0352d738-d5fe-40f7-a97a-2e82e2b53776,,,
35633,2f4e256e-4499-469e-bf2c-0499b2245da5,,,
35634,d8f76a54-d0b9-4f13-aee1-1b3a378278bc,,,
35635,c580e6c5-c6d1-434a-8787-35ea0c677fb5,,,
35637,7691b039-e573-46b3-90de-7fa36eb6d618,,,
35638,3f5edce3-4e21-4634-aef1-47f2a6f966b6,,,
35639,ec68a2b1-9f3d-40fc-acaa-40e08b4cccd9,,,
35640,3aa459ee-4ef8-4cb6-a669-308df1c7fb08,,,
35641,cdbdbffb-c646-4663-ba2f-23880c30f7e8,,,
35642,22e0901c-2984-44e5-86eb-42499ad81bdf,,,
35643,fbfdd4a0-243e-4df3-96d4-24e38d5ecb4a,,,
35644,43629abb-dd92-4811-bc7c-9962a2dca825,,,
35645,de3efa9d-0c0b-4ac5-946d-1b012cc6c106,,,
35646,10abef04-b63c-4403-8c38-ba6fd966ae16,,,
35647,59cd9819-81fe-458f-ade9-84134a8c2242,,,
35648,d3153acd-1de3-4500-94f1-ecd6abe426d9,,,
35649,de5663f5-62d9-4d11-892d-6521a2e7e89b,,,
35650,0010a4f4-0eb6-4c49-8ef8-1d7dac02c63e,,,
35651,460b0b0b-0545-4131-9060-e8c1d16ac500,,,
35652,88a9aad1-3681-4d47-9153-9d4504d51de3,,,
35653,9dcced3d-2efb-4574-8580-56986368534e,,,
35654,b0644471-d03f-490d-a884-62eadfb47ecc,,,
35655,b6bb8b4f-ca11-4678-b442-c4a75aece2b8,,,
35656,16f3d5b7-d871-4c67-bebf-c81191d6dc11,,,
35657,cb6f2b6f-b795-453f-a2ce-b6e057a2e735,,,
35658,ad3202a9-017e-41bd-b245-b0ad44c2403d,,,
35659,12586690-ce13-40ee-b0b6-f26291f27db5,,,
35660,fffb487c-6ccb-4473-80ed-bc421fae2c79,,,
35661,c806a2df-3f0f-4820-b0e3-b36c91a0394c,,,
35662,85bd4e01-eec7-4bb6-b793-d972a9aa85f5,,,
35663,ae8f77d3-ca2b-42ac-baaa-a7e567f03476,,,
35664,4753f7d1-6147-476b-8afa-707da7d6ce75,,,
35665,9b454146-32be-4304-8e95-788e06029d12,,,
35666,0790daed-980a-47b9-8bc6-d9ea0dbce786,,,
35667,d3fe20a0-5676-49a0-8757-b59fb83c0f92,,,
35668,0d100e78-7088-4fdd-9a6f-49cfff240d4a,,,
35669,e2cc6c5f-4ad1-4ac0-983d-f0b57e7f7247,,,
35670,493fb820-bfae-4ec4-b857-6cf3211c98ac,,,
35671,60c3e57f-5169-4500-9093-e24229f78c2a,,,
35672,b9549db9-a20b-469c-8915-c052b0b0bb94,,,
35673,b8f64d1e-f5b0-422c-90cb-3ccc967f90c3,,,
35674,e79bfbcc-141b-4d01-b666-4c91ef8b2bd6,,,
35675,d4891ce4-eebb-476a-98b6-6bdac3f66c23,,,
35676,404d0b8a-2c93-4ffb-a578-3fe65b9d2d60,,,
35677,1f1c9c91-4d71-4626-8af1-647a377593df,,,
35678,a0ddecb0-a6cd-4dc9-80f6-823e9e00c800,,,
35679,39514605-75f6-4761-8434-b03af8bb5cce,,,
35680,b6c697b1-b7b6-48c5-8b85-08f70176158f,,,
35681,d2eeb571-2d6b-4ead-a45e-58f2a29bfaf3,,,
35682,8d7d9e21-95d8-4edf-9d93-71f7ee9ee721,,,
35683,67c13793-e2d5-4867-b632-0dfcca714d1c,,,
35684,a9164c00-41bf-45c3-987f-cd3f8839fab6,,,
35685,bbd830d9-a2c5-4194-b71f-a9763a2a7fa3,,,
35686,385e9b67-35e9-44e6-bbd0-ab19a893dbdb,,,
35687,ad23161a-4bf7-412b-b72d-beec670baca8,,,
35688,b8dff43c-f1e0-4d39-b59b-0a51ea8dc1e0,,,
35689,c4c3c693-b657-4e59-9c3e-a25947a00b54,,,
35690,74471d9a-1421-4083-b874-044305d14b61,,,
35691,81b4b678-0b57-44aa-96e5-59bea340c881,,,
35692,fd514607-3fc3-40a6-a15f-ebf3253d9665,,,
35693,0e075ae0-28d9-4191-a828-cf99506064cb,,,
35694,a9166767-6637-4c55-b417-c2e8499c6f53,,,
35695,230d228c-8d21-42bc-8f15-8b07d5d6d2a0,,,
35696,000d683a-7948-4892-8e7b-83d09774cf66,,,
35697,a67e785b-35bc-4dc3-b673-8d711034221c,,,
35698,29ba0792-5ed8-40d5-adab-708c068d547d,,,
35699,a2973804-c57f-4ebf-8242-03ba009b31a8,,,
35700,345d04d1-17e1-4a93-9894-823679ac8bb8,,,
35701,d4713f49-745d-4da0-a64b-778f1d650f00,,,
35702,1f026e8b-9d6e-4c52-ad26-8cd86990bcae,,,
35703,efa7280d-1ea2-4390-998a-b95e472dea05,,,
35704,e1fc85f7-68df-4353-aef5-f6cbe7a839cc,,,
35705,398ddd43-46e2-4469-a00d-e6ef70972e72,,,
35706,12ee4de7-1cf0-44dd-a96a-7f5e37549bd3,,,
35707,42a10899-531c-42b2-8ff5-de183f3043a7,,,
35708,1951e24f-5259-48e2-b92c-af7fcc190712,,,
35709,a8d1544e-b57a-4120-b724-027d6b3ef354,,,
35710,6a10f999-c5f6-49bc-83cf-a03a943d5000,,,
35711,07d613fc-8439-408a-b76b-f7fcd512c0bb,,,
35712,ed6d2e30-8d85-42ae-a5a5-51458250e91a,,,
35713,dce90956-4da7-44fc-81ad-c50f3e0c57c1,,,
35714,58f0f516-052a-4108-8d92-8ec1ab0f71fe,,,
35715,20850676-e9e8-4ae9-8bbc-8cfbfff3cd98,,,
35716,744c4b0d-1cfe-4418-8a58-b1dd60cf1ee7,,,
35717,f4e3b1ad-0b8f-453d-b50b-dd37f06cd16b,,,
35718,6e7a6d5b-66ab-4db7-bd45-5b7c0b3f2020,,,
35719,00ab7d1a-a6b1-4aad-a8ea-1169851c24c8,,,
35720,6ee363a5-485e-4307-98cf-2da9854ac280,,,
35721,12513df2-ad46-4c77-86ff-a0633ff27da0,,,
35722,d65a302a-d72d-4d72-9b43-005246dda338,,,
35723,964244a8-e73e-4f4a-8f61-5f7661426df0,,,
35724,e73db8a1-2ceb-4cf4-8248-6b962ef00b32,,,
35725,682d94d4-f52c-486d-822b-f2ae89d48f47,,,
35726,8d128c50-facc-4aef-8c98-ac9ca40b9686,,,
35727,0391332f-1420-408b-9d04-9b241d17fa46,,,
35728,51e1ced2-4e45-4c92-9ca3-27c78d5f7a85,,,
35729,c26043a1-5988-4a9e-930f-46b3a7143691,,,
35730,9af0a9bc-36ea-46c9-aca7-b818d6368357,,,
35731,dd81cc48-8d7c-4fbd-b2b6-8aae2ee6c765,,,
35732,f09a5e8c-8669-4701-94ab-b7dbc0abe755,,,
35733,234ca39d-6fd0-4fe6-8799-09a171ac3cca,,,
35734,1a4e007a-e7a6-4b87-9ad4-eaf190798013,,,
35735,752f52e2-0153-4ca4-93bc-9205fba84aa1,,,
35736,807c087a-ecd6-4129-8e51-9bc8835b4fa5,,,
35737,ac8cd43b-9756-4266-bf16-44017f2710e0,,,
35738,e55609cc-36b2-4010-998b-f1b0dcfa77f8,,,
35739,78a99803-b1b1-4001-9099-52b3f7209b78,,,[{'resourceId': '22f1bab8-cd84-4e67-8304-3d1a38495bda'}]
35740,96a83486-0a45-4421-a0ca-f3a01d8b360f,,,
35741,f8b13a84-8747-42f8-990b-3eaacbf61576,,,[{'resourceId': '60a8fa75-43ed-43f8-bf17-b8687a4b1a61'}]
35742,d368b1f3-14b3-4208-aaf2-d560a7fae3e7,,,
35744,cf9d68f5-95de-43b9-bcf7-acd8e497722d,,,
35745,be911b36-bbb1-49c9-86f9-724a37966c67,,,
35746,3fb5b25c-4c5f-4fd2-8767-e67da3ffddf8,,,
35747,a7edd1e9-a263-4f1d-aed1-66273b89a622,,,
35748,92b9fac4-9957-4330-81d7-7af22473a353,,,
35749,26bfbfb7-bd02-448b-b9a2-3ef7b57ab52d,,,
35750,5550ce96-e5f5-414b-a097-d484c33370b9,,,
35751,ee886cbb-01ce-4235-b156-190009b9218e,,,
35752,a9242c71-3e04-4ff5-b4f5-b7e230fe27d7,,,
35753,c44072c1-6d06-4d12-a851-ffaed10df256,,,
35754,ee1f7847-17c6-4f66-aa08-cc3259cd0ee2,,,
35755,b6c54764-4989-40f0-831d-1b772ea610b2,,,
35756,6654ceff-e00c-44fc-8600-08d220ba6ce3,,,
35757,fc338474-4fee-40de-97d8-3dca487dcb98,,,
35758,0961df4b-a9ac-4841-b5b9-01a29b0e01a7,,,
35759,3b6dc9e4-2d1a-4a59-a650-b547bdc49860,,,
35760,e7f18b6a-0ce6-4762-a922-f6c01c9a9da5,,,
35761,99088dc0-3b8c-494b-9d95-43ba18da58a9,,,
35762,b9334740-32f0-4675-8ce2-c05432654b10,,,
35763,5114a3ee-4cf6-4475-9208-feb4808f593c,,,
35764,f245cdef-6130-48ec-8c95-c42209eac851,,,
35765,2f735fe5-c765-40ef-8bbf-9ae34ac15b44,,,
35766,b030cdc9-563f-4f92-bc21-a1febb959f58,,,
35767,4f48d904-ca09-41ee-9289-3473f5230088,,,
35768,5072d405-a2ec-44b7-8a66-b406037c0ec9,,,
35769,2f7be29c-09b2-4120-aeb0-f91c878b7d93,,,
35770,f84395bc-572b-4ee7-9088-182e3f59d92c,,,
35771,115e6f6f-05f1-4f38-b6ac-af473e92cdd4,,,
35772,aa699083-1e3c-48d7-afe2-c8a642b5a889,,,
35773,13b435fc-61a2-465a-97ac-3e810198f890,,,
35774,a5487583-ab91-45c1-aadd-8822dbfb125f,,,
35775,9a1d3e70-bc02-45ee-8382-3e312b63750d,,,
35776,349b3b48-5cc9-4a3f-a83b-4de8377d07d2,,,
35777,0d4348bb-d5c0-44c3-a4c6-4afbbdd03b8d,,,
35778,44f41928-01ae-4d5a-af63-22aae7b7c135,,,
35779,546df1a2-e9bb-400a-af9f-f5fd2d532353,,,
35780,6743bfd9-6b96-4bda-8aca-45c5ea1df657,,,
35781,d6c707c6-f675-49ab-b240-9d429ec59892,,,
35782,08e6303d-8fd0-4756-824a-d13eec58048f,,,
35783,8501773b-e588-45d4-864a-11dad2e2eb47,,,
35784,73bcea4f-2430-4575-8d3d-7cb19793637f,,,
35785,6d8b3153-5691-482e-95c6-62ff5d2e8b34,,,
35786,57375992-f3cd-4097-a11c-f7f22a2d21fc,,,
35787,47bc18a0-83ee-4c69-aa84-64bb0024a5bb,,,
35788,2b5a8e1a-e827-4146-9731-300f5a90c17a,,,
35789,6d4bf1c3-a3c0-4076-b639-590e74567be5,,,
35790,f95acca9-5655-4832-8147-a7d095cea3dc,,,
35791,0bcf0244-52eb-4dee-9c25-81fe3e587317,,,
35792,992f588a-8441-4aaa-943e-44bff2e03e65,,,
35793,4aa3d435-105a-4526-b1fc-0322dc8f8738,,,
35794,0510dcd3-6ffb-4dd5-9148-3e85a7539a23,,,
35795,15d8a4b8-b715-463b-9dc3-d792f2a134a2,,,
35796,83969f90-45c6-4315-88d9-ebbeff0e8d05,,,
35797,24b36632-6c67-4da0-9240-f94e637f37e2,,,
35798,bc0f19b2-a9aa-4a87-a95b-0b9f4bcdfe94,,,
35799,fd5550e3-5d97-4cad-9521-d02fbf8c6c3c,,,
35800,eea5a392-ac2d-4b9c-999d-1c0ad749f327,,,
35801,73f26ab3-109e-4e2f-95b9-44499237b10f,,,
35802,c5a1cafe-78bd-4ef7-93a1-d86961985314,,,
35803,7939fff7-d432-4f48-9887-2c4de137217f,,,
35804,9ec6839f-be1e-46f5-9a0c-4c1db5302ddc,,,
35805,33732541-8693-438b-a4d2-3aef5eb4e710,,,
35806,79a8d1bd-46b9-4b5a-acc3-2daad2a15598,,,
35807,73de99b3-9e64-4ba2-b53f-6795f730234c,,,[{'resourceId': '90917d47-c38e-4551-96d0-b4b6227d050c'}]
35808,21adeb04-cb01-4df4-9796-d5169490aa96,,,
35809,c8181a4f-c880-40c9-8e7f-25ccb531a353,,,
35810,3509cb69-8ecf-4d4b-9682-8516a50b451c,,,
35811,44b11e11-e8e1-4e5f-a5a0-7ab7602c6cf8,,,
35812,60229dbf-9488-49d2-be07-834697d59437,,,
35813,cefdfabc-c040-4874-8738-d8c78a8c4fbf,,,
35814,5352a452-bb6e-4256-8213-4f998a69a71d,,,
35815,f3c161df-fbda-42d7-be57-a367a743928b,,,
35816,3b71aea8-f7fe-4dcd-8f65-1f2773b38899,,,
35817,97ff31ef-5525-46a1-97b1-83a2f7467dbe,,,
35818,894b0568-47dc-48e1-9470-03b4fcbcc833,,,
35819,bdea8066-b42c-4baa-b1db-7da1dc150f0b,,,
35820,4ab9e265-4e92-407b-8d56-449ff67e9135,,,
35821,f7c5623c-e058-4fa1-8bf1-0f6c65a4a51a,,,
35822,56a62dd8-de6b-47d3-8a41-677af71c5b75,,,
35823,6705a4c0-bb8c-4299-9653-7dd9b49ac615,,,
35824,98109f80-e15c-4d83-91ba-74a66d1dab52,,,[{'resourceId': '1a317901-b718-4a35-abe2-0f5f64eb2888'}]
35824,98109f80-e15c-4d83-91ba-74a66d1dab52,,,[{'resourceId': 'd446fd6a-d200-46c7-848d-e1b1d51c1cfe'}]
35825,40fed0a0-d4e6-4039-aa55-5b54167912a9,,,
35826,cb4510e5-2de4-40de-854b-06474be30caf,,,
35827,60675f7d-a143-4e8f-b6e3-533d11ec208d,,,
35828,c46469c9-5049-417e-a85c-92d8d9a97a8d,,,
35844,5c7411f0-d9cf-4e1c-a54e-9a68679e66d6,,,
35851,4c3a91a0-79b3-42b9-97cc-2bc9eef7e616,,,
35859,e6e11d16-c174-4d6c-aba7-eec20f6b65b1,,,
35871,0a447e0f-5c8b-41ed-920b-d4f9b43a62f6,,,
35874,a3d20973-0269-47f7-9592-eb2dd135f2a9,,,
35889,596112c0-f004-4c44-bc71-a4a5ae361c46,,,
35894,87422f60-7176-45f7-bba0-187362602905,,,
35899,361580f9-15d6-4c84-92a8-169f750539a5,,,
36991,11046baf-fe4e-4bd5-814b-7fd7b58c6ff4,,,
36992,9d0e1050-bd1a-4d62-b3c9-eea417f90428,,,
36993,de10c710-5051-4833-88aa-5af46c2b8f49,,,
36994,7bea9ae7-3c3f-436d-9c9e-56fe3283c54a,,,
36995,d00088db-d1fa-4dfe-b093-0978eb729d4f,,,
36996,22dd5bb8-6bb3-48ae-bfed-07d758ef3594,,,[{'resourceId': '8f745562-363d-4962-b8bd-3c52e655ab44'}]
36997,8f745562-363d-4962-b8bd-3c52e655ab44,,,
37003,4ba65284-6b24-4bb3-92e6-05bd9c2997e2,,,
37005,ab2b3c90-9fb0-4624-88c5-72a0e5c14fb9,,,
37006,2376a6ee-72b4-470f-8b2c-b08546effd53,,,[{'resourceId': '5ef91465-75a1-4d68-b8b0-317a95300df3'}]
37007,9a68de9c-9279-4526-b02a-c617f743b21c,,,[{'resourceId': '2f44aa35-69c5-441f-9a33-d6d17ccc189f'}]
37008,2f44aa35-69c5-441f-9a33-d6d17ccc189f,,,
37013,ed296e25-ff2c-4996-a299-69625c86033f,,,
37014,255a4aa2-e249-4ea7-a449-857554526c8a,,,[{'resourceId': 'dbda8089-1bfa-443d-b3fd-cde676dbfdf4'}]
37015,b15b6315-16c5-4328-b751-f6c564993691,,,
37020,0d33de7e-f341-49c2-a12e-f73ba476c2bd,,,[{'resourceId': '9b47bb8b-f2c9-4dde-a504-437baf329bfc'}]
37021,9b47bb8b-f2c9-4dde-a504-437baf329bfc,,,
37022,1a80d3ec-d44a-42b2-b349-f856e42bda19,,,[{'resourceId': '94adada8-8935-4c4f-a402-7faacdc741c5'}]
37023,94adada8-8935-4c4f-a402-7faacdc741c5,,,
37032,9d93765b-1356-4fac-9623-ccc3541dff52,,,
37033,13a55285-2bd6-48a3-95fe-e0b36f388be7,,,[{'resourceId': 'bbf15293-69e9-4802-8d28-def219a95a34'}]
37034,bbf15293-69e9-4802-8d28-def219a95a34,,,
37036,be811cf6-7d90-4701-9dbe-adbc20eafc79,,,[{'resourceId': '033e56da-80aa-4720-a7e8-2619f7edc4e5'}]
37037,033e56da-80aa-4720-a7e8-2619f7edc4e5,,,
37039,2ed42f44-a16a-4637-a17e-1edcfdeb854a,,,[{'resourceId': '07890592-6413-4eb7-96be-bc8df406fa44'}]
37040,07890592-6413-4eb7-96be-bc8df406fa44,,,
37046,6be05aaa-434b-430c-8ddd-12a45c510749,,,[{'resourceId': 'f12c1db8-466a-4501-ab15-c3896d2bbd60'}]
37047,2aefef04-3727-4e62-87d0-dcb18981f653,,,[{'resourceId': 'a364b535-a857-4eab-a748-0383a1322a55'}]
37048,a364b535-a857-4eab-a748-0383a1322a55,,,
37053,5e1b3026-c28b-446f-a33b-f45a5d2e22ac,,,
37054,051c6bbb-aa11-46f2-9f3d-efe892a0b344,,,[{'resourceId': '3cee22c5-f8f6-4003-a8dd-a8cda12df6cf'}]
37055,d2c5d331-4d73-4bbb-aef0-1ea1dc8ef1bb,,,[{'resourceId': '81ea9cd5-f174-424f-8e24-a8a0e9ca918c'}]
37056,81ea9cd5-f174-424f-8e24-a8a0e9ca918c,,,
37057,0ef9aeb9-31c4-48e2-bfc1-1dc297b7946b,,,
37063,b1a109df-2cbd-4335-a41e-49c1aa836f82,,,[{'resourceId': '9ac9dde1-84f2-4f31-b78f-77a211cdafd5'}]
37064,9ac9dde1-84f2-4f31-b78f-77a211cdafd5,,,
37065,acc67d4d-edbe-4ee2-a40d-ded6a4161010,,,[{'resourceId': '2800a498-f10c-423c-9569-3917a6378b6e'}]
37066,2800a498-f10c-423c-9569-3917a6378b6e,,,
37078,92ffbe5b-7d09-404c-9b9b-8ffe01e15890,,,[{'resourceId': '9b4626a2-5f2e-4110-b27d-9d5d0156fc1e'}]
37079,9b4626a2-5f2e-4110-b27d-9d5d0156fc1e,,,
37084,d497e75b-2712-46a6-a0cb-63327bc7753a,,,
37085,feb3c947-5667-4820-b262-1eb474d033ed,,,[{'resourceId': '4c701b53-6862-4a8f-b93c-64aa39f827a9'}]
37086,4c701b53-6862-4a8f-b93c-64aa39f827a9,,,
37089,895a83cd-996f-4d76-90c2-45be482987bd,,,
37092,175b413e-23b6-43af-9755-549d272eb8d9,,,[{'resourceId': '30ad25a0-d46c-4e18-a5fb-76641b38faa0'}]
37093,30ad25a0-d46c-4e18-a5fb-76641b38faa0,,,
37094,d6168fa4-c67d-4a31-a8ef-8ac756c8644f,,,[{'resourceId': '8cc3a964-02a4-49db-8fbf-6c0747c5def0'}]
37099,59ed3508-9933-49bb-8a52-c8c6945cc28b,,,
37101,97c54141-9e51-4b6b-93a8-ccc4f96af60f,,,
37103,d909677f-b518-4d51-8368-923c13312669,,,
37104,9b1061bc-2c1c-4e05-bf7e-ef1267c95116,,,
37105,97f22845-853e-47c6-9974-bc541bb6948c,,,
37106,0dd3381a-2532-4ec1-9458-9b114247fe14,,,
37107,f4597603-1733-4169-90e7-0c647af8dfd4,,,
37108,d46def6b-a968-4638-92d7-0562904198ec,,,
37109,4861139c-2207-40a6-98aa-baf91a24149a,,,
37124,d7ea03c8-ca4e-4580-941a-7cb3759f33e9,,,
37125,966a44a3-2e79-4b85-9bff-02593c01aaa2,,,[{'resourceId': '60222185-69e3-4795-94fc-c11a209227ff'}]
37126,d7a1d268-ee19-43b6-adbb-08df196b57b3,,,[{'resourceId': 'e1122073-1fa2-42e9-bdd3-fd84b8c56191'}]
37127,840bcd80-9565-45f0-b679-4d728c0aae5e,,,[{'resourceId': 'd4a963e8-a7f3-4dde-8ac5-d19feea4b895'}]
37128,a01783b4-9828-4c9d-bc64-7300a9416756,,,
37129,c095145a-7a37-4868-9268-1f4725fad412,,,[{'resourceId': 'e231bbc2-7fb8-4633-a9a8-2803fbfb924d'}]
37130,364b448c-2ff7-43ee-9aa9-c91107c9d3b9,,,[{'resourceId': '691dabcd-2038-4741-9936-d2a11c346e6a'}]
37131,1dda9cdd-8476-448e-9660-53c938fa537e,,,
37132,80fb92d4-974d-4b7d-a306-612ac8c69aa7,,,[{'resourceId': '2bf0a00a-adba-44e4-b51f-0ea609b4a018'}]
37132,80fb92d4-974d-4b7d-a306-612ac8c69aa7,,,[{'resourceId': '7daf0f91-f497-4dbf-a5d1-56722dc8f8fd'}]
37133,5b3e3fd8-677c-4c21-8654-6f181c90c81e,,,[{'resourceId': 'ecd98f7e-ce18-4a12-a4b0-fcd255c5fa7a'}]
37134,6dff3b0e-4861-4a83-a2f9-4576a7fdd5ff,,,[{'resourceId': '69307786-356d-4999-ba56-98a6794a445b'}]
37135,0dd814dc-5fb0-4f8b-9278-418dc4ffb34d,,,[{'resourceId': '089c5791-a0cb-442b-a5a8-7400a491ee60'}]
37136,7aedd85d-16d2-4ada-8501-025df3cf21da,,,
37137,0e0e159a-a5d5-4136-8dc8-62be6ab8cd97,,,
37138,3da71d74-d13b-420f-b937-28702c4f4b3e,,,[{'resourceId': '9db275d0-d3a2-4580-a76b-fc22e9ea21f8'}]
37139,ac2bb7b2-4aa0-4ece-882a-63f7a23b908c,,,[{'resourceId': '7438f703-4d38-4e1c-a6e7-f8f9262982ba'}]
37140,aa11d01a-df75-4872-8477-aaed96ff1fa7,,,[{'resourceId': '089c5791-a0cb-442b-a5a8-7400a491ee60'}]
37141,a06eb3b8-a137-4509-a100-b57a18e1e38b,,,
37142,976df7ee-88fe-4325-bf6e-6d873cb02b71,,,
37143,879adf55-e916-4e8a-ae93-fed43938e282,,,
37144,36cb009e-13b4-4e54-92ba-f8553d27517d,,,[{'resourceId': 'd6d5d3d0-1846-4251-9a26-9acb6a497135'}]
37144,36cb009e-13b4-4e54-92ba-f8553d27517d,,,[{'resourceId': '00f58443-7d4d-42a4-8028-087af08771d7'}]
37145,11e3fa9e-edf8-4f52-85e7-556ad22dbc0c,,,
37146,fc75ea34-1f1c-42dc-8f05-8f753d19466c,,,
37147,68d4c6a5-3ec6-49bb-af6e-85323a11e054,,,[{'resourceId': '3d35dce6-fbc7-4cf6-a2e2-c0cfbbecd1bf'}]
37148,466be6d1-5f8f-4f30-a913-027035d0a243,,,
37149,bf7eba69-dc60-43ea-9eab-2bdb505689c7,,,
37150,d9d89e20-9e55-4a17-a836-068eeb3d470c,,,
37151,08af9d46-341b-46e6-9095-d32aa1c297cd,,,
37152,1dd1b471-a727-4193-8707-781db70bc891,,,[{'resourceId': 'aa82359b-9e5f-412c-86d2-5bbe4b6b13ea'}]
37154,730bcc55-406f-4f5f-98a3-2beaa6c5d94b,,,
37155,d41cf4ae-4b4e-4f8f-b868-72bb8ea83ff7,,,[{'resourceId': '71785ac2-9d89-42de-9c9d-dfbac4f51229'}]
37156,66664636-421e-49b1-9c7d-ecce716040d8,,,
37157,2b413710-413f-41b2-8062-554376951fe3,,,
37158,d2914020-7835-42c6-a8e8-2ae3ea3a65c5,,,
37159,8700cf9a-aae7-4caa-9e9f-6977169620c9,,,
37160,2b7508bb-6e46-4981-8bab-7f1fa4d3f7e6,,,
37161,0fc9c6a4-9ead-4e55-b52a-93895d65d864,,,
37162,ba78ee7f-33dc-4d8b-a38b-b3563c7dac11,,,
37164,d024f95d-b908-430b-b43e-03a51293b449,,,
37165,12719762-c7bd-412e-9f6a-ceafccc5b8d9,,,[{'resourceId': 'd3ecf2d8-54ef-4e9b-82d2-486a55705c27'}]
37167,2304a8b3-f000-4c03-abf6-ccd27b5cdd49,,,
37168,9e11be09-3cb4-4de1-9f2c-41c989d6409a,,,[{'resourceId': 'c8801591-81fd-4154-8f82-efb90f624861'}]
37169,5c722ec5-cf22-4b3f-825c-54913d2bedd1,,,[{'resourceId': 'b376b843-56f7-42ca-9086-b0995982ce09'}]
37170,791446ce-f6e8-4420-a16f-ba16909e7099,,,
37172,a0e08d2b-fded-45d4-a5e5-e879ba508119,,,[{'resourceId': 'd6d5d3d0-1846-4251-9a26-9acb6a497135'}]
37174,5d736955-178b-4d8a-98f6-f87ba0e13e4c,,,
37175,a1956a64-9323-47a6-afc4-2763cb4a9e47,,,
37176,29c08f71-1619-4c87-a2d6-3655b3a5a32d,,,[{'resourceId': 'c9c11092-6f04-4431-933a-382b448d58cf'}]
37177,54af5b79-277d-43eb-9c20-855b14d00d92,,,
37178,8518414d-6227-408c-a769-7f75e545dce8,,,
37179,544d4fbe-922d-422b-bfff-9e418a370380,,,
37180,e39df212-c94f-4eb3-a49b-f84cf90613fa,,,
37182,1b239458-bf25-4ffc-a2fb-26c64a2a06e2,,,
37183,776609a2-7d03-42f4-8944-0466add79aa1,,,
37184,03c24dcf-b280-49f2-82ed-6ff571648e80,,,[{'resourceId': '2cfc2948-1a01-4606-8099-c31b2e0ece89'}]
37184,03c24dcf-b280-49f2-82ed-6ff571648e80,,,[{'resourceId': 'c3f394db-d0ea-4ab5-9c35-aa4009fc43a3'}]
37185,17a60b31-9f5e-4ca5-a7af-3c06da29e7f9,,,
37186,40badc6f-03ae-4e9c-b68d-85786ed45cac,,,
37187,177487cf-d30c-4494-adf2-d0a8ed5d5048,,,
37188,80f661e5-f4d8-4f23-8d3d-983f769160e6,,,
37189,375d2795-4452-4edb-baee-8b92515dc6af,,,
37190,5c1f4a37-52a9-4718-a870-51364155c712,,,
37191,2adb6b4f-1903-4c62-83b1-f9f6b0b9ac90,,,
37192,d9ce5c97-53a0-4666-9b2c-a60b6e7ee589,,,[{'resourceId': '215952bf-72be-4d4f-aa0a-8db855c7023f'}]
37194,174e4744-5715-4379-abcb-ecbffe9e22e5,,,[{'resourceId': 'd3ca0987-7503-4ab9-baaf-21e0014819ef'}]
37195,b09a9e0e-172d-4a20-af4e-6e65b5a688b9,,,
37196,cc2f13b8-cf3b-463b-94d8-319b7f2ceae5,,,
37197,da248f32-af75-4bff-ade0-d11062e0ceda,,,[{'resourceId': '9d03d72c-79eb-4346-b16e-4a50aac38267'}]
37198,5704f613-6514-486d-a819-4d79d8503502,,,
37199,11490c44-7898-4db8-9c76-d0e033d56b94,,,[{'resourceId': 'efe9b43f-4cf6-4457-8344-624d797784e9'}]
37200,b8d9b566-88fe-4c57-98f2-4a5c6a0fb1c5,,,[{'resourceId': 'a7c61192-8206-46cf-8a4e-ebbfa92332b8'}]
37201,3fa2c950-84d4-4c6c-a63c-23d6661c0ab5,,,
37203,a34d8ebc-43e4-4776-80a1-ed0751e89202,,,[{'resourceId': 'b993c3e1-f454-49a4-b802-775d1fee319b'}]
37204,c215ec8f-d008-4450-a800-74a61fecc946,,,
37205,286ee3cc-ebc8-46f0-bb9f-afe1dc905d07,,,
37206,8b68b9bc-3a75-4cc9-8a02-2996f4d8ab0b,,,
37207,49d7c903-44c6-497d-bc7a-e736e3541a0b,,,[{'resourceId': '0396cc24-7ac9-4131-bbae-55b930997d52'}]
37208,9a9bc8a3-f8c4-4268-8fbf-d0b25fee9b8d,,,[{'resourceId': '3ee87e3f-a496-425b-a1d9-7545bce9fae4'}]
37209,a4607d8e-5826-41b8-836b-db8dca9f761d,,,
37210,9dd46429-dec5-42ce-84cf-8fee3758c98c,,,
37212,7301f032-8267-4f0f-a5b8-bcdf24ba89d2,,,
37213,46c6c901-0b9d-489e-8054-3a69e5c107db,,,
37214,856a7ce4-989c-443d-85de-d2cdfb2fe326,,,[{'resourceId': '7fa966a1-f1fe-4eff-97de-339a73daf6ff'}]
37215,2c784802-9f4a-40df-ad0b-e6445bcaf812,,,[{'resourceId': '865c37ec-6ef2-4d7b-9cce-404b31a54af7'}]
37216,4ee64a79-9ca8-46d2-a229-b47180505e6a,,,
37217,161476c3-65aa-41fc-a7bc-0e5b29f94759,,,[{'resourceId': 'a4fd57b0-c7e3-4909-bd81-e96ac21c7f55'}]
37220,91b17d5b-1caf-40e5-96ce-a70794586caa,,,[{'resourceId': '380261a4-e5e5-45b3-ab2d-860d1f75f4a3'}]
37221,ea719b13-0868-4d4a-95df-0d05d49335e6,,,[{'resourceId': '6a0eb9ee-22bf-40cd-8ba6-963998201983'}]
37222,9b2e57ea-ff98-4c6e-88e1-8d9b910bff2f,,,[{'resourceId': 'c32b88ad-d7c4-4cf4-8832-ad818ca21098'}]
37223,1b1ee2df-ba02-4d0c-929b-11cff9a08aa7,,,[{'resourceId': 'b2400f7f-06f2-4a79-b6d2-d6c271cbbdfc'}]
37224,5fc247e8-c8d8-4946-809a-8d1fbd638a86,,,
37225,eddfbead-64f7-4b0a-8f13-16b1db558ab1,,,[{'resourceId': '4edc64f8-7d0f-42b5-a5e5-8bfff172879a'}]
37226,8cd6f32b-1d9a-4693-acec-086e301b4047,,,
37227,b974c49a-fadd-4158-a68c-13742cf0981b,,,[{'resourceId': '52e71fcd-f3b2-48a9-aa68-449ad2ed15d9'}]
37229,ce30fbda-a9ab-4066-b34b-81fc0c3ec3a2,,,[{'resourceId': '5a77d2b8-747d-4a25-9798-a68057e0384f'}]
37230,9957a452-9a4f-4d7e-bcdf-d1b42e819a6f,,,
37231,b9f6b69b-2ae7-4780-b881-9ba66fbee4c4,,,
37232,ab62b1cd-9368-4da3-a1a0-5fa2d90edda3,,,[{'resourceId': '421f3ad3-d1cd-461b-9521-2d429b39f26b'}]
37233,83e7e516-70c7-4548-b859-9691cfae5fb7,,,
37234,a8cf6c2b-e8e7-472f-8527-63c841b274e8,,,[{'resourceId': '964e3f3c-5bba-4f4d-8601-81c023b45473'}]
37236,72bfafd1-4cb3-4347-a566-fb20f3d27e6e,,,
37237,c88031a4-bd80-4c51-9c32-c5f569d00ac1,,,
37238,81d0aadd-1230-43a4-8310-d1259af436ea,,,
37239,c7cd65b7-a085-4381-90aa-c891e0baf2d9,,,
37240,d91c40ee-6ea7-403f-99e2-a607adf1277c,,,
37242,a6b48a89-d1f5-4405-8436-900442bed7bc,,,
37243,141493f3-0597-4e0a-8f22-887664bb6ec6,,,[{'resourceId': 'e7d4d456-8527-11ec-a8a3-0242ac120002'}]
37245,c5582b1b-a0d2-4980-a608-df0d45c49812,,,
37246,a15f964b-30ef-4ea7-95e3-5cb52297fde6,,,
37247,5358dc47-4baf-4dad-b4e6-e956ba212cc0,,,[{'resourceId': '64b643a6-18e2-4cdf-8ac6-2dda9623a23a'}]
37248,3724d3d8-fc84-4391-9ceb-200ba4392d72,,,[{'resourceId': 'fdc63457-2dfa-42c0-be6c-b8dfcc2cfc96'}]
37249,a5cb9d8d-3d0c-4465-98bb-d85eb99d4bc9,,,
37251,d7d2826b-bc2f-4810-acc9-0a792b36ea99,,,[{'resourceId': '699dbf3c-1863-4574-830d-9a13f4257c76'}]
37252,9d56d65c-af41-40af-84e3-06bc7d906192,,,
37253,9f56c475-1bb8-494e-b49b-8a0f161b0068,,,
37254,916cfadf-d86b-4016-a31c-6a6c5599a717,,,[{'resourceId': 'f4ba865b-5f3f-4e96-a049-05b5e3c2d7f0'}]
37256,ff1c6988-a0f2-4ee6-8ed9-0e9e32826ed8,,,[{'resourceId': '1fbc7f24-aa6a-49ba-91f6-7adbe2e69ee4'}]
37258,deaf3d79-18b6-403a-96bf-6f6da096aa4d,,,
37259,ba344404-20a0-45b0-bf7e-8f1ac48b51c7,,,[{'resourceId': '93084aea-1d36-4fa3-baee-6b8e2a0c2638'}]
37260,565f82a9-acdb-402a-b5e6-67c051ab4cb9,,,[{'resourceId': 'c52190ff-eaf9-4d30-9dcd-30d501ed3ebc'}]
37262,e292fb45-e227-4912-8be0-44e470345a06,,,[{'resourceId': '8fc192ff-6fe9-4ba6-b248-f1e8a1ecbf57'}]
37264,700ffeff-05ba-4a0b-8c88-47dd60db6dd5,,,
37265,f9007449-e5cf-4394-911a-82138bba226c,,,[{'resourceId': '9f94e7ab-8aa3-4f7e-a5b8-4275f82014aa'}]
37266,e9cf3c30-afc2-40ed-b79e-b138ec6f16c2,,,
37267,bb2ccee5-76dc-4082-b816-a0dc4a8764f3,,,
37269,a501a55a-e7f5-468e-ac1e-fd3d98ae37aa,,,[{'resourceId': '743643bb-76ca-43a8-ad8c-8b9c161f39f3'}]
37269,a501a55a-e7f5-468e-ac1e-fd3d98ae37aa,,,[{'resourceId': 'acd329a8-5410-4b1b-96b9-e6a6dff69e15'}]
37272,746e61b4-725d-454d-a135-e83377ee261d,,,[{'resourceId': 'a4b4121b-bae1-46d3-a4ca-7bf805a0d411'}]
37273,45506402-455e-437a-a20c-ad8e5602ac76,,,
37274,074f1184-a575-4f77-829a-8caf1221e369,,,
37275,607c9ad3-d15a-4435-829f-54259984825c,,,
37276,6a79a0cc-9b9c-402f-be69-8c2f8c4958fe,,,
37277,7e72b768-777c-49c6-be4f-653bd80cfd3f,,,
37278,66192ec7-7aef-49dc-8e01-0f9be749c2c0,,,
37279,ed705a2a-4243-493f-bf86-ebc35d3d8675,,,
37280,6a742f59-518b-4d12-b457-587361f1a33c,,,
37281,f157a452-532b-4569-824e-245aaf35928e,,,
37282,5c055a95-9eef-493a-b8f3-b9394e3a6599,,,[{'resourceId': '136a11f0-6c11-4a02-8553-7ce83efa3d50'}]
37283,efe421a1-9a93-4805-9e9d-821ca098db1b,,,
37284,5d657f7b-e87a-4fd2-90e5-f67a105f0549,,,
37285,1add6b2d-7820-4a17-ae0a-291e762520b9,,,[{'resourceId': '552fb4fe-e199-42b8-9a33-582fdc24b4ae'}]
37286,52d3bce7-99fb-42f5-bb49-16a330a36de1,,,
37287,fde11a68-0315-4b88-b4e5-cc7941db332b,,,
37288,98a2e967-4ade-4833-a222-440dd8f88248,,,
37289,884e44db-8357-4643-83f2-0e0a750def12,,,
37290,703e631c-e784-4412-a641-ef16e98e4118,,,[{'resourceId': 'c98e2037-9e82-4c8f-916f-40fc55aa9b9a'}]
37291,743ccf86-4774-409c-8261-12abfa20d40e,,,
37292,c3d24813-1cb3-44dc-90d5-5bb8604e422f,,,
37293,bc7ea6a7-6f1e-43b5-83df-da9391668dbe,,,[{'resourceId': 'ab31a678-e2c6-4c9b-9f5a-467546a2638d'}]
37295,418f9573-ae3f-4957-9821-ab661606b16b,,,
37299,3d18161a-6f2b-4e68-81a0-b88b551e691c,,,
37300,96ab25e9-7bf9-43bb-9a50-644cb5c20405,,,
37301,608dc056-787f-4b3a-96d6-46fb9a8a586f,,,[{'resourceId': 'ffbc612c-f5cd-4095-a7bc-191838cd794a'}]
37302,6e9bac41-0800-4a9e-a821-25ad18cafb39,,,[{'resourceId': '288b8d88-222a-4b81-b52d-3c19fe528a5f'}]
37303,a238519b-9621-46d8-8a20-4def3839a5d9,,,[{'resourceId': 'd6ddfa44-850c-11ec-a8a3-0242ac120002'}]
37304,107ddcd8-515f-414f-b301-813784c6397f,,,
37307,c40e0ca1-9bf2-46d3-89b7-c5d6bfd310b1,,,[{'resourceId': '19f6b864-b0bc-40b3-94f8-8f103d60be7c'}]
37317,b9503b72-761a-433f-8643-2c17d2c29df3,,,[{'resourceId': 'fee900a5-dd2b-4384-9f68-a0f28a7c2316'}]
37318,daac3c1c-3578-4a55-823b-eeb5b6ec9922,,,
37319,e4cbe353-2465-43d8-8cff-cbcce4611005,,,[{'resourceId': '4e3eea0f-9a7e-4c8e-8bda-a09c8b8f4f87'}]
37321,11ba24bb-a533-4622-b0bf-311cd10688b8,,,[{'resourceId': '8d55ee1b-9386-433c-ab0a-fc94bf2156e0'}]
37323,93192182-0d73-4848-a2fc-cb2fac47e72e,,,[{'resourceId': 'b6a95f67-dcdb-462b-881b-67489b3f225e'}]
37324,f73e5019-cdcf-470f-8363-48bc699720ac,,,
37325,e5980c4e-fbe6-4976-9548-dea4ff9d3f71,,,
37326,d0d48646-9d3c-4491-86da-89cdd5a23f14,,,
37327,d8a5977a-c328-4e41-b86e-14765fb3522c,,,
37328,17a287d5-57f2-4464-be58-bdea9f68e6de,,,[{'resourceId': 'b2b4bc5b-1d56-4dee-9d12-d7d2fbaa286f'}]
37330,bd7319d3-17a5-459c-bfc5-e0089291562d,,,
37331,c286f210-da7a-4535-933e-a878e4c01624,,,
37332,c92e76d1-ee0d-4a89-bc6d-8e76e9c32853,,,[{'resourceId': '022059ef-97a8-4c64-a1aa-01db1e4997f3'}]
37333,8ace06d4-ff2e-40b1-9704-9e5560112840,,,
37334,1ad400e8-efcd-4fc0-9c97-22bfe226b3cf,,,
37335,3fcab74e-208c-4e12-a466-31d6652876fa,,,[{'resourceId': '36845b15-8b3b-4858-949d-bfd64536e111'}]
37336,e47d1c23-34fa-404d-ba01-3893f872cdcd,,,
37337,87338c99-7021-4d3b-9fe7-9ed5d638e944,,,
37338,08c56b50-54c1-469e-8487-baf919c61ecd,,,
37339,b7ac3587-ad0d-4ac1-923a-6855ac189aaf,,,
37340,c37406f0-3d69-4267-8d8d-2d5569c62c38,,,
37341,c9dd6f7e-078e-46df-969e-1e5efb4ecc09,,,
37342,985bc15c-3b56-446e-b754-a402af99141e,,,[{'resourceId': 'eea9ccba-4b8e-4dd9-ad72-c379ef32e5fd'}]
37342,985bc15c-3b56-446e-b754-a402af99141e,,,[{'resourceId': 'f1206639-8572-4908-96c8-b978ce388a4f'}]
37343,bd7095d4-e292-4bad-9727-e2efd8c2b80d,,,
37344,9c9571c6-e719-419d-afb8-0f237624c6ea,,,
37345,b03a250c-b41f-4510-9c6a-f8f4f19a4be8,,,[{'resourceId': 'cfadc1f5-64d6-460a-92f7-dc70a4d41b29'}]
37346,2f96c6e6-162e-48f3-bdc0-f7f11a326f9d,,,[{'resourceId': '78f5890d-18ab-4bdd-8310-87da04b7e6cb'}]
37347,dc012c0b-7c9f-406b-93e5-ede63ba010e3,,,[{'resourceId': 'af60e2f3-e883-45cb-a7b2-83e42d8117fe'}]
37348,5a99961c-3658-42fd-85dd-935dca595741,,,
37349,3e547eca-96d8-49cd-852f-1dbb598c0d01,,,[{'resourceId': '28447ca1-7e9f-4447-98a7-60fa6d7ea397'}]
37350,de0bef20-4eaf-441e-9920-ec8a3ba425aa,,,[{'resourceId': '9188a416-8512-11ec-a8a3-0242ac120002'}]
37351,994b4a0e-c625-48c9-bd59-bea3233ae7a5,,,[{'resourceId': '65c7f32b-afe4-4948-acce-79bcb9bc8129'}]
37352,b359596b-7830-410c-8c48-3bbc87fbb559,,,
37353,4a40e867-4e65-447b-8475-a74a0d6ecfe8,,,
37354,0bb8a59b-f034-4877-a815-fd3cb58df7a7,,,
37355,fcbf9f95-dec6-4c82-89df-cf8e241958fa,,,
37356,0d7fec0f-fc5a-4af4-88a1-2e41c658f909,,,
37357,e23b896c-31ee-432b-9ca8-0f5d8cd2b86f,,,
37358,8004f56a-e46b-4112-bdf8-a718c9a68aee,,,[{'resourceId': 'd64f8c11-7cc9-43e6-a118-e1565290914e'}]
37359,00e0b2f2-a35a-4252-b6e3-336e531e9a42,,,
37360,f0346452-aa9c-442d-aef9-6d521b653432,,,
37361,95eca843-6f17-4776-8f42-0dfb9540f807,,,
37362,3fd7daa1-cd6a-4ccd-b055-42d13358e8c9,,,
37363,85cab5ee-3a36-4a48-88e9-039055668830,,,
37364,ea9bd083-f9f8-40f2-b520-5987a6421913,,,
37365,0024454f-b501-4e50-92c0-12fe3140210a,,,
37366,587c4eba-42ce-42e6-989a-27a52fc399ff,,,[{'resourceId': 'cd4b477e-e74a-47a1-a4cf-0e0ad8a1391b'}]
37367,538753ba-ad6d-451b-a054-b9cf5eae49c7,,,[{'resourceId': 'f21921fc-d15f-485d-a145-b74fe55e6cd4'}]
37367,538753ba-ad6d-451b-a054-b9cf5eae49c7,,,[{'resourceId': '915b8e3d-86c2-431e-b016-0635f730435d'}]
37368,eb7ab4e6-366c-45e3-92de-d45f2ea9900a,,,[{'resourceId': 'b800e2a0-6a5c-4d9a-a3f0-faaa29569c27'}]
37370,0867dcb4-d4f6-4eab-adde-1b4bb780de1a,,,
37371,66b119ef-ad62-45c9-bb6e-d0d455d5f283,,,[{'resourceId': '5c31f0ed-8bf9-4cf7-b27c-944fa5c2aca7'}]
37371,66b119ef-ad62-45c9-bb6e-d0d455d5f283,,,[{'resourceId': '9768eb91-2190-4649-909f-e361816dbde8'}]
37372,d95f9f24-a954-4925-82ff-f5adeaf41db9,,,
37373,5bdead7e-d782-433f-a335-35d4c165aac4,,,[{'resourceId': '56198421-6a39-484c-ab39-bbe8ff15e3f6'}]
37374,addacd55-76a1-4cb2-86d9-8c2a01a01f2a,,,[{'resourceId': '1ddfb2ed-0c1f-4907-bd9d-4c686feff360'}]
37376,0b3f4f07-d60a-469b-be74-77e3d268d18a,,,
37377,02a31175-55e8-4996-9e2e-162f04f4a678,,,
37378,3668ebb1-77c6-4e50-8fef-67bc0b9e9524,,,
37380,dff91ea7-d1eb-411f-800e-28c0dfeac16f,,,
37381,c24060a6-4ec7-463f-912f-add72f0e169a,,,
37382,dc0a0846-a06c-498a-b2d6-03da2881890e,,,[{'resourceId': 'bb859cf8-dda5-4dbe-849f-8c14ab7cf795'}]
37383,baac5cf0-0604-4e34-a275-17a581e941ad,,,
37384,54e42dfd-e6d4-49f4-a028-f3a0d48e0f1d,,,[{'resourceId': 'c2b1a61d-a63a-4a21-ab5e-42d5bfb73a64'}]
37385,81030c89-2a15-4a9f-b36b-2c00764c6c66,,,
37386,8d802696-ed8c-4b04-8f70-02c4be78089b,,,
37388,7e399386-8278-430f-be18-584acf36e081,,,[{'resourceId': '7181eb7b-f0c9-4fee-b37f-4bc8862f3a63'}]
37389,3360bebe-01c2-4329-95f7-8549bb44a468,,,
37390,0f8e29e0-d1cc-4b1d-b577-350395ac33e9,,,
37392,5001f7bb-d469-4532-8d85-cc41185152b2,,,
37393,a90106f0-dacb-46b1-a19b-1c2eda788c46,,,[{'resourceId': '0896b195-67d9-41f3-8b29-f409ac0d7f46'}]
37394,5022aeee-8eae-44d4-ab08-e09361beb301,,,
37395,9d08674e-340c-42d2-abc5-0ff4a9fed6a5,,,
37396,766d26d4-d95f-488e-9572-bd88888451fd,,,[{'resourceId': 'ddd75b98-8515-11ec-a8a3-0242ac120002'}]
37397,20aeec9a-c20a-48ad-8f2e-dea3f05b8315,,,[{'resourceId': 'edba84d4-a85c-4c2c-82fb-8af1a563db43'}]
37399,45dccfbf-0629-40e8-a5e4-a39445ef48da,,,
37400,597650c2-acc4-4fb0-a3b0-2853bb458b10,,,[{'resourceId': 'd67dd4de-5cbf-4a46-a848-bb33c1f5090d'}]
37401,4f5b9614-4b28-41b0-a56b-a63d8c0630c4,,,
37402,f6b37c45-f7bb-4434-b895-40614623856d,,,[{'resourceId': '9946dfa8-f9db-4fdc-883d-94a773ead65d'}]
37402,f6b37c45-f7bb-4434-b895-40614623856d,,,[{'resourceId': '70b9410c-7460-4723-80b5-742bf4f70357'}]
37403,e7afa7da-8ab6-4b1b-8c90-6f41d331de3b,,,
37404,187c4176-0c50-42bc-8ed5-b974d2f9ae24,,,
37405,7e28e06d-56b0-4ad2-bc60-e32b244e4b80,,,
37406,4401d6b7-b79b-48fc-8184-bd79d273b0e8,,,
37407,4a0a4b48-7fd0-4563-a0cb-baaa93622bee,,,
37408,16897aae-2337-4807-b93b-4637bcd73504,,,[{'resourceId': '1efb984b-f02f-4873-aedb-ef2f36795097'}]
37409,339d8a70-f37a-450c-a9bb-259a67e46748,,,[{'resourceId': 'b767279e-851b-11ec-a8a3-0242ac120002'}]
37410,8d410a01-9998-4883-931f-bc61a520f007,,,[{'resourceId': '07134038-b05d-43ac-9e31-1b88f22f2034'}]
37411,1b9cead7-8543-4316-804f-449902d8355d,,,[{'resourceId': '245c6fe1-ac1f-4148-af8c-8f263394e341'}]
37412,d567337a-cf4f-467f-abb5-063f95f0a8e7,,,
37413,0807ec80-6fbe-4437-950c-3e8a6bd6ee27,,,[{'resourceId': '17a4b5b3-7840-4f52-a9fd-f879670c80b7'}]
37415,a3dd4b94-0d3a-4201-9d2c-d00c10658d4c,,,
37416,5c3752d6-96b7-4749-b259-7621d7f86309,,,
37417,8ed0b6c3-5f7f-4478-b919-9d83ff8fbeee,,,
37418,9265f961-3634-4250-94c5-4f245c901ec6,,,[{'resourceId': 'b4358dc9-fd99-4931-a790-f8ea4a25a434'}]
37419,44e4528e-6370-4961-a4d3-b59da14f500a,,,[{'resourceId': '50a2dd8c-5de9-4b50-97fb-b0f415624f99'}]
37419,44e4528e-6370-4961-a4d3-b59da14f500a,,,[{'resourceId': '46a05ca8-f444-4fe8-9bbd-adc0d679243c'}]
37420,0fb97b1c-b8c4-4a80-b6ad-8ec3ee7c73f8,,,
37421,7157deb4-a5e2-49e6-a99a-cf50f0394a89,,,[{'resourceId': '404c7028-0e84-4225-a702-7dd0cdb5a3c3'}]
37422,cd25da19-8d11-4f51-a568-28ee49b4c0b3,,,[{'resourceId': 'd6878de0-2878-4f04-a8fe-6dd0f7e0b4b2'}]
37423,54809dd5-27d2-4ef2-a075-7187036f51aa,,,
37424,2e4eae8b-04be-41be-aad5-fd237eae9fd9,,,
37425,7c99f697-9ecb-4bfb-95de-533b5266198c,,,
37426,6521e9a5-39c7-40f9-a8a2-5e26b5382f06,,,
37427,a4c27bf8-2cc3-40a5-8821-1bfd6c4f9183,,,
37428,47c8126c-0bac-4845-b5eb-ec5821033fa0,,,[{'resourceId': '964a2775-94d8-4fda-b148-885418ced38d'}]
37429,2441dfe4-e953-47f7-8e83-4ae508eefb62,,,[{'resourceId': 'a22f26b8-d715-4c71-bb84-5775720dfb39'}]
37430,745c8c9f-6480-4ab3-a9cb-675c9877fd7d,,,
37431,4d6b2806-6a1a-4e37-8c46-2fb41bc0d18e,,,[{'resourceId': '7fee16fd-bd60-4676-9cb2-3b6a1dfe66ae'}]
37432,000269c9-a1cb-499f-b07c-4c3144be2b21,,,[{'resourceId': '1a3c931f-c29c-479e-a908-74f7208af71b'}]
37433,52334f84-c803-4d03-9236-cf27bcd945f4,,,
37434,40991a12-a6cd-47de-8c61-91681adc6565,,,[{'resourceId': 'cdc839df-1bed-4b25-b125-378b04e95e5c'}]
37435,3884ebdf-4446-40af-8371-572cd319f1aa,,,[{'resourceId': 'dbc8f547-a98f-4792-801b-dac1555eba01'}]
37436,6e4f794c-e72b-4177-96e2-88f085a5de26,,,
37437,ff5c2149-0121-46df-bf7c-7da26e4bad18,,,
37438,c184a2e8-0a99-4a4f-8563-ae21b80760d7,,,
37439,d53f59ec-fd68-4b33-b718-78f7cc154d54,,,[{'resourceId': '651f45dc-f33c-46a2-b2b1-d43dd7c001f6'}]
37440,0f63be0a-7c8b-484a-8779-c0a21b8f6b67,,,[{'resourceId': '232a64c8-3bbe-4b1f-ad69-b2645031c5df'}]
37441,38f2dc9f-c50b-44c4-a353-8ee09640df26,,,[{'resourceId': 'c92e76d1-ee0d-4a89-bc6d-8e76e9c32853'}]
37442,6a9cc6b7-ec62-4d8d-9a43-95e28b230b1a,,,
37443,4fc5299c-1d27-46a8-990e-3161584fe75d,,,[{'resourceId': '5583e852-54f3-455b-b405-01b45c8f5182'}]
37444,230b5898-a6a3-4ce5-ac3c-720af06ea1ed,,,
37445,d0891c7c-a075-43ee-9ecc-38bc575d0b6e,,,
37446,73a4ceda-d4be-4ac8-90fe-805bb088be3f,,,[{'resourceId': 'd6878de0-2878-4f04-a8fe-6dd0f7e0b4b2'}]
37447,551c8a77-7587-4ee2-8856-e9cea353ef25,,,
37448,62be59a4-ff56-4a20-ae0d-68f48c9c629b,,,
37449,134b91ec-097b-4d4e-a714-28bc89c88465,,,[{'resourceId': 'b7ca97fa-6248-40c2-be2b-0ed7af53dd9f'}]
37450,bb24471a-d025-43ac-bab5-3c1adab50c49,,,
37451,0406ef33-7557-4d70-b016-f3a7ceb7b2c0,,,
37452,42e7fa36-df9d-4624-b0a6-14e46edc59ab,,,[{'resourceId': '410df5ac-2428-495d-8c18-f0cda95cc768'}]
37453,4f4bcc82-7e4d-4633-9ff1-2ee0e14174b7,,,
37454,8efc2416-4b9c-41d1-87cb-b056bf2da6d3,,,[{'resourceId': 'a08a2de4-8540-11ec-a8a3-0242ac120002'}]
37454,8efc2416-4b9c-41d1-87cb-b056bf2da6d3,,,[{'resourceId': '0b69ece0-ccde-47cb-85c1-c1c6dac41b42'}]
37455,fb99a048-99ef-4444-b891-af704d25e719,,,
37456,97f15119-b1dd-409f-8356-69dec76f2a28,,,[{'resourceId': 'dbda8089-1bfa-443d-b3fd-cde676dbfdf4'}]
37457,b74edaf3-e557-4e81-a9af-72693aa45e0e,,,[{'resourceId': 'a3c35f5c-852d-11ec-a8a3-0242ac120002'}]
37458,8f47b758-41c3-4891-84e5-97dc41595f95,,,
37459,c907d85e-3c09-48eb-99f1-a6ddb403b9d9,,,
37461,1d3c236b-1ed4-474b-93b5-4acd48d6e263,,,[{'resourceId': 'eb659e62-6b7b-4ff0-abc7-5176165d313e'}]
37463,23eedaf6-59b9-484e-93ff-1420681a7e7d,,,[{'resourceId': '587c4eba-42ce-42e6-989a-27a52fc399ff'}]
37464,0658e67d-25ca-4abc-9e0f-71bd1909baf7,,,
37465,d82d2ee7-6d22-4c37-b14c-3c89e8d20d8f,,,
37466,19f57992-a5fb-4d69-842e-72854fcb70cb,,,
37467,64fe6078-5187-4350-9d52-359f72052fb3,,,[{'resourceId': '9188a416-8512-11ec-a8a3-0242ac120002'}]
37468,a18f92fa-dedc-4f0f-a85c-cd07b899142d,,,
37469,0347f6cc-de39-40a1-9cdd-88e934edb40b,,,
37470,2b3f36da-f2bf-41a5-87e5-0510683045d3,,,
37471,75fed7fa-882b-40f0-99d7-7fcd033610c2,,,
37472,ad0129b9-85c9-4acf-9289-1a545632ccf1,,,
37473,2e053ad9-fb7d-4c65-aba4-1b6632934be4,,,
37474,66bf0094-dc5c-47a2-a98d-4ce1877e57d7,,,
37475,b2e75662-01be-4c64-9b89-076c64cabef6,,,
37476,bbc304dd-5fbe-4a4a-9602-b7d6e22fff9a,,,[{'resourceId': '454729f6-4731-42c0-8d08-cc5c5db1c03d'}]
37476,bbc304dd-5fbe-4a4a-9602-b7d6e22fff9a,,,[{'resourceId': '226913f6-6dea-4007-9912-79fe22161a5a'}]
37477,76a75a58-e173-41eb-ae2d-192daa7ed45d,,,
37478,0275f7ed-1bd6-43db-9b87-7b45a03dad29,,,
37480,b6ea7df9-6570-4d6b-9a3a-8668beb4f270,,,
37481,e2f3300b-e82c-4b8c-b501-355ef9eef198,,,
37482,e5d9e907-2265-456a-8a16-688ccb1cf254,,,[{'resourceId': '67e4443d-a175-4db7-a42d-82a5e07fd2ba'}]
37483,067eb075-a9a2-4fb4-862b-741800e25435,,,
37485,3864a0ff-4d47-41e1-9bf1-d6d968ff04ea,,,[{'resourceId': '0a3d06cf-1d3b-4e89-94e9-7f313a0e864d'}]
37486,5b0f228c-cba2-4735-a7a6-ec2f6935efcd,,,
37487,4f683852-69e7-43cd-95b0-d45d2dabd57b,,,
37488,55429e8d-a484-4839-90c2-b04b298bd987,,,[{'resourceId': 'c9b5657d-e531-4d65-9fc1-0746977f39db'}]
37489,10eb9fc5-4f21-4d7d-a234-47ab53036d2d,,,
37492,295ad47c-87fa-4cab-a14a-88b027333c6b,,,
37493,efb3b868-fb47-4028-a74b-e2fd0c1e100c,,,
37494,7f72c8f2-63af-4e01-9e04-5cbca24da5bc,,,
37496,3aa51085-4f45-4388-b846-110cbf7175d0,,,
37498,18d0fe72-61da-4c5c-a9a2-b8332fc37cda,,,
37499,5d6c0b98-bee6-4ccc-ab3a-ac75e0981e70,,,
37500,8c5d757e-cf1b-4c77-aa9c-0cda7e8aa9e6,,,
37501,d253e5b5-d579-4004-b739-f98203092a64,,,
37502,d8f28eff-bcca-44e7-b603-6475ebb8198c,,,
37503,95dee699-a378-4efa-a657-7cfb6f6335ad,,,
37504,656ed202-37f3-4eb9-80ea-2ce056e47285,,,
37505,aea93117-16a8-41c2-af45-b92f45fa1520,,,
37506,eda7a807-bd68-407b-900d-b093125d1e0c,,,
37507,2c476665-ed25-4c69-9234-51f5441d8bc1,,,
37508,aa1abdd4-e801-4b4a-9513-f23280f187fa,,,
37509,728305d2-96ec-4955-b034-e7de10dac394,,,
37510,e385a6a0-f78a-48af-ad37-db31bd41b8e8,,,
37511,8891fafe-1e30-42ba-9c74-d8ef2c910658,,,
37512,75dbc35b-88a4-4141-b955-8825422de65c,,,
37513,8f11a5d4-92ad-4179-be4b-fe19c65cfdc9,,,
37514,39c0e645-ebfe-44b9-b094-da928c922580,,,
37515,63df7ce6-4931-4f54-8b57-0df79ec1fe04,,,
37517,ff169b8d-d433-4d02-bbb4-32e97791e3c2,,,
37518,f3278e90-f0f7-40d2-a61a-26c223e05fa4,,,
37519,ef398ec1-5565-4e0a-a1ae-a3b597c8fe9c,,,
37520,33594343-a144-4f9e-a361-51007f0a4d46,,,
37521,4db9255a-8ef9-4a5f-9c61-8479acca12d7,,,
37522,12fff1d7-567b-4649-8216-d288b436432a,,,
37523,6718186a-9f3b-48b9-b610-85f0bd54fd70,,,
37524,fb062c55-2099-4e37-8839-01f553546800,,,
37525,0f66a5b2-c24f-403b-86db-e1caa4811f85,,,
37526,ed930a42-7c30-4036-8424-786874dbcb22,,,
37527,f423818d-b0d2-4b56-bfac-6df931eb338e,,,
37528,4b9cf4e9-8649-4be3-84d5-e3d46cb48aeb,,,
37529,1694025f-727c-425f-bb33-1ce138454aa3,,,
37530,fd8d11f0-588e-4021-929f-2989c2629baf,,,
37531,c4da1c91-87a3-4ea9-b512-c25e96cb5e20,,,
37532,c4deceec-dd39-4b31-8475-ca070dddbd25,,,
37533,1253afe0-0dcc-4cc1-88f1-1e3034079bca,,,
37534,fad7426c-7d9d-4dcd-95fb-77de60176c74,,,
37535,8c5e47c7-39e9-4644-b19a-1137130e75ad,,,
37536,513989e6-b0da-4894-8b53-69f89cd94f37,,,
37537,fdadd089-e622-46f8-b593-404ebd8c7ba2,,,
37538,b9d6b756-c5ac-4a7a-adab-21ceb762fb44,,,
37539,4b1f437b-71ea-4334-8d6c-406c02d352ba,,,
37540,7053dff8-70e1-4ad9-ad16-369c10609910,,,
37541,42eedd52-b043-4073-9601-8bd08c556c46,,,
37542,02809741-a0e0-42d9-9f5f-6ffd71aec44c,,,
37543,2af6438b-22b6-429e-89ac-72a0cbf8a804,,,
37544,f1b403de-c215-47d6-a54f-54351ec56004,,,
37545,e9154417-6e8c-4999-870f-9815877a55e7,,,
37546,ccff22df-faa6-4fae-89ab-6c3358d9f27b,,,
37547,332c7af8-320a-422a-9128-13024d473c99,,,
37548,5924ada5-aab1-4ae8-8eae-db0696a0d8fc,,,
37549,797e76f7-73ae-43f6-a200-849eedb30bc9,,,
37550,e4e4d003-188b-4e73-a7ae-4a0527e84a1c,,,
37551,ca2bfe89-cd74-4e78-9040-5b1f40b55cd6,,,
37552,117e5c5c-61d7-411c-80a2-e0250269e21a,,,
37553,d6baa9af-3981-46a4-bc03-a5a0ab6c3e88,,,
37554,4c895719-cdfd-4c30-a865-d8230612f0a3,,,
37555,6d5713c8-6ac2-4ba0-b7f5-54d93f4bbd70,,,
37556,76ae172a-57c7-4940-9795-6af1537d1082,,,
37557,e06d5687-cadc-4672-839d-de412c70e262,,,
37558,7bedc668-7f76-4f58-8f6a-3e9f0ad756e3,,,
37559,8f010c41-5e6a-490e-8975-9e9770c6a7a2,,,
37560,80f04a14-d402-4e4c-980a-10979878db5a,,,
37561,931a402e-a400-47e9-b90a-2a7998645b63,,,
37562,b0e352b3-9e56-4dcd-8dd4-5014c6c3aae8,,,
37563,d7cff5a8-c023-432f-84ed-bda40beef3d3,,,
37564,19ddff01-9c23-41d2-b278-ca0dc3339473,,,
37566,aad12344-65a2-4ac7-b5bf-dac6254027a0,,,
37567,7a7e62b0-a00b-47bc-902b-546be6b6ff88,,,
37568,3c61c83d-89a4-4f20-ab75-42a7dac47b33,,,
37569,54db5b59-83cd-42ae-96c0-82115faeaa18,,,
37570,1f93b7d8-24d1-477e-8120-4f2388043833,,,
37571,1e8c7be3-1715-4ed1-81f1-5b3862443c72,,,
37573,e5c50f90-f742-49f3-aa8d-929f99b7a256,,,
37574,ecc17d06-f9ec-4405-9bfd-9b0856914a7b,,,
37575,74bca5a0-c1a9-44ae-999a-ffd7abde1ecd,,,
37576,689c3e2f-d2db-49da-9d03-d8c38b03a923,,,
37577,450a2db3-77d4-45d7-8c91-45e96ce063f9,,,
37578,f5ece584-6a7c-4771-b781-90178272a894,,,
37579,d07fdcc0-7f45-42e3-9376-0e734e0a981b,,,
37580,31ab7e16-3806-4d0f-ae7a-3d46dbe717cf,,,
37581,fa146842-86a7-416d-9e30-a5e9f143227f,,,
37582,3114e5d0-9b41-4083-a3f3-85e20f01f311,,,
37583,4a720bca-8762-44ee-b4a0-6b3e4b967b09,,,
37584,63121238-0560-4b76-a520-0868ff473a9a,,,
37585,caf7d168-a81c-4e63-a12f-e599e55ebc35,,,
37587,8d8abf73-1246-469f-b2fb-c1fbb7845326,,,
37588,65ae8535-fb4e-4ec8-b2bf-02d32d860213,,,
37589,2f029290-48a9-4a20-a941-8e0dca676e0f,,,
37590,b6adc748-321f-4948-a974-46fd0bfe5446,,,
37591,78a071fb-9036-4210-bcf0-397533ca7949,,,
37592,8af43c3c-2ac9-422f-82d1-68d7eabd1b3f,,,
37593,82544741-a9e5-4314-a606-3dc5eb66aa05,,,
37594,2c850674-61f4-4a70-9471-eb299ade555f,,,
37595,0c63ce72-10cd-451c-9175-42439fe208fa,,,
37596,08fc1baf-5a75-4d54-8b5a-52a59130e801,,,
37597,eb90d8b0-e97b-4861-b4fc-53697bab1618,,,
37598,205b6f6f-a5e0-4c3e-84c7-6fd2df044585,,,
37600,523b786c-fa13-489f-91b9-1d03a427f40c,,,
37601,627f3f04-e79d-4238-9d81-84703adffddb,,,
37602,c46027ba-8a5e-4ef0-b882-e447829071db,,,
37603,53458754-0927-46c0-bffd-103ff2c09357,,,
37604,35f37753-50ef-4b2c-816f-f8e68450e64c,,,
37605,4a4c8b42-5b7a-48fc-87b5-17a7efcee86e,,,
37606,d96f8d36-f107-45bc-b7ce-36f21565a229,,,
37607,76076d64-9349-4350-94ea-099615adb486,,,
37608,b3b5545b-8876-4b6b-b09a-11bee4a68e38,,,
37609,8c091cd9-1f94-4219-8f6d-fc2942243f29,,,
37610,ff308935-a318-40cf-8952-74bc8babcbee,,,
37611,7819e261-38ad-4243-b275-0d73dc0b436c,,,
37612,c2ec39e1-01de-49cb-bc60-ec790b93e60e,,,
37613,3cb72091-ee08-4020-8768-c123aed4874f,,,
37614,6775b454-6679-4125-8cb0-322ca4f8e5fe,,,
37615,55c67e1a-d8d6-4bef-8aba-a3c19cab29c3,,,
37616,1562a986-ec41-4265-bd0c-84f826fb8ad4,,,
37617,d55bfa5d-3c24-41e6-a4c0-547426e9b62a,,,
37618,c7ce4e02-daf4-46b8-a600-37c1bcceae1f,,,
37619,93f6125e-c68e-4ee3-831d-3bfc770cd772,,,
37620,a435fcb0-4f55-481e-a0f4-14e8ac6584e2,,,
37621,0d50335b-a3aa-49fa-a8b5-cbf54484a1a9,,,
37622,f232578a-e20f-4478-a40d-040d9a39d9a9,,,
37623,04215279-51a4-4950-8b34-cf69522bd663,,,
37624,22d6749d-1180-468d-9f0b-cf55d1e223a6,,,
37625,9d29b2f6-4c75-437b-84c0-288382839d80,,,
37627,c4001004-ee8a-4670-baec-08dc4f5fb7f6,,,
37628,c849d33d-7bae-45ba-a00b-200e64d4aa1f,,,
37629,61e2abb6-4cdb-47f7-bb8e-02b446712645,,,
37630,ef764125-3881-47fe-a524-acbbf809c275,,,
37631,0dc71e20-32c6-47a6-8158-5ed698f0b2b8,,,
37632,3d7692ec-7101-4b0d-a556-92bd338a76d9,,,
37633,e325f348-5006-4b22-8eda-ce16dbfcc4af,,,
37634,80358d04-7b36-4ec1-bc69-a88189b7e6b3,,,
37635,4a0aea9c-72c2-46a7-a0c8-1972e9466d38,,,
37636,6083f322-cce3-44bf-825f-47bea90e0ba4,,,
37637,cd53672d-eda2-4278-a980-9b84d95afef9,,,
37638,08c15d44-a9f4-4185-9774-3efa9ce5085b,,,
37639,b01e7afe-d4ba-4569-b770-c5dfad5b4e9b,,,
37640,5f807053-65eb-4697-83b2-cab5b8c7d898,,,
37641,cdd95653-2736-4191-880d-d13adf00bd86,,,
37642,f52a1b54-e583-410d-b7e5-67b3f6159816,,,
37643,d5c0e582-5a76-4d52-abf6-faeb8d125401,,,
37644,f0923403-3a1d-44c7-b9f7-ae672a8a3055,,,
37645,8f0f768a-aadb-4451-a024-2bef9242f2e6,,,
37646,80b63442-0855-4c45-9cb3-ed1ff6f1d1d4,,,
37647,30b8c491-99ef-46c6-9ef1-0e78cdfa398a,,,
37648,253e3a9f-140d-4270-bf87-eb1562027988,,,
37649,4cac3cf8-90ff-44b8-a5aa-db3cb06ef04f,,,
37650,02608d18-e4ab-478b-915f-643bee28a210,,,
37651,07eba4cf-fef2-42d5-944f-7b0e75b0a226,,,
37652,dafd86d9-29a3-4fe5-9203-b0418f7c9bac,,,
37654,5da3e249-63f1-41c2-9bb1-50eaf7b8319f,,,
37656,b9b5ff7a-6ad9-4fa4-bcad-fff45aaf36a5,,,
37657,558cead0-a697-47da-b911-28f23ee40d40,,,
37658,f323fd5c-9cbf-4011-842c-186043704f12,,,
37659,0a4713ca-75b3-44cf-adc9-eaa2251a2bb5,,,
37660,dd386417-745a-46ef-aaea-33cd26e61bf3,,,
37661,66c81db1-bfe1-401b-9ac8-8cc47fdaa3df,,,
37662,eaa9e50a-c391-4981-8a7a-0b6f637a1e5d,,,
37663,cfc128a4-7c60-4988-ad74-88a0a97f59f3,,,
37664,ffa8cb8c-2037-473f-b3c5-d65cd03b6ebc,,,
37666,5d99d49a-8671-4b3a-b813-0d540b378880,,,
37667,234152b0-4a4b-43e5-ad77-37cdf4187cf0,,,
37668,0ef596e5-ec6f-44ed-9275-570bccc05496,,,
37669,f54bdb5b-2eb2-4c77-851c-372dba689782,,,
37670,6c53e419-0604-44ba-a6da-286d0e1cb469,,,
37671,0b59209d-dbe3-46d9-82e2-394f28aa9ba8,,,
37672,ad2dc0b8-c9e3-486f-a319-fb3159755b5a,,,
37673,f2ed2d37-b695-45d4-9549-f968d2eca7dd,,,
37674,af89dcce-685f-45fc-95b5-6b3dcdf73b3b,,,
37675,d33f0c3a-177a-4b86-828d-b12dbed380eb,,,
37676,06a9e452-2b1b-4c5e-93e4-330306d5daf0,,,
37677,c0784ddd-bf5f-4958-b8f8-bca8ac6134bd,,,
37678,3b0b9d5b-9eab-40f5-a17e-92a0dbfa4774,,,
37679,ad631bbd-b614-4462-9572-4ca3550ab34e,,,
37680,cea91d3a-82ec-486a-b104-75cde295e2ff,,,
37681,0c235d3a-f71a-40d4-b09f-5051b4c902a6,,,
37683,747db288-ac68-4d91-85b2-86e0bdc1bc64,,,
37684,45822ff1-7932-483b-9a7b-8bf2a0b7321e,,,
37685,74d46a09-5482-4bda-9be2-d5dd06b1b8c7,,,
37686,33875a50-e794-459a-bfc4-8dad8e72289e,,,
37688,19a767fb-db3c-45f9-80ab-8a4a07d661cb,,,
37689,e7619b24-6e7b-4ffc-b779-fb781cd7aa42,,,
37690,5a22aafd-23a9-4242-85ba-1c9dd6bda9c4,,,
37691,3a1a2cb3-ceaf-45be-a4c4-63b9e290d899,,,
37692,35ab8300-01ea-41e2-8434-4839ee9aafe6,,,
37693,a431262e-3c84-4a45-8ded-8b15d34516a5,,,
37694,0af07da5-22f5-4174-9d62-bff6fa6af6a4,,,
37695,787dce7c-b5a5-46fc-b64a-da7988c5ab64,,,
37696,0c1dc9bf-99e5-4d6d-90c6-05f35316cb1e,,,
37698,d3ce151d-ca06-4036-8402-7ce941cb7f00,,,
37699,c4ba2158-73c6-47d2-b470-69c079b72386,,,
37700,8d28bc76-d96d-4440-bbef-996d1b3d23fe,,,
37701,0087d020-eda2-4cb2-959d-6689a86ae9f3,,,
37702,e11f17f6-077f-4d4a-a93c-07c53672169f,,,
37703,8f6b3c57-99d9-4e29-a741-8ae0f2263b99,,,
37704,282d697e-90d1-440a-b54f-f94166d73ed4,,,
37705,a3977418-fa72-4087-96d6-684e67716618,,,
37706,acd88a29-b108-443e-a254-a0ad2cd998cf,,,
37707,badb076e-c644-4e01-be37-ac31bb0764f9,,,
37708,b5462285-5d47-47e3-a7e9-b649e0eda4cf,,,
37710,cb03890b-c70e-4800-8056-e845f2b1e736,,,
37711,2c5dcd46-b48c-44a2-acc9-72ec7789e9e9,,,
37712,1234f2d5-1f50-4464-a869-a94b1656b820,,,
37713,7dcf3939-dd8e-4560-8e94-655aae383d23,,,
37714,349c5072-ded1-430e-be64-a1c15737c1cc,,,
37715,c5ee5be3-5436-48a5-b7a5-5cb059fc07ab,,,
37716,6ad1f992-8690-4d28-8341-f142b9251a50,,,
37717,49b8b442-2447-4af9-8c67-8a4cd23e15f9,,,
37718,a4fc992d-e7e2-4157-88b4-ce359a8bacbf,,,
37719,869990cb-8379-48e4-a938-ae87ae10ae30,,,
37721,091c704d-afde-4487-9abd-fc321c94f3cf,,,
37722,bea8870c-952a-4e98-9dd3-59767957cafa,,,
37723,644bf455-0d73-4856-9890-84351c0fb4ca,,,
37724,9863883f-f2bb-428f-a2e2-806c4b2f76de,,,
37725,3ab428ca-395b-4ded-b0e9-62aa70051089,,,
37726,2b334230-7769-4c77-ae76-1fd9110da19e,,,
37727,4a331bcc-8cd2-49e6-b0ff-11f4f4cef2ff,,,
37728,c9b8943c-bc7a-4309-a4f1-be49baf10a44,,,
37729,b31ebca2-94c1-4e87-ae51-cb8cfe01c659,,,
37730,05eff7f6-6b1b-44e8-af9d-a2ea07896435,,,
37731,0ae5b2fb-a972-41c1-9970-42bc025a0fc2,,,
37732,a0df6e7b-4323-4f48-93fc-67ffb1bb8515,,,
37733,bb5fff99-9dd0-4281-a793-4f3e90fa7bde,,,
37734,6404877b-5a78-43c2-b8ac-6317edc33255,,,
37735,bbac155f-2d64-4c86-9313-62a552857d95,,,
37736,ed72637d-91a9-4e3c-a4ac-9275aa0f8f03,,,
38404,90917d47-c38e-4551-96d0-b4b6227d050c,,,
38409,f80561a8-f260-49d2-abca-54d1f8d1e58a,,,
38412,019c64c5-ecd1-4ac3-be0c-87d25f73720d,,,
38426,92d34c67-bd4c-4d9d-ae86-bd33b2a9dfa4,,,[{'resourceId': 'b05da8d6-47dc-416e-9929-4865624fe3e8'}]
38427,85cfe00d-e597-4fc1-9118-15b1c53b0450,,,
38428,955d9633-bd56-46a1-b9dc-7d6f51bac163,,,
38430,454729f6-4731-42c0-8d08-cc5c5db1c03d,,,[{'resourceId': '42859a21-d3ce-44cd-9601-4162b044e2ea'}]
38431,8963bdc4-f19a-482e-a019-9b6f2274c283,,,[{'resourceId': '5bdead7e-d782-433f-a335-35d4c165aac4'}]
38431,8963bdc4-f19a-482e-a019-9b6f2274c283,,,[{'resourceId': '9e78570f-72d6-46ef-8bfc-e0a0772dbe51'}]
38432,fbe2bfab-7bf8-4c88-82ae-90b8fc11be85,,,
38433,787bd756-b892-4f22-afe7-744a1f58e2c7,,,[{'resourceId': 'bce506d1-e716-4aa3-ae54-a547e0fcbcb8'}]
38435,d28a15fd-2e71-4eb6-9c92-b763d997d6a0,,,
38436,a99f4f74-df84-4dc8-bd7d-9ede89bb6b7c,,,[{'resourceId': 'ca2a7cb6-b4c6-4695-8899-dfc8eaca0e3f'}]
38437,954a3222-b605-4ddb-b8ef-e49835c38359,,,
38438,0e8fbe63-ae93-4515-8793-45451d8cff51,,,[{'resourceId': 'b13e6fcf-2403-46c8-9d27-21fa255529d2'}]
38441,14efab9b-c9b8-431e-8bdb-8eec8d03f421,,,[{'resourceId': 'cb0b8160-69a1-4739-b69b-27812eb389da'}]
38442,e8294639-0149-4d20-9fd7-8e1542ede548,,,[{'resourceId': '79c7f3d9-41f1-4de4-ad16-ce3e68212c24'}]
38446,ca2a7cb6-b4c6-4695-8899-dfc8eaca0e3f,,,
38447,136a11f0-6c11-4a02-8553-7ce83efa3d50,,,
38448,6989b6eb-978d-4600-bdf5-a3f4f669796a,,,[{'resourceId': '23b0b4dc-d7ea-4a63-b1fa-77a388640bce'}]
38449,23b0b4dc-d7ea-4a63-b1fa-77a388640bce,,,
38450,8065f3c4-9ac8-4939-8516-00d60692997c,,,[{'resourceId': 'c3919036-4f89-4092-8937-962b505397eb'}]
38457,ec0ed8e1-3d6b-48f9-bca2-e64c419ab707,,,[{'resourceId': 'e1fe80b5-0640-4ad4-bc2d-0a1e635fe45c'}]
38458,e1fe80b5-0640-4ad4-bc2d-0a1e635fe45c,,,
38459,f2324c3c-9cca-45a1-bd2a-9195ed45a32e,,,[{'resourceId': 'bd6887c2-d2f9-4b24-af14-da83a600915e'}]
38460,bd6887c2-d2f9-4b24-af14-da83a600915e,,,
38465,964e3f3c-5bba-4f4d-8601-81c023b45473,,,
38467,e371c9ba-ea85-4424-b596-04533c70368e,,,[{'resourceId': '0c6c5fdc-0f96-49d7-bb8a-66a2f415daca'}]
38469,0c6c5fdc-0f96-49d7-bb8a-66a2f415daca,,,
38470,7e5becf9-98e1-45a8-9e14-e68ebbcbd625,,,[{'resourceId': 'e81b11ad-ff7e-42a8-b1eb-02d9ad0e25d8'}]
38471,e81b11ad-ff7e-42a8-b1eb-02d9ad0e25d8,,,
38480,84d4120d-05e0-4cf6-b38c-cf5445f9b5a9,,,
38481,33015afb-d3b5-47de-aca5-3560da0a3b83,,,
38482,f1b58ff0-eb30-4745-958f-3e580581c32a,,,
38483,5a6e3af2-9837-4911-b439-b72d3f26b772,,,
38484,8b0d8661-8b83-4476-92bc-d08811109275,,,
38485,5ab37688-1b2f-4b25-b783-7e7b82342076,,,[{'resourceId': '53c78d5c-20f2-4d94-9761-577fdb922766'}]
38490,87ed8462-1e29-4edc-8e6b-6c29691e303e,,,
38491,39851d83-9597-46ce-aa8c-0c52d413b883,,,[{'resourceId': 'a9dc64e1-d8e0-44f0-bb05-4ccaa6619be7'}]
38492,e1a2a4ca-98dd-4dad-90e4-d2c692656f33,,,[{'resourceId': 'b4c92f4c-ccef-4cc0-bba5-50208fa0ccd4'}]
38493,97e3f5f5-89cf-45dd-8cd2-5b0a1baabe62,,,[{'resourceId': '0cb68da6-4e6e-4637-bf6a-b87f1a1fe6a7'}]
38494,0cb68da6-4e6e-4637-bf6a-b87f1a1fe6a7,,,
38499,16568a71-97c1-4eba-b94e-90bdcea10acb,,,
38500,07b5cf7d-8fe1-4786-bac2-c1e327f4484a,,,[{'resourceId': '22f1cc7f-d725-4a96-bdbd-d2abb80f5521'}]
38501,4f67feb1-54f9-4b85-aa6a-d0130467e1bd,,,[{'resourceId': '125b4b54-286e-4c56-841d-97766fb76d94'}]
38502,125b4b54-286e-4c56-841d-97766fb76d94,,,
38503,16173fc5-5cc2-4b42-b470-583cc27fa9d9,,,[{'resourceId': '6a1b2876-ce89-4c84-a802-86a7ecacd3c2'}]
38504,6a1b2876-ce89-4c84-a802-86a7ecacd3c2,,,
38509,308ade0d-d4c5-4746-bf5a-a92a1b7e1c8e,,,
38511,e362307a-3270-48ec-bda8-941aa239158c,,,[{'resourceId': '5885971b-2031-4c91-928b-fb025a6f22a2'}]
38512,5ebeeed5-1cb9-4daa-98bb-5fec9f41a9ce,,,[{'resourceId': '7237c343-e12c-44b0-b5b7-93cacdcdc08b'}]
38513,055a9200-2c6e-46a9-b1f9-99e249e783c3,,,[{'resourceId': '87e70735-38c8-4da9-85dc-b1ecf6d1a16e'}]
38514,87e70735-38c8-4da9-85dc-b1ecf6d1a16e,,,
38515,460c310a-e75b-4f08-9459-51ae32f4c15e,,,
38517,21737146-8c84-4d93-9989-f950f5e31d6f,,,[{'resourceId': 'a6b66f5c-af48-4679-8e17-91b767bc5e3f'}]
38519,a6b66f5c-af48-4679-8e17-91b767bc5e3f,,,
38520,a91cfb11-f5e8-4879-83ee-4c710f949a21,,,
38521,623b2ed6-cb01-4df0-a310-b108f1288777,,,[{'resourceId': 'c8a47bf1-51d7-4192-800c-bf36d9b0f907'}]
38522,c8a47bf1-51d7-4192-800c-bf36d9b0f907,,,
38523,f314f8e0-d51b-49ec-9d4a-8b26081f05b2,,,[{'resourceId': '151f70d2-b45e-415d-8622-061dfb0fd75d'}]
38523,f314f8e0-d51b-49ec-9d4a-8b26081f05b2,,,[{'resourceId': '0a87725f-f3f6-4b40-b372-cfe6587bc1f4'}]
38524,9b1d56ad-598e-423f-9571-08a108bda66b,,,
38527,c2e78572-10dc-4241-8242-2a4d9f675c58,,,[{'resourceId': 'c2b1a61d-a63a-4a21-ab5e-42d5bfb73a64'}]
38528,2263f0ba-3ac4-43a3-90d5-e8dfb9822741,,,[{'resourceId': '3172070b-f66b-4ec9-a9c9-427592908864'}]
38529,4c94f9da-2184-48d3-b71d-4de048d6f848,,,
38531,6f005d69-67c6-4c9d-9e90-f3e429c99982,,,
38532,84f7a4b2-3edb-425b-ba89-f9e39713fc27,,,[{'resourceId': '6f005d69-67c6-4c9d-9e90-f3e429c99982'}]
38533,e5162854-5a51-4726-bc9c-a19dd0246c0d,,,[{'resourceId': '64ba066c-dbf6-451c-b8ab-c94364d57640'}]
38535,94a58580-5c43-4ee1-9a97-968b3fb76411,,,[{'resourceId': 'b297d11a-444f-4b6c-9783-7fc2d24645be'}]
38535,94a58580-5c43-4ee1-9a97-968b3fb76411,,,[{'resourceId': 'a8dbfa4a-3555-4749-a4e5-152b3c751392'}]
38536,a8dbfa4a-3555-4749-a4e5-152b3c751392,,,
38537,10ea6d33-6077-4be7-a720-f887af4272f0,,,[{'resourceId': 'a6ea2a5d-05c6-45b3-80de-375ef418b288'}]
38538,a6ea2a5d-05c6-45b3-80de-375ef418b288,,,
38539,9ca20fd2-6585-4f66-9c78-335dff532b74,,,[{'resourceId': '4c8dee4c-6931-4c65-ac04-1b5b36c507ba'}]
38544,80f6b375-4822-43e9-b428-9de30ba273d4,,,
38545,f4c23d6e-1036-4fd6-9707-0543ac795bdd,,,[{'resourceId': 'c8cb43a4-d2f3-43ca-89c3-a6ee9c7e6d37'}]
38548,677207e8-c59b-425f-a33f-f6dfd5e556cd,,,[{'resourceId': '9281c234-dfed-46e9-85c4-6ecb85096187'}]
38549,9281c234-dfed-46e9-85c4-6ecb85096187,,,
38550,de75aac7-fc22-4b84-ab2a-2a00283690ef,,,[{'resourceId': '150f2cc3-cebf-402a-8246-fc6758601fb0'}]
38551,150f2cc3-cebf-402a-8246-fc6758601fb0,,,
38559,8ba36744-1bf3-43a3-a688-103932aff561,,,
38560,03b112d1-51ed-4334-9520-e4fbe6ef1366,,,[{'resourceId': '2848999e-9519-402a-a3a3-545584de53a5'}]
38563,2848999e-9519-402a-a3a3-545584de53a5,,,
38564,8c105159-c753-4ef7-ad6c-55095c2bf6cf,,,
38565,c783ec32-f043-4764-bb81-e59f54360977,,,
38566,c8b515d3-824c-4dcb-9c81-09ae8505f09c,,,
38569,f2ad52c7-6643-4545-af57-07278fbbe394,,,
38571,6234aae1-00cf-4357-81ac-bf6ec0eb0801,,,
38572,0a07ec2e-c085-45e1-b986-c0c3c23cc23c,,,[{'resourceId': '703fc32d-7a79-4b4c-b9b9-55902bd36efa'}]
38573,703fc32d-7a79-4b4c-b9b9-55902bd36efa,,,
38574,37285b56-6202-461a-ad04-011aba2041c6,,,
38576,b0c99b1d-5db5-4c47-8ac7-d5649aea0aaa,,,
38577,ca000e5e-967a-4684-b4b0-bfee67f65abb,,,
38579,e2620fc6-97a1-49d8-aca6-6cbce89eb4d7,,,
38580,c7ce90a7-7f2c-4cb2-88d9-1f655ada5b8b,,,
38581,8fe1ca8a-c76b-4c2c-87ac-3ef70d54a3e3,,,[{'resourceId': 'fe248359-61db-4f0b-a010-27749f0bd8d4'}]
38582,2996d614-a92b-44f6-89b9-de89b5dd485b,,,
38583,d15927be-342b-4c71-969c-3a3a02f3571d,,,
38584,16e65f2e-d60f-45d6-8e28-14c1066f9d03,,,[{'resourceId': '29b6268d-33df-4a50-a483-98813a932e56'}]
38585,904f05f7-cc50-4a69-ba81-0197c0240cb3,,,[{'resourceId': 'ae248b94-4e16-4915-ae0d-240eb9bb1659'}]
38586,ae248b94-4e16-4915-ae0d-240eb9bb1659,,,
38588,7ac832e1-622c-43fc-a2bf-f1ec4e6f5bd4,,,
38589,f080c3ab-c3c4-4f4b-915f-c1be6e228236,,,
38590,cbb22c51-e8ad-485e-b342-2cc8879032e6,,,[{'resourceId': '901ee4fd-564f-48c7-9580-acc6ed559bac'}]
38591,eb659e62-6b7b-4ff0-abc7-5176165d313e,,,[{'resourceId': 'fe248359-61db-4f0b-a010-27749f0bd8d4'}]
38593,901ee4fd-564f-48c7-9580-acc6ed559bac,,,[{'resourceId': '8734c074-ac62-4907-a07b-25fe8a07e0a4'}]
38594,a85d2a23-b827-4797-b585-5fde0a924d37,,,
38595,402b8898-6c99-4882-91a1-6df43a8b5784,,,[{'resourceId': '743643bb-76ca-43a8-ad8c-8b9c161f39f3'}]
38595,402b8898-6c99-4882-91a1-6df43a8b5784,,,[{'resourceId': 'acd329a8-5410-4b1b-96b9-e6a6dff69e15'}]
38597,c6eca55b-2fac-478a-a287-8f3b6ee1f5e8,,,[{'resourceId': 'b9b20a5b-2c1c-4e62-899a-655f750fe9cd'}]
38598,b9b20a5b-2c1c-4e62-899a-655f750fe9cd,,,
38599,b86a9acc-4b9e-4e85-be0a-31560fd1c535,,,[{'resourceId': '26402023-c3e5-4dbb-aedf-142c7952ee64'}]
38600,26402023-c3e5-4dbb-aedf-142c7952ee64,,,
38609,e04e64d8-bf42-452e-a6d7-4a7aa2edbd54,,,[{'resourceId': '11d5516a-0bc9-4be9-8b40-88cdd5bf8de4'}]
38610,11d5516a-0bc9-4be9-8b40-88cdd5bf8de4,,,
38611,26117ef2-d9ba-4484-a71d-d327fff2bb06,,,[{'resourceId': '9ca23542-7f45-47a9-af71-835d3864af34'}]
38611,26117ef2-d9ba-4484-a71d-d327fff2bb06,,,[{'resourceId': 'e761730f-60cf-4059-883b-b45b1553551d'}]
38612,f42e538e-d8d7-427d-846f-35de1ba39d07,,,[{'resourceId': '76c203a1-8ebd-4954-a922-6266940b8afa'}]
38615,d3c8f051-0a36-450a-b331-2ba82f2bf1b3,,,
38616,aa663256-4598-494d-ac24-17af6e9d659b,,,[{'resourceId': '88cc53c6-a412-4883-bd84-4c36fc276868'}]
38617,cf408c59-d75b-4bf2-b0df-4926baf03c0e,,,
38619,383b195a-7cbe-4ef9-a9db-142c8ad0f439,,,[{'resourceId': '172f1ee4-148b-4fce-b051-ecb5fa888547'}]
38620,40d6ef79-a161-4771-9b89-8f16faac8135,,,[{'resourceId': '1b81be5d-8692-4540-b192-854661b83ce1'}]
38621,172f1ee4-148b-4fce-b051-ecb5fa888547,,,
38622,1b81be5d-8692-4540-b192-854661b83ce1,,,
38623,9ada52c7-a1c4-4572-ab6f-3f7e186c15c7,,,
38624,54d35a84-b614-45e2-a73a-46415d2b0a99,,,
38625,44c4c776-9fea-4c3c-9abd-b491bb3f0f63,,,
38626,fe248359-61db-4f0b-a010-27749f0bd8d4,,,
38629,c9ff917e-e696-4aa6-8f9f-9e1652668156,,,[{'resourceId': '06650946-6741-41cc-8468-a6322f0f50b3'}]
38630,afd42ada-3b20-4d8e-85ad-f64363d283ed,,,
38632,89a65e61-2ca4-4cd5-b80a-b9573d3b0b5e,,,[{'resourceId': '86422e21-8a1a-44a5-ad54-9751d31a20ea'}]
38633,86422e21-8a1a-44a5-ad54-9751d31a20ea,,,
38634,5c5f8f81-f547-40cf-be6e-c92f3d99a785,,,
38635,0c388433-6e69-44f5-a396-6429cf91ecf3,,,[{'resourceId': '257ced08-ea45-4ef7-8939-641b88aef725'}]
38635,0c388433-6e69-44f5-a396-6429cf91ecf3,,,[{'resourceId': 'bc4c0ada-b61b-46e8-b76e-0fef472e9452'}]
38636,6e448d81-8185-4f65-b0ba-208292741205,,,[{'resourceId': 'c0625570-77aa-4c6f-a057-38365bddc3f4'}]
38637,c0625570-77aa-4c6f-a057-38365bddc3f4,,,
38638,60171bb6-7e66-4e11-8dca-910fe539fc53,,,[{'resourceId': '9f34dadc-d0d5-4b44-8934-b6118b578b30'}]
38639,9f34dadc-d0d5-4b44-8934-b6118b578b30,,,
38640,25af7f72-36d3-41c0-b28f-a91d032c9e80,,,[{'resourceId': '6b779b53-eb8e-4579-9c09-896807cec3ac'}]
38641,6b779b53-eb8e-4579-9c09-896807cec3ac,,,
38642,6f2f77ed-1bd7-4614-8f3e-bf639042a088,,,[{'resourceId': '27cc3a6c-30f0-4436-b048-25fde35c37fc'}]
38643,b0417171-390e-4fb3-be45-64a5922e31d3,,,[{'resourceId': 'acf1108a-5eb6-4bbf-b814-b23447b9aeb8'}]
38644,acf1108a-5eb6-4bbf-b814-b23447b9aeb8,,,
38645,b69c0391-a1c5-405b-b487-581765bbe210,,,
38646,1e12a9e6-a537-4353-868b-b53b55948b3c,,,[{'resourceId': 'b69c0391-a1c5-405b-b487-581765bbe210'}]
38648,cb1c328a-5131-4737-abcf-119c29b179bf,,,
38649,549b3caa-dfb0-4735-b83f-6a81097e3c5e,,,[{'resourceId': '7a2ccc40-542b-42fb-bcf8-e8ecf40d8a76'}]
38650,7a2ccc40-542b-42fb-bcf8-e8ecf40d8a76,,,
38651,855a29d4-d0f9-41d8-9773-3e2685cd9778,,,
38652,0fa540e1-6d29-4f38-a297-73b2c2b4b1fd,,,
38653,782653ed-4213-4ffb-b20f-6fffb17fb181,,,[{'resourceId': '0998eb2e-7d37-466e-bf76-3b5422f304c7'}]
38654,0c274526-9885-492f-b985-0ebd904c439b,,,
38655,660e9f22-1359-4266-89dc-2e04dddd5865,,,[{'resourceId': 'c013c01a-65f3-40ba-8416-4a0bd1261eb1'}]
38656,18205e31-9047-493b-b38d-e8d767cdc21a,,,[{'resourceId': '0dabf582-d68f-4f8f-b6ba-6ca7f9442272'}]
38657,0dabf582-d68f-4f8f-b6ba-6ca7f9442272,,,[{'resourceId': '2f334d59-25b9-40fe-add8-2d240a852bae'}]
38658,feb66353-0609-484f-826b-271b277ead07,,,
38659,929450cd-66ef-4583-82d7-930c455cca0f,,,[{'resourceId': '3cf723e4-11e8-4d1a-99d1-c4734558194f'}]
38660,3cf723e4-11e8-4d1a-99d1-c4734558194f,,,
38661,dd72fe2a-553b-4f45-a61c-0c28e66313a7,,,[{'resourceId': '0748fc48-bb25-4703-9393-8028f8f4ff91'}]
38662,1bd30ba5-e3f1-4277-b550-a71fa2abe717,,,
38664,e5589edc-3111-4301-8d2d-8261a623e441,,,[{'resourceId': 'f88059f0-ecf5-4afb-8e22-7e6174c121f3'}]
38666,8a5ba204-db1a-4fb5-8c8a-cabfe1475221,,,[{'resourceId': 'f1ce8840-7ebb-4151-8bfe-43499ea72fad'}]
38667,f635ca30-85d6-47aa-bbc6-443d484937bb,,,
38668,5ef48ce3-bc17-4048-b109-0f38330ff7b7,,,[{'resourceId': '86f9b7c6-6b13-4d82-8c18-9d64bae62e6a'}]
38669,54b694ca-e3d3-48c5-b721-82e6334fc0ac,,,
38670,eb349b9d-23e0-49f2-af41-6796ed814985,,,
38671,3917638a-c4b7-45af-a74d-42d9762b745c,,,
38672,2a51726a-4e97-488e-aacf-4df057aa1065,,,
38673,92d612e1-63fc-4718-8f5f-dc36e478d4c7,,,
38674,79f8ae2c-c7c4-48ab-96d7-f0ee43644b46,,,
38675,21b55bf5-37c1-4390-8d08-516b41cba8e1,,,[{'resourceId': 'ed5ffa9f-c27d-4927-bae1-90327b4fbd85'}]
38676,26d574a2-3d57-4378-975c-790bc86223bd,,,[{'resourceId': '8e1352be-6067-4e59-8f90-badea959d6fe'}]
38677,28de41ad-ba08-4d97-8b18-441e96fc4eae,,,
38678,c14933f6-5f7c-4e26-8a42-111bec0c822a,,,
38679,df978239-8070-4eea-af2e-43ec5a241720,,,
38680,fed930d7-0ed2-4768-8893-6e7d20b2cbc4,,,
38681,d816f38d-3787-46d4-b3d4-25128c512f01,,,
38682,8003dc01-c350-467a-a7db-70356c8fec88,,,[{'resourceId': 'ad143beb-6bc6-4dbd-94ba-1072955e15fe'}]
38683,12725f55-23ba-4510-859b-772947929550,,,
38684,acc1909e-6d20-4595-b6dd-07ef2d22ee54,,,[{'resourceId': '716b4a65-7be4-4747-bdde-1818f1765234'}]
38685,0d4cad02-5880-405c-8fac-6c1a0cbd3951,,,
38686,9c40941d-6426-4407-bb0c-afdd871fc4c6,,,
38687,5eeb10a8-5e36-466a-af68-bdaa8962f012,,,[{'resourceId': '9ffc303f-be76-469d-ba36-62820dbd2f8b'}]
38688,331d9f42-04a1-4029-9d59-cc9def746775,,,
38690,d2b0d73e-03bd-41bc-bbb2-fb9fa7e86ea8,,,
38691,5c0a4483-922e-476f-bf22-2d9d2a5a6d8a,,,[{'resourceId': '5c8a368e-e857-4ac9-8343-48a25c4222a1'}]
38692,1a5dd32e-2137-47ec-a6c3-39a252732e3b,,,
38693,023942dd-0f92-48d0-b55e-5d87ac8b107f,,,
38694,adb4b6fa-01c7-47a8-8d43-54d977954bb5,,,
38695,6abc65ed-9f88-424d-a7e1-39650334ca14,,,[{'resourceId': 'f7b7ae9b-ae01-4a7f-af70-ba651bfebcd1'}]
38696,9b79babc-7952-443c-86c2-ad36a0f7d3e6,,,[{'resourceId': '19aa65bb-bece-4ae7-93c5-7373a2700bcc'}]
38697,608e05c4-add4-4d8e-b646-e4c7383e4f47,,,
38698,f9f2767d-d6a3-41c5-b9b1-189d1b670cfa,,,
38699,5e3e36de-d430-4bb9-8875-b445c8eb1eea,,,[{'resourceId': '53ee5e07-927e-4a13-b5f6-de27c7895d75'}]
38700,68cd53d9-fa1c-4472-869f-f16c0840034a,,,
38701,a09760e5-15d3-466d-b707-eb5c8683a3ef,,,[{'resourceId': '8d226029-ac63-4915-b0a8-20554be1bfa1'}]
38702,5d8653fd-bb96-4625-a51c-5f2f2e2bbbc9,,,
38703,dfe366b6-6ef9-4cd0-849e-545ca4027f44,,,
38704,c190573b-16c8-4062-9e8b-e52ed88299f3,,,[{'resourceId': '1b36c01f-f6ef-4a4e-a032-54f0a16f37cb'}]
38704,c190573b-16c8-4062-9e8b-e52ed88299f3,,,[{'resourceId': 'ecefe64d-5cf6-41d2-be3e-fd09848eddcc'}]
38705,612717c3-dd54-4ae4-847a-fd328ad15319,,,
38706,aac2689c-a911-4e79-b6f6-1c2b6e130db1,,,[{'resourceId': 'fa586a92-ba45-4529-b334-44ffa13800b3'}]
38707,dfa774d7-62e0-4857-9b17-6022f5bfe9f7,,,
38708,011006d4-db3d-4c29-8531-5860016b4807,,,[{'resourceId': '2dfba0c1-9d7f-4359-bf13-1edf0b770312'}]
38709,a4678913-268c-4930-bfd7-eed6c25628ac,,,[{'resourceId': 'aeda8cfd-b4dd-4d87-8b1b-93f776ff0709'}]
38710,ff51a9dc-6b40-42f9-80a3-f02b3ab25a73,,,[{'resourceId': '074f1184-a575-4f77-829a-8caf1221e369'}]
38711,b76edec7-e9d5-4284-8e4b-f26885cdbe51,,,
38712,b2419032-13a4-4cd1-9352-7def4cf9d42b,,,[{'resourceId': '7a2ccc40-542b-42fb-bcf8-e8ecf40d8a76'}]
38714,a4cb3453-803b-4a40-93a3-e51be18da9a6,,,
38715,c47cde2e-aaed-4dbc-b9d5-841033464041,,,[{'resourceId': '2adbb3c0-6eeb-4dae-a028-95b3d445c415'}]
38716,8b4d8040-28c7-4b4f-9d60-f2167cbf4a10,,,
38717,b7b1941c-1d69-4567-a182-e3dcbfb5f5b3,,,
38718,4b48d54c-9b44-47a9-a475-800abbbc0dd1,,,[{'resourceId': '934abdae-43f4-497f-bcdc-0cedd05267cc'}]
38719,cbd2a197-4c14-4ec5-a221-c536b73eae95,,,[{'resourceId': 'cb1b2a49-b725-4f2f-857a-1933cff4d7bc'}]
38720,af561a6e-a888-4315-a43f-361bc58fd442,,,
38722,c6c2ee7a-9aba-4389-95d4-822ff1592a60,,,
38723,0c0d18d3-1019-431b-8656-6aad8515632e,,,[{'resourceId': '1439f9d5-fdb1-4cf3-bad0-dde978a00e4b'}]
38725,62c7d66c-f358-4a2c-ba22-709b0fdc7b26,,,
38726,f92bd2bb-4e1f-417d-9969-1b0e75a5476d,,,
38727,ecc4815f-1626-4e8c-b3f1-6ee421cb4046,,,
38728,e5ce2802-a963-4e9e-a7c0-b0910917adcd,,,[{'resourceId': 'b5c6b817-fcfd-448e-b6a8-1853e87e9932'}]
38729,919f8f88-5a84-4178-b7bb-2371929db8d1,,,[{'resourceId': 'b7ebc435-521d-4779-b484-8e84288cfc43'}]
38730,b9f65c13-60a7-4e55-bc91-4879944f0930,,,
38731,292a4f21-4bcc-4558-88ad-9d70fd961e68,,,
38733,edcb8616-15ab-42b6-a064-984378b88348,,,[{'resourceId': 'f1e93403-8ac3-4009-a9cb-f5fe72767c4d'}]
38734,c32b88ad-d7c4-4cf4-8832-ad818ca21098,,,[{'resourceId': '0748fc48-bb25-4703-9393-8028f8f4ff91'}]
38735,47cec337-fc12-4b8f-a38f-fa148a00cd61,,,
38736,55debcf3-5042-46e3-b0df-ac7ac73de666,,,
38737,14fa8a78-c54f-46c8-bc70-c4077b6d69db,,,
38738,563231ec-6951-4698-aa96-2551dd677905,,,[{'resourceId': '7676a6ac-05a0-4928-bdd8-bcf8d6758a6a'}]
38739,ca5e036c-1b45-452e-abf1-954891644954,,,
38740,5af8e41b-0cfa-4876-a563-a6dd2bd2103e,,,[{'resourceId': '2cdf9ed0-4502-4184-b6fb-49ffc1c94e57'}]
38741,451f7698-5f4d-471e-a379-2b7f67c12a46,,,[{'resourceId': 'e1f3c7fd-4207-4beb-b610-b1e49804571e'}]
38742,1a1a223c-a433-4c72-85cd-fe4764e1992a,,,
38743,2d51dfeb-e8e8-4696-8e27-3839db6488e8,,,
38744,c85239eb-2630-4e18-9290-34245e211672,,,[{'resourceId': 'c7f012e3-7d8d-41b4-a388-f8e1920410c3'}]
38745,4986b98f-4547-492b-b6f8-07c4c13672d6,,,[{'resourceId': 'f88059f0-ecf5-4afb-8e22-7e6174c121f3'}]
38746,8cf79e67-21f3-4bf5-8eb4-e880b32e77c2,,,
38747,6bb44442-714f-46c1-a14e-a480c74d3acf,,,
38748,16c6d1fd-6f17-442f-86ce-9d43bc0b8d34,,,
38750,1d271bbd-dda4-4194-aaad-b57f5aaf0dbb,,,
38751,cd7f0e13-17a9-4836-bc9a-a70bce7f3009,,,
38752,4bfa8140-4555-4627-8d89-b48040d9f8c1,,,[{'resourceId': 'd64f8c11-7cc9-43e6-a118-e1565290914e'}]
38753,1da8bd4d-a7f6-430f-9159-d75e29677d8a,,,
38754,a0af1929-d873-46a1-af74-0d19cc8628bd,,,
38755,c083f8da-2032-4420-ad63-83b0eb8ff1bb,,,[{'resourceId': 'dde2998a-b2ae-4164-af3a-6e7b3351574d'}]
38756,dacea5f1-3a10-4625-9125-fe06d25a734a,,,
38757,9341d325-0cc1-402f-99f5-bd91601f973f,,,
38758,1f8a6ae6-f619-47f3-b50a-5cc137b2ef38,,,
38759,87fc5f44-d04d-4672-a1fd-f315fadde246,,,[{'resourceId': 'a5b525b4-f9a2-452e-be08-50a924152ae3'}]
38760,8722d3d1-a653-4c3c-a58f-8b8ba86e41a0,,,[{'resourceId': '227f2f9f-bbae-4a9b-8287-45eb0206af04'}]
38761,0e7bb0e8-27ef-4fdc-918c-041d6ba459b6,,,
38762,6a3cba5a-53b4-4fa0-bb90-da2a9d4e2f34,,,
38763,9748e677-a2b1-4130-8d6d-7381f9d6a99a,,,[{'resourceId': '4a472fb6-8076-4f97-91ed-f289d0804bf2'}]
38764,bff21e62-8d7e-49c9-91d1-99576a0e2a18,,,
38765,9c7fc449-6ab5-4882-b5bc-2801764c17df,,,[{'resourceId': 'e099f669-c75d-457e-bda7-13ab2309b2ad'}]
38766,3cfba553-c37f-4dc0-bbc3-a560bb3eab49,,,[{'resourceId': '2f888f55-e794-4a6c-83a6-de45b6034035'}]
38767,dd68d6bb-ceaf-4266-8a63-933aec31cd06,,,
38768,8750ecfe-2edf-4081-868d-0f68d5fde18b,,,[{'resourceId': '7000dab4-7b6d-4247-9b21-3f17bbfb9a4c'}]
38769,05ae839b-65de-4a2c-89d1-5871e37f8518,,,[{'resourceId': '3229a3dc-b5e2-4767-be9f-a9e7ef0c3f08'}]
38770,2c38104b-26a4-405f-8903-9bb74d8d7c14,,,
38771,ea5d10fd-1ec3-403e-b50a-8b5b17c4e863,,,[{'resourceId': '43b81531-30a4-4194-ac70-f86a1b3aa5da'}]
38772,a8c00ec7-7e88-41c7-8bd6-61241c7d5645,,,
38773,39c672a8-9135-44bc-a7e5-8939524366c1,,,[{'resourceId': 'c3ade9bf-f595-4cd5-8694-c0b41a8e9bce'}]
38774,91dd5756-9523-41fa-87b4-90c2b9764186,,,
38775,d41eb607-75b4-41c9-87c9-1ae2fe61d808,,,
38776,430cda2e-fd4b-414e-9356-b8970f25181e,,,[{'resourceId': 'a9951af3-72f4-48df-a21b-6f17d3ef5d7f'}]
38777,8695ec28-3526-4ba1-a51b-efa5d2c24c7d,,,[{'resourceId': '53469fc0-2e2d-435b-9475-9addcc69d718'}]
38778,7daf0f91-f497-4dbf-a5d1-56722dc8f8fd,,,[{'resourceId': '2ccd4ebf-5af4-4c0a-b98a-9c622a199f14'}]
38780,45b20b6c-24e6-41ce-b727-2e9b462fcf23,,,[{'resourceId': '55367870-36fb-47a6-8e79-c08ac84cffea'}]
38781,444be174-a26e-4a8d-9bb2-8739f36c9f1c,,,[{'resourceId': 'a3a1eed8-a6cb-4843-a53b-4f9b303f8eb1'}]
38782,a76efe03-767b-4138-aed4-a994df997b31,,,
38783,f0efdb9c-b21e-406a-b757-bef2abd90213,,,
38785,501b4eae-c27f-409e-80d3-27e0a8b64128,,,
38786,02264c0a-8a46-45ad-81ec-199d8e0ad3b8,,,[{'resourceId': 'f49845e4-9ac5-437c-a4bf-c38b4d9d9c65'}]
38786,02264c0a-8a46-45ad-81ec-199d8e0ad3b8,,,[{'resourceId': 'eb2eb5fa-071a-49b9-a8c4-36f27b1376be'}]
38787,c409be1d-edb2-4210-b8e8-bef125b5eb66,,,[{'resourceId': '1d1c9161-33c8-470c-921c-57d302c4cf0e'}]
38788,fc3f5164-b8a4-4438-9dc6-ca960ed78b28,,,
38789,b778dfc0-b217-4867-825b-d21aea9da040,,,
38791,33c76b23-7063-47d3-b9ce-5244f28f106b,,,
38792,b645f9d2-8051-4548-8365-04faf1938cd8,,,
38794,ecc38f4e-c915-4dc2-b4ae-a8e027725554,,,[{'resourceId': '64943f07-db59-456e-8627-3a9459eaa32d'}]
38795,f7379f41-20d0-4530-9ae0-647f51109916,,,[{'resourceId': '45d7a85a-482d-44e0-91d5-36a19e7e7aa0'}]
38796,11d07ffd-4530-47d2-b409-5208601d3a32,,,
39025,43449a61-cd61-44d1-ac04-0cd7ac422277,,,
39026,494a187d-2fd4-4713-b706-6f3f4da3cc3c,,,
39027,de7a8744-1e23-4d88-9144-99ad5256dc9c,,,
39028,bf9e145c-2faa-4ca8-880e-c3adcca6f9e4,,,
39029,452b9bc9-259c-4c5b-8c8e-bba606b9a291,,,
39030,ddecdc8b-9829-4150-8442-a9cfd99fc182,,,
39031,149fa679-6c33-4fc9-b2f2-994dfd0ae1ea,,,
39033,a6df2a5e-3a5d-4fc3-a507-63213493874b,,,
39034,75dcf21f-f4e8-429c-89ea-72f0da7bf03e,,,
39035,5e4630bc-c856-4b6b-853c-376d9f0ab008,,,
39036,ba70ed31-babb-4101-99ae-b7c1f7f6af8c,,,
39037,446341bc-2c74-49d7-a33a-bae3d6542025,,,
39038,655b0fdd-ae2d-4f84-9726-034d430ab79e,,,
39039,96f31615-6638-45db-a097-4e68d6108208,,,
39040,1a0dbac8-b7df-4ffd-b124-ed609a35e5f8,,,
39041,254338b8-01a5-4c73-a3c8-8e82e1eb3d64,,,
39042,68b0ddee-0195-4a82-a767-66a414262023,,,
39043,bdca190f-e012-4cc6-aff6-929f167786c4,,,
39044,85c264cc-f9ae-4fd9-b73c-c74d1fcb645a,,,
39045,cdee0b66-7ae2-42e2-ab00-b331925e75e9,,,
39046,adada06b-2fb2-4d89-8f34-2725f704cd51,,,
39047,26a83de7-bf85-41df-88a9-4f379c6a4ae0,,,
39048,0e870515-944a-4a4d-bb19-7786ad857b5f,,,
39049,06c4758a-079c-4919-ba0e-5f499a1d4f28,,,
39050,6257511e-0b1e-4791-b672-d3c978586a54,,,
39052,f64b203d-96e6-4955-b9cd-f98739cb4915,,,
39053,3de2e4fd-0912-46d3-a1b8-cc5495cd4ca5,,,
39054,4afa52bb-8777-4583-9514-4244dc8de419,,,
39055,5f3e7849-2310-4649-a032-ee697b57a055,,,
39056,1829b8de-0885-4108-bb85-c1ad8f3d3090,,,
39057,84182171-a093-4c65-bc26-2d31073bc3a4,,,
39058,95465849-19c2-4ad8-9c13-d2dd917f6ea0,,,
39059,fe36e2d3-ae20-4604-8481-f3f2945c654f,,,
39060,28d668e1-7abe-4896-bc01-bf5ec141a4b1,,,
39061,ab912ca9-8107-4383-bc52-6a45a5b85f45,,,
39062,99e84c05-5dcc-4fc4-80a9-67a8514e64e8,,,
39063,229c03c8-a16a-488e-9a48-3658b5928ec8,,,
39064,f397a1f9-cf17-4e54-bb8f-2b7ea6f3276a,,,
39065,47e403cc-a276-4b84-b313-4d969cb61700,,,
39066,6812b4fe-67a2-4ade-8129-d0da55f803ba,,,
39067,018458e3-c6ba-4df7-9609-5babcfd5e60a,,,
39069,31ea0199-89ab-47f8-a941-3d16a22d0ddf,,,
39070,c2815e8f-dbb6-424b-9557-2dd7ca06a5d3,,,[{'resourceId': '81bc317f-7703-499b-95d8-98f39dfa31d1'}]
39071,5e034898-b8dc-4611-a8fa-329bcc110e8c,,,
39072,f47821d6-d109-4576-885b-a387f6488352,,,
39073,e4bb16f3-1291-4b20-9c82-c0bf6f0e0d40,,,
39074,887f46a5-0582-48b0-ad03-8fb7840fd583,,,
39076,53d09063-7b7d-4864-b5a2-20e1b3fdbb05,,,
39077,00596042-51a9-49b8-bf68-2d8c9ac81c49,,,
39078,06a62c30-642e-4b1d-a8e3-70898755751e,,,
39079,c3f5637b-e6ef-4efd-a1e5-54ec3afd994b,,,
39080,f796f163-99e7-4365-a720-d814dd04089a,,,
39081,89318c0e-0289-43a0-b932-05aca4b1da58,,,
39082,e6869ca2-ef05-4688-969c-aac5823e77cb,,,
39083,a64978c7-9d10-457a-91a3-c9f53951fb3b,,,
39084,971ef7f8-1e16-428e-9d7a-a2f90f5f8147,,,
39085,4edb25bd-c3db-45fd-8675-3fd27e9c588e,,,
39086,b9fb44cd-74d8-41b0-9181-893402dd33e0,,,
39087,e0fecd5f-ee29-46b6-93d4-8679c51c996c,,,
39088,4f107bd4-725d-4a1d-bdb7-62383cd7360d,,,
39089,45342e75-6313-43ea-86cd-3ce032ef72ee,,,
39090,f3269549-acd9-4aff-8041-e801a2c5b5f4,,,
39091,15dd4c38-4bca-41de-936d-749b451f1a17,,,
39094,5c252491-d748-474c-a31d-4de0d0cb0c3f,,,
39095,5e334b5f-aee2-46fa-8d3c-de8099cd5533,,,
39096,0d2aad42-7dfb-4b73-aaba-b98b3b96cd66,,,
39097,4bc52d53-72d4-4141-8eba-2a101eb43411,,,
39098,c58b9d86-739e-4932-b9ea-f991654bec55,,,
39099,f8367f17-a164-4d37-92ec-dc1dd8ee3723,,,
39100,f2606527-ec5f-411c-ab0c-495ffd978a53,,,
39101,53ccff26-6285-4181-affc-f6573121b281,,,
39102,8340ea94-6e99-42cd-bd9f-62f2da76b4a0,,,
39103,c64476aa-648b-4ecf-b746-1533a2acf622,,,
39104,6e981291-f60c-42e2-bd02-836a709e36c3,,,
39105,69508f11-5395-48c3-b98c-4a7a5183dc1d,,,
39106,5b8cf145-d5a8-43c8-b1bf-58c3ccb43ba6,,,
39107,392898e0-42ba-4747-ae8f-dac8c931e7ed,,,
39108,9f43a234-bd08-4db2-97ec-f9dcd9cc5dc0,,,
39109,d4e87082-62c7-42ed-a8aa-34c9287cd3b6,,,
39110,cda8878d-f303-48cb-b0f3-61bcbc5cd116,,,
39111,f3128944-95a2-4c9a-84b5-ebccd8119db7,,,
39113,058ca67b-3e8a-4f55-815b-74d053c86125,,,
39115,82e713de-b347-482d-9b01-d84dbbd7239b,,,
39116,423618cf-470f-4746-9c3b-709db15cfac7,,,
39117,16304ba9-64c4-4f24-b514-b578e384c92a,,,
39118,f132a12d-5320-4623-9097-99be52aadacf,,,
39119,18d58baa-c635-47fb-b637-5dad3195f304,,,
39120,bdec262d-95e9-4812-804e-a6ccada0e70e,,,
39121,3efaf9cf-af26-494f-9922-74172a5f1749,,,
39122,1e02ce30-3600-4e90-9651-4792e3f026ef,,,
39123,70890828-9576-4b6c-b846-8efa09f07596,,,
39124,7d950131-ff6f-4b9b-8ae5-60c808f19124,,,
39125,0b2dd9dd-e664-4ea0-88d4-a9ac57086fda,,,
39126,e6bddfd8-a725-4df4-a226-4ee3469f9c38,,,
39127,56ad18e7-da76-416a-83af-adc085d8481d,,,
39128,d86c4d0e-f9a7-4909-aaf2-beb408215ee2,,,
39129,69bb25c8-ebac-432d-a407-caea7fe7342a,,,
39130,47e79161-b86a-46fb-a63a-aea79676988a,,,
39131,215ab601-124e-4d44-93d7-98ebb885fa52,,,
39132,d25870bc-8704-4a03-b03e-c027e9e5d7da,,,
39133,af5ccba7-58d5-46d5-a022-2c2265b69581,,,
39134,30139a51-5a66-4686-8b06-47b5ea538820,,,
39135,a82b894e-5a56-4c3d-9d53-2df120198f2c,,,
39136,9c7519c2-7992-4957-950c-436bcf54b8f7,,,
39137,9fb0be71-9087-4630-9aef-36510b8a5a80,,,
39138,05decf49-6ced-4cdd-ba39-cb8521a184d8,,,
39139,6a3b4fb2-abbc-48fe-b0fc-fc3b17bbdc5c,,,
39140,32e16a77-65c7-400d-a4c7-9eda1dcb5c38,,,
39141,733398a9-62e5-44fd-9b3c-e589551621ca,,,
39145,70fb8939-913a-4d34-b1d8-2bfc557eb8fe,,,
39146,a7f95960-2052-4191-989a-7840e552304f,,,
39147,7de53ae3-807a-47ef-994b-975149890e67,,,
39148,60cdb231-bd44-462c-a613-b6fcb48059ca,,,
39149,9eb807ca-35d6-4f78-b283-4abc1ba8d25b,,,
39150,8170cebd-8c27-4ec8-9bc3-fca678cc1914,,,
39151,35b4dce5-3b95-4d05-a37e-135acb47c83d,,,
39152,02e50a7b-c656-40b0-92d6-49182baf2fe5,,,
39153,d560764c-f9c0-46a4-9c11-eabc6c8adb59,,,
39154,690c9b2d-c818-475a-a0c4-40912b3ea910,,,
39155,f547f4b3-c1e5-493d-ae89-4a78a7f2d2ee,,,
39156,da061820-978c-4c5a-b60a-90ddb866ec2d,,,
39157,af05543a-cd5d-49c3-9ab6-0e669834eb9d,,,
39158,6810df54-73a2-4336-9f78-e1a6c2bb233a,,,
39159,68d34a64-6a6c-4162-aa17-f9abab0ee206,,,
39160,669a7716-bb14-470c-892e-4ea2934f4f71,,,
39161,362c1598-d1c7-4e07-9f7d-764c5ec30f36,,,
39162,f5009e66-46be-4d3f-9eda-f6a6c4944501,,,
39163,70ce80a9-c84a-4734-b5f2-8724bbe2f9f4,,,
39164,d1da269c-eed6-4a73-9450-05e5bcd88902,,,
39165,78582589-c54b-43eb-9057-6fb4a10e5cc6,,,
39166,2f63d983-a460-487f-b543-374786c9b777,,,
39168,71b6d818-20f2-47d8-9c14-afec17c0a468,,,
39169,67f8a80d-0e49-4064-aee9-7e1a6698cf70,,,
39170,22b5a201-d9ed-4d0f-9e89-900c232c549b,,,
39171,316665cb-9178-481c-aecf-ceed8b24c30c,,,
39172,10a8859b-8198-4a77-8393-b530ed663706,,,
39173,b4bfa34c-669e-4cee-9c47-5b44163ae6ae,,,
39174,8f4d8d2e-2816-45c7-9391-21538527de37,,,
39175,d64fe5db-d49b-483d-82f7-0ba126bbae48,,,
39176,72a7d2a8-93d4-4fad-8460-9fdcaa595837,,,
39177,31de5acf-ebba-41f0-89a9-7c6f341ff037,,,
39178,36cb57cc-277e-487e-8842-203f1afb9e7e,,,
39179,4dccf445-d751-4c0c-99c7-1c89b93a9d4f,,,
39180,80200725-0290-4a47-8971-1b32d8416313,,,
39181,7039f0b7-3082-4f27-b48b-2058d10a72a9,,,
39182,e6a05801-02a9-4cce-be60-a7ca62bb6db9,,,
39184,ea19e8d3-2ee7-4a6e-ac5b-ac7b1fa08e8f,,,
39185,f5030f7e-138c-4923-8b10-6a847e6386e0,,,
39186,0ddc82e6-2d96-4dab-9828-9c7e2f87acc7,,,
39187,ca82601d-d2c6-4f04-af15-490b90e35301,,,
39188,6ddf7a0b-296f-4809-ad6d-97cad7205fce,,,
39189,b5ddeb23-3bc5-4644-a32e-f485d9411d30,,,
39190,f67f0a6b-e00b-4462-83dc-9e5e9fba2cc1,,,
39191,f4f421e9-63c6-4516-8dc1-3bee5bd9b449,,,
39192,9dd4faf5-0817-4a59-925a-35d39efc55c6,,,
39193,6c5779f1-20be-4a23-aab4-6a0bc58705a4,,,
39194,366c02cc-ea21-42bd-907f-30290e67558e,,,
39195,3ca77504-d282-4133-8323-38ab6261a773,,,
39196,7a782a87-6b0f-4fb9-b402-14a80df68b07,,,
39197,dd056b21-2a2e-4d8c-b29a-0eb536e118b4,,,
39200,1353a320-c48e-4770-9f64-54e6bf2750a7,,,
39201,aa4d6cc5-42b7-4519-b057-fcd9c4ff5802,,,
39202,86f9af49-bf39-4a43-a66c-0478c9a99409,,,
39203,11ca425f-e0e7-481f-8332-3a493a2a099a,,,
39204,03126396-4586-422e-b016-8d38bf101047,,,
39205,7ac59e72-bcc1-407f-a958-bfe5a6ef7dd4,,,
39206,7ca38557-1fe3-45ea-aa19-ba7e31f9b703,,,
39207,f3ae0b85-cc3c-408e-a9a2-9c6aac28cd51,,,
39208,2be63b0b-a14b-438e-9821-9932d2bf0437,,,
39209,f9383bbe-78ef-4ced-804e-3210b1b88f5e,,,
39210,2825682b-3505-440f-aaf3-8620a3ffb39a,,,
39211,c52d3c1f-2236-4db6-9177-5b8c6daa9cb2,,,
39212,1fbc0759-9e12-48db-89d5-5f580a499a08,,,
39213,04f8cc97-0d20-46ff-b15e-82e33f9d2df1,,,
39214,b3b36868-34cd-4b63-9f9f-2862e1a5a88e,,,
39215,8736479d-3479-4da1-aa44-a89be196aa9e,,,
39216,973500d2-8e99-4d2d-9351-7cba4f2543ab,,,
39217,f8fcc93a-22f0-4c23-98da-e69b7ca074fe,,,
39219,6f68318b-947c-4ad6-be7e-31dc83af152a,,,
39220,ab20a61c-3a00-4966-b1a5-d6c75dd7508b,,,
39221,fd444ccc-c5c1-4e4d-afb6-bd9b869ac9fa,,,
39222,dbe9801d-5063-439c-b2ce-b928c83901e3,,,
39224,95d6928b-321c-46d0-9975-ee775cb1a48a,,,
39226,45904c5b-799c-4d3b-a778-b16545b981e6,,,
39227,b588e354-1cc9-4ae4-96d6-c1862ec6793c,,,
39228,733b8a03-1284-49b5-a312-b6a72458031c,,,
39229,7f9bd548-40eb-4979-9900-60bdc5b82bcd,,,
39230,ef649ce6-e489-4931-949e-3373b79f114e,,,
39231,295dc8bc-db15-412e-a84b-452154217eac,,,
39233,b24b8258-da27-41ef-8a7d-0db98aacbe31,,,
39235,ac4e07bb-3632-456b-ac5a-d24575693c99,,,
39236,60fb8ee0-04f5-4a02-8c60-91ec7e994e86,,,
39237,dce48b22-559a-456f-8909-55c65a12d6c3,,,
39238,fd11f2b2-5201-4bf2-a424-37244b1518a3,,,
39239,01e0fe3b-0614-4133-95db-2b761daaa1bf,,,
39240,c726ce71-be27-49b5-b0c8-de5a6fb8cb12,,,
39243,9633e253-2b44-44ef-970e-458e81069e9e,,,
39244,cd76bb95-76a5-4e73-ab61-0987bb7afcc3,,,
39245,fe7b3f74-057b-4514-a5a2-eaab4312f188,,,
39246,24b69b4e-bdc2-4d19-9c66-e419866c9a34,,,
39247,3a0cfa78-07a6-4663-aed1-3c001093d23b,,,
39248,70580ed3-4107-4f37-833b-c110c0924e76,,,
39249,4e11d636-bb92-4daf-8336-26217db447b2,,,
39250,39118b65-6b0a-4748-a9d4-47e91a16571b,,,
39251,16a37bf2-b196-4d23-830d-eba8c36dce75,,,
39252,1a95c581-44a4-4392-9eb6-8a8aee386c28,,,
39253,7db2074a-9c06-41ff-8707-804014b5198b,,,
39254,ab999b09-0548-4c26-a419-14073aa6ace8,,,[{'resourceId': '103cad4c-1118-4782-b02c-8d40e19e6fe3'}]
39259,bb64fc73-f6c9-4c4f-b778-43e2656e23d1,,,
39260,d64f8c11-7cc9-43e6-a118-e1565290914e,,,[{'resourceId': '8b68b9bc-3a75-4cc9-8a02-2996f4d8ab0b'}]
39260,d64f8c11-7cc9-43e6-a118-e1565290914e,,,[{'resourceId': 'e8f43acc-4145-4704-b422-209e41fd75d1'}]
39261,ede681fa-7fd6-4398-b500-b20de0f5623f,,,
39262,a3b5ac50-6b08-4674-94a4-6db78ab8aa1a,,,[{'resourceId': '24b56c76-db0f-4006-9ed4-19c96441228e'}]
39263,17c57fa4-bbbc-499e-9b5d-3962b8e6395d,,,[{'resourceId': '23eb1ce5-b277-47fb-a7a7-c20839f386db'}]
39264,cb788caf-fe8f-4bf3-9a23-6ffb90d48d7f,,,
39266,a74513d2-3ff9-41bd-b8d4-b033f9db7dd2,,,[{'resourceId': 'be30371d-ad83-4444-b65c-cd59eb8c2c0b'}]
39267,917eb84f-43e9-4719-b067-8c54181cb091,,,[{'resourceId': '236b29aa-b0de-4bcd-9d1e-a6a72575d790'}]
39267,917eb84f-43e9-4719-b067-8c54181cb091,,,[{'resourceId': '323ef974-4976-44e3-b2ef-314bcdde9737'}]
39268,374cabd1-fbba-4743-936f-e8798816bbf1,,,
39269,088504e7-e4dc-42b4-94b4-d6a8aba01277,,,[{'resourceId': 'ad92e3f7-f611-4ac7-8842-e76724d112b8'}]
39270,ed97d9d6-1fd4-41ac-bf56-d416d1b80e4d,,,[{'resourceId': 'cf26a8fe-c869-4369-9488-b5149e1c9448'}]
39271,2721a058-101f-4eb2-afb8-2402b72d6615,,,[{'resourceId': '2e5b1f2d-bd72-4f8a-ad43-3063980341f3'}]
39272,68a1e50e-8c19-4f84-8b9e-7ee557c921a8,,,[{'resourceId': 'e5ac8901-ab56-4e60-8743-a5ed4aeec0fe'}]
39273,07e0fa8c-fd99-4e63-a5a7-0dfbbeb47a12,,,
39274,223c92f7-1887-4d4d-aa9e-f05515305c01,,,
39275,e8e80c62-9f83-4c14-9d9c-e6ee0bfcbb16,,,[{'resourceId': '8b664056-898e-4973-995d-3ec454a2d9a1'}]
39276,a6c72632-84f8-4f51-85e0-2b73814c787b,,,[{'resourceId': '81bc317f-7703-499b-95d8-98f39dfa31d1'}]
39277,e906af6e-350c-4c54-9de2-7c9ad87cae16,,,
39278,dcd57e09-fd4c-40bd-9143-ba694dac7158,,,
39279,7a02ffa6-6513-4a78-b301-a55bc207fb9d,,,[{'resourceId': 'd53f59ec-fd68-4b33-b718-78f7cc154d54'}]
39279,7a02ffa6-6513-4a78-b301-a55bc207fb9d,,,[{'resourceId': 'c9465942-8154-4137-9828-1c8b4b77d247'}]
39280,4b4184fa-fd44-4cb8-a762-8fadcde04717,,,
39281,b405fb5e-c3eb-4be1-8da1-674093b86dfd,,,[{'resourceId': '2d24f014-5a05-40d1-9f25-0ff30bf0d923'}]
39282,fa517609-4ecf-46c0-9bbb-2b513345d1ac,,,[{'resourceId': '343fc419-597d-4e86-abca-baecf9d53de3'}]
39283,60943526-1f2f-473b-b0d4-c667fcbf5775,,,[{'resourceId': '09e20871-14ba-402c-80c4-3f1f64372b62'}]
39517,0f527429-6280-42f6-a0f7-c4ee2a4b3381,,,
39518,5ba7b0e5-43e6-4584-87ef-4fbcab16dd98,,,
39519,a5b525b4-f9a2-452e-be08-50a924152ae3,,,
39520,8ad3b95f-9a9e-4c1b-8d0a-177ff290374d,,,
39522,854f0df2-87e7-48dc-b3aa-3a7c4d7624e6,,,[{'resourceId': '33bc4ee5-eab2-4c8e-9dc8-f56770eaa37b'}]
39523,33bc4ee5-eab2-4c8e-9dc8-f56770eaa37b,,,
39525,e5bc7ad1-c20b-4445-9a98-9a56a495ae5e,,,[{'resourceId': 'ec505c65-f99d-481b-aa98-b3011468368b'}]
39526,ec505c65-f99d-481b-aa98-b3011468368b,,,
39529,a5d3feea-7c8e-42d4-9dcc-35aff43fe2e4,,,[{'resourceId': '46b0b4b5-6160-4fdb-b9d8-d0f0ea55d355'}]
39530,91fcfa7f-e1a1-41a9-a2c8-b2ed8164caf8,,,[{'resourceId': 'e96beff1-6569-4667-9f89-cc4690794634'}]
39531,e96beff1-6569-4667-9f89-cc4690794634,,,
39534,0ed180a3-4964-4dd4-a2a0-b9a4a56de3aa,,,[{'resourceId': '7fee16fd-bd60-4676-9cb2-3b6a1dfe66ae'}]
39535,7fee16fd-bd60-4676-9cb2-3b6a1dfe66ae,,,
39538,b9f4fd94-f133-4ae3-8b77-84a4f4c049ad,,,[{'resourceId': '9cea0c2d-59d6-4ed5-bc0e-4435991f47ba'}]
39539,9cea0c2d-59d6-4ed5-bc0e-4435991f47ba,,,
39540,8445a11f-9f6a-4979-b931-c8bcf552fb08,,,[{'resourceId': 'c39c12ea-01d1-4749-961d-d06679302f77'}]
39541,c39c12ea-01d1-4749-961d-d06679302f77,,,
39544,48038fae-1208-477e-993e-08fe3b7fed51,,,
39549,56b6ca42-ab4c-47dd-9269-219b15dd0a93,,,
39550,882ca698-7685-4ee7-897b-918328fed439,,,[{'resourceId': 'd24b272b-7729-4852-933d-6ac99731b34e'}]
39551,d24b272b-7729-4852-933d-6ac99731b34e,,,
39554,c82aaa63-baac-4365-905b-137b9d6406d8,,,[{'resourceId': 'e416212e-36a2-49b1-813a-e6a10ebaa9d8'}]
39555,e416212e-36a2-49b1-813a-e6a10ebaa9d8,,,
39558,7b99e176-ad3a-4e29-9ff2-99a7b2468212,,,
39561,636fac67-1726-4742-973e-1fc0554c29d3,,,[{'resourceId': '0586846e-c618-4211-a644-b4e5bd2e55e9'}]
39562,0586846e-c618-4211-a644-b4e5bd2e55e9,,,
39565,613d7c7f-3c9c-42b4-86a7-2cad149d3c47,,,
39568,015c0231-341e-449a-873e-6d38e1698b22,,,[{'resourceId': 'b4591770-569a-4ec0-b210-486131e05d5e'}]
39569,b4591770-569a-4ec0-b210-486131e05d5e,,,
39575,38dc3a6d-396b-416e-97f2-54de41c213f2,,,[{'resourceId': 'ddc684af-644d-4956-a7c3-39db798a13d2'}]
39576,ddc684af-644d-4956-a7c3-39db798a13d2,,,
39579,a8ed5764-39bc-4a66-942f-3f1574486e00,,,[{'resourceId': '6b829f8f-1d09-47ba-9dce-9c2f5a8cebab'}]
39580,6b829f8f-1d09-47ba-9dce-9c2f5a8cebab,,,
39581,4d362e9b-6bdc-47b8-9c7f-c1b0a7dc8200,,,[{'resourceId': '96693560-0008-4271-8f7c-1a9044e84cb7'}]
39582,96693560-0008-4271-8f7c-1a9044e84cb7,,,
39585,8b664056-898e-4973-995d-3ec454a2d9a1,,,
39588,0896b195-67d9-41f3-8b29-f409ac0d7f46,,,
39594,177c5801-a8c5-4975-8088-8561fb8bc597,,,[{'resourceId': '10ccf0b1-b3bc-4f6a-a53c-2ded872e70c0'}]
39595,10ccf0b1-b3bc-4f6a-a53c-2ded872e70c0,,,
39596,6f1527e8-1120-4e73-bd4a-31f826637a78,,,[{'resourceId': 'a53fc25d-51a7-4e98-9446-1ebe974689d3'}]
39600,44908bd0-77b1-4f19-bd19-f4e6dbfd9057,,,
39601,2ac754cf-bfb2-4814-9015-c919ef237caa,,,[{'resourceId': '6e674f45-821c-4452-af1b-ee88bd14162a'}]
39606,56af9872-45b4-4ae6-84de-a12d1192fcea,,,
39607,d04f1a86-d0d0-4914-9e23-cdf3d9ca0881,,,
39608,e107d4ed-852e-44c7-8dc5-b629e2443446,,,[{'resourceId': '922f89b9-0bcd-4be4-aaa4-c7dfb5b89630'}]
39609,b8c4ae84-639c-4e89-a01d-563ea48f4343,,,[{'resourceId': '2ccd4ebf-5af4-4c0a-b98a-9c622a199f14'}]
39611,f737e225-e912-44c1-90e1-264214398b27,,,
39612,cf077548-6384-4cc5-867b-00b32ce3c78a,,,[{'resourceId': '87ed8462-1e29-4edc-8e6b-6c29691e303e'}]
39613,ae67e767-fabf-475f-be08-883dc2e3c3b0,,,[{'resourceId': '2b0da8da-444b-498d-bac6-521027d58bd8'}]
39614,2b0da8da-444b-498d-bac6-521027d58bd8,,,[{'resourceId': '648c5630-b60b-4a33-b388-e386fac05fa8'}]
39617,8e55b703-6e48-4fa3-949a-413a87e5480d,,,[{'resourceId': '8aa0184b-572c-4aa7-b1bd-101d0e3c8d1d'}]
39618,8aa0184b-572c-4aa7-b1bd-101d0e3c8d1d,,,[{'resourceId': '1d5a3d0e-0107-463f-916f-c5326de76fd0'}]
39619,485cd13c-b8c6-48da-8402-f9e6740f6abe,,,[{'resourceId': '90514d2d-253c-4efe-863e-e231901a24d5'}]
39620,90514d2d-253c-4efe-863e-e231901a24d5,,,
39623,a616d4a9-6a31-4688-b3d0-b98a069631d9,,,
39624,81b8e3f4-75e4-423d-8706-3253f05dd757,,,
39627,a3375363-bb76-48a1-a38d-e347122c572f,,,[{'resourceId': '014605ad-f5ed-433c-a665-89b6a17474f9'}]
39629,ff11ac28-1939-48d9-a555-6d8bdd6ae855,,,[{'resourceId': '98130d37-4cbe-49c1-aa1b-959b0e93f815'}]
39630,98130d37-4cbe-49c1-aa1b-959b0e93f815,,,
39635,7d83b652-f8e9-4b3f-94b8-d1da8b07505c,,,[{'resourceId': '6c577b76-2de3-4d18-a0e6-2b6f4d473cf1'}]
39635,7d83b652-f8e9-4b3f-94b8-d1da8b07505c,,,[{'resourceId': '9781a7e1-c652-4583-8182-e27c9d0f18f5'}]
39636,9781a7e1-c652-4583-8182-e27c9d0f18f5,,,[{'resourceId': '4d63dc73-8169-4a24-bd11-6b707ede2ce6'}]
39637,4d63dc73-8169-4a24-bd11-6b707ede2ce6,,,
39638,6252e9b7-610d-45d8-8af7-5d97ff52aeb8,,,[{'resourceId': 'a75bc0c9-9769-4329-9481-6e1ba9738e60'}]
39639,a75bc0c9-9769-4329-9481-6e1ba9738e60,,,
39640,0aba3645-9548-4688-b960-1ef461167ea9,,,[{'resourceId': '334aee66-94f4-40ec-854e-1ac34e65e787'}]
39641,334aee66-94f4-40ec-854e-1ac34e65e787,,,
39642,089c5791-a0cb-442b-a5a8-7400a491ee60,,,[{'resourceId': '5db7753f-3419-4fed-8eba-ababb25bb968'}]
39643,5db7753f-3419-4fed-8eba-ababb25bb968,,,
39646,53a3bcb9-4c49-4985-895c-507f52c452bc,,,
39649,69dba9b0-5417-4c0e-a8c1-bba9eb6371fd,,,[{'resourceId': '581e2a18-5699-4039-9499-5af670275616'}]
39650,581e2a18-5699-4039-9499-5af670275616,,,
39651,4e19b3d6-301a-42e1-8c4f-3bff087c50e9,,,[{'resourceId': 'e282ef5c-c739-4666-bedd-bab57d693ec2'}]
39652,e282ef5c-c739-4666-bedd-bab57d693ec2,,,
39658,aecfd282-109c-4506-88c2-816268b937d2,,,[{'resourceId': '21720702-1d51-43d6-a912-5c3c11dd6489'}]
39659,21720702-1d51-43d6-a912-5c3c11dd6489,,,[{'resourceId': '9ca20fd2-6585-4f66-9c78-335dff532b74'}]
39660,efb0aa91-437c-4b5d-989c-0d99552105e9,,,[{'resourceId': '4ba65284-6b24-4bb3-92e6-05bd9c2997e2'}]
39663,d7b1581d-057c-4e2b-b0e2-09f18314ae06,,,
39664,ad683f03-e1a6-41da-af95-aa58f9b84b34,,,[{'resourceId': '74f5a8d3-34a6-4297-b231-874b06b23cd3'}]
39665,74f5a8d3-34a6-4297-b231-874b06b23cd3,,,[{'resourceId': '227f2f9f-bbae-4a9b-8287-45eb0206af04'}]
39666,9ecb3c42-3bcb-432c-90d9-3ed77977bf10,,,[{'resourceId': '245c6fe1-ac1f-4148-af8c-8f263394e341'}]
39669,cc5cb3de-1bee-482f-a50c-307853c37d27,,,
39670,b0e46a91-d715-43d2-a2ae-28dbb671b0a3,,,
39671,070d2937-c6ea-4760-8b09-6bffbd9eb3bb,,,
39680,a8a7ccb9-f465-4008-a589-7da3ae146815,,,[{'resourceId': '4a77c1e3-f937-4246-816f-e181324039cf'}]
39681,caaa274d-5d3f-4801-8178-4bbebaaf69ab,,,[{'resourceId': 'a140bf78-8c12-441b-a01d-ac9e91c47011'}]
39682,1ff7fe76-d3a0-418c-a6e4-f39c6f8329a8,,,
39683,4283f180-938c-450e-83d8-80a58ce63b66,,,
39684,7047a059-8f02-4e83-b4d6-8ede3b9abfc2,,,
39685,52e71fcd-f3b2-48a9-aa68-449ad2ed15d9,,,
39686,a1895352-7f5c-4af4-aee7-76bf6feb070f,,,
39687,8f308d1b-36c2-4c1a-9831-a75fe72611ac,,,
39688,147f0c9f-f744-4b13-8e08-075780be01d7,,,
39689,1df09092-44c3-4c47-b23f-c3758abd2755,,,
39691,af63f820-e28e-4f8a-b730-771c9b28a062,,,
39692,df9584d3-ca5f-4ffe-995d-5dcbfc69922e,,,
39693,bb534dda-9f9d-4bce-a494-200856a0b393,,,
39694,576dcbb2-987f-41e2-a353-297e0c41f597,,,
39695,e7ed4d92-4588-406c-9a55-ee40ec2d9185,,,
39696,e468a887-c98d-48d3-b0cb-278d652943e6,,,
39697,137c5c07-bf04-46db-af82-273c21980999,,,[{'resourceId': 'ea768a66-b33b-4e27-9397-c68f46b1d273'}]
39698,09b40c38-1583-4f20-8275-ef2cd947de52,,,
39699,3c1732dc-141a-447b-8cab-968ae84b96a8,,,[{'resourceId': '09b40c38-1583-4f20-8275-ef2cd947de52'}]
39702,387eaae9-513a-44aa-a130-4e9331f1c04d,,,
39705,ebaa7222-5d18-4c3d-a982-f49738b07c43,,,[{'resourceId': '4af56ae7-5803-403f-beb0-1cc8b312c610'}]
39707,9ba2d96b-bf9f-460f-b38d-538b5b04a249,,,[{'resourceId': 'd4f6bf1e-75e1-478b-9a64-efc815b54910'}]
39708,e99e6053-6e64-43b2-b1dd-dde5adb03897,,,[{'resourceId': 'd4f6bf1e-75e1-478b-9a64-efc815b54910'}]
39710,6e2ca6db-d156-42f9-ad7d-a696d07ba686,,,
39711,cd1ba134-5bec-47d0-bb76-e13706ec967f,,,[{'resourceId': 'e4857e80-697a-4af9-90a3-ef7f28bcf48c'}]
39712,c2a94e12-66e6-40ad-9a8f-8e1443d77f7f,,,
39713,7a3b2ff8-9bfe-4d98-b4d2-119a572e8903,,,
39716,1e2c2516-b5a5-4165-8957-7c21e61e12dc,,,
39719,98499be5-f374-4b73-ba3e-d3f4030be58e,,,
39720,594b2d79-e498-4e18-827e-941f469c43dc,,,
39727,2e75f4cd-6624-417a-94e1-1424bf4a75a0,,,
39728,ce705007-6969-430a-aa79-c18a8fde5f7b,,,
39729,dd065e19-7ebb-404a-bafa-bb7bc8b05787,,,
39731,52da78d2-ccfe-45b7-aafc-29b673cbab24,,,
39732,4162559b-ba67-41ee-ae13-8e4660674fc8,,,
39733,5237b326-c599-4f46-be1d-622559f2c89b,,,
39735,5a994848-32b5-471b-9e15-5a5fbf17c10c,,,
39736,60eccd9e-3839-4a36-add5-51941740aec5,,,
39737,d3aa7e70-b8fb-4430-8cd8-705e8ca7db15,,,
39738,82d1806a-dc2b-4f92-9ad6-04b664566ea2,,,
39740,c94be8df-b3d9-4e19-84c4-3e5654165091,,,[{'resourceId': '414f65fa-93d9-4918-8b04-876db29486c4'}]
39741,ce805bcf-f781-4e7f-b55a-45efe925b8b0,,,[{'resourceId': '414f65fa-93d9-4918-8b04-876db29486c4'}]
39742,cc0f556f-e306-41cc-8688-7944d91a1426,,,[{'resourceId': '414f65fa-93d9-4918-8b04-876db29486c4'}]
39743,e0a9cbe1-8225-42dc-9e9a-90862efa5a7a,,,
39744,f5b8765f-926e-4a25-a1b5-d33f70a38fdb,,,
39745,b55a8cea-7572-45be-9d59-cc006bd69265,,,
39746,7b8dffe1-6b47-4094-9a45-79fa0371fc48,,,[{'resourceId': 'c1f85949-1d93-46d1-ac79-9ed0b90c2ffe'}]
39747,a3036c27-0f5a-4c0e-b869-cd0e01769a42,,,
39748,70bd00dd-902c-45ec-aaa6-f061bb5c9bf9,,,
39749,cd645e28-aa01-48cb-805b-c8d0eb57fdcd,,,
39750,1c3d34d6-f587-4a70-bed9-eafdac0dfdc8,,,
39751,5587ffd5-d744-47f5-bd89-a7f15e59886b,,,
39752,72749862-a15e-4188-8ee1-feea1ab2eb63,,,
39753,2826efd7-fdd2-40a1-b98a-dd28cf39d0f9,,,
39758,a34c61b9-d438-4ad1-8230-402936cc2f4e,,,
39759,343c6844-2dfd-4b72-9434-ee1750537e76,,,
39760,b269c5e5-c2a2-4a58-b2be-921add9c3f07,,,
39761,b21b5d51-25e7-44ce-8ad8-a1aa54735b05,,,
39762,230a7928-1751-4b6e-aa39-de6899122510,,,
39763,0f2259d9-9527-4b73-9205-49ad78bbe581,,,
39764,04ce7cea-2708-495d-8200-ae4cd0fe4669,,,
39783,1d2f2255-41ad-4b89-8fd9-4ae3f30089c2,,,
39784,f231bbc7-89e4-4fc7-a3e5-d9fae6247033,,,
39785,c02e95f4-d3e8-4729-a59f-0c53b8b3ad5d,,,
39786,69263c47-1090-49f9-8ea2-e3a60dae44c3,,,
39787,e32bba40-76a9-4fe6-943d-efd6c9753721,,,
39788,78c5c065-4c02-4b3a-991e-869dfae69ecd,,,
39789,6857b3b6-d370-4683-a710-9e252e533f1b,,,
39798,82b60d5e-702e-423c-b62f-d20609da9aef,,,
39802,dc2ba53b-ce5e-4b0b-a8ee-d1d899c25013,,,
39815,55d48845-2af0-45c4-a166-197ceecf7f18,,,[{'resourceId': 'b65be120-8ef0-428c-b14d-ffa1d473bd4e'}]
39819,21fa97a2-20ed-411f-9146-06a7d1dc9ba0,,,
39820,9ba621d9-00e7-41a0-922f-050fe4fc83a1,,,
39826,876c4a11-126e-4e5a-943c-3c65db5dc26f,,,
39831,a45f4938-4648-4861-894b-bd120a910629,,,
39832,abbf7f49-391c-494b-8663-4b254fae5ce2,,,
39835,fe6da023-752e-4ccf-8883-44b5efa009b3,,,
39836,ae40d926-3ef1-4a65-8684-de0dd32971b8,,,
39837,d51575a7-389b-4a2d-a7d3-d139b33f77ba,,,
39838,abedf9f0-c2e2-411c-933f-187ff530d6ed,,,[{'resourceId': 'ec7a1abb-9766-45ea-b414-42660e1575b6'}]
39839,48336412-46d8-4edf-ad4a-63f6ecfe94e4,,,[{'resourceId': 'a17ca15d-d0c2-4641-9aa2-d367f345abfe'}]
39840,e285cbf8-548c-40b7-9ba2-b52f0fd924c6,,,
39841,e27ffca4-2b56-4516-8635-dd05fa1a2f45,,,
39842,eeae8585-18cf-4094-b275-7305951946cc,,,[{'resourceId': 'a7d6ab25-a42d-4f31-b84c-ccf6c1b92eb3'}]
39843,f81117c0-5204-4e77-9bbb-401e59a4893f,,,
39844,6263a6de-3e00-42f6-b2b9-8f4f822fd8a7,,,
39845,d79e7879-c511-487c-839b-98e98da6e33f,,,
39846,74547ef0-036e-47a8-9b0e-a2138b430ec1,,,[{'resourceId': '3fd0e238-cc47-4020-97d1-90bfa1868ef5'}]
39847,f42981a3-1f72-4297-91df-22998b6bb597,,,[{'resourceId': '1b6181a6-bb69-47e0-a20e-66f6eb8c5386'}]
39848,38c94307-9e99-49f1-ba1d-b8cf18c674eb,,,
39849,2950d15b-81be-4c99-bb42-717bbedf2b98,,,
39850,565d1fb3-9584-4919-b137-ce73f621dcb4,,,
39851,f96be58c-f38f-4674-bb3d-bf1c01e61e6c,,,
39852,c2371856-0346-432b-aa11-510e7503c0f5,,,[{'resourceId': '1146c423-5dd8-4370-ac1a-057aa27fbaff'}]
39853,4e81ee86-8989-490a-bbbe-c6c2f182dd0d,,,
39854,d40c85bf-7765-4cd0-a9f6-fbe4357eeebf,,,[{'resourceId': '360ab9a7-6990-4e86-ab6f-77c11d3d9075'}]
39855,afc5e9bf-316a-4ac7-8e44-efcdec037279,,,
39856,d608d88f-f8b9-472a-b640-ff03850c78f6,,,
39857,9a031cd6-7f23-4fe3-96a5-a97c4e12dace,,,
39858,a313a8d9-200a-4215-b023-7c83e6fa2da3,,,
39859,9730af4e-ce7d-4039-9a3f-3b791b930436,,,
39860,9e3b1c10-e7fb-473b-9e36-af1a54100c39,,,
39861,2531d9d8-2850-43a2-8d9b-3c0815d73265,,,[{'resourceId': '9946dfa8-f9db-4fdc-883d-94a773ead65d'}]
39862,5ddad28e-b22d-415f-9609-439153d1ccf5,,,
39863,b4153ecc-cf1d-413e-85c2-7a014137450d,,,
39864,9e789d85-fa08-4670-8cbf-7008fb6f2cc5,,,
39865,ba915572-738c-479a-a475-72d94e5081a3,,,[{'resourceId': 'b42e3fb2-cf42-4671-8b75-1c2a630d1e53'}]
39866,702936a3-8756-44ca-a47d-71e206cef97b,,,
39867,e50cb90a-2a8f-4fbf-b500-a309a62ac455,,,
39868,1eb29f74-0b6a-4cfc-80ad-bcd7b2bf5d84,,,
39869,a19caa72-88c7-44ff-9a0f-2a9b0fa771f3,,,
39870,e75423bb-00a3-4a46-892d-ca137fa8d68b,,,
39871,e1dfd135-d02c-46f9-a1c8-2bda7da156f3,,,[{'resourceId': '1fe8f67c-0e4c-4a4a-99b4-dd74734815f1'}]
39872,be48ecb3-6d8e-404a-9066-68e50358cd3e,,,[{'resourceId': '4fd5dc8c-b310-4fc9-bd97-2ad511d12212'}]
39873,5f672527-d6b3-4e40-9cf5-c5a3cbe802da,,,[{'resourceId': 'ac5905ae-d16a-40d8-b569-7217222cb05f'}]
39874,e3e9c610-99bd-43fd-a87e-830782bba6ff,,,
39875,e64047cc-780e-4cba-9239-f993782ae325,,,[{'resourceId': 'f627d4b8-d481-46a1-9d50-27ba5882ecde'}]
39875,e64047cc-780e-4cba-9239-f993782ae325,,,[{'resourceId': '2f3e1579-f8a8-4901-b30d-7c0b555ff51b'}]
39876,c206384d-8159-482c-b719-2bc335410bd1,,,[{'resourceId': '7e5e271d-3dd6-4c28-8eb5-a4899b8dc708'}]
39877,f12938f7-1fa5-475c-ba34-aa85ef5c30ea,,,
39878,a7bcb077-43ce-4919-b2ff-9337be58067f,,,
39879,f3cff267-70ac-4edb-a6b3-1acd0f7cea08,,,[{'resourceId': 'c8ffe7be-44b4-4e8f-b0e3-7fb9aa1aa115'}]
39880,55923154-5d7c-49e0-8b14-500e23c68a00,,,
39881,f7d49dda-7447-492c-86b9-324851145e05,,,
39882,7877b63e-d0d4-4351-9aa5-7d606178acb8,,,[{'resourceId': 'ffbc612c-f5cd-4095-a7bc-191838cd794a'}]
39883,2caabac4-bccb-48b8-bc61-05a6840277d0,,,
39884,31a9619f-6916-4a2c-9231-6537e1fa9a83,,,
39885,3946ff9c-d259-4d65-9dba-81f31e755aeb,,,
39886,24cc4480-3060-4f6a-b0a7-e3b78a789cf7,,,[{'resourceId': '1f260244-be4b-47f6-9ec8-3e6286ea0eb2'}]
39887,f0bc3886-7c9c-451f-8275-dd593dd48eb2,,,
39888,f02284c1-7e20-45e9-8c0e-35a7490889d0,,,
39889,696fb212-2441-4fd5-a116-bf249b96113d,,,[{'resourceId': 'faf0e5f0-4b42-4066-b850-eb0f278d4c5f'}]
39890,236b29aa-b0de-4bcd-9d1e-a6a72575d790,,,
39891,92200af0-7641-4886-9919-cf16cb86b2cc,,,
39892,a1562e63-b3d8-4f77-9362-5813461e95de,,,
39893,8140f205-6c7c-4022-aef1-a8b1734d08a6,,,
39894,90f8ba18-d7f9-4ead-8f17-ad8bddef8a2e,,,
39895,f68cd0f6-d578-4232-8032-102ab9f7bdef,,,
39896,5d18fd0e-f7b5-4708-a20e-a7b6d9ac1613,,,
39897,75847211-1567-4189-bddd-abb1fe6362c0,,,[{'resourceId': '161827c2-5631-439c-9596-aff1cfdc4c39'}]
39898,417e60d1-1836-4cc8-b575-8807ecc7fbf1,,,
39899,1ba82e27-9c1c-414f-8aeb-54e83a159244,,,[{'resourceId': 'ae848320-6608-44ea-9bc6-9982e8e7ee71'}]
39900,38978b44-89e2-478d-830c-d36e61b9028f,,,
39901,753e2c61-9157-487b-94de-9842dd82819d,,,[{'resourceId': '475cff0b-9009-4751-8dac-8a4729e2237f'}]
39902,b9f477ff-71ca-4fc3-8e5e-9218df5661c9,,,
39903,d8a2b1ac-77ed-4311-837c-ee7a73a47c03,,,
39904,f58bdd31-e5eb-4a0e-8e13-da77b2f24e0b,,,
39905,923676e6-6818-4a25-87a3-6efa7b666892,,,[{'resourceId': '152138f5-f1e9-4754-a3d7-bc7728f2fc49'}]
39906,72f941dc-2b09-4391-bd24-62560b1f02fb,,,
39907,f2fb195b-79d7-4904-bd6c-5e62de5d7464,,,[{'resourceId': 'efaade74-aa03-4c21-a89b-a96f75e7ab27'}]
39908,907cf7c2-acd8-4662-b55b-fc8227ac5e8e,,,
39909,fa92ecd1-7564-42d0-a664-31bf53979182,,,
39910,b37da0ce-973a-402f-98c8-226322259bce,,,[{'resourceId': 'b2eba384-165f-4068-a673-162f7791e663'}]
39911,b86079e6-1224-4e44-9e3a-5f92526a02e6,,,
39912,c8c0b0f1-7ff7-4d0c-89de-d69a078bd257,,,
39913,e106b8de-fb47-4b97-9a34-30051b250131,,,
39914,94a24a41-3747-4b87-99ca-712be53fe5fa,,,[{'resourceId': '049a0ae8-2862-4d3e-9b75-f729bb42e156'}]
39915,c42d1544-0a06-44f7-b812-23cbe7d20667,,,
39916,9266e5fa-e8a4-439b-b43e-d6c45c1f5d04,,,
39917,9e9fe47d-e3f1-43f8-b726-0b6061b92369,,,
39918,722b87dd-67c0-4633-b642-f4a520dcecb3,,,
39919,9d119d39-9c8f-446b-90c4-5d089405658d,,,[{'resourceId': 'b8ac917c-39f7-40dc-91a6-010ece1fb08c'}]
39921,53ae5273-0bd4-4c81-85da-ff2fdd2113e8,,,
39922,93f0108c-622f-41c6-9e0d-390fb163359c,,,
39923,a044a5e3-a9d3-4f75-a6df-b67b7230860c,,,
39925,eca26871-68d8-4dc3-8695-7200bd1e4614,,,[{'resourceId': '62d90e35-5117-49b4-b9e1-bcf4f40adb78'}]
39926,6fefc260-6a84-4dd3-ba37-252cdc1a3fe8,,,[{'resourceId': 'c7890c9e-d970-4fb0-8a8f-cb090b303626'}]
39927,58be5d83-2ac4-4ac3-ab0c-89a1bef268ec,,,
39928,c3bdc659-a14e-4983-822d-06e325a3fca5,,,
39931,09d4b776-477b-43d9-bf0a-0d2298ae3d2c,,,[{'resourceId': 'bb907303-3813-4102-ab7b-461c6c7fc9f7'}]
39932,9253c5ad-6a68-4698-ba74-1cbe22b612ad,,,
39933,e323d034-d2db-4346-9942-8a21d01f7f2f,,,
39934,ac022028-bba6-40e8-b0cc-d1ddb5ca3b62,,,
39935,10ab97e1-00eb-4292-91f3-ac69f81c92fe,,,
39936,26a940a8-99ba-460e-bd22-ce5e81275e38,,,
39937,298b33f7-6e54-448d-8f6c-cf6c3ef144d8,,,
39938,414a73f2-5bb2-4020-a77f-69e56257694b,,,[{'resourceId': 'a4fd57b0-c7e3-4909-bd81-e96ac21c7f55'}]
39941,6538ab1c-3b2e-48a8-88e2-5e9de636528c,,,[{'resourceId': '911978cf-535e-4197-b5e2-1dd624215ba3'}]
39942,a772d3b6-9037-40f5-a3fd-04d904e1f75a,,,
39943,c46a31bf-b030-4cc0-8bbb-1d1f00abf469,,,[{'resourceId': '50f009c7-63f5-4634-bf96-91c2145f0c91'}]
39944,cd636f1d-960b-43e7-91c8-0baf23f725b4,,,
39945,4f0cdab1-4fff-4741-8a74-e405980973b2,,,
39946,830f8001-3d5f-4dce-b42b-3640eace311e,,,
39947,11c03f92-9852-42e7-b858-a45a31482689,,,
39948,4e1a8994-4325-4f09-bdfe-6774b3de4fd0,,,
39949,814e6702-7244-4ff4-bb6d-c95a99204e38,,,
39950,7f6d1ad3-e4fb-4e8b-9833-a0b086415285,,,
39951,93582f74-33a4-4a5f-97cb-3a93330181a7,,,[{'resourceId': 'a5a3a86f-3976-425b-b9f6-31024ce37e3b'}]
39952,98856964-000b-44dd-93ce-515b7d947a62,,,[{'resourceId': '43d3a4ae-5170-493b-ad9a-8bcf481a5b8f'}]
39953,78ba9161-5b0f-4cce-afaf-c4b54c6dd32b,,,[{'resourceId': '8fe6800e-191c-4667-a62c-19877066b7e4'}]
39954,feab3084-50aa-460d-b20d-4c8c38e6c871,,,[{'resourceId': '0d8981fa-8529-11ec-a8a3-0242ac120002'}]
39955,f9c2fe90-5641-429c-b9ea-cc58f7b220c9,,,
39956,2a29894d-6ffc-4753-8b34-6d846d043730,,,
39957,9b63df72-2aac-435a-a0dd-86c6880086d3,,,
39958,9f6ff5f2-df4c-405e-b6e4-1270985e6e24,,,[{'resourceId': 'c083f8da-2032-4420-ad63-83b0eb8ff1bb'}]
39959,f49845e4-9ac5-437c-a4bf-c38b4d9d9c65,,,[{'resourceId': '7ce9e1ed-5d2f-4322-aeb7-e7791a19031e'}]
39960,01145abc-63ff-43c0-b909-a094ed3ca37e,,,
39961,fad6f597-5f21-4845-879f-209a0479cbfa,,,[{'resourceId': 'fbcba1f4-cd40-4d4e-9213-3c6cb6633ec3'}]
39962,4a8c7ef4-361f-4998-847d-615d99864fb3,,,
39963,40ac6471-f354-40a0-abc6-38ac8d81754f,,,
39964,8ae8ec4b-e985-4384-81a7-ce161c975417,,,
39965,602afc8a-cfb0-4ae0-a25b-9942eb0c8183,,,
39966,e8c651d1-3823-4942-b69a-6e1d1c1b57b3,,,
39967,3e30071c-54b2-4d0e-b7d8-90469ad1b9b2,,,[{'resourceId': '8814f46e-31e9-4aac-940a-7411943f1643'}]
39968,40999047-ad9c-463c-8c30-39c2bdb57a5f,,,
39969,2fd6a50a-b616-489d-85d6-e111e9dd29d5,,,
39970,e23c3671-1909-4983-bdd1-258752944d19,,,
39971,f6ef1652-d182-4c07-843f-0e91a82356a7,,,
39972,522c61a8-f85d-45a4-be94-bc18d4ae141e,,,
39973,49a05ea9-18a8-4b70-a816-0afb3af0dd20,,,
39974,eb09614e-8b6e-4e83-9aab-edb8dc04260b,,,
39975,ebc8fdc7-d4e1-41d2-8622-2332542fb66d,,,
39976,68d97c3c-96d5-44dc-890e-606a794fe33f,,,
39977,17f5fe48-f517-4687-b92d-9ed6a3694be6,,,
39979,52cd7248-00a1-4eee-9526-79e9005e742c,,,
39980,17e4c96f-7df9-4ed2-8abb-a9802317e476,,,
39981,28414dba-4300-4472-a7b0-7ff7c9331f10,,,
39982,6d6adb03-a2e6-4aa6-ba2c-a09f7ab6430b,,,
39983,b8021415-4788-410c-8586-55601df5a9e6,,,
39984,babca6d4-9387-4730-868a-7a7e97cbc774,,,
39985,effc8dff-52b7-4fa0-bad6-9ac5f69d3da3,,,
39986,64977ea3-82c1-463a-909d-61ef9e0b0099,,,
39987,d360b602-0815-4dba-bbd1-b3c595ffc2a5,,,
39988,6d10c030-754d-4c01-a62a-cda6ff225636,,,
39989,44fe6b92-05b1-410b-af8c-c5fec06b01cf,,,
39990,679c3d78-9fdc-4789-8f6b-6a86a9e3b45e,,,
39991,9dd5fe06-0f54-4cf6-bc66-e18b6117739f,,,
39993,fc7ed90e-f6ff-4065-9d05-785d48556c8b,,,
39994,bd039ee3-95ec-475d-8654-1faef9f8ef77,,,
39995,73c473e0-8e77-4e04-97db-cd9ca2f2e786,,,
39996,805fe4c3-aab4-4cc1-9dd9-7cde95d43d41,,,
39997,564bbfb7-679a-4385-9210-eb2dd59d4648,,,
39998,30ce1ea0-c722-435c-ba1e-911e4e27a3b6,,,
39999,5fac18cf-dd80-490f-851d-d7d888bfea53,,,
40000,c635d30a-847e-434b-b245-38b86ec2db61,,,
40001,21203ed2-b43e-4274-bbcb-d4c97a6b0c95,,,
40002,168901b0-7d74-4923-b145-b44c8dd2a7e6,,,
40003,523b9627-c70b-488b-bb7a-9a366c154505,,,
40004,14b60d79-fdbd-402e-904f-c29d39fb87fe,,,
40005,25336da4-0345-4b88-9159-18b4add5b388,,,
40006,39cb05eb-a289-4384-8106-0b914eb39ee2,,,
40007,56600ba2-0c24-4961-bb0d-fc77edc8b9e3,,,
40008,cd4e804b-d187-4d33-9942-f042b7c0eda1,,,
40009,169d10e3-6b96-42f0-8e11-1f78544ab7a3,,,
40010,3a97ed3d-e790-499f-8e1e-cad3ebe5b618,,,
40011,9dba2223-b428-41a4-9fa2-352d623576e5,,,
40012,77465260-c84b-405f-b981-d165fd96bd5f,,,
40013,9d110787-ec12-4738-931f-cffaa7c2bf83,,,
40014,b9059740-6f05-4c05-a837-4bd25e515182,,,
40015,9446d84d-823a-43b3-8656-854e9088f53f,,,
40016,0dd9726b-4168-4d22-8545-c58e4adff14b,,,
40017,a1400063-9b2f-40d8-8e4a-9aab51f3bcb5,,,
40018,1ea7b5d0-bcf8-4422-be6c-6a4fc305f2d5,,,
40019,7b8760e8-3257-47d8-ae28-23524e8a4594,,,
40020,b42fd26b-5f5b-4f9b-8808-a1e65911d225,,,
40021,0599c53c-28ec-4ed6-9b61-93c5b106996f,,,
40022,c67b6226-bc88-43c5-b384-5aece678a4df,,,
40024,3b69eee0-df54-4048-96dc-641f8bf12b8e,,,
40025,66862962-0c56-45f2-aedd-6549c5bea42b,,,
40026,3197da3f-6c0f-4cb7-bca5-7ea41f6ae15d,,,
40027,2540633a-cc9b-45b0-837f-ea7833423f58,,,
40028,45484ab4-a71a-4a79-bdda-c0c11c00ac92,,,
40029,d9a00b6f-7303-44e9-9fb1-9bd061ef2086,,,
40030,12aebc33-b390-46d3-ac99-c9b37eac0516,,,
40031,d158b356-befa-4dd6-bc38-fd868f7ea8aa,,,
40032,5e0b0f83-1c52-4a21-828e-f5ed57cc4dd0,,,
40033,7284c454-be4b-4371-b2fe-c5f7bdda9623,,,
40034,31d89509-4227-48fc-93ba-c74bb9391c48,,,
40035,3a1dc92b-747b-488d-b26f-4021e235f60f,,,
40036,d366d319-9ff8-436c-a82d-165e22f4d3d3,,,
40037,e2b474cf-3c16-4d51-aa78-59fb9580d406,,,
40038,859caba8-8fb5-4319-a06a-57d6e28459c9,,,
40039,7020949d-c074-45d3-b793-4e0122d12cc3,,,
40040,2d3a8e5d-16f1-46da-aceb-1b7526353c1d,,,
40041,efd97c90-2b77-4bb9-83de-38e6d894aa4d,,,
40042,1427fe57-367d-470d-9335-16c9c7e8d749,,,
40043,726cacb9-d7aa-44f2-b156-c46bca8b2c63,,,
40044,7ddb2721-d9a2-4b5f-9cb7-e35917258f4e,,,
40045,f83bade2-8199-4a41-8548-1da45e1ad0c2,,,
40046,31f2a37f-5147-4757-a520-ef446e54bc9c,,,
40047,90d40303-44cf-4730-bb0e-c1bb95495a3e,,,
40048,122c1749-8f35-4b1c-b7ff-427f5dcd672a,,,
40049,0a1a2a4c-b95a-4471-8946-929a250de476,,,
40050,3ddeed9b-3661-43fd-8090-af44255fdf15,,,
40051,7c542718-03f5-40c7-b46c-3e663df8f97e,,,
40052,56d2c3c1-2cb3-4a4f-8ef8-a4cad484a3ef,,,
40054,1d6e055f-afc9-4b79-977f-b9a2c2c1e435,,,
40055,f84ad5e2-af84-45d0-861e-4b1c998e4cc6,,,
40056,34338b87-ed22-4bac-8fbb-83a47b097603,,,
40057,ca544861-9a7a-4592-a326-cf56d72d53de,,,
40058,82ba728c-25ca-434a-9962-e8976cc61212,,,
40059,03c25314-3f37-46c1-aaad-ca7f3a3b2179,,,
40060,2ced9137-0de6-4212-a87b-286d0f79ad40,,,
40061,9003e8dd-2cc7-4695-94ad-762ea630f0e9,,,
40062,b8c47c24-6257-4e9f-89cf-4e2ea78745ef,,,
40063,258e6fa1-c720-4d90-9e2c-23a76ab09816,,,
40064,9369bb80-efb6-4538-9793-8692ce1aac67,,,
40065,0ea87523-ff9c-44c2-980c-9a1b911df920,,,
40066,980afb3e-6567-4d31-ba9d-cd532f3ceceb,,,
40067,786520df-7da9-46e8-86b2-c4aa280bcf87,,,
40068,bf8dd5b9-eb6c-4a7f-bd96-011b3122491d,,,
40069,5b6a884d-b98b-48ff-9922-aecc6f15c11e,,,
40070,79e866c0-ccff-47a6-a05f-8fdbc463a060,,,
40071,79930bac-4304-48cb-877a-afb718160de1,,,
40072,c4b30e73-7754-40e6-b15d-fc09cfd10c95,,,
40073,d866493f-cb41-4ec0-aa3b-c94e35182f30,,,
40074,78cba2c1-f4b0-4ef8-aa14-db114e316417,,,
40075,dfc7eb57-467a-4034-a25f-08dbfda98f24,,,
40076,8f7358a9-3887-4fce-9804-37b59a08fe60,,,
40077,b1486ef7-4d34-4749-ab82-a41139d7a2a5,,,
40078,76d9ac18-5a65-47f1-b8e6-613076641029,,,
40079,16f8ae7c-da50-4916-9072-a762fde9b2bf,,,
40080,b9576e82-8d7b-40e4-a57d-f27236214507,,,
40081,96e2db54-b341-4326-8b21-d31f9d08d854,,,
40082,8c83c657-ac1b-453d-8717-605af6e40c04,,,
40083,e1e82ae1-db46-4253-bf3d-8bcab2549ecf,,,
40084,9261bf68-9910-46a0-bcfe-b3273180bf10,,,
40085,d9912029-dcc8-45be-b489-270b5af21b0b,,,
40086,73faa6e1-2985-48c6-8920-dd6924741830,,,
40087,cf80618f-bf9f-4307-9929-edb49234b234,,,
40088,6da3f27d-1c75-4a1c-84a3-80b725bb35bc,,,
40089,c6c475e8-2d3e-4ef9-9ce3-2df5cae4e115,,,
40090,701807c3-1046-435a-b1de-21bc79caa297,,,
40091,49122336-211f-4559-bdaf-6c7ccd229027,,,
40092,92a038b7-ea91-4535-85c7-777dee769e22,,,
40093,302c19fd-207d-4598-bd95-a2f0180eee8b,,,
40094,4216ff53-1237-455a-ab98-a2a37320384d,,,
40095,22245d11-6d92-4eb2-a53c-c49a04251f22,,,
40096,ed9241bb-1bf2-4254-8e01-0d991a810864,,,
40097,4779e90b-c52f-4ff4-8060-2012ca6a2b58,,,
40099,a571034d-03fe-4733-b723-14d71071c1d4,,,
40100,6587b535-4f53-4f08-982d-946d3b7e4c3c,,,
40102,a7129626-177a-46f0-90d1-85cd2c36745a,,,
40103,73a955d1-32af-45eb-bb95-fecca6706bce,,,
40104,36866f44-99fc-4f7d-96f0-9a605b07bd29,,,
40105,aa9b932a-0835-40d4-8dcb-99de833f40b3,,,
40106,36415592-22da-485c-9d93-5805f06a24b2,,,
40107,e47a91a0-bd47-461c-a85e-dc175434022d,,,
40108,d4fe0541-1e25-4555-947d-0531bf64a95c,,,
40109,ccd60efb-ee74-403d-8933-9c75bbb64c6b,,,
40110,6292b2e8-e82b-46d4-ab2e-5675ed09a0fc,,,
40111,697ae118-5871-4477-b921-acdf6647c518,,,
40112,374de21a-534c-4121-ab82-1d81c38796c0,,,
40113,282dce54-ed8e-457c-a396-0fffceb68cb9,,,
40114,b1f3127b-7b50-423a-a64e-a4da82707d38,,,
40115,bde2af32-ef8e-4042-91dc-db40da0882c9,,,
40116,0f80f7d4-bff3-4848-a0fa-d721003d5059,,,
40117,c8882841-6193-4eff-af45-aa0cff3dacf6,,,
40118,748f16b2-b7c3-47d2-82f4-3a1f5084e8ea,,,
40119,11cbac0a-6e32-4c0c-92ab-0d6523d1ca37,,,
40120,69b2e8a5-68a8-4e36-89b0-c6f4d29a51bd,,,
40121,8724a2e6-b48e-4a8d-9348-5d8334b07042,,,
40122,6cbbf360-3fce-453d-8ec2-b9f42643ed52,,,
40123,120d5718-179e-4491-bed0-2b0f2451b8a7,,,
40124,fb9905df-822b-4a04-87af-7d300f42ebfb,,,
40125,e954f51e-88f4-449f-8fb3-6bc21f2c027e,,,
40126,61192a5a-91e3-46c0-829f-2ed8799b6781,,,
40127,f338d56b-ed30-44dc-a231-8d8961445e73,,,
40128,b6ed2a20-1bf1-414c-9a08-d7be25b04257,,,
40129,8f22bbba-d1c9-4fcd-a52a-feca72df2dfe,,,
40130,87b84acc-78df-413a-b4c5-5accb09c52b6,,,
40131,86df851c-3693-42e1-ac33-803e1c792306,,,
40132,791e0b0e-f153-484f-b297-e74320886e5e,,,
40133,a6637f10-28dc-46b9-82d9-13f026877d12,,,
40134,47cc23de-91a7-405a-91ed-6bf706f92a1a,,,
40135,c8bd2cda-8c5d-462a-9030-014a43a78199,,,
40136,3a6706ff-e48c-4ca4-8933-fe83413468ba,,,
40137,a07b629f-3c75-471e-abcc-affaebe707c0,,,
40138,5d4824cc-abe2-4a9f-aad6-cd600b4c1408,,,
40139,d9b85072-f429-488a-a5bf-2a8aec8c8129,,,
40140,b3385e1c-abbc-402e-b9b2-8d919b87eab7,,,
40141,bb4bbe86-afb4-41ab-8db2-bf6b8b415102,,,
40142,4327af10-79a3-44ae-9bc7-5792b065d7a6,,,
40143,ca659ce4-6726-4bd8-800e-919087cb73b3,,,
40144,5327a6e0-6ca9-4c7d-81ce-eda8b6d8a1c0,,,
40145,6d9ea4d0-c408-490e-bd0b-09dd3a413ec0,,,
40146,161d0f0c-6c50-436d-8a0a-a9f7c55dae0d,,,
40147,f9e74a71-a136-4766-883f-7f561851da27,,,
40148,cb89df1f-a3e9-42b2-b397-8c6668341d74,,,
40149,22c9c63b-762f-4dd9-93d3-06ac55e695ea,,,
40150,d3d55ee0-c777-4bd5-825b-2aa8a1b8c344,,,
40151,4c065939-a5a9-4158-99fa-97192d5e2957,,,
40152,9e94fc3a-9eb1-4f03-8ce6-4eb98a936c6b,,,[{'resourceId': 'fa1bcf0a-6484-4b1b-a1fc-eaf2b8b463d9'}]
40153,2abf399f-ad1d-4553-ae99-ba6f529815c9,,,
40154,695a50be-e886-4e60-92ac-6b1160e4b1e6,,,
40155,3d7504b5-ec8e-4d51-b78e-210058872104,,,
40156,5694ca48-576e-4c7a-87c0-e5610333cb1c,,,
40157,50f53090-653e-4983-85f3-d80f53de85ac,,,
40158,17d6b975-20ae-4dff-8154-47ed2bfd07b0,,,
40159,34d3064d-2480-457a-ae29-17a408909021,,,
40160,15a56543-64c4-4d9c-ba2e-345d9925ae23,,,
40161,21b0ec22-ea37-485b-86ff-56f2811fcdf7,,,
40162,e8d646eb-ad08-4d07-9891-85c6b4f52e3a,,,
40163,b6f6a2ce-55c3-4208-98dd-8731b833a3cf,,,
40164,0d4174ae-db5b-4359-abc6-d19411990981,,,
40165,9023667b-643c-479d-beff-046751a65cd8,,,
40166,778a7985-5a7e-4f26-9d71-8c5eefdb59ec,,,
40167,5e132295-a456-43b6-a44c-3008ac56249a,,,
40168,ececf599-e384-419a-9bee-337c5472fe81,,,
40169,f846dc45-66a6-40c8-8084-99448466f7d4,,,
40170,d9d34932-6984-414c-84b0-224dd6f3f943,,,
40171,8ca5ce64-f68f-45d9-9acd-f185d1c9b828,,,
40172,80eb7552-08ec-4c1e-95a3-1c62f9c024cf,,,
40173,6310eb55-4914-4ca7-ae8e-7a1bc0e9810d,,,
40174,3521a549-a53d-44c9-b491-9ef25b6ef9b4,,,
40176,ae38255b-9a79-4ac7-9d07-b0b57ae3f1a2,,,
40177,62e4e969-696f-446a-8270-6d4eaa5532bf,,,
40178,a31f1da0-dd02-469c-a517-7a2e2485b7e8,,,
40179,6117c953-6c54-4ea4-a304-29d653cc300e,,,
40181,9a09c25e-8c61-4485-83cf-39c53602d574,,,
40182,8f92749a-742f-4aa0-a011-e95d0199c2a8,,,
40183,24183635-5b8f-476e-939d-3206dbcd95bb,,,
40184,a5199c11-bcb9-45e5-9ac3-fe57b1618fea,,,
40185,8f637e0e-1589-4410-9002-eb7aba732a0d,,,
40186,cc6f4eb3-3a5e-4934-875f-8ed575527a76,,,
40187,5344b863-78be-4399-8079-f133328a8e36,,,
40188,49661217-f526-4650-8585-7d3adaa1f4c1,,,
40417,35f5ad23-f968-489d-8a0f-c9a4bac48b4f,,,[{'resourceId': 'a0eff518-b188-47c4-aec0-fcc19e2f432a'}]
40418,a0eff518-b188-47c4-aec0-fcc19e2f432a,,,
40419,7532a7a0-0870-4b20-892e-2e9d9e26fc1a,,,
40420,c404c1a4-1f82-4107-b486-08c5319de1d4,,,[{'resourceId': '7dc9ef95-90bd-4dcc-b69d-395243f8777b'}]
40421,7dc9ef95-90bd-4dcc-b69d-395243f8777b,,,
40430,e4f00d03-16b3-4533-8229-9c1dbbec7185,,,[{'resourceId': 'eac36c48-d8d6-4906-99ba-001a39efc5d9'}]
40431,eb476cc1-67b5-4056-adb1-28c39ce03db0,,,[{'resourceId': 'ffdc385f-8980-490b-968a-3ff940574328'}]
40431,eb476cc1-67b5-4056-adb1-28c39ce03db0,,,[{'resourceId': 'c7b68dfb-461d-42cb-8f01-feeb6a4d9f3a'}]
40432,eac36c48-d8d6-4906-99ba-001a39efc5d9,,,[{'resourceId': '2b07582d-cc01-440d-8ae0-b8297d09cf53'}]
40435,518f82d6-ef00-4bc5-be0b-85355fb77154,,,[{'resourceId': '02b5abfe-cb81-43a9-be1b-c1e12f0d6a00'}]
40435,518f82d6-ef00-4bc5-be0b-85355fb77154,,,[{'resourceId': 'cc417d27-a2e1-4826-822f-29818252ac3c'}]
40436,24f37c8e-5c48-46cf-8162-546e6ed18a33,,,[{'resourceId': '6d6c5399-c797-4fb3-b273-ffcfb2ac4f4d'}]
40437,3121e419-c0d6-4c67-8fdd-405f1a2777ac,,,
40438,7dac70d2-65a5-4c1d-9b48-3f32dd54c482,,,[{'resourceId': 'd5d60004-4d05-4495-9d38-9ffc471099c7'}]
40438,7dac70d2-65a5-4c1d-9b48-3f32dd54c482,,,[{'resourceId': '75075506-ad89-4c71-92cd-b83dae0ad672'}]
40439,ca573407-62c7-48b8-84d1-73ed4af747cc,,,[{'resourceId': 'd5d60004-4d05-4495-9d38-9ffc471099c7'}]
40439,ca573407-62c7-48b8-84d1-73ed4af747cc,,,[{'resourceId': '75075506-ad89-4c71-92cd-b83dae0ad672'}]
40440,6348c6e2-19c7-4672-a5ca-cff6ff24bd90,,,[{'resourceId': 'd5d60004-4d05-4495-9d38-9ffc471099c7'}]
40440,6348c6e2-19c7-4672-a5ca-cff6ff24bd90,,,[{'resourceId': '75075506-ad89-4c71-92cd-b83dae0ad672'}]
40441,2c2fa01e-1089-4878-acca-bcd8af83add9,,,
40442,c1d0802b-cdeb-48ca-8515-7ccda3c67a23,,,[{'resourceId': 'd5d60004-4d05-4495-9d38-9ffc471099c7'}]
40442,c1d0802b-cdeb-48ca-8515-7ccda3c67a23,,,[{'resourceId': '75075506-ad89-4c71-92cd-b83dae0ad672'}]
40443,b5a0b67d-4b30-4d06-8bfa-8afd3d2bfd41,,,[{'resourceId': 'd5d60004-4d05-4495-9d38-9ffc471099c7'}]
40443,b5a0b67d-4b30-4d06-8bfa-8afd3d2bfd41,,,[{'resourceId': '75075506-ad89-4c71-92cd-b83dae0ad672'}]
40444,c68b22d0-b944-46fd-be10-d343db50ed1c,,,
40447,8f2c7a10-631f-4416-8c04-ae939170a7e6,,,
40448,c9b5657d-e531-4d65-9fc1-0746977f39db,,,
40449,c5acc5bc-022a-457e-a5cb-ba4229585737,,,[{'resourceId': '920b68a3-0c0d-4e5c-b1d0-e6849f4e3869'}]
40450,8b42d314-814d-4830-939c-fe9daed129c4,,,[{'resourceId': 'e6c003fc-d500-4abf-9d66-73480b953dec'}]
40451,e6c003fc-d500-4abf-9d66-73480b953dec,,,
40452,b6c417c4-f9f8-4e65-9843-29e5f6ddc613,,,[{'resourceId': 'd5603967-03ea-4a89-a2b9-8945c83522b3'}]
40452,b6c417c4-f9f8-4e65-9843-29e5f6ddc613,,,[{'resourceId': '20fc43fb-1fea-4979-a566-66879760efd0'}]
40453,d5603967-03ea-4a89-a2b9-8945c83522b3,,,[{'resourceId': '920b68a3-0c0d-4e5c-b1d0-e6849f4e3869'}]
40454,20fc43fb-1fea-4979-a566-66879760efd0,,,[{'resourceId': '675180e9-a7c4-4580-982f-a2af86d6af54'}]
40455,675180e9-a7c4-4580-982f-a2af86d6af54,,,
40456,920b68a3-0c0d-4e5c-b1d0-e6849f4e3869,,,
40458,5e7728f3-d33f-4802-bef0-86447b59a47c,,,
40459,48f4ec32-41db-4b24-9ab6-1ad575fefee2,,,[{'resourceId': 'c60e52e9-d6ca-4fc0-abe2-641ef6499f2b'}]
40460,c60e52e9-d6ca-4fc0-abe2-641ef6499f2b,,,
40463,7438f703-4d38-4e1c-a6e7-f8f9262982ba,,,
40464,ae6e40ec-dfa8-46fd-a7cb-148450f7c6c2,,,
40467,e551df96-ac99-40a3-b573-17f9b2390337,,,[{'resourceId': '442bddd2-8c3c-4ecc-842f-b9e9bcb1e699'}]
40468,22098b55-6f37-4e09-986f-6e810ab7607d,,,
40473,eb2eb5fa-071a-49b9-a8c4-36f27b1376be,,,
40478,9c8d1ef7-471f-46b3-9494-a52ca5499ad6,,,[{'resourceId': '5018d422-6b7a-4d6c-bf73-8fd20eabee8c'}]
40479,5018d422-6b7a-4d6c-bf73-8fd20eabee8c,,,
40480,b435f53e-fcd8-4546-85c3-ece54eeb0b30,,,[{'resourceId': 'd22eed1e-aaf7-4587-9958-82d6f6f1c64c'}]
40481,d22eed1e-aaf7-4587-9958-82d6f6f1c64c,,,
40485,66e2e0de-0b1b-45d8-af0c-d450f99c495c,,,
40487,4d59c8d1-5c3c-4d8f-963a-910545b87092,,,[{'resourceId': 'bbf5227a-9644-4ec2-ac53-f2bcd0f932b4'}]
40488,bbf5227a-9644-4ec2-ac53-f2bcd0f932b4,,,
40489,292057eb-8007-4d3c-8f5c-599272c63668,,,[{'resourceId': '78da724d-6239-4aa8-a7c9-b1f84092df46'}]
40490,78da724d-6239-4aa8-a7c9-b1f84092df46,,,
40491,7487d6d9-6ee8-4282-8331-13f4b8b56ee5,,,[{'resourceId': 'c23b1a39-fc86-48f3-8a5b-27904b53adf4'}]
40492,c23b1a39-fc86-48f3-8a5b-27904b53adf4,,,[{'resourceId': '13105b0a-846f-459d-98a3-2b9b94fe43bc'}]
40493,1904e6dc-a244-4bf9-9a15-b3a51c79ed65,,,
40496,a7d6ab25-a42d-4f31-b84c-ccf6c1b92eb3,,,
40497,dc2db9d7-600a-413e-aed0-4193d282e082,,,[{'resourceId': '259dffda-8538-48dd-9593-86922611e010'}]
40498,259dffda-8538-48dd-9593-86922611e010,,,
40499,384d6fef-5a2c-4a25-822e-efc86874ad88,,,[{'resourceId': '6e674f45-821c-4452-af1b-ee88bd14162a'}]
40500,3fb2a4a4-afba-415d-8b53-345c41615277,,,[{'resourceId': '9b219cd5-4f99-44f9-8292-5a20c3102d86'}]
40501,9b219cd5-4f99-44f9-8292-5a20c3102d86,,,
40506,c8228d27-5c9d-4e89-9f2d-6530fcb7def2,,,[{'resourceId': 'da024c50-b37e-4ccf-b6a5-0deea08a7a7d'}]
40507,da024c50-b37e-4ccf-b6a5-0deea08a7a7d,,,
40508,b3099f92-0fc8-4783-9a3b-a71009c79c7f,,,[{'resourceId': '148cb6e7-b93c-47b6-82ab-665f5c1ad61d'}]
40514,1f86daed-b733-4704-b4fa-c0453e003730,,,[{'resourceId': '75901883-f257-4674-bc86-1111a6f98cff'}]
40515,75901883-f257-4674-bc86-1111a6f98cff,,,
40520,c7890c9e-d970-4fb0-8a8f-cb090b303626,,,
40524,75f00048-85c5-4a63-a56b-86a3559a0531,,,[{'resourceId': '7cce56b2-161f-41ba-b90d-1a473853d4c4'}]
40525,7cce56b2-161f-41ba-b90d-1a473853d4c4,,,
40526,7c1511e0-ebec-4b4c-b09b-fb469c75cf04,,,[{'resourceId': '52da78d2-ccfe-45b7-aafc-29b673cbab24'}]
40532,dc8770d0-b0c1-44c4-9418-8e2696e1bc97,,,[{'resourceId': '4cd62440-df38-42e7-87a1-4f537d1ae93d'}]
40533,6e24f7fe-5e6e-4b0e-8e57-1ff203bdcbe9,,,[{'resourceId': 'a2a034d4-cbeb-47f0-b799-52cf9c61cb9d'}]
40534,a2a034d4-cbeb-47f0-b799-52cf9c61cb9d,,,
40535,1f808150-108a-4331-9d88-526432596b30,,,
40538,aef2dfb3-30a3-4bbe-9af0-29f6809e63bb,,,
40539,ed5ffa9f-c27d-4927-bae1-90327b4fbd85,,,
40540,1cbf9c70-8fcc-42f6-8806-ce2d7c2bedfa,,,
40541,48ec3449-17d5-49a5-8175-58e1e85e952f,,,[{'resourceId': '45d311dd-2881-421a-bcc9-1a5d0835a0a9'}]
40544,4699c0bf-4752-4fd1-8042-6b43e842ad87,,,[{'resourceId': '1481b389-0a4a-4fe4-9dc9-7a097f884ac7'}]
40545,1481b389-0a4a-4fe4-9dc9-7a097f884ac7,,,
40548,132e249a-3e18-4365-988f-5f9f90b50f8c,,,[{'resourceId': 'e99e6053-6e64-43b2-b1dd-dde5adb03897'}]
40551,5c931906-7f02-4e27-9e97-6bbae97a9287,,,[{'resourceId': '8a75aca1-2c8e-4f8e-8bec-5bdb4ab66bd7'}]
40552,8a75aca1-2c8e-4f8e-8bec-5bdb4ab66bd7,,,
40555,e022a8b6-5fce-412a-892e-798b49c22fd7,,,[{'resourceId': 'dbec1ac9-ca85-4116-9b6f-442ce25ed06c'}]
40558,50eb9aca-850e-4e13-879e-75cf96841826,,,[{'resourceId': '1d7d34b5-7b5d-448c-8355-d5496eb1b42b'}]
40559,1d7d34b5-7b5d-448c-8355-d5496eb1b42b,,,
40562,f9bf779c-1e1c-4644-afa7-37424284ed20,,,
40563,acf35749-d1d8-4779-a2ed-6537ece5c0a9,,,[{'resourceId': 'cc7b8fb6-7c11-4998-8a08-694e0b152872'}]
40564,cc7b8fb6-7c11-4998-8a08-694e0b152872,,,
40565,fa80869f-4b49-456b-90ac-d6dbeda49baf,,,[{'resourceId': '1d1c9161-33c8-470c-921c-57d302c4cf0e'}]
40568,5385b15e-ad2d-4bd4-badf-6facac6c5141,,,[{'resourceId': '2862a191-c1be-4191-9a89-b42e76fe02b1'}]
40571,76192c4d-88af-4f6b-9b44-0761bfecc40d,,,[{'resourceId': '0a0e5901-18cf-47a8-ba91-11bc732d4da8'}]
40572,0a0e5901-18cf-47a8-ba91-11bc732d4da8,,,[{'resourceId': '381d18b7-b4ce-40bc-b747-4974e55f487e'}]
40575,227f2f9f-bbae-4a9b-8287-45eb0206af04,,,
40576,26109faa-87ac-4889-bca0-cf6eef6bacc6,,,[{'resourceId': '0ced6752-0a00-4e44-b0ff-07007cacf31c'}]
40577,0ced6752-0a00-4e44-b0ff-07007cacf31c,,,[{'resourceId': '44d6ae36-7d76-4e4f-b809-bd54c76095b9'}]
40580,00732c1e-5dee-4f74-a0bb-d86efe7978dd,,,[{'resourceId': '59947074-5c21-4c55-b84c-c80534dbd190'}]
40581,59947074-5c21-4c55-b84c-c80534dbd190,,,
40584,04be77b1-74e7-45cf-8ee2-60f193fcf873,,,[{'resourceId': '0b893868-1645-4b6a-afd6-68b43eedf047'}]
40585,0b893868-1645-4b6a-afd6-68b43eedf047,,,[{'resourceId': '890b348b-7bef-468c-8cde-4a9c8d489c26'}]
40586,b4e98e9a-9840-414d-9b92-db2d55455e27,,,[{'resourceId': '0b893868-1645-4b6a-afd6-68b43eedf047'}]
40587,40a319fc-797d-4ac0-9331-8f72b53bcc0b,,,[{'resourceId': 'fc10299a-7f51-4bc1-9e8d-56de62156bbe'}]
40590,a96a2ed9-2332-4834-8a41-addfbe6fdcf2,,,[{'resourceId': '62187df5-7f82-4fa5-8bfa-16797839c19b'}]
40591,4ae79581-c331-4840-8ffb-2e95ca05f061,,,[{'resourceId': 'c202a048-c2a4-460b-a8d5-576192313e11'}]
40592,4cb3026a-c5a6-4d35-880f-c45388b4a76e,,,
40593,c202a048-c2a4-460b-a8d5-576192313e11,,,[{'resourceId': '8a5759ef-ad73-4ff4-823e-ca05a7c63007'}]
40594,d4684b17-02d5-4f67-a250-83f3838157c3,,,[{'resourceId': '4f7540be-adbd-4388-866b-40cd863e8f65'}]
40595,4f7540be-adbd-4388-866b-40cd863e8f65,,,
40600,e8600624-e694-4ceb-ad0a-9a90a91a316c,,,[{'resourceId': '7bb3a6a9-8689-40df-9f13-fe052d15433a'}]
40601,7bb3a6a9-8689-40df-9f13-fe052d15433a,,,
40602,840d5292-c671-46e2-931d-0edd0e83e2d8,,,[{'resourceId': '81a32784-a565-42de-ba25-ff385f4706dc'}]
40605,105960d5-0c82-4d02-b0b6-243db7b60141,,,
40610,8bb01181-a6f7-4c8f-9cbc-e2f25541014d,,,[{'resourceId': '5bb6786d-c196-4cc2-8683-4fa4b4bf250f'}]
40611,5bb6786d-c196-4cc2-8683-4fa4b4bf250f,,,
40612,c28d7339-2b3f-4bf0-a333-d9f48d3dd8e8,,,[{'resourceId': '30a43d0f-c767-4d62-855c-6175bc901dd5'}]
40613,30a43d0f-c767-4d62-855c-6175bc901dd5,,,
40615,bf3eee73-dd24-468d-8382-8252eca15312,,,
40620,8c43087a-8a2a-409b-9b11-fd79d1b6cfcd,,,
40621,d64f7fc6-4fee-4b65-bae7-5c376698a2b0,,,
40622,9f94e7ab-8aa3-4f7e-a5b8-4275f82014aa,,,
40623,57eb2fbb-9f95-47b9-882a-37fe633d68a1,,,
40624,07ee1393-9fb3-409e-a60b-fcd88ea3d327,,,[{'resourceId': 'aae016d2-83f5-4f9e-8bab-3c62df086b96'}]
40625,aae016d2-83f5-4f9e-8bab-3c62df086b96,,,
40626,2ca33fcb-b2d9-45be-bf2a-c652dd1be812,,,[{'resourceId': '64854c2b-2bdd-45c3-a797-a0cab081d0d2'}]
40627,7dc9693c-8caa-4c9a-bc69-7b742eedf65f,,,[{'resourceId': 'c1ab246b-4dc0-4b73-bcdb-3ffaa593812f'}]
40635,ba0185a1-7efe-46e7-816e-2c8ff6a6de84,,,
40636,bde6c86b-9b8f-4410-9ad0-62f680d629be,,,
40637,76e72ef1-04cd-4f22-88f6-ee894e52be78,,,
40638,414f65fa-93d9-4918-8b04-876db29486c4,,,
40639,e9ffd585-cac1-42e9-8942-55c083fcafe6,,,[{'resourceId': '414f65fa-93d9-4918-8b04-876db29486c4'}]
40640,7395c7f2-8a28-4f4f-8773-2ce76aa9a876,,,[{'resourceId': '414f65fa-93d9-4918-8b04-876db29486c4'}]
40641,09dd6396-b2aa-4e4e-a23e-cac29ea54dd9,,,
40642,e2d9a343-705a-4c7e-88af-558b2d2b5d41,,,
40648,18450c5f-ac25-41d1-8dec-57757a0e3b2e,,,[{'resourceId': '236b29aa-b0de-4bcd-9d1e-a6a72575d790'}]
40648,18450c5f-ac25-41d1-8dec-57757a0e3b2e,,,[{'resourceId': '323ef974-4976-44e3-b2ef-314bcdde9737'}]
40649,61b3f1ef-df34-4aa1-b978-f13711aa74b5,,,[{'resourceId': '334aee66-94f4-40ec-854e-1ac34e65e787'}]
40653,6de52a63-8f62-4178-b88b-e88f1a43843a,,,[{'resourceId': '24b30084-3673-420e-8001-335c5da8d860'}]
40653,6de52a63-8f62-4178-b88b-e88f1a43843a,,,[{'resourceId': '00bee6b0-67d4-4348-a103-f5867eeaef4f'}]
40654,24b30084-3673-420e-8001-335c5da8d860,,,[{'resourceId': 'e3d39cae-3fef-44b0-9956-1928a5c90bfd'}]
40655,27318918-a1ea-4272-acda-c2da95420ba3,,,[{'resourceId': 'bed5588f-7354-4503-a4f4-b01873e55d72'}]
40656,1a6b1afb-6a7a-4a7c-83d1-e819b7bc8f13,,,[{'resourceId': '59bc2d13-e3bc-4e47-919e-8f7feb8f6a6e'}]
40657,5db5da90-8881-4ffb-a1e5-03e59da89e98,,,
40658,a14b8aa0-8566-424b-acd5-293686e41bff,,,
40659,7676a6ac-05a0-4928-bdd8-bcf8d6758a6a,,,
40660,09e20871-14ba-402c-80c4-3f1f64372b62,,,
40661,8d226029-ac63-4915-b0a8-20554be1bfa1,,,
40662,53ee5e07-927e-4a13-b5f6-de27c7895d75,,,
40663,c09021d4-24af-425e-8e48-918a57136d53,,,
40664,f88059f0-ecf5-4afb-8e22-7e6174c121f3,,,
40665,6fd02c7f-83cf-4de5-87b8-b94025d42eab,,,
40666,2cfbbe6a-9efb-4ae2-bf76-b5c977de7a82,,,
40667,b1cf4f9e-1370-4c4b-bc8e-75d22851193a,,,[{'resourceId': 'd28aa05f-cb04-4bf1-b04e-78b8051b854f'}]
40668,d28aa05f-cb04-4bf1-b04e-78b8051b854f,,,
40670,057b9d46-850a-11ec-a8a3-0242ac120002,,,[{'resourceId': 'c2b1a61d-a63a-4a21-ab5e-42d5bfb73a64'}]
40671,d6ddfa44-850c-11ec-a8a3-0242ac120002,,,[{'resourceId': '920b68a3-0c0d-4e5c-b1d0-e6849f4e3869'}]
40672,2c3d778a-8512-11ec-a8a3-0242ac120002,,,[{'resourceId': '9188a416-8512-11ec-a8a3-0242ac120002'}]
40673,9188a416-8512-11ec-a8a3-0242ac120002,,,
40674,ddd75b98-8515-11ec-a8a3-0242ac120002,,,
40675,cbf09916-8516-11ec-a8a3-0242ac120002,,,[{'resourceId': '444be174-a26e-4a8d-9bb2-8739f36c9f1c'}]
40676,b767279e-851b-11ec-a8a3-0242ac120002,,,[{'resourceId': 'a34d8ebc-43e4-4776-80a1-ed0751e89202'}]
40677,96ee2318-851c-11ec-a8a3-0242ac120002,,,
40678,821fae3c-851e-11ec-a8a3-0242ac120002,,,[{'resourceId': '96ee2318-851c-11ec-a8a3-0242ac120002'}]
40679,18cdd11a-851f-11ec-a8a3-0242ac120002,,,[{'resourceId': '6803743c-8520-11ec-a8a3-0242ac120002'}]
40680,6803743c-8520-11ec-a8a3-0242ac120002,,,
40681,91f06346-8524-11ec-a8a3-0242ac120002,,,[{'resourceId': '203b5426-8525-11ec-a8a3-0242ac120002'}]
40682,203b5426-8525-11ec-a8a3-0242ac120002,,,[{'resourceId': '0334804a-a786-4b8d-998f-a5eb84104272'}]
40683,e7d4d456-8527-11ec-a8a3-0242ac120002,,,
40684,8e39556a-8528-11ec-a8a3-0242ac120002,,,[{'resourceId': '0d8981fa-8529-11ec-a8a3-0242ac120002'}]
40685,0d8981fa-8529-11ec-a8a3-0242ac120002,,,
40686,31c226c4-852b-11ec-a8a3-0242ac120002,,,[{'resourceId': '0d8981fa-8529-11ec-a8a3-0242ac120002'}]
40687,5457f73a-852c-11ec-a8a3-0242ac120002,,,[{'resourceId': '8734c074-ac62-4907-a07b-25fe8a07e0a4'}]
40688,a3c35f5c-852d-11ec-a8a3-0242ac120002,,,
40689,a08a2de4-8540-11ec-a8a3-0242ac120002,,,[{'resourceId': 'c5445d45-4ec5-4aca-968d-351bc002e887'}]
40689,a08a2de4-8540-11ec-a8a3-0242ac120002,,,[{'resourceId': '386c1e02-d10b-47ff-ac30-ea8e9fb6869d'}]
40690,c9465942-8154-4137-9828-1c8b4b77d247,,,[{'resourceId': '8ce8dee3-4384-4e29-9f1b-9ab6e44efa5b'}]
40691,1cc0f964-11ec-426b-8c1f-c8938d87c89a,,,[{'resourceId': '454729f6-4731-42c0-8d08-cc5c5db1c03d'}]
40691,1cc0f964-11ec-426b-8c1f-c8938d87c89a,,,[{'resourceId': '226913f6-6dea-4007-9912-79fe22161a5a'}]
40692,226913f6-6dea-4007-9912-79fe22161a5a,,,[{'resourceId': '87ebb7ec-7b14-48bb-aaf5-d5c2597eb8ed'}]
40693,1a3c931f-c29c-479e-a908-74f7208af71b,,,
40694,e3b95629-f1da-49b0-8708-d4d942024e11,,,
40695,25a3eb75-c05c-4f6a-a1f4-b1f9821bcae5,,,[{'resourceId': '93084aea-1d36-4fa3-baee-6b8e2a0c2638'}]
40696,8399cac9-cb10-4c4d-adaf-01fb86827103,,,[{'resourceId': '44f65145-b460-4c43-9331-4c9b1b396fd6'}]
40697,44f65145-b460-4c43-9331-4c9b1b396fd6,,,
40698,a88f0d50-0c4f-4cbe-a880-ccc3c75e1268,,,[{'resourceId': 'b129452f-24aa-40eb-ad90-17c4e190ca8b'}]
40699,b129452f-24aa-40eb-ad90-17c4e190ca8b,,,
40700,a22f26b8-d715-4c71-bb84-5775720dfb39,,,
40701,8bb99eeb-0a6b-4638-90e6-ebb349ccfd10,,,
40702,168b8a66-1e23-48e7-b403-e47efa482383,,,[{'resourceId': 'de7aef02-e0a4-4d51-9cfa-0a5cf9a1578e'}]
40703,8bcc17e1-b5db-494e-9fc2-f1bb668fdb48,,,[{'resourceId': 'a3375363-bb76-48a1-a38d-e347122c572f'}]
40710,17a4b5b3-7840-4f52-a9fd-f879670c80b7,,,
40711,2d1c68e9-f4bf-48f4-8251-6680b72448b7,,,
40712,e619139f-41cf-4997-92fe-64a56b7e0fb1,,,[{'resourceId': '2d1c68e9-f4bf-48f4-8251-6680b72448b7'}]
40713,a754fa9a-549c-40f2-891c-bccc0d869c87,,,
40715,68e733e9-39ad-4549-80e3-18e86cb88b39,,,
40716,bca5ba1d-66c7-48c9-88be-5f58f421d5ce,,,
40717,61a5e168-fd56-41b9-876c-e5655cb25fdd,,,[{'resourceId': '5217ac60-fa8e-4dd1-84e3-2970490cf6db'}]
40718,5217ac60-fa8e-4dd1-84e3-2970490cf6db,,,
40719,7c44aed4-8efd-4d72-8678-608a3d06979b,,,[{'resourceId': 'fa72aeeb-2968-45cc-8822-ef86e8cb8d8b'}]
40720,fa72aeeb-2968-45cc-8822-ef86e8cb8d8b,,,
40724,6172e174-5d10-451f-b5fb-a0414cd56e70,,,
40725,e39f357e-421d-49de-b547-7994d12cd322,,,
40726,4e03b01e-145f-4393-9795-b8ff3c01a32a,,,
40728,533cfd24-ae92-4748-864f-e7737f98a648,,,
40729,c37ea726-104c-4578-9e92-4a3081fb1fc4,,,
40731,d44f0c92-0941-4ead-bc83-2964e407cff1,,,[{'resourceId': 'e11d626d-7b03-49cf-9c5c-0ae2b4913936'}]
40732,e11d626d-7b03-49cf-9c5c-0ae2b4913936,,,
40733,e466ce38-6df9-44cb-a3ed-f519d9c903fd,,,[{'resourceId': '440fe45c-02f4-4b17-beb0-376aa6865fbc'}]
40734,0bb84fcf-0092-41b0-946b-10ee51b01305,,,[{'resourceId': 'edcb8616-15ab-42b6-a064-984378b88348'}]
40735,f45e3d1f-cdae-4f1f-8127-659e120363e4,,,[{'resourceId': '613d7c7f-3c9c-42b4-86a7-2cad149d3c47'}]
40736,30945ea5-eab1-42e3-84a8-2595939ea7a3,,,
40742,ff9d596d-d704-4f5a-b31b-21d7cc3fd558,,,[{'resourceId': '021ed296-689f-4936-aa65-deeff2831943'}]
40743,021ed296-689f-4936-aa65-deeff2831943,,,
40747,2c968922-25af-4755-a0b1-f3990beefd6e,,,[{'resourceId': 'd3ca0987-7503-4ab9-baaf-21e0014819ef'}]
40748,d3ca0987-7503-4ab9-baaf-21e0014819ef,,,
40751,c8ffe7be-44b4-4e8f-b0e3-7fb9aa1aa115,,,[{'resourceId': 'bc32fe87-3dff-4f84-8b71-43d8817e0818'}]
40751,c8ffe7be-44b4-4e8f-b0e3-7fb9aa1aa115,,,[{'resourceId': '24f37c8e-5c48-46cf-8162-546e6ed18a33'}]
40752,3f0a334a-29b9-4a15-97bc-f2cccebd38d3,,,[{'resourceId': '52ee2d67-09bf-4084-a39a-0c75ddbef05f'}]
40753,50a60dd1-6674-467e-8ff5-4090049549a8,,,[{'resourceId': '1b611809-ed83-49b7-b93d-427aa7af623a'}]
40753,50a60dd1-6674-467e-8ff5-4090049549a8,,,[{'resourceId': 'a0fc2238-6038-41f1-a796-6937105ca3de'}]
40754,e4b7c3c4-6213-4dcb-86e0-15dab7886ff0,,,[{'resourceId': 'c8ffe7be-44b4-4e8f-b0e3-7fb9aa1aa115'}]
40755,9f9e9a9d-547a-4458-94d5-c1da5499ad7c,,,[{'resourceId': 'f752b22a-ffeb-444c-8dd7-fb4b97487535'}]
40756,f752b22a-ffeb-444c-8dd7-fb4b97487535,,,
40758,2d637796-dc8a-4d56-965b-1f7c1b09cc95,,,[{'resourceId': 'a451a0a2-026b-4421-ae92-bd9c12cc565a'}]
40759,a451a0a2-026b-4421-ae92-bd9c12cc565a,,,
40764,9e78570f-72d6-46ef-8bfc-e0a0772dbe51,,,[{'resourceId': 'cdd58161-c9cb-4fe8-99ed-65a20660044f'}]
40765,cdd58161-c9cb-4fe8-99ed-65a20660044f,,,
40766,56198421-6a39-484c-ab39-bbe8ff15e3f6,,,[{'resourceId': '5cca9b19-854f-4a35-b26b-8a4a72c8db88'}]
40767,67b36dae-bef5-4a62-a19e-23f7da126136,,,[{'resourceId': '56198421-6a39-484c-ab39-bbe8ff15e3f6'}]
40768,1763e555-2493-4203-8707-c9ecf570331a,,,
40769,b1961f40-a3f3-44f1-ae87-167ff2b1d592,,,
40773,422fc098-afb5-4e96-9371-1c97487dac72,,,
40774,1fd95aca-a3ff-4be4-a8f1-28fc91881af6,,,
40775,a1870bc5-a5d9-446e-8b6c-5da91e2f710b,,,
40776,25371b32-087e-440f-b015-188dfe45475f,,,
40777,b800e2a0-6a5c-4d9a-a3f0-faaa29569c27,,,
40778,65c7f32b-afe4-4948-acce-79bcb9bc8129,,,
40779,699dbf3c-1863-4574-830d-9a13f4257c76,,,
40781,506d5906-24fd-4dae-8812-fb9aad106b85,,,[{'resourceId': '77567b3d-4385-46a4-8ac9-4076489d4941'}]
40782,860d0e3f-ce54-41c1-b8bc-3393a6e1bf79,,,
40783,823245ef-adbf-4bb1-a7dc-3fbf1176edeb,,,[{'resourceId': '444be174-a26e-4a8d-9bb2-8739f36c9f1c'}]
40788,28447ca1-7e9f-4447-98a7-60fa6d7ea397,,,
40789,161827c2-5631-439c-9596-aff1cfdc4c39,,,
40792,40da6fca-ee27-453d-b3a8-778ab11d585b,,,[{'resourceId': '161827c2-5631-439c-9596-aff1cfdc4c39'}]
40793,1aea7dce-8972-4921-8991-313cbad41110,,,
40794,828ff86a-09ac-4515-a1ee-fde5f605bdee,,,
40795,7ca8395f-a8f8-4446-843d-80edd1033635,,,
40799,0eb0f5b1-9079-47bc-a5ce-4abd417e3c2b,,,
40800,d36f1716-aba1-496b-a867-825a4f1c9fb5,,,[{'resourceId': '9f34dadc-d0d5-4b44-8934-b6118b578b30'}]
40801,019aa354-71b9-4e81-9f34-922ae8ffc21f,,,[{'resourceId': 'b49392cc-8ddd-4786-84d8-cd3fba33fad2'}]
40802,b49392cc-8ddd-4786-84d8-cd3fba33fad2,,,[{'resourceId': 'd36f1716-aba1-496b-a867-825a4f1c9fb5'}]
40803,d44dad22-e80e-4ebd-902e-c036774a3f86,,,[{'resourceId': 'ebcc444e-ea7d-4e8a-a6c4-2ccdcfe4e7cf'}]
40804,ebcc444e-ea7d-4e8a-a6c4-2ccdcfe4e7cf,,,
40809,f12ff42d-4fae-40ab-bfcd-cd7b3414d040,,,
40812,4e4aee38-e454-46be-8053-bda5ecca9078,,,[{'resourceId': '7b45aaf2-a186-4ca5-a5ae-cbe41556f94f'}]
40812,4e4aee38-e454-46be-8053-bda5ecca9078,,,[{'resourceId': 'b8d2da9c-be6f-4fb7-8f42-ed5ea9aeff10'}]
40813,b8d2da9c-be6f-4fb7-8f42-ed5ea9aeff10,,,
40814,fe85f104-d1c7-4ce0-9815-d18fdad0c661,,,
40815,ec7878f3-0366-49bc-8b08-786fff03ec9c,,,
40821,c38e4f14-5abf-49cb-89ba-b3a2b407c95c,,,[{'resourceId': 'f995d450-32f3-4f99-9c01-3c9134ad8736'}]
40822,f995d450-32f3-4f99-9c01-3c9134ad8736,,,
40825,257ced08-ea45-4ef7-8939-641b88aef725,,,[{'resourceId': '228594da-e6ea-4895-b259-cb901595fdd6'}]
40826,228594da-e6ea-4895-b259-cb901595fdd6,,,
40827,5b625977-5c9f-4c40-b19b-e44ba2fdbb0f,,,[{'resourceId': '627e0c1c-cd72-47bf-a68d-951323538afe'}]
40828,627e0c1c-cd72-47bf-a68d-951323538afe,,,
40831,fd4ef735-db34-49ad-b724-8431a765ef1b,,,[{'resourceId': 'eab94085-e8fc-4193-b401-7f505488531c'}]
40832,eab94085-e8fc-4193-b401-7f505488531c,,,
40833,e11881de-6db9-429c-9e91-137726140673,,,
40834,75baeb4d-5f2a-4411-b207-d18c5d773379,,,[{'resourceId': '8cfa5591-f8c6-4419-96de-1e4f65d1b9f7'}]
40836,34136627-a0f0-4723-85a7-8c023257cff3,,,
40837,0649a767-a8f7-4d56-a8a0-ce8fdba603e6,,,
40838,78ed124b-7d85-4a1c-85f3-a02777bade86,,,[{'resourceId': '90514d2d-253c-4efe-863e-e231901a24d5'}]
40839,c9c11092-6f04-4431-933a-382b448d58cf,,,
40841,e08346cb-b70b-4589-922f-7f951e6487df,,,[{'resourceId': '3bf042b2-a68a-45a4-a0c0-36ccf6538c66'}]
40841,e08346cb-b70b-4589-922f-7f951e6487df,,,[{'resourceId': 'aaf98735-992d-4e03-8530-773da495cebe'}]
40842,579e1c20-4ecf-4a85-a8a3-2cb8c2d4b840,,,
40843,56019842-0b6f-459b-a1bb-0627360516a4,,,
40845,f34543e3-68b3-4c69-93c7-8879bbf0368c,,,
40852,4f2d8f12-0837-4f82-a825-5b10f5cca4b8,,,
40855,a4b4121b-bae1-46d3-a4ca-7bf805a0d411,,,[{'resourceId': '746e61b4-725d-454d-a135-e83377ee261d'}]
40857,ffb7f17b-6871-406f-9cd1-a51c2935bea6,,,
40861,d42431cb-3db6-4e75-a28d-a2cdbea8e66a,,,[{'resourceId': 'd24b272b-7729-4852-933d-6ac99731b34e'}]
40862,81bcfc83-2e4e-48fc-8abf-68e9cce68306,,,[{'resourceId': '24eb1a57-1390-49a2-961d-7fc7caa9a5d8'}]
40863,24eb1a57-1390-49a2-961d-7fc7caa9a5d8,,,[{'resourceId': 'd9dcf90c-6d52-4646-98a7-5e9b8f5bd5b9'}]
40868,26994456-a100-4ac3-b123-eb52485f8926,,,
40869,79811a2d-355b-44ad-8f2b-d2cd6ffeb513,,,
40874,a8f865a0-ee5f-4d8b-9194-841bc067d750,,,
40875,1d58c10e-d46a-4674-9d3e-5c52735f3c56,,,
40876,fb3a6f44-8699-4deb-b9e2-c1a12c537bd8,,,[{'resourceId': '5c5b3224-72a5-404b-a12b-79d470cee2ba'}]
40877,5c5b3224-72a5-404b-a12b-79d470cee2ba,,,
40878,b884828a-b38d-40da-b38e-b715e3e10a2c,,,
40879,01a86c47-2bcc-4c78-abd6-f410c0e971a7,,,[{'resourceId': 'a61699a4-eeff-4de5-95a9-22eb67e0b124'}]
40880,a61699a4-eeff-4de5-95a9-22eb67e0b124,,,
40881,3d35dce6-fbc7-4cf6-a2e2-c0cfbbecd1bf,,,
40882,857fe794-f47e-475e-bd20-7e9837ed211b,,,
40885,ecd98f7e-ce18-4a12-a4b0-fcd255c5fa7a,,,
40886,a37ff48d-fc24-42b1-be78-a90ff72fc3f8,,,[{'resourceId': '87ebb7ec-7b14-48bb-aaf5-d5c2597eb8ed'}]
40887,72c56f6f-9a2d-4e73-b975-cba454d05608,,,
40888,40493d22-f857-4394-b9bc-1bbc265fdf4b,,,[{'resourceId': 'd39a555c-26a9-42bc-a7ab-8b17b18626a7'}]
40889,d39a555c-26a9-42bc-a7ab-8b17b18626a7,,,
40890,42859a21-d3ce-44cd-9601-4162b044e2ea,,,
40891,ac05e6b6-0bbe-443e-aa82-0430d031ed14,,,[{'resourceId': 'fb353916-4cfe-4485-8e4a-9eca46600230'}]
40891,ac05e6b6-0bbe-443e-aa82-0430d031ed14,,,[{'resourceId': '31c226c4-852b-11ec-a8a3-0242ac120002'}]
40892,cffc3d18-88ea-4e8b-917f-dcf2518a7056,,,[{'resourceId': '2d836110-2ac4-4e47-9fb2-e32aec669e6c'}]
40893,2d836110-2ac4-4e47-9fb2-e32aec669e6c,,,[{'resourceId': 'a50c924e-09e2-4296-82f4-8474bcdc56aa'}]
40894,b9d74053-390f-4504-9c60-e6f2a7ded9dc,,,
40896,6ca22392-24be-4265-a63a-a4b932baa073,,,[{'resourceId': '6a0eb9ee-22bf-40cd-8ba6-963998201983'}]
40897,60acd0d9-3405-4b4c-96eb-2f1ddcdede4c,,,
40898,22dd6719-6668-4088-a218-dabd1a75d1e8,,,
40901,1a39bb65-1cf8-4a14-8346-920f98040afe,,,
40902,f2c4b88f-13ea-4009-bbd3-b39ce1d3c04e,,,
40903,e0eb9cda-8b57-41d6-b8c8-baafa73c0f52,,,[{'resourceId': '19f6b864-b0bc-40b3-94f8-8f103d60be7c'}]
40904,19f6b864-b0bc-40b3-94f8-8f103d60be7c,,,
40906,cdda02c6-fa13-4a16-a96c-bf937e26b863,,,
40910,185d003c-c5a2-4f69-a2e9-ecb9bb32dc60,,,
40911,0c78500b-aa74-4758-8cab-fc1550b27706,,,[{'resourceId': 'e844a198-d042-4e7e-8d50-01740999b437'}]
40912,e844a198-d042-4e7e-8d50-01740999b437,,,
40916,9f61df02-9991-4b2f-b446-9a883081f9c0,,,
40917,55fa66b2-9e6e-44a4-b7a9-98323d64b027,,,
40918,213a0d14-7d38-4ffa-b1f1-57acd1b6cdc3,,,
40921,20a39740-bafc-4cd2-a12d-e4c858263db2,,,[{'resourceId': '039bad61-7bf3-4e31-8f18-5705ad927b92'}]
40922,039bad61-7bf3-4e31-8f18-5705ad927b92,,,
40925,972d189e-8abc-4726-97a2-1d512fa399c4,,,
40928,10c31f79-fbb8-4858-9c50-bfa5cd02d676,,,[{'resourceId': '81f48433-23d8-400f-af76-6c8483a8b922'}]
40929,8b556b70-da63-4b9a-b335-47f348d390ba,,,[{'resourceId': '7287c1e9-e27f-4fa3-8144-ef521a16bd0a'}]
40934,0d3830e9-1b52-4c2e-a9e2-0544dbde8137,,,[{'resourceId': 'b99d0f06-7eb3-4960-80be-ccc0778bfcd3'}]
40935,b99d0f06-7eb3-4960-80be-ccc0778bfcd3,,,
40936,b7db7577-ff95-4f97-810c-48b89029230b,,,
40937,2cf24b8d-ae4e-4a37-bc3e-e8eed23f5703,,,
40938,31231900-c85a-41a8-9322-3da8822f202b,,,
40940,0f78ff51-bca9-4de8-bc79-65033809053f,,,
40941,3f2e1e90-7883-40ad-8a54-2f63e79a2c41,,,
40943,e459471a-dbf9-483b-af76-3bec117d9b00,,,[{'resourceId': 'ee95d427-fdd0-42a2-beaa-8e57e0e71165'}]
40944,ee95d427-fdd0-42a2-beaa-8e57e0e71165,,,
40947,489b70a1-2189-4dfe-a150-87bf492f2eb7,,,
40950,b828f850-82c4-4553-8125-6789d2567b3e,,,[{'resourceId': '13637a95-3ade-4769-8dd8-2503f18a5ad8'}]
40952,13637a95-3ade-4769-8dd8-2503f18a5ad8,,,
40953,84c5f22f-6927-496c-8288-87373ee9065b,,,[{'resourceId': '5c4624d5-89b3-4251-b8f1-2e7d7d2b6922'}]
40954,5c4624d5-89b3-4251-b8f1-2e7d7d2b6922,,,
40961,24da4c87-9d13-4d79-8fb1-a0502ed72b68,,,
40962,fa2233d8-343d-494e-999b-12943776330a,,,
40963,f18ae7e0-1491-42f2-9b3d-4b078ba7122e,,,[{'resourceId': '992a8a76-5461-416b-8bb9-1d9096bf5d34'}]
40964,992a8a76-5461-416b-8bb9-1d9096bf5d34,,,
40965,885c569c-b78f-4d19-8140-971ed42d0207,,,[{'resourceId': '7144d155-edbc-497d-a233-555d0cceb7d5'}]
40966,7144d155-edbc-497d-a233-555d0cceb7d5,,,
40968,d1333ee3-8ae6-42af-b48b-3795b22d49f1,,,[{'resourceId': '386beefa-7cae-4fdf-9b1f-d48b42123071'}]
40969,386beefa-7cae-4fdf-9b1f-d48b42123071,,,
40976,84bce471-73c1-4430-9331-986dc65862bf,,,[{'resourceId': 'def24d0a-4a0d-4a9a-8413-40fba3e60539'}]
40977,def24d0a-4a0d-4a9a-8413-40fba3e60539,,,
40978,dc5392f3-c9fc-453b-bd00-cef0cb6965c4,,,[{'resourceId': '5dea1f19-492f-4171-b0e0-b585219e6ae6'}]
40979,5dea1f19-492f-4171-b0e0-b585219e6ae6,,,
40984,81d68615-3d01-4c73-9dc4-0a54850dd744,,,
40985,2af72145-cfce-4799-9cfb-17cbbffbea1f,,,
40986,3cd87855-8e5c-4e66-81ed-34b7d0025050,,,[{'resourceId': '08d555e5-af57-4a2e-a86a-80b1e39f6ddb'}]
40987,08d555e5-af57-4a2e-a86a-80b1e39f6ddb,,,
40988,ec47b526-9203-4f02-bc6d-0136042dc185,,,[{'resourceId': '4ec30d8f-5e22-4b52-bb44-27a13c742a77'}]
40997,bdbb892f-cb18-46aa-a2bb-65a23820af35,,,
40998,c6486efc-7207-4941-a54d-174d53a35df7,,,
41000,17f2dc09-3296-4728-a261-c7bc17847437,,,[{'resourceId': '03a3a2bd-30f5-40d0-b04c-dc7b32291577'}]
41001,060741ef-3c71-4843-8d7e-ae709a310b6f,,,[{'resourceId': 'da5d7410-57e7-48ad-9853-f03392d54918'}]
41003,da5d7410-57e7-48ad-9853-f03392d54918,,,
41008,38e093ad-5741-4f01-bd2e-ce9c043252e3,,,[{'resourceId': '3d70d4db-59d2-438c-90eb-84c0280fd809'}]
41009,3d70d4db-59d2-438c-90eb-84c0280fd809,,,
41012,6a0eb9ee-22bf-40cd-8ba6-963998201983,,,
41013,49c8774e-ef75-404d-99fd-21458834ae65,,,
41016,3ab7f267-e888-41b1-88a6-9525e927a50f,,,
41018,5a85eb8b-37f5-4b3f-b3e6-44dc86a691f8,,,
41019,4eaa1628-2af3-4b7b-be0f-e63a17bb3289,,,[{'resourceId': '17be00b3-2a48-4088-a484-e1ec5414d8c2'}]
41020,17be00b3-2a48-4088-a484-e1ec5414d8c2,,,
41021,fee900a5-dd2b-4384-9f68-a0f28a7c2316,,,
41022,0c9f67e9-7c82-4de9-9c42-2e713e15257e,,,
41023,adafd166-e7ef-4b3b-b468-368183717dbd,,,
41024,77d78621-36cc-40ca-b199-928e9f4d52ac,,,
41025,2ebbefb5-be81-4182-b6a9-10a8cac9f814,,,
41026,a61ee3b8-4737-452c-baff-a179a3f415db,,,
41028,34ffa1e9-cf75-4c12-be11-a75753905229,,,[{'resourceId': 'c6146f2c-8fde-47f2-9775-596b8038f519'}]
41029,743ab262-016f-4c71-82b1-ae7ad9218d26,,,
41030,c6146f2c-8fde-47f2-9775-596b8038f519,,,
41033,c8ca6980-b166-478c-9c7e-039178648eb1,,,[{'resourceId': '2099a303-a3f6-40ff-9fb0-6c8dce305765'}]
41034,6aa1a414-34cf-4f1e-924b-66ef084ffb4c,,,[{'resourceId': 'bfede6af-aef2-4830-82d6-e36b0453592c'}]
41035,2099a303-a3f6-40ff-9fb0-6c8dce305765,,,
41037,d0bbe438-6a17-476a-9bc0-2d6d70bfb1f6,,,
41038,fcf618e4-2ed4-4243-81d9-6305c0a8745f,,,
41039,4ff5448d-1ad3-45af-ab72-c6899db7196e,,,
41040,1377–1419,,,
41041,9889cde2-e976-4cd4-87a7-297c48dcbb3b,,,[{'resourceId': '9a5de1a0-d566-4f1d-8cd3-f38384286a91'}]
41042,9a5de1a0-d566-4f1d-8cd3-f38384286a91,,,
41043,714ad34d-2244-49ef-938c-e5d3495bf17c,,,[{'resourceId': '521f0b13-e0b1-4df8-92f8-5ed5b39fd60e'}]
41044,521f0b13-e0b1-4df8-92f8-5ed5b39fd60e,,,
41045,648c5630-b60b-4a33-b388-e386fac05fa8,,,
41046,23a27ff7-1d1a-484f-9c26-1c829c507a31,,,[{'resourceId': '4e1c0c61-285b-4f5e-94b4-5911ac40e457'}]
41047,cc8fad6b-e26b-450b-b80c-e1561558f6cd,,,
41048,ba6281f4-add5-416f-b3ed-b4cf4c2baccd,,,
41049,038b33eb-4710-4bf7-86d1-7a4540885633,,,
41053,1424991d-de70-4e67-8099-39ca24799f1e,,,
41054,84651b6d-a43d-4f8e-bb03-f279b8d293ea,,,[{'resourceId': 'f5db9d2a-4eda-4874-b095-febe24100a92'}]
41056,f5db9d2a-4eda-4874-b095-febe24100a92,,,
41057,20c7562e-ddc6-4d4d-902a-f3e038b6d85e,,,
41058,9e2bca9a-c8b4-4e46-8ea5-83e20c754b97,,,
41059,7d4eecca-e2a0-4213-adf2-3ee26c122f11,,,[{'resourceId': 'f6d9af94-125f-4960-9b10-dd5b53549800'}]
41059,7d4eecca-e2a0-4213-adf2-3ee26c122f11,,,[{'resourceId': '0f70c654-339a-4f88-8b9c-cf585fc41abe'}]
41060,76071666-ad8f-4495-829a-266391a183af,,,
41065,0e24f1ee-13db-4618-a829-98ee499b8857,,,[{'resourceId': 'cbe4c6e0-431c-471a-a794-42b06304c699'}]
41066,9316b54b-c975-44f0-bbf6-3e7897bfee0d,,,
41069,932eb2e3-756c-4591-8684-4a5ece8314f9,,,
41070,ece5a405-b07f-45e2-8a66-21b9e5b2035c,,,[{'resourceId': 'c2a94e12-66e6-40ad-9a8f-8e1443d77f7f'}]
41071,fea0ba51-ab6c-42e6-9c38-0d3b362d093b,,,[{'resourceId': 'a17ba2f9-8b7d-4b9a-b741-78f303f8b36b'}]
41072,a17ba2f9-8b7d-4b9a-b741-78f303f8b36b,,,[{'resourceId': 'c5f3a22f-12d6-41da-9c26-e9012fcf25c0'}]
41073,6c034554-452a-40c3-9187-08fe6b3d9f88,,,[{'resourceId': 'e1751f83-eabb-4e23-bfd2-759ad6278e37'}]
41082,0e73d1be-2a05-4ca0-a244-284a0af6218d,,,[{'resourceId': '49511f5d-9100-4ad0-a6d1-4d957a602040'}]
41083,49511f5d-9100-4ad0-a6d1-4d957a602040,,,
41084,cc48a9c7-8159-452c-84cd-1537666f26c3,,,[{'resourceId': 'b415ee1a-5457-49e5-8df9-ee6cd5a2dec4'}]
41085,b415ee1a-5457-49e5-8df9-ee6cd5a2dec4,,,
41090,caa4bc55-15b4-4e55-8a29-21df49128367,,,
41093,4af90bde-f18c-431d-bc25-f7fe6b1900bd,,,
41094,956803f3-8637-411f-b78d-04bee772bc8c,,,[{'resourceId': '85c01911-03e1-4532-a375-6bfd38dc2c4d'}]
41095,85c01911-03e1-4532-a375-6bfd38dc2c4d,,,
41100,6d5367ac-e230-4729-a735-712c288da892,,,[{'resourceId': '6cdcf2b2-f438-4184-bad7-32c9c5007103'}]
41101,6cdcf2b2-f438-4184-bad7-32c9c5007103,,,
41102,e16c849f-90c2-4661-b39a-f78ea0f96afa,,,
41103,248492d4-85b8-415c-a5cb-e2945c51993a,,,[{'resourceId': 'b72399ae-7775-4556-9501-4c58b0b6c1ad'}]
41108,4a8f1ab6-ecad-47f8-84dc-3b50a7b2276d,,,[{'resourceId': '41218b85-c548-4d8f-b251-97e734eb50a7'}]
41113,49a72f50-252b-4937-a9ed-466777811294,,,
41114,56c10ef9-e489-46a5-b15e-8cb65f532751,,,[{'resourceId': 'ef39df8f-b037-4f86-a657-c0561bef1c14'}]
41115,b4d0ea66-51ca-42b2-9a7d-8d9a08666ce2,,,
41116,d4844fb5-1d93-4031-a2c7-5a0841184eb1,,,
41121,aca15d57-7f2a-40f8-8716-b6f52973c12a,,,
41122,4fbb4d2c-3f97-4124-bc3d-909f4afb6c0a,,,[{'resourceId': '9046199a-b7b9-4880-a593-4ff8c23b8c36'}]
41123,9046199a-b7b9-4880-a593-4ff8c23b8c36,,,
41125,f2f8b742-a452-4570-9d74-4040bbffb58b,,,[{'resourceId': '05451afe-0410-459e-81f5-ee5c92176d8e'}]
41126,2007f3b4-7b1d-4c84-bc9f-e324907e0c8c,,,[{'resourceId': '7d803c9f-f723-449f-9c6d-416cc0752001'}]
41132,f77c31c4-7c3f-4917-aabe-37b5f63413d9,,,[{'resourceId': '7f1bbbb5-e497-4d4f-9a5a-255f6fd621c0'}]
41133,7f1bbbb5-e497-4d4f-9a5a-255f6fd621c0,,,
41138,27f527db-91ab-4e1f-b9f4-000be67c3d6c,,,
41139,5283d66c-7143-4d5a-bd61-811b768bc4a8,,,
41140,6a415d1a-30a9-4382-aab5-bc45593a2b75,,,[{'resourceId': '27f527db-91ab-4e1f-b9f4-000be67c3d6c'}]
41142,e1b5d753-2460-46e7-9bbe-7a13a0b6115a,,,
41150,b0e188af-1884-45d4-9d33-91e65203062f,,,[{'resourceId': 'a2d975ae-4a55-4e7b-8ae3-80d73677756d'}]
41156,8dd00cd5-fd2e-490d-9159-3eb32855712f,,,
41157,7d820359-7632-4df6-bf1a-ba606096e10b,,,
41158,4fd104b0-d7b8-4fca-acc3-fe272e076adb,,,[{'resourceId': '7c1cce6a-93a8-476e-b3bf-9c01024e14b3'}]
41159,7c1cce6a-93a8-476e-b3bf-9c01024e14b3,,,
41162,2cb350a2-79a1-425a-80f3-688c936f946a,,,
41164,a4d23743-2847-4dc0-9834-398a308c911b,,,[{'resourceId': '325ab1b4-a561-4b29-8c9e-3c28ba148719'}]
41165,325ab1b4-a561-4b29-8c9e-3c28ba148719,,,
41166,acb39d28-2bf1-42db-ac81-44e2a592dad0,,,[{'resourceId': '937c6e2f-ce36-4a64-9f51-0c5dcabdca02'}]
41167,937c6e2f-ce36-4a64-9f51-0c5dcabdca02,,,
41168,5798f2ea-7fa2-47ff-8ebb-ccc55e056084,,,[{'resourceId': '6cfff2e8-af79-4633-9fe8-8065e5513c3b'}]
41169,6cfff2e8-af79-4633-9fe8-8065e5513c3b,,,
41174,52df9e7e-1cd5-4198-9280-bee185d6f6d4,,,
41175,d3d29611-5ed7-48fa-9dd9-675c304121dd,,,
41176,1439f9d5-fdb1-4cf3-bad0-dde978a00e4b,,,
41177,f787fb7b-8fcf-4de0-9d73-2c134a8bde9e,,,[{'resourceId': 'a22f26b8-d715-4c71-bb84-5775720dfb39'}]
41182,6c383084-b98c-4f6b-9836-5bae90d31424,,,[{'resourceId': 'df8b96cd-a389-4211-ad51-97af64157905'}]
41183,df8b96cd-a389-4211-ad51-97af64157905,,,
41184,e1f3c7fd-4207-4beb-b610-b1e49804571e,,,
41189,5fb68408-5b9d-4fef-9ad0-c719cb207dfb,,,[{'resourceId': 'b750a8fe-4e64-4d5e-8950-4f86b658858c'}]
41190,b750a8fe-4e64-4d5e-8950-4f86b658858c,,,
41191,f0eeeef4-b0f1-4b80-a370-1f1fe241e224,,,[{'resourceId': '6612d1e5-6557-4338-b55e-0078101d1d9c'}]
41192,6612d1e5-6557-4338-b55e-0078101d1d9c,,,
41195,cf60a287-6d99-4b5b-bc7d-c09c867ae38b,,,[{'resourceId': '1237a0f5-42bf-4aa2-8e29-4d3051fb1bc2'}]
41196,1237a0f5-42bf-4aa2-8e29-4d3051fb1bc2,,,
41197,c2f233eb-6465-44e3-944c-7076a987ec88,,,[{'resourceId': 'b49db3e8-fceb-4544-9574-443c11d29ea2'}]
41200,1f70b339-75e8-4b8c-b1e1-2132be8f7aa7,,,
41204,7a3807aa-e441-46ea-8de3-9e9282845403,,,[{'resourceId': '8d3b335c-6831-4854-bd97-f27bbcd557e6'}]
41214,b4d21282-49c3-49f6-87f7-9a119d62f428,,,[{'resourceId': '3a264aa5-f3c8-443f-94ce-f933ddcb5a9b'}]
41215,3a264aa5-f3c8-443f-94ce-f933ddcb5a9b,,,
41216,8ca0345f-8ea5-4b98-b07e-9b45e8a633af,,,[{'resourceId': '3bc9a25e-1efe-4e55-994e-073c40738577'}]
41217,3bc9a25e-1efe-4e55-994e-073c40738577,,,
41220,5f0f94f2-560e-4abe-87ee-243dbbbaa944,,,[{'resourceId': '5a40e713-79d2-41ad-b851-fc0df381db31'}]
41221,5a40e713-79d2-41ad-b851-fc0df381db31,,,
41222,33177dda-67d5-48ff-a179-477a7f8ea2a0,,,[{'resourceId': 'e282ef5c-c739-4666-bedd-bab57d693ec2'}]
41223,b4358dc9-fd99-4931-a790-f8ea4a25a434,,,
41224,24476c69-1729-4195-8baf-9392ea29a3dd,,,[{'resourceId': '061bf1ea-0f0a-41cb-86aa-e1cafb107fc5'}]
41225,061bf1ea-0f0a-41cb-86aa-e1cafb107fc5,,,
41226,578d5c9e-ad9b-436b-a558-5c9e85dafcca,,,[{'resourceId': '1701c96c-7142-4952-bcef-28d0a50e6451'}]
41227,1701c96c-7142-4952-bcef-28d0a50e6451,,,
41233,935e81ff-7d1f-4bd4-9d84-f717a37e8d74,,,[{'resourceId': '8c728611-72ea-4d04-991f-33ab0c3c8be4'}]
41234,8c728611-72ea-4d04-991f-33ab0c3c8be4,,,
41235,bd566c41-a9ae-4d91-bc3a-48e0901779b2,,,[{'resourceId': 'd95f9f24-a954-4925-82ff-f5adeaf41db9'}]
41236,bdaf5fd2-5ab6-4a75-9c62-136d8be126f0,,,[{'resourceId': '4d8cabb1-b2e6-4171-996e-924e3f2c42aa'}]
41237,4d8cabb1-b2e6-4171-996e-924e3f2c42aa,,,
41238,76d6b05e-6436-4aff-9bc5-1aee79c5ea09,,,[{'resourceId': '935e81ff-7d1f-4bd4-9d84-f717a37e8d74'}]
41238,76d6b05e-6436-4aff-9bc5-1aee79c5ea09,,,[{'resourceId': 'bd566c41-a9ae-4d91-bc3a-48e0901779b2'}]
41239,22c32712-61d9-46ad-a6b7-d487721f417e,,,
41240,4f264fa4-1b6f-4790-8906-e926573af5e4,,,[{'resourceId': '369c07cb-58a8-4e83-b3ce-04bd97a15213'}]
41241,369c07cb-58a8-4e83-b3ce-04bd97a15213,,,
41242,656be137-b2f6-4749-8fb3-ef80cb606697,,,[{'resourceId': '0d137d71-1db3-4d84-922b-5e62a43c3ba0'}]
41243,0d137d71-1db3-4d84-922b-5e62a43c3ba0,,,
41245,e3702230-5c07-492f-8eae-b390279ec1c7,,,[{'resourceId': 'e47b419c-6e86-4ea1-8e20-6054337ffe48'}]
41246,e47b419c-6e86-4ea1-8e20-6054337ffe48,,,
41247,91b31655-1e4d-4e7e-8786-9b261625f337,,,[{'resourceId': 'd5bf707f-7a77-4fcd-8a29-c766a0138578'}]
41248,d5bf707f-7a77-4fcd-8a29-c766a0138578,,,
41253,3c89a822-470d-4452-8e32-cdfd4c0c911f,,,
41254,997f6e8c-bc1e-4312-9866-8e54dc03a24c,,,[{'resourceId': '8da3ed69-5e40-433d-8654-60be2190cd11'}]
41255,8da3ed69-5e40-433d-8654-60be2190cd11,,,
41261,d7752ea9-4ed1-481f-b144-2908d44715d6,,,[{'resourceId': '84bc9b1c-e485-40ac-a020-bcecf08dcd24'}]
41262,84bc9b1c-e485-40ac-a020-bcecf08dcd24,,,
41264,74649dc9-324b-4262-b231-338edf3639bb,,,[{'resourceId': '9188d746-fb78-4648-adf5-87d8d1d58970'}]
41265,9188d746-fb78-4648-adf5-87d8d1d58970,,,
41270,15f40207-22de-48ff-a0d6-d67c40c919dd,,,
41271,c2067b5e-26fa-460d-86b3-02d256e85b21,,,[{'resourceId': '3cde49d3-d4fb-4bab-8c1b-bc943e1089b6'}]
41272,3cde49d3-d4fb-4bab-8c1b-bc943e1089b6,,,
41273,8d8fff97-8d66-4b19-a399-dfb425ca0acf,,,[{'resourceId': '6ba82136-d81a-4cc2-90d2-c2b86739fdcf'}]
41274,6ba82136-d81a-4cc2-90d2-c2b86739fdcf,,,
41279,4e51e947-a8ac-4614-a420-5c7b1053f20f,,,[{'resourceId': 'a454ffe7-a052-4d24-aa90-f347311ea9d7'}]
41284,859937b6-54a6-4842-bc38-7622dda2ccce,,,
41285,a92587c1-aab5-41a1-9580-0ab00bbc58dc,,,
41286,8fcbf219-8682-48ee-8593-61fbcaec0234,,,[{'resourceId': 'adcfb07a-7239-40e8-933b-6c670d6ac53d'}]
41287,adcfb07a-7239-40e8-933b-6c670d6ac53d,,,
41288,aeacfe11-9514-4ef0-bad7-8a49bb62885e,,,[{'resourceId': 'd4b49667-4ae9-49ba-b09d-89c8a7b5d91a'}]
41293,d4b49667-4ae9-49ba-b09d-89c8a7b5d91a,,,
41294,9db275d0-d3a2-4580-a76b-fc22e9ea21f8,,,
41295,c98e2037-9e82-4c8f-916f-40fc55aa9b9a,,,
41298,475cff0b-9009-4751-8dac-8a4729e2237f,,,
41299,4816ed1f-0729-4858-bf44-faffcb25592f,,,[{'resourceId': '753e2c61-9157-487b-94de-9842dd82819d'}]
41300,e4988e96-76be-4b63-b4fa-aa130a282505,,,[{'resourceId': '3283e5a4-88d5-42f6-a2e8-d0699c20d410'}]
41308,18f0dec8-feb6-4515-bad8-ac9c65906c7c,,,
41309,b2e0a3d5-522f-4d7e-9043-69781b71815c,,,[{'resourceId': '90e2ef47-6a2e-4536-a5dd-3a52aee227ec'}]
41310,90e2ef47-6a2e-4536-a5dd-3a52aee227ec,,,
41311,b2815b9f-7158-4658-9605-adcd0f38e7ca,,,[{'resourceId': 'a4fd57b0-c7e3-4909-bd81-e96ac21c7f55'}]
41315,5cb191ca-6fb9-48e8-bc69-a19f87fa3c12,,,[{'resourceId': '2c5d1904-d488-4485-b490-7b0004478a8e'}]
41316,2c5d1904-d488-4485-b490-7b0004478a8e,,,
41317,49cd648d-af3b-4d67-8b1f-6f057db3ba26,,,
41318,aa8c4c26-dc5f-42c5-95a1-0d2d13e3af02,,,
41319,4108c736-347c-4b0f-9e2e-d24ba2a37f40,,,[{'resourceId': '879fa256-083d-4be2-a984-be1562cc0448'}]
41320,879fa256-083d-4be2-a984-be1562cc0448,,,
41323,068914e1-6d0f-461d-bcab-0fd8725f6962,,,
41325,119c2246-4ff2-4822-9a13-610ff6116263,,,[{'resourceId': '9c219ec5-8cc9-4adf-af37-a07ab546c28b'}]
41326,9c219ec5-8cc9-4adf-af37-a07ab546c28b,,,
41327,9b69b3b1-36ed-4ff2-8406-760c8fa52f71,,,[{'resourceId': '2e59b32c-04d8-4547-82a4-9f295662b056'}]
41328,2e59b32c-04d8-4547-82a4-9f295662b056,,,
41333,a86b7023-debb-46f4-b16b-904b03801336,,,[{'resourceId': '6cfff2e8-af79-4633-9fe8-8065e5513c3b'}]
41336,a123a610-3b9e-4d76-bed7-7d76f3fea3e4,,,
41337,ad143beb-6bc6-4dbd-94ba-1072955e15fe,,,[{'resourceId': '26601a37-7bbe-4e12-bc5d-8c5e4c7a9634'}]
41338,77004666-de1d-4d47-a10b-44072d732a31,,,[{'resourceId': 'd140d50f-9af4-41ab-80d7-23c96e06361c'}]
41339,d140d50f-9af4-41ab-80d7-23c96e06361c,,,
41343,31b462ab-fa92-498d-add0-145c209e74ed,,,[{'resourceId': '46368372-37e8-4989-9a97-43fa09a8de10'}]
41344,46368372-37e8-4989-9a97-43fa09a8de10,,,
41345,b84114b4-02bb-4b9e-93a8-901f5f0a436b,,,[{'resourceId': 'd132510c-23fa-4316-a132-4acbc66696ee'}]
41346,d132510c-23fa-4316-a132-4acbc66696ee,,,
41349,cf540928-738a-4ad8-8e23-f91d0ad9c1bf,,,
41350,b4085f23-f8d8-4089-84b7-88daae927865,,,[{'resourceId': 'da0bd8de-678b-4bb2-9427-70228ee0cfbc'}]
41351,da0bd8de-678b-4bb2-9427-70228ee0cfbc,,,[{'resourceId': 'ddb627d1-3d0c-4df8-bdd4-56e418a06665'}]
41357,ec3c852b-ef6d-473a-a3aa-2321d2289a52,,,[{'resourceId': 'f916d3c3-d1cc-4029-84d4-dc3123d2bf37'}]
41358,f916d3c3-d1cc-4029-84d4-dc3123d2bf37,,,
41359,cf9210fa-e9c2-401a-8534-f7d6599f499b,,,[{'resourceId': '753e8caf-fdf3-4a07-bccf-577eb1d0ebda'}]
41360,1a317901-b718-4a35-abe2-0f5f64eb2888,,,
41361,d446fd6a-d200-46c7-848d-e1b1d51c1cfe,,,
41362,08ca6a96-d664-49e1-aae5-36d5e0210826,,,
41365,17119547-4960-4cf5-84aa-b1c040413bd2,,,[{'resourceId': '9196f024-d3c0-4478-adc0-290723df4331'}]
41366,9196f024-d3c0-4478-adc0-290723df4331,,,
41367,47328190-901c-4ea2-a95f-0ae2bdd261cb,,,[{'resourceId': 'e2358dd3-8206-4f44-b878-3feccdc9c502'}]
41368,e2358dd3-8206-4f44-b878-3feccdc9c502,,,
41369,25e149fb-2812-4d09-a374-39935010556b,,,[{'resourceId': '6220238c-8154-4869-8ea3-0fe1b4018ec9'}]
41370,6220238c-8154-4869-8ea3-0fe1b4018ec9,,,
41371,2726b258-898a-49dd-8c90-a924a88b45a5,,,[{'resourceId': '324173a9-f596-4379-9309-3cfb0ab23a81'}]
41372,324173a9-f596-4379-9309-3cfb0ab23a81,,,
41373,e9859f6c-d743-4ac5-980a-06334a82f01b,,,
41378,50e4d78b-2c28-46dc-bdb4-ae9111f6129b,,,
41381,acdcf450-898e-4bbc-8931-39c00ee73d5f,,,[{'resourceId': '14f1a64e-c720-4cd3-83e5-3e9f7f8b4f36'}]
41384,3969e296-740e-409a-9c07-72cb698a09f8,,,
41385,bafa60d1-940e-4d2c-bee7-f7c01d577901,,,
41386,8e30e1b4-1d0f-4e63-9258-819163c7ac0f,,,
41387,f96de8ce-6dc0-49b5-a319-497604bc0807,,,[{'resourceId': '8c9960cd-9670-406c-b8ba-c4e4c7096a56'}]
41388,8c9960cd-9670-406c-b8ba-c4e4c7096a56,,,
41393,288b8d88-222a-4b81-b52d-3c19fe528a5f,,,
41394,4e3eea0f-9a7e-4c8e-8bda-a09c8b8f4f87,,,
41395,ddba4fb0-1fa4-4d2f-af18-8bb5489020fb,,,[{'resourceId': 'b26734bc-81fe-4ab8-8ea5-548fa509cac5'}]
41396,9686b919-89f7-4288-8efa-eb7ad6c07149,,,[{'resourceId': '433b82fc-dd15-4147-a507-46d478dc8bb8'}]
41397,433b82fc-dd15-4147-a507-46d478dc8bb8,,,
41402,d2195961-b0b9-4411-979c-9ef8aefdfd14,,,[{'resourceId': '50c89ed8-a852-4fb8-a071-d8a8d5e80a55'}]
41403,edb1ced4-890d-4fa9-a8a2-da9cb8b59e96,,,
41404,08123839-2772-4a6c-9756-78a02adcb64b,,,[{'resourceId': 'edb1ced4-890d-4fa9-a8a2-da9cb8b59e96'}]
41405,b1d20e77-a3fe-44a8-a0eb-bf17ddcbeb59,,,
41406,d5218401-87cf-4794-adfc-3a152d72123e,,,[{'resourceId': '499aed7a-74e7-4576-a3e0-af377457c833'}]
41407,022cd696-4ca5-4edc-9e4b-909f74e1ef52,,,[{'resourceId': '81a32784-a565-42de-ba25-ff385f4706dc'}]
41408,50c89ed8-a852-4fb8-a071-d8a8d5e80a55,,,[{'resourceId': '32b0cded-aefb-4853-851b-d726caee98b6'}]
41409,81a32784-a565-42de-ba25-ff385f4706dc,,,
41410,32b0cded-aefb-4853-851b-d726caee98b6,,,
41411,499aed7a-74e7-4576-a3e0-af377457c833,,,
41414,f21accc7-b5aa-43c3-8a6f-e5ca1dd1a98a,,,[{'resourceId': 'be811cf6-7d90-4701-9dbe-adbc20eafc79'}]
41415,5a454587-80f3-43ff-ac04-4c9baa5c6824,,,[{'resourceId': '5bad79fc-0b5b-4627-b9e3-ddc3f1de8682'}]
41416,5bad79fc-0b5b-4627-b9e3-ddc3f1de8682,,,
41421,2fccffeb-8172-452e-ba1b-e4daa0c3bdad,,,
41423,682ba99b-3f88-4996-887b-d1481669f4dd,,,
41426,c39a8d11-70e4-4adf-be87-c3f3035b5150,,,
41427,597e7646-9fb8-4dc3-9abd-f1607bcd0b98,,,[{'resourceId': 'f2e19259-3580-4fe9-8d55-1d7fa64b3a9a'}]
41428,f2e19259-3580-4fe9-8d55-1d7fa64b3a9a,,,
41429,5b6bf024-6606-4a38-8f70-63d9f9e09195,,,
41432,b7b1793e-a7e3-4614-a3fd-ce7252acf628,,,[{'resourceId': '41218b85-c548-4d8f-b251-97e734eb50a7'}]
41438,10ab5951-fcae-4177-83e6-f6e05ebf4917,,,
41439,0d4d7ecd-3814-471e-826c-6db5a08152e7,,,[{'resourceId': '2b3f36da-f2bf-41a5-87e5-0510683045d3'}]
41440,66abe824-cff9-477d-98a4-808baba19555,,,[{'resourceId': '5e1b3026-c28b-446f-a33b-f45a5d2e22ac'}]
41445,df622be4-cec8-464a-9ee9-badabce72abd,,,[{'resourceId': '47e5065c-c6a2-4920-81be-4e1979788aff'}]
41446,dce075ed-aa38-473a-a258-b3566fa01576,,,[{'resourceId': '4d108f32-556f-4c15-96eb-f26c300a1b6e'}]
41446,dce075ed-aa38-473a-a258-b3566fa01576,,,[{'resourceId': 'df622be4-cec8-464a-9ee9-badabce72abd'}]
41447,4bc3f906-060e-4380-b00a-56ecc230b577,,,[{'resourceId': '90bc433f-4850-4d26-b016-bf0454e7a99e'}]
41447,4bc3f906-060e-4380-b00a-56ecc230b577,,,[{'resourceId': 'ab578c93-246e-43ac-b399-cc3b5c33e574'}]
41448,90bc433f-4850-4d26-b016-bf0454e7a99e,,,[{'resourceId': '053a6140-ed94-412a-9296-25d6dcb6651f'}]
41449,dc10a703-265d-458f-bb64-31550c27c45d,,,[{'resourceId': 'b80c502b-72ec-4544-a7ab-aad42e91a73a'}]
41449,dc10a703-265d-458f-bb64-31550c27c45d,,,[{'resourceId': '003832cd-591f-41ee-b42b-a982e61e8d29'}]
41450,245c6fe1-ac1f-4148-af8c-8f263394e341,,,
41452,77daf7e6-2814-4cef-acf0-e420f907e5fa,,,[{'resourceId': '2372ebe6-2e1d-4b75-9a45-9d1f475d0eab'}]
41453,2372ebe6-2e1d-4b75-9a45-9d1f475d0eab,,,
41455,13105b0a-846f-459d-98a3-2b9b94fe43bc,,,
41456,c0d51403-d500-4648-b47b-3eccefeb3319,,,[{'resourceId': 'c42d1544-0a06-44f7-b812-23cbe7d20667'}]
41458,faae395c-517c-4eb6-ba45-3c51c481e110,,,[{'resourceId': '619dfb55-24b4-4fcd-971c-0004f4cea19b'}]
41459,619dfb55-24b4-4fcd-971c-0004f4cea19b,,,
41460,2ea6be2b-7958-4cf1-9ea7-79b601335023,,,[{'resourceId': '10bad009-cfb8-4639-96d9-c6394e75e65d'}]
41462,10bad009-cfb8-4639-96d9-c6394e75e65d,,,
41466,eef79270-457c-4439-8e8c-3244424b1df1,,,
41469,0334804a-a786-4b8d-998f-a5eb84104272,,,
41470,ebe04e88-f345-4a9e-a7b2-6f9d3f4ef49f,,,[{'resourceId': '97354a90-8024-4924-ba3c-f5cbaff97612'}]
41474,03c217f3-4915-48e7-853b-3819bc806012,,,[{'resourceId': 'b60ef4b1-cbbf-4683-ad47-d917af7be6cf'}]
41475,b60ef4b1-cbbf-4683-ad47-d917af7be6cf,,,
41477,bc2faca0-c62f-40b5-a4b3-37f111777360,,,[{'resourceId': 'eb9fe18b-05b0-4320-b390-de5c88a5f530'}]
41478,eb9fe18b-05b0-4320-b390-de5c88a5f530,,,
41483,0be793b0-57ef-4eb2-a09a-94c1898a8bd7,,,[{'resourceId': '7de4cfc7-0ef3-45e8-87a9-3ffde6b73969'}]
41484,a3a8b461-eabe-4723-98df-003cc4cc54d3,,,[{'resourceId': '7de4cfc7-0ef3-45e8-87a9-3ffde6b73969'}]
41485,1498ac0c-7d31-40b7-b90f-877f686f0dce,,,[{'resourceId': '7de4cfc7-0ef3-45e8-87a9-3ffde6b73969'}]
41486,7de4cfc7-0ef3-45e8-87a9-3ffde6b73969,,,
41488,1769641c-509b-495d-b421-173882318f7c,,,[{'resourceId': '2886f5e5-87ec-4902-bdc4-5ca666d75a89'}]
41489,425c80b3-c6b0-452d-bebe-c433bcfb704f,,,
41490,b7243cf9-dd85-4480-a849-dc43a9bbd18b,,,[{'resourceId': '3a417af9-3957-4cdc-a9b3-4cbc236d3360'}]
41491,3a417af9-3957-4cdc-a9b3-4cbc236d3360,,,
41492,f6b1ddfe-6ac4-4388-a0d6-ccb65a8a2ebf,,,
41493,0bc07c55-f638-40f1-98d1-31403de4ea51,,,
41494,0225c2bb-8a2d-45f9-acf6-29f1161e1b6f,,,
41503,25d10121-4028-4ef3-9286-6f16911c890d,,,[{'resourceId': '7e84c186-9a81-427d-82a4-5d2107b3c3c3'}]
41503,25d10121-4028-4ef3-9286-6f16911c890d,,,[{'resourceId': 'd4675203-5d5a-462c-ba7a-37b21c71d525'}]
41506,5421da97-55bc-463c-a212-af56439cbc88,,,[{'resourceId': '9ffc303f-be76-469d-ba36-62820dbd2f8b'}]
41507,9ffc303f-be76-469d-ba36-62820dbd2f8b,,,
41508,7e126c40-951e-4389-9792-809cd1088842,,,[{'resourceId': 'a81498c8-f041-49e8-915d-eb2788cad09a'}]
41509,a81498c8-f041-49e8-915d-eb2788cad09a,,,
41515,32945f52-3272-4974-949c-e69dd61c39ad,,,
41516,87ebb7ec-7b14-48bb-aaf5-d5c2597eb8ed,,,[{'resourceId': '97f110e1-e6b7-4f2f-812e-f72102d0a620'}]
41517,97f110e1-e6b7-4f2f-812e-f72102d0a620,,,
41518,61fdd208-30fc-4347-a3ca-5bf7125fa1ac,,,[{'resourceId': '8b4fcac6-dbea-4144-922f-d5dfe16bdd96'}]
41519,8b4fcac6-dbea-4144-922f-d5dfe16bdd96,,,
41520,c1df1b4e-7a3f-49e6-a7ab-dbc0e3b25e70,,,
41522,7bdf092c-3780-4c53-bb96-0ebc5f087136,,,[{'resourceId': 'd1af40e7-c4ec-4674-a2d1-f3a9008dbb7e'}]
41523,d1af40e7-c4ec-4674-a2d1-f3a9008dbb7e,,,
41524,dfc2262a-9b2a-4b6a-9de7-7a1e136dea0c,,,[{'resourceId': '470ec411-000f-4a1a-a163-9d3bd5fd8e2a'}]
41525,7b1e4ffb-3917-42c1-96ff-678a263be91e,,,[{'resourceId': '4faff563-452a-41b3-b301-48a0300091eb'}]
41528,4faff563-452a-41b3-b301-48a0300091eb,,,
41529,ede3ed45-a951-48bc-9f94-04fd0774fd83,,,
41531,23f7ac54-7248-4e16-b1e2-a49bc678af74,,,
41534,0899251b-c204-4245-9680-c9552c5d18a9,,,
41539,9ce1b1c9-ee89-43ce-85ad-87ad37c35f09,,,[{'resourceId': 'ad9304c4-48d9-4718-a781-6db67bd58653'}]
41540,ad9304c4-48d9-4718-a781-6db67bd58653,,,
41541,004980de-1fb2-46bb-8cde-9ff39994c19d,,,[{'resourceId': '00c7aead-722c-4bf8-9227-d562490b3b3e'}]
41542,00c7aead-722c-4bf8-9227-d562490b3b3e,,,
41545,78704ab1-b793-4ed9-9e1e-fa7ba56fdb89,,,
41546,616fc6f3-82ac-4148-83e0-5978f8ea98cf,,,
41547,72827f05-1992-4e4a-b3f4-af82d5e293a3,,,
41548,1d5a3d0e-0107-463f-916f-c5326de76fd0,,,
41549,875457de-a0e9-4899-97f7-dd3d635d3ae7,,,[{'resourceId': '3fa2c950-84d4-4c6c-a63c-23d6661c0ab5'}]
41550,5c96f83f-10c7-456b-a225-f548faefe66c,,,[{'resourceId': '8734c074-ac62-4907-a07b-25fe8a07e0a4'}]
41551,f4ba865b-5f3f-4e96-a049-05b5e3c2d7f0,,,
41552,5583e852-54f3-455b-b405-01b45c8f5182,,,
41553,ec866d7f-e3cb-416d-8371-a072e1e6be27,,,
41554,3da6e5f7-5a0d-44b3-90f8-d1fec027505f,,,
41555,f38d1ba8-7bce-4922-949e-841b3ee1e512,,,
41556,691dabcd-2038-4741-9936-d2a11c346e6a,,,
41557,eb4054ac-5aaf-466a-887a-65310dca3380,,,
41558,9003a302-8948-4e7a-ae94-3a19eef7c82c,,,
41559,a0f0ea7f-8c15-4fe8-89be-7faf9043476b,,,
41560,f454e3e1-af24-412a-972f-ec9f905b7123,,,
41561,968476ba-a72a-4f77-ae13-a30edb4e455d,,,
41562,3c835cc6-852f-4385-88d4-75583db10fcb,,,
41563,3d24fa45-9772-4d0b-b602-f62d5de2ab71,,,
41564,3b257004-87cb-4fc0-bdcc-f32ebd9a4d15,,,
41565,1c15ca55-d50e-4038-b7e7-4b6a1fc4e4ce,,,
41566,763c7813-b056-45d3-9637-c09258861597,,,
41567,7c15b532-2fcd-4a91-b96d-13062c5679fc,,,
41568,c858ed63-3818-4fdc-864b-5d0c27544a1f,,,
41569,a9802465-11a9-41bd-9499-87d3d2f437e8,,,
41570,bdec305f-17fa-463e-ad5e-62c7099191c9,,,[{'resourceId': '763c7813-b056-45d3-9637-c09258861597'}]
41571,b7ad370d-379d-48ff-bd8a-21a69a3d5c37,,,
41572,1b6181a6-bb69-47e0-a20e-66f6eb8c5386,,,
41574,2e3b184b-ebc6-4552-9dc9-2e951ed94aac,,,
41575,212f9c47-3d78-4eba-9498-3fed5276cd54,,,
41576,58d823c9-a569-4801-abf5-6ed04bc02a7d,,,
41577,93084aea-1d36-4fa3-baee-6b8e2a0c2638,,,
41578,c03bab96-694b-488e-bbb5-04be8ba07921,,,[{'resourceId': 'd79b1e73-c2d5-4168-ba04-831e7c1a64fc'}]
41579,d79b1e73-c2d5-4168-ba04-831e7c1a64fc,,,
41582,45321831-194a-413d-bd77-ee81c69e6974,,,
41583,9bba890a-cbbe-46a8-943f-9b152cfc21f9,,,[{'resourceId': 'dda04bf4-b8e2-4cf0-b1ec-fe24b502b7b6'}]
41584,dda04bf4-b8e2-4cf0-b1ec-fe24b502b7b6,,,
41585,4c1b69d1-ddfe-410b-a6c2-9adb728add94,,,
41586,3a46d5b7-2f3f-42fd-9874-7fa905daae9c,,,[{'resourceId': '39f167e1-cded-4dfc-8851-f213a767c40a'}]
41587,39f167e1-cded-4dfc-8851-f213a767c40a,,,
41590,3c3fb2d6-7da7-4c3e-b759-bc06b9d86607,,,
41591,8444388e-535d-417f-bea3-c93b820daacc,,,
41592,4eab9495-bb8b-4800-a0a2-b7940de91454,,,
41593,a4a49761-ccc9-489e-8e6b-355301e179f0,,,
41595,d10871d9-1396-4087-973f-75827cd70e00,,,
41596,ded8d08a-8b09-4ef5-8c88-db768bb732d3,,,[{'resourceId': '5464b337-262d-4f74-914d-5007283a6918'}]
41597,5464b337-262d-4f74-914d-5007283a6918,,,
41598,ce2a3237-72ba-4405-8a16-841936b3e7b5,,,
41599,8b5b4819-f8e9-4e0b-aec8-b3100e8b22b1,,,[{'resourceId': 'b52ced45-bbab-4474-a8d8-552c129b48e4'}]
41600,b52ced45-bbab-4474-a8d8-552c129b48e4,,,
41601,ae0865a0-5c59-41eb-afdd-63cc1f22b8e9,,,[{'resourceId': '07134038-b05d-43ac-9e31-1b88f22f2034'}]
41602,07134038-b05d-43ac-9e31-1b88f22f2034,,,
41604,1042445b-8792-4773-beb6-0db754935e13,,,
41605,a9d97dd1-0457-43dc-9bd6-16b4ae4fbcdd,,,
41607,37ce2f60-1b8d-4680-b268-fd71cace1145,,,
41608,76c31b52-6bd1-4379-b4d3-a269582cd222,,,[{'resourceId': '6d0c88f8-d1a4-41bf-b14a-ddfc169fe614'}]
41609,86bd4f75-bc11-49d1-87f0-93de08bea913,,,
41610,be30371d-ad83-4444-b65c-cd59eb8c2c0b,,,
41611,b711ef2d-0c98-4dfa-b685-5ee6d7e19c74,,,[{'resourceId': '3bcba308-2814-48c0-9bd6-fb2cedd3c37e'}]
41612,3bcba308-2814-48c0-9bd6-fb2cedd3c37e,,,
41613,4786a497-34d1-4001-bf08-7b84f7a42442,,,[{'resourceId': '4171db7f-f5d1-4759-9415-71433aac5237'}]
41614,4171db7f-f5d1-4759-9415-71433aac5237,,,
41615,e9334e0e-07a0-4786-b787-4056cf102ce5,,,
41617,f6362583-dd0b-47a3-a260-0981e0f8b295,,,
41618,64a61db6-641f-4e6d-a8f6-077d751b7333,,,
41620,29de05e8-31e0-40f7-a468-5ab35eaaf39a,,,
41621,022059ef-97a8-4c64-a1aa-01db1e4997f3,,,
41622,8a5759ef-ad73-4ff4-823e-ca05a7c63007,,,
41623,0e87301a-f090-41c1-a9fa-7d5012d72aa7,,,[{'resourceId': 'df4d0ce7-5966-4c36-8bb0-7b3287f9249e'}]
41624,df4d0ce7-5966-4c36-8bb0-7b3287f9249e,,,
41625,a85183a0-7a34-4fc2-8c14-4e9304786b36,,,
41626,8e048bb4-c7bd-4a68-9603-c3b255465c20,,,
41629,4bb3f9cb-564b-4669-b74c-eef112ed2cf6,,,
41630,2cfc2948-1a01-4606-8099-c31b2e0ece89,,,[{'resourceId': '4bb3f9cb-564b-4669-b74c-eef112ed2cf6'}]
41631,47725a1d-0511-4fd2-bec4-433e5f650b99,,,[{'resourceId': 'e87c410a-c5c4-4ecc-bace-ac5d029ea506'}]
41632,e87c410a-c5c4-4ecc-bace-ac5d029ea506,,,
41633,d67dd4de-5cbf-4a46-a848-bb33c1f5090d,,,
41634,45d0f6b0-a88e-4ae6-bcd9-fe5cda60a8cb,,,[{'resourceId': '7f6d009e-c6a6-42aa-bf6f-a686e96d6f6f'}]
41635,7f6d009e-c6a6-42aa-bf6f-a686e96d6f6f,,,
41636,4519f853-c754-4db5-b81e-737628a77cc8,,,
41637,1d1b9980-6caf-4927-a7f2-c4acf6dc2f10,,,
41638,d705452e-7730-4630-a34b-219fe13c8bca,,,[{'resourceId': '4519f853-c754-4db5-b81e-737628a77cc8'}]
41638,d705452e-7730-4630-a34b-219fe13c8bca,,,[{'resourceId': '1d1b9980-6caf-4927-a7f2-c4acf6dc2f10'}]
41640,2fb79403-4a6b-4af5-b9e8-6782be5c7a73,,,
41641,6e7a2374-0d0c-4ad8-909a-f2e8012b63e0,,,
41642,71785ac2-9d89-42de-9c9d-dfbac4f51229,,,
41645,7d803c9f-f723-449f-9c6d-416cc0752001,,,
41646,8bf7caad-2707-4097-a199-3c30ad873e79,,,
41647,c60af5b1-1300-4994-9beb-5ed7d3b7432c,,,[{'resourceId': '8bdf67f8-4a0d-4202-93a8-6ea63911fef8'}]
41650,3dabed53-cb2f-4e62-a441-94dc1946bc00,,,
41651,14a0ef37-e171-4078-a3bf-1542b9fc07cd,,,
41652,a54521e7-5783-4e62-901a-79f311b2fc61,,,
41653,f95547ae-4984-46f8-83bf-6c678fc31e54,,,
41654,acd29bf5-7ddf-4d0a-97b3-91e57760dbad,,,
41655,fb43e3ee-9f85-4550-a8f2-5edbd3f059a8,,,
41659,ca4fcda2-23d1-4ae8-b51f-2cb40213320e,,,
41660,e3b4ceef-50e4-499a-be67-ecf3002ede46,,,
41663,064c116d-14a1-4da4-9156-46e85f70f410,,,[{'resourceId': 'e1b31262-e9e9-409d-a5dd-4042292c0fa2'}]
41664,e1b31262-e9e9-409d-a5dd-4042292c0fa2,,,
41667,3b4c3291-da02-4f96-84bf-d5cd0caa2e88,,,
41668,e67166b9-5e94-4c78-91e4-0d7f46bb70b4,,,[{'resourceId': '3b4c3291-da02-4f96-84bf-d5cd0caa2e88'}]
41670,581fdc0e-4fb1-425c-9eec-ae951f2bcc2c,,,[{'resourceId': '3dc079e7-80fc-429e-be77-c26bf87741cb'}]
41671,3dc079e7-80fc-429e-be77-c26bf87741cb,,,
41674,813edb35-746d-4da9-b6c2-26080e07aa71,,,
41675,0f803a3e-4c2c-4fbb-9bba-9ec00be31f04,,,[{'resourceId': '39f167e1-cded-4dfc-8851-f213a767c40a'}]
41677,651f45dc-f33c-46a2-b2b1-d43dd7c001f6,,,
41678,e30b084e-1155-43e9-bf10-784fb8e1ca32,,,[{'resourceId': '651f45dc-f33c-46a2-b2b1-d43dd7c001f6'}]
41681,7cd06ca4-40fd-46fc-b59d-18c5a26b4bc1,,,
41682,e7e1a232-fb9a-481b-b677-cc5f9f010f8a,,,
41683,d212287f-4451-44c6-a93e-21f279078793,,,
41685,bdf17862-d74c-490d-9061-74f96097fe7b,,,[{'resourceId': '70be74c9-fb81-4bc8-9ec3-b337199a8198'}]
41686,70be74c9-fb81-4bc8-9ec3-b337199a8198,,,
41687,753c32c1-54c8-4ff2-bb17-2497337f17d3,,,[{'resourceId': '39985bdf-e545-4c87-bd10-4955d0eac878'}]
41688,39985bdf-e545-4c87-bd10-4955d0eac878,,,
41690,873572d9-bb1d-4fb5-b46e-6782dec2f028,,,
41691,bf6fb349-5e09-4b86-9f51-a505c9dbbf62,,,
41692,cb4ee83b-6ee1-4101-b618-d22065405b54,,,
41693,b6a95f67-dcdb-462b-881b-67489b3f225e,,,[{'resourceId': 'be5f6cab-f824-4d00-925f-8b1bb8648448'}]
41694,be5f6cab-f824-4d00-925f-8b1bb8648448,,,
41695,bfede6af-aef2-4830-82d6-e36b0453592c,,,
41697,01f9f4d0-9504-4588-bfac-0a0ca2c1f930,,,
41698,ba73aec8-d7da-442a-aa0d-f38cbff3f4b4,,,
41700,fb87eac7-77c1-429d-a904-d0f3a05ce52e,,,
41701,ef50dffb-cbaf-4d3f-8674-33a858e5be34,,,[{'resourceId': 'fb87eac7-77c1-429d-a904-d0f3a05ce52e'}]
41702,ef98d850-3bb4-477c-872d-8e0ba1a77599,,,
41703,0a79917d-96f1-4343-a847-9716ea004002,,,
41704,67196374-f1d8-4fc5-878d-bbccca3988cf,,,
41706,1146c423-5dd8-4370-ac1a-057aa27fbaff,,,
41709,64854c2b-2bdd-45c3-a797-a0cab081d0d2,,,
41713,09c5d72c-395c-40f7-9933-02c0a0c2c8bb,,,
41716,eb10ad5a-d2a6-4430-9d14-d495c873ae7e,,,[{'resourceId': '121c16ea-2e3a-4fcb-b574-807b071ee179'}]
41717,121c16ea-2e3a-4fcb-b574-807b071ee179,,,
41718,9fc95d3f-8875-4842-989e-04e3afde84ef,,,
41719,f39180ce-47e9-4e80-8da3-978190ca4c72,,,[{'resourceId': '057edeb5-7498-44d1-af04-21e3677183e0'}]
41720,057edeb5-7498-44d1-af04-21e3677183e0,,,
41721,41b68248-fdc6-47e3-880f-d9c6a70cde04,,,[{'resourceId': 'abe197cb-4b60-46b1-9b83-0362f054b969'}]
41722,2d24f014-5a05-40d1-9f25-0ff30bf0d923,,,
41723,8c43ebad-838e-4805-9fd4-89a99cc799f3,,,[{'resourceId': '42013791-3b33-439a-ade0-62dae0467c80'}]
41724,42013791-3b33-439a-ade0-62dae0467c80,,,
41725,cc4aa43c-c228-413c-9ceb-bcdbe4996ba8,,,
41729,500b6be1-078d-43f2-b291-f364ee952777,,,
41737,61653d93-6011-4ba9-820e-f43a7416dc00,,,[{'resourceId': '0ca04185-704c-4d67-a8a8-af6533edf88a'}]
41738,0ca04185-704c-4d67-a8a8-af6533edf88a,,,
41739,c5da87ae-9bc7-4386-97f7-99007606dc4e,,,
41740,5db2fb28-133c-48e9-85c9-3179628128b2,,,[{'resourceId': '6415df82-3208-4b32-81c5-e3324dd0ed04'}]
41740,5db2fb28-133c-48e9-85c9-3179628128b2,,,[{'resourceId': 'a9ca5f5e-d51b-465d-8cda-d96e6a738dd5'}]
41741,2500cfc1-bfc5-4268-be0a-1efd3869e76f,,,[{'resourceId': '3bca4d3d-343a-4f7f-9f7f-ddd42c28068f'}]
41742,3bca4d3d-343a-4f7f-9f7f-ddd42c28068f,,,
41743,4f02f3a9-8431-49d8-8412-2403c12dd097,,,
41744,2bc0f4a9-d894-4c73-a2c7-cb0238e6337e,,,[{'resourceId': '6cbf427a-c711-4350-aedc-ff6270e82574'}]
41745,6cbf427a-c711-4350-aedc-ff6270e82574,,,
41746,44f136d8-3b34-4855-8d5f-f3fe9d014204,,,
41747,e51f7076-a0ad-4ab9-92aa-673e8140df28,,,
41753,d1ee21e4-bfee-4436-a4a0-12bdfba741f1,,,[{'resourceId': '242dd3d1-afe0-4cc2-b6d1-663ab1f72419'}]
41753,d1ee21e4-bfee-4436-a4a0-12bdfba741f1,,,[{'resourceId': '912a25ac-852f-4587-931d-1ef77af95ccf'}]
41755,8a9202f4-475f-4fe3-a5c0-2587759dd7cf,,,
41756,0201b54a-4f78-43bc-8c65-b5746e643372,,,[{'resourceId': 'ae297958-8510-4785-86ee-e325a24b0d0b'}]
41757,ae297958-8510-4785-86ee-e325a24b0d0b,,,
41762,09795212-34f3-4094-b2ce-a574751e657e,,,
41763,19dffbed-f5e3-4b3e-b0e5-f281d3257520,,,
41764,fd79383e-edeb-4a49-8ec8-2fd3e7cc3855,,,
41765,9531bda0-d693-424b-8abc-7357730caaea,,,[{'resourceId': 'a8c00ec7-7e88-41c7-8bd6-61241c7d5645'}]
41768,7a377561-8c3a-4fdc-9e08-c2ba920c6075,,,[{'resourceId': '99bef38a-a2b3-4009-9951-5b40d195e614'}]
41769,95985d32-3c72-4eca-bb0f-73c441bf273c,,,[{'resourceId': '07633875-e714-4ad8-a4bd-db83966b4677'}]
41772,af60e2f3-e883-45cb-a7b2-83e42d8117fe,,,
41775,ac5905ae-d16a-40d8-b569-7217222cb05f,,,[{'resourceId': 'de7aef02-e0a4-4d51-9cfa-0a5cf9a1578e'}]
41776,53233c40-c45d-4a12-9c87-7a6cfb50ac4e,,,
41777,90426b41-d43c-44ac-962a-2159797c95ff,,,
41778,5c14b71b-e83d-4b40-9c2a-449b61c0f107,,,
41779,e4ced58b-3e32-44dc-be3f-7007b6148a5f,,,[{'resourceId': 'c2067b5e-26fa-460d-86b3-02d256e85b21'}]
41780,a50de99c-c965-4896-a980-fa1e33cd0d97,,,
41781,a0fc2238-6038-41f1-a796-6937105ca3de,,,[{'resourceId': 'd6ddfa44-850c-11ec-a8a3-0242ac120002'}]
41782,d3b583ea-1920-45a0-8624-d7f1344ebf63,,,[{'resourceId': '6b56d9eb-97c0-4701-afbe-b707d185cbb5'}]
41783,321e4c76-3226-4cb8-b41e-dd8450b67fdd,,,
41784,18d9c4bc-6a11-443a-8495-4c3eb15cd3af,,,
41785,d8250e2d-5cea-41bb-a7c0-de0a25bf9708,,,[{'resourceId': 'a11ab5c9-5f59-4dde-920a-702aa890b565'}]
41786,a11ab5c9-5f59-4dde-920a-702aa890b565,,,
41788,3fa2bd9d-3df7-4b03-af24-b87abd2f6de5,,,
41789,34be21d1-487d-4367-9c3a-3d6c4de54471,,,
41792,b37ec145-dbb8-4fca-bb8d-05d2f8721e5d,,,[{'resourceId': '470ec411-000f-4a1a-a163-9d3bd5fd8e2a'}]
41794,93bb55b4-89ce-4aef-b5dc-a97e99134144,,,
41795,cbe71018-6532-4f94-8f19-55f8a9cc1390,,,[{'resourceId': '1b611809-ed83-49b7-b93d-427aa7af623a'}]
41796,e8a62da1-2066-4df4-8994-e21dc20e7f89,,,[{'resourceId': 'ae0fb820-a1e7-4398-afb5-0dfac517ecaf'}]
41800,3d15c437-f68f-4bc3-b083-27853dcd54e6,,,[{'resourceId': '64943f07-db59-456e-8627-3a9459eaa32d'}]
41801,17661ffb-6cca-42c0-bdb4-e9618c0f843f,,,
41802,21f5575b-e719-46c3-9188-6521a658613d,,,
41803,e82c4abc-98af-440c-9651-2a6cbc587f75,,,
41806,61955972-32c2-45d3-ab16-0fcd905a2112,,,
41807,6b37143f-ada4-43cb-8c63-6c608230eef8,,,[{'resourceId': 'e131701a-0862-4bb4-8dcf-3380cab904d1'}]
41808,6286bfda-fcff-4f17-9a7b-e15fbb5ddcfa,,,
41811,cee1ea9e-5a1d-4e54-a987-aa7282ee95eb,,,
41813,b376b843-56f7-42ca-9086-b0995982ce09,,,
41815,065052b5-c968-495b-a104-5195b0f2152d,,,
41816,8cb061af-3259-4eab-b03a-6526f8abd508,,,
41817,45122c3a-8294-4a88-a999-c2a4c9b82abd,,,
41818,292a0cdd-abab-43df-bf60-61174be7d8db,,,[{'resourceId': '8d226029-ac63-4915-b0a8-20554be1bfa1'}]
41819,aa78d442-db01-472d-8c8b-136b25738fe5,,,
41820,5d7046eb-73ee-4d1c-8028-e73298000b60,,,
41822,d710687e-38dd-45b6-9090-ceada45e6565,,,
41825,4b8131d6-8eaa-46be-8edf-386e46263182,,,[{'resourceId': '7b1e4ffb-3917-42c1-96ff-678a263be91e'}]
41826,560e3c40-6635-4f14-9c23-9e8c428fc2ec,,,
41827,e14b6cea-4511-4345-b16d-13f64f86122c,,,
41828,8b35f72d-fc8d-4d36-acc9-e77b3464ad6b,,,[{'resourceId': 'e14b6cea-4511-4345-b16d-13f64f86122c'}]
41829,f886a644-b795-4977-857d-749c99fdd53d,,,[{'resourceId': 'e14b6cea-4511-4345-b16d-13f64f86122c'}]
41830,692e838f-4654-40d7-9734-88d6c65e2edb,,,[{'resourceId': '7f7a863a-97c3-4545-9081-c5021837cfee'}]
41830,692e838f-4654-40d7-9734-88d6c65e2edb,,,[{'resourceId': '47db1c9f-65b3-4618-a961-4df5b4a223c2'}]
41831,7fad60b0-3673-48a6-b4e1-3d6f9db65a3a,,,[{'resourceId': 'fef43164-4624-4987-8b11-accc2ef9327e'}]
41832,47f5f7a6-3f6d-4d6b-8070-3d226c2a5720,,,[{'resourceId': 'd39d88fa-0e2d-4d65-9ee4-803f950bce27'}]
41833,d39d88fa-0e2d-4d65-9ee4-803f950bce27,,,
41834,c1b34720-f889-4db1-b353-877b84bce094,,,
41835,00bee6b0-67d4-4348-a103-f5867eeaef4f,,,[{'resourceId': 'b1f65f82-2b41-40d2-8c12-d80fce0def49'}]
41835,00bee6b0-67d4-4348-a103-f5867eeaef4f,,,[{'resourceId': 'fafb7ad6-c04b-437f-99d0-5f2e08963fbd'}]
41836,e3d39cae-3fef-44b0-9956-1928a5c90bfd,,,
41837,bc4c0ada-b61b-46e8-b76e-0fef472e9452,,,[{'resourceId': 'f30f72c4-db61-46fc-b3d0-731b2de377ee'}]
41838,4edc64f8-7d0f-42b5-a5e5-8bfff172879a,,,[{'resourceId': '45107852-89c8-42bf-8163-e52a0ed40c1c'}]
41839,45107852-89c8-42bf-8163-e52a0ed40c1c,,,[{'resourceId': '9fda9ce1-d3c1-4006-b575-a342e6095b9f'}]
41840,9fda9ce1-d3c1-4006-b575-a342e6095b9f,,,
41841,89a45250-d1eb-4a47-aef2-e9c5f0118bf6,,,
41842,56e6ce5c-0c99-4cd2-a02b-4024e57e4a26,,,[{'resourceId': '27b73cda-72c6-4790-940c-8600a1d5088c'}]
41843,0e9e58ed-a978-4d4a-abee-35603cbe83bd,,,
41844,b1de4c58-7dd1-47fe-8a52-68df3074da5b,,,[{'resourceId': 'd10871d9-1396-4087-973f-75827cd70e00'}]
41844,b1de4c58-7dd1-47fe-8a52-68df3074da5b,,,[{'resourceId': 'c4f0e934-3e12-4154-a05a-78b6b6d5d5bd'}]
41845,c4f0e934-3e12-4154-a05a-78b6b6d5d5bd,,,[{'resourceId': '44d6ae36-7d76-4e4f-b809-bd54c76095b9'}]
41846,3e6a38a2-04cb-4488-8933-b8c723f5e25e,,,
41847,cb167e86-d594-4af5-bfef-1c063a3aaff5,,,[{'resourceId': '6269ce4d-7a40-46a9-b4f4-8b9f56f69004'}]
41848,a113555e-3ae3-4170-88a5-a5b9dc175511,,,
41849,0c68f0e7-ee7a-4982-b0ff-f822c28df5d9,,,
41850,66b2e4ff-3bcd-43e4-8d64-7641502d759e,,,
41852,58c3fd09-293c-4aff-860d-6471d7f8aaa8,,,[{'resourceId': 'd725c45c-50b1-4e43-94fb-fe197d22459d'}]
41853,d725c45c-50b1-4e43-94fb-fe197d22459d,,,[{'resourceId': 'aa78d442-db01-472d-8c8b-136b25738fe5'}]
41854,26601a37-7bbe-4e12-bc5d-8c5e4c7a9634,,,
41855,85d0bf21-4e84-4b89-9c7b-4492aafbcda3,,,
41856,2634ff2d-5713-4262-8afb-466d922f2026,,,[{'resourceId': '926aa03f-e42b-409e-9920-3091c2e64a13'}]
41857,94969079-8f6c-42c4-a200-905b5a2709f3,,,[{'resourceId': 'adafd166-e7ef-4b3b-b468-368183717dbd'}]
41858,360ab9a7-6990-4e86-ab6f-77c11d3d9075,,,
41859,773e3573-f988-4d24-8b00-ed489ce880a4,,,[{'resourceId': '73a1d5ee-235c-44d4-af70-a9f3bb2f6a45'}]
41859,773e3573-f988-4d24-8b00-ed489ce880a4,,,[{'resourceId': '821eddd9-4fee-479d-bc53-670156a5992f'}]
41867,eb850ba1-0f3a-4844-88bd-e4947100116d,,,[{'resourceId': 'b55a553b-a039-4f6a-8f68-4384cab561fe'}]
41868,56a5ad44-8215-4518-8dbc-ea9c43d2da3c,,,
41869,a79ea286-4e37-4228-ab69-eb98d4e0595c,,,[{'resourceId': '3b0ba021-2dee-4cdc-96a4-0f2ba2545a8c'}]
41870,d16f31ca-1c17-4c1a-9b98-334f5358e8d8,,,[{'resourceId': '816195a5-e25d-499a-be1f-526d0f630450'}]
41871,816195a5-e25d-499a-be1f-526d0f630450,,,
41872,2252df2d-25ff-46cf-a531-ff90e9d4cdf6,,,
41873,aa141a09-842b-4861-8d5a-aec0ef184321,,,
41874,fc2d2b95-39e1-4bc1-abdd-65ad3c951c11,,,[{'resourceId': 'aa141a09-842b-4861-8d5a-aec0ef184321'}]
41875,972da4bd-5ae9-466f-b081-7856ce3017a5,,,[{'resourceId': '21c3d91b-80c7-4324-a95d-1914fae4ac56'}]
41876,45d95d4e-fea8-476a-b655-116d6685e514,,,
41877,1faa96de-acd2-4e3d-be81-a646a216e7fc,,,[{'resourceId': '388cdf75-90b4-43ab-a49f-f6e8f467fa0b'}]
41878,21c3d91b-80c7-4324-a95d-1914fae4ac56,,,
41879,fe40e9ea-7fbe-48e4-88e3-25cbea9c4452,,,[{'resourceId': 'd1871732-fbc0-4097-b4b0-e6af91965e4a'}]
41880,d1871732-fbc0-4097-b4b0-e6af91965e4a,,,
41881,388cdf75-90b4-43ab-a49f-f6e8f467fa0b,,,
41883,97a32f99-63c8-4f3f-8c4e-b7f3978bbbfa,,,[{'resourceId': 'd869cd72-c6e7-4a60-bb4e-6b9fbacf7f94'}]
41884,d869cd72-c6e7-4a60-bb4e-6b9fbacf7f94,,,
41885,a5bfa123-4a04-4728-9ecc-6b2e490bb9da,,,[{'resourceId': '97a32f99-63c8-4f3f-8c4e-b7f3978bbbfa'}]
41888,3ceba749-c176-4ffb-9e1e-34349e1202a9,,,[{'resourceId': '0f325811-51b9-412c-9179-7d7f5e79265e'}]
41889,0f325811-51b9-412c-9179-7d7f5e79265e,,,
41890,a5c9f293-454c-4dc8-813e-0eb4552a94e2,,,[{'resourceId': 'cb09ffb7-9b45-467b-bafe-ba299195b7f2'}]
41891,246586ca-fb4e-43f0-ab0c-7a243735ffae,,,
41892,f4028ea7-fdf5-43f8-a05d-a653cd24632f,,,[{'resourceId': '3f0d556e-740d-448b-b016-ce857950d2f2'}]
41893,c002f5ea-0b40-4d8f-a5ba-392ece90374c,,,
41894,13ea0ca0-89d3-46e3-991d-417f3b25dcd1,,,
41895,865c37ec-6ef2-4d7b-9cce-404b31a54af7,,,
41896,e6660484-5e21-4034-82cb-193e0fa2da98,,,
41897,e428f15c-bcd4-40ad-b0ba-7758e3f5006c,,,[{'resourceId': 'ccd19be6-ae7c-4485-9a4d-cb012487eda7'}]
41898,de60577a-baab-4e2a-887f-5ddba5c1e69d,,,
41899,ccd19be6-ae7c-4485-9a4d-cb012487eda7,,,
41900,b3f8a5ee-d8af-4de2-b671-70de7d1b80c2,,,
41901,44705fd9-ab97-4e97-8047-58ff5770fced,,,
41902,d9874a81-b0de-4a91-82c1-185f24c3cdec,,,
41903,3e0c6279-3a6d-4c02-a162-ce43e0db5f4a,,,[{'resourceId': '2573253b-9426-466e-85a1-76f26eadbdbc'}]
41904,d43ce108-0a43-4d15-a2d9-01fec9264cb4,,,[{'resourceId': '1a921e92-cca9-4e7b-8bd3-7e0dfec46a78'}]
41905,8f6f4a45-76dc-485e-94ea-784f50a7f25f,,,
41906,04d1506c-fb46-4b2b-b097-48ebf6a567b8,,,[{'resourceId': 'd1c20568-907f-4fac-952d-748e45b3a3a1'}]
41907,4c49022d-56ea-41b5-b0f7-e95753c97b9d,,,
41910,5f0d51d0-a62d-4a97-8428-51315a6d453d,,,
41911,cc6a118f-0b11-44cb-944c-f2439668959a,,,
41912,f6303821-fb51-409c-acbf-906744834256,,,
41913,09bf0dde-de1c-479e-b5ef-8e38927a5a5e,,,
41914,2ea6a83c-30df-4963-abc9-afb7be455879,,,
41915,e4857e80-697a-4af9-90a3-ef7f28bcf48c,,,
41916,e131701a-0862-4bb4-8dcf-3380cab904d1,,,
41918,53acd36f-b040-49b2-99a4-7f2ebbb65bd6,,,
41919,79471cf8-fa23-4a6b-a20e-de547c20c531,,,
41920,29e1adbb-783f-4cfa-9b43-30293cdd030e,,,
41921,ab578c93-246e-43ac-b399-cc3b5c33e574,,,[{'resourceId': 'ec27796c-3655-4695-b0fb-568861e538c6'}]
41922,1ddfb2ed-0c1f-4907-bd9d-4c686feff360,,,
41923,8f73f64c-b07e-4535-b3d4-e7e016239d0f,,,
41924,ed421205-5ce6-42a9-b782-3ddfeac13349,,,
41927,1f9c4844-0dae-4a30-9c2c-3795b295b350,,,
41928,1524d8e7-10d1-4529-ac38-6641aab78fc4,,,
41929,56b4a717-dee8-4575-ad9b-426d12af5ec8,,,
41930,75410d56-eb64-4b48-907e-879515a4fe93,,,
41931,4889aa1c-ff64-41b4-9af5-d438e102ebcd,,,
41934,b6f5bbe7-a643-487f-94fb-d16fc5a62edb,,,[{'resourceId': '56cfae4e-0ba1-4220-a81c-527f11a37732'}]
41935,56cfae4e-0ba1-4220-a81c-527f11a37732,,,
41936,b5fec481-0818-43e5-ae14-affa25a9c01b,,,
41937,97811a5f-1e90-4c55-8167-3371217c2aeb,,,[{'resourceId': 'f0a3a213-a5fd-492d-bc7e-948b5f400b0b'}]
41938,f2610c94-cc86-496e-978e-cdd3ff44b89a,,,
41939,15ae03b4-ecce-49d7-87d4-1af789f7af31,,,
41941,ce725710-35a2-431e-bf92-5bdb324c2c31,,,
41942,80e15d51-3a49-425d-a613-279ed742e780,,,[{'resourceId': '41ed07b3-fa72-4388-ba8b-a93913269db1'}]
41943,722c78be-09bd-4fc9-b8b6-0976ddff6b12,,,[{'resourceId': 'dd177ca9-59ae-4aa0-9bca-d00d9e6c1da1'}]
41944,dc9645c1-0472-4f96-8d3f-f5fc13c6cba2,,,[{'resourceId': '9c4f2dce-1c8f-47de-843d-13c5a3962a41'}]
41945,e6f65141-b6ed-41ec-b834-5d019eeec03d,,,
41947,72ebf798-d156-46e5-80b2-5328026ba757,,,
41948,c843f7e3-3d06-4329-b520-1ee5e1760645,,,[{'resourceId': 'aa9f197b-ff84-440f-9650-76d5fbc90692'}]
41949,aa9f197b-ff84-440f-9650-76d5fbc90692,,,
41950,e7d67ee9-9e4a-4717-9c23-a9d2ea7716a7,,,
41951,ae6ae6ed-2826-438d-ba78-b3f1f0965dca,,,
41953,8301e68c-dad7-421a-a902-6a603cb1ee6f,,,[{'resourceId': 'c292f3ba-d4ae-40f7-86b9-1445f221e064'}]
41954,75144ac9-53b7-42df-a56a-0d4544a75495,,,
41962,732d43ee-9e2a-41ad-9e7d-9b1deb78929f,,,
41963,4a932971-7494-431f-b8b7-42cf2a746cb5,,,[{'resourceId': 'ce725710-35a2-431e-bf92-5bdb324c2c31'}]
41964,b76a4dd9-29a4-4439-acd0-4233526c1f4e,,,[{'resourceId': '578436ce-61f1-460a-b46d-154ecb8e1120'}]
41965,578436ce-61f1-460a-b46d-154ecb8e1120,,,
41967,44bb02af-b836-4fba-89f4-8f74ce5c1530,,,[{'resourceId': '3b7e4ad3-cad0-4eba-b89a-15dd3830abe8'}]
41968,3b7e4ad3-cad0-4eba-b89a-15dd3830abe8,,,
41969,d1e3031e-c4c3-49f8-8d30-0b8092a8038f,,,
41970,28fb4788-67f8-43d9-aa37-ab67496cbf8b,,,[{'resourceId': 'd1e3031e-c4c3-49f8-8d30-0b8092a8038f'}]
41971,1777e283-763d-4713-8302-6aceb5677560,,,
41972,750d96d4-87d9-46fd-98a3-72000d1a5ac0,,,
41974,720ae0b3-698f-414d-b7c4-639cd21cc434,,,[{'resourceId': 'd39d88fa-0e2d-4d65-9ee4-803f950bce27'}]
41975,76cbc959-373e-4045-8ab7-36d262e67249,,,
41980,0225a009-0357-4d22-8074-9dac4949716a,,,[{'resourceId': '41b2efa4-a898-4c7a-bc95-338dcf4f6576'}]
41981,5e1c84fc-a5ba-4d3a-9557-330e1cc4cd4c,,,
41985,3b9f1996-5029-4350-9827-e61ae56e1db6,,,
41986,4a6d7c80-dedf-4db5-a7d7-843cdb541f3f,,,
41987,38ecb362-040c-4dbe-abed-9aebb9f85fa9,,,
41988,a6cd06eb-e2f6-4d6c-a6b9-862774edbfce,,,
41989,32e7c0a5-a6bd-4928-88c1-d7a5d043c7a0,,,
41992,4fd33aa2-6ec0-42ab-8428-24dfc88ae7ca,,,
41993,13061e30-20ec-4e38-86f5-1cf0292e2d7d,,,[{'resourceId': '920b68a3-0c0d-4e5c-b1d0-e6849f4e3869'}]
41994,697d7e7e-6d01-43e6-94e4-5ee37642c11e,,,
41995,197a7156-32af-43c9-9d28-3dcfeec1979b,,,
41996,135280cb-8bce-4a37-96de-091529681c3e,,,
41997,2559b352-8023-4ca4-b20b-335f452900fc,,,
41998,d22a0e7b-cb50-4177-bfba-cb91afef2c2a,,,[{'resourceId': 'e619ce48-1bd9-4276-816f-be69b2a893a9'}]
41999,e619ce48-1bd9-4276-816f-be69b2a893a9,,,
42000,1a546373-42ba-4c4d-b9ce-5ccb028bac50,,,[{'resourceId': 'c26e843c-ecf9-4d34-8010-25eaec773651'}]
42000,1a546373-42ba-4c4d-b9ce-5ccb028bac50,,,[{'resourceId': '3b9f1996-5029-4350-9827-e61ae56e1db6'}]
42001,e6d8d02d-5c11-4c53-83f2-48ea60ec0b17,,,
42002,3db652f0-ada5-4585-8efa-dabf5780b489,,,
42003,f35719d5-f6f1-408f-9610-a17fb3f8e2c9,,,
42004,31b7b160-4762-4eb8-b219-af9e7d903e56,,,
42005,31342df5-d0df-4e4e-88fe-8e41a67a47f2,,,
42006,dcf94298-2bbc-4db3-be47-ef22acbcdc2c,,,
42007,7cf89413-4939-4b75-a44b-f89b1fa20cf3,,,
42016,6b807137-db74-4d69-bcb4-a25cc9b0d335,,,
42017,7f053237-cbec-4e42-9399-c506415ec0cb,,,[{'resourceId': 'b4c92f4c-ccef-4cc0-bba5-50208fa0ccd4'}]
42018,b4c92f4c-ccef-4cc0-bba5-50208fa0ccd4,,,
42019,7c4e785c-75c3-4885-a11a-eea112c9922d,,,[{'resourceId': 'd04f1a86-d0d0-4914-9e23-cdf3d9ca0881'}]
42020,54c68025-1ff7-46bc-801a-96335a70c5ba,,,[{'resourceId': 'd7103731-6a06-4f88-bac1-c521e9669930'}]
42021,d7103731-6a06-4f88-bac1-c521e9669930,,,
42022,b76a5d7f-dd78-477b-ae2c-d43fd70689bf,,,[{'resourceId': 'e77492cd-0515-46ec-835b-dd23d418e6f1'}]
42023,e77492cd-0515-46ec-835b-dd23d418e6f1,,,
42028,e6fd64fb-504f-4a3d-9cb3-6e7385bd72e9,,,
42029,fe752f47-e1da-44c3-ad95-3f3057959531,,,[{'resourceId': '4c52c00d-b496-4ce8-bf10-1f94b152a350'}]
42030,4c52c00d-b496-4ce8-bf10-1f94b152a350,,,
42031,deddf00f-53cd-4e87-994d-f513fdd14c8b,,,
42032,b3c9e988-c9d1-4d71-8e3c-adedae966a7b,,,
42033,80c86810-1671-4db7-bc19-0bedc415f431,,,
42034,dea55e04-2ffc-4777-a35d-c8f01ec652c8,,,
42035,137df913-9451-4b70-b022-4cd2d9f66437,,,[{'resourceId': '8d264579-7be4-493e-bb0d-030d3998b5e0'}]
42036,77210676-546f-4219-855b-6170edb0342d,,,
42037,86e35d35-6979-4be4-bbcf-1af80272a224,,,[{'resourceId': 'efc56912-e16d-43ce-9c3f-7bbfa598fcdf'}]
42038,f5c3dd08-c0fa-413e-b8f4-d7dc99c72f50,,,
42040,442bddd2-8c3c-4ecc-842f-b9e9bcb1e699,,,
42041,9c4fad48-84d7-485d-b8a1-3ffb1e913d83,,,[{'resourceId': '2a2a2088-37eb-4555-9f5b-55ab984b312c'}]
42043,eea9ccba-4b8e-4dd9-ad72-c379ef32e5fd,,,[{'resourceId': '9c380661-5b3a-4f2c-a50d-53532d96e708'}]
42044,e9a46b32-3173-4c82-ad9a-178ae24527d2,,,
42045,e7841cd3-33c4-42b9-94f6-ef6c17074e38,,,[{'resourceId': '9d1b22f2-b781-47a7-9f1a-a6dd1e589d75'}]
42046,9d1b22f2-b781-47a7-9f1a-a6dd1e589d75,,,[{'resourceId': '0c388433-6e69-44f5-a396-6429cf91ecf3'}]
42047,00b55081-4256-4f4f-aa25-babaee2701fe,,,[{'resourceId': 'd45cb5d6-9480-42b4-9d2b-aa569d82c5e1'}]
42048,feb61a13-3f25-4206-8fb7-f9fec14f4ad7,,,[{'resourceId': '6c282059-0ea2-4952-a263-e0a35918b38d'}]
42049,6c282059-0ea2-4952-a263-e0a35918b38d,,,
42050,94b60c8b-3814-4c41-8fd8-d40634585e6b,,,[{'resourceId': '8da3ed69-5e40-433d-8654-60be2190cd11'}]
42051,794f5cbc-6a34-4345-9a68-078b4ddd4e9d,,,[{'resourceId': '94b60c8b-3814-4c41-8fd8-d40634585e6b'}]
42052,39f9de22-53d9-4b84-9364-934d47384f39,,,
42053,726c5aac-eb12-40f9-80fc-f222c6c8e501,,,[{'resourceId': '39f9de22-53d9-4b84-9364-934d47384f39'}]
42054,11047a34-5e63-46d7-a827-309f83988ef3,,,[{'resourceId': 'acac5afe-b701-4499-ba37-94a8fbd07e07'}]
42055,19c4e4be-654b-4f1d-b53e-e03a4ee1c831,,,[{'resourceId': '92dc89e3-a6c2-45df-8eb8-cacbc8cf0bae'}]
42056,92dc89e3-a6c2-45df-8eb8-cacbc8cf0bae,,,
42059,c2b56bdc-86a2-4502-b9da-01a2c917befa,,,
42060,22c3c0cf-aa1b-47ea-bbcf-2a9d34dbb43f,,,
42061,db86731e-fff1-44cb-a189-70544f824fc8,,,[{'resourceId': '62c7d66c-f358-4a2c-ba22-709b0fdc7b26'}]
42062,211d67bc-48f2-4396-b123-dd6a062a8440,,,[{'resourceId': '62c7d66c-f358-4a2c-ba22-709b0fdc7b26'}]
42063,f862785a-af97-4742-b99c-48b0da14be7f,,,
42066,3a549175-818a-4da4-978b-3ac16ff73955,,,[{'resourceId': '9e2ad09d-684e-4d1e-8ce5-f6bab47d8f3f'}]
42067,6e18b833-833e-41bd-8f99-64add96ba7f3,,,
42068,0a5fa0e4-2cc0-4921-ac4b-0f2c1a4c97c5,,,[{'resourceId': 'c60e52e9-d6ca-4fc0-abe2-641ef6499f2b'}]
42069,4b697fe7-37e9-448a-aaf7-e62e19bd1f1e,,,
42070,2e5b1f2d-bd72-4f8a-ad43-3063980341f3,,,
42073,d68893de-6ecd-48fa-8c5f-12330dddd6a6,,,[{'resourceId': '09bf0dde-de1c-479e-b5ef-8e38927a5a5e'}]
42074,22d32a3b-1ecd-4f1f-b213-4bbce401b98e,,,[{'resourceId': 'aaf4c452-1ac9-4715-bc85-b16d1682dda5'}]
42076,efe9b43f-4cf6-4457-8344-624d797784e9,,,
42077,24d4d18e-a54d-49c2-bf07-f48454815e37,,,[{'resourceId': 'fc8b7d53-ac2c-4598-bb1b-c66984ab6c20'}]
42078,fc8b7d53-ac2c-4598-bb1b-c66984ab6c20,,,
42079,fc8c551d-8f3a-4cc1-818e-c9cd32749e14,,,[{'resourceId': 'b8ac917c-39f7-40dc-91a6-010ece1fb08c'}]
42082,b993c3e1-f454-49a4-b802-775d1fee319b,,,
42083,6367f376-814a-42e3-a209-ac87a37b94cf,,,
42084,d3e02fe8-f1a0-4f76-8392-9f827c881d4f,,,[{'resourceId': 'ba532605-0cd9-43b5-ac53-5e5aa230f95e'}]
42085,648a142c-8538-4b81-81b8-3b3b2b63935a,,,[{'resourceId': 'bbc304dd-5fbe-4a4a-9602-b7d6e22fff9a'}]
42086,077e9868-a5a4-43a0-ab7a-ce05528ee9e3,,,[{'resourceId': 'd6d5d3d0-1846-4251-9a26-9acb6a497135'}]
42087,0046f5eb-6014-4ba7-8308-c5c242cb57b1,,,[{'resourceId': 'd0f51183-ce99-4fd1-84d1-4dd75a5d29fb'}]
42088,d0f51183-ce99-4fd1-84d1-4dd75a5d29fb,,,
42089,9c380661-5b3a-4f2c-a50d-53532d96e708,,,
42090,f1206639-8572-4908-96c8-b978ce388a4f,,,[{'resourceId': '34ffa1e9-cf75-4c12-be11-a75753905229'}]
42091,3608784b-eace-4f82-b219-1e7aa362d15d,,,[{'resourceId': '8fcc3150-15fe-46a0-8124-3a4ae8bdc0ff'}]
42092,8fcc3150-15fe-46a0-8124-3a4ae8bdc0ff,,,
42093,4a64ea10-1a47-46d0-a980-d0d6595b2ff6,,,[{'resourceId': '3608784b-eace-4f82-b219-1e7aa362d15d'}]
42094,4d5c106f-773d-483b-9ea7-df8a24b37b33,,,
42095,3fb5ef5b-98d7-4324-afab-29b37f34fec1,,,[{'resourceId': 'a44e0912-c6f3-4dc1-84a8-442a5e9ebe7d'}]
42096,edba84d4-a85c-4c2c-82fb-8af1a563db43,,,
42098,0b69ece0-ccde-47cb-85c1-c1c6dac41b42,,,[{'resourceId': 'a97a9b14-eb32-4c63-aa2e-17bbd2a734ba'}]
42099,33a559bc-c037-4db9-bfc8-8f5125d15136,,,[{'resourceId': 'ee350086-ac50-41b0-b70b-f867d82588b4'}]
42100,59d6f758-efb2-41e9-b477-8b6fc1b08774,,,
42101,48cdd846-5d43-42d7-88ae-0912ed1b27e5,,,
42102,9e15599d-f821-4615-9fd6-e571498f7920,,,
42103,cce88411-17f0-4edb-9150-08c81a636d00,,,[{'resourceId': 'bd4cb30f-132b-49d2-bf37-091a96d59f19'}]
42104,1894c9b9-ea62-4908-89d9-498c857875b9,,,[{'resourceId': 'cce88411-17f0-4edb-9150-08c81a636d00'}]
42105,a5a3a86f-3976-425b-b9f6-31024ce37e3b,,,[{'resourceId': '2f877400-c039-49ba-b191-17c7fa79576f'}]
42106,ae19c4bf-28ed-4968-bf85-d13e73664e8e,,,
42107,903714cd-5a2c-4f92-85dd-f0aa44104694,,,[{'resourceId': 'ae19c4bf-28ed-4968-bf85-d13e73664e8e'}]
42108,ccd1ac24-d8ba-46fb-89f1-cbf480384363,,,[{'resourceId': '3032af8e-0246-4136-9588-93e7263999ec'}]
42109,cea5c205-8a95-4f84-9ed5-6c5230ccea1f,,,
42111,3032af8e-0246-4136-9588-93e7263999ec,,,
42114,82185db7-a0b4-41f6-a2da-4e413b2289c8,,,
42117,fb30d898-b3d7-4618-a784-585a8c493df4,,,[{'resourceId': '875b1f39-6155-4869-b973-e4c839dadb17'}]
42118,875b1f39-6155-4869-b973-e4c839dadb17,,,
42119,049a0ae8-2862-4d3e-9b75-f729bb42e156,,,
42120,a675ddde-7608-4137-ab9e-1449ac35b2c2,,,[{'resourceId': 'bf11b106-341a-48b9-aa2f-922d50bef964'}]
42121,bf11b106-341a-48b9-aa2f-922d50bef964,,,[{'resourceId': '577a1f10-d9d5-4bf2-aa4a-9861d04d9f41'}]
42122,93d3cc76-9d34-48bf-b4b1-ccbcc9ec90c7,,,[{'resourceId': '577a1f10-d9d5-4bf2-aa4a-9861d04d9f41'}]
42126,0ee8e794-a315-406f-8586-695c25b42276,,,[{'resourceId': 'eb2d803e-c888-44d4-85e9-8503a5ea5bcd'}]
42127,eb2d803e-c888-44d4-85e9-8503a5ea5bcd,,,
42128,a5fc8359-6161-4629-acde-2116eee37cb3,,,[{'resourceId': '24c46e65-fa24-4365-9086-b711101cb8f3'}]
42129,24c46e65-fa24-4365-9086-b711101cb8f3,,,
42130,5487a764-fd30-4247-ba1a-0f6d98e19a9f,,,[{'resourceId': '9941d898-3c27-4bb1-9011-821a0855cf0d'}]
42137,9d8f1496-df2a-4a1b-bd6b-4d58201d5782,,,[{'resourceId': '43c8e113-b0a4-4d4d-b743-5f7e2673a6bd'}]
42138,43c8e113-b0a4-4d4d-b743-5f7e2673a6bd,,,
42141,61c75d19-acae-484f-8a41-cd3362dc8cd8,,,
42143,c20b2915-9907-407d-befe-6737311f5b59,,,
42148,ea92addd-5e64-4ddc-b864-df518710b89f,,,
42149,bbef9e97-57b9-4136-a008-4849cfeb3641,,,[{'resourceId': '46fab964-ca40-45f9-a88b-5b0fdde3d5b7'}]
42161,3cee22c5-f8f6-4003-a8dd-a8cda12df6cf,,,
42166,f1a4f0ce-18d1-40a7-b40f-d34580759b9f,,,[{'resourceId': '051c6bbb-aa11-46f2-9f3d-efe892a0b344'}]
42167,d7840e84-b7eb-4ee8-a74b-963599eda880,,,
42168,e2adda12-24ae-416f-8f94-394a4071f68b,,,[{'resourceId': 'c737f870-60d9-4aac-966d-01d66b579136'}]
42169,c737f870-60d9-4aac-966d-01d66b579136,,,
42170,61caaa2c-1584-442a-8260-53830d40401d,,,[{'resourceId': '6c2ca08e-aeac-4c31-86f1-10eea79160ef'}]
42171,26c958a4-2d25-40b1-b07b-8172236b3db5,,,
42176,ed533284-9ae7-470b-b7ea-56018ff7bfd9,,,
42185,9d86959d-31ab-4e9b-a5fb-c3d8e588eecd,,,[{'resourceId': '93842e05-5f95-4824-be1a-f98657538cda'}]
42186,93842e05-5f95-4824-be1a-f98657538cda,,,
42187,fc22de03-6513-47ae-a066-f8d90d550127,,,[{'resourceId': 'aba00c7b-9634-47a0-a4b7-9fbd7ff5fe3d'}]
42188,aba00c7b-9634-47a0-a4b7-9fbd7ff5fe3d,,,
42193,81371b6a-28d7-49d9-87e1-c9b13cc5ca2e,,,
42198,79b7258e-088c-4b93-bfd5-0b861d6d0d18,,,[{'resourceId': '316ba59e-8c5a-456d-946b-5d7cb4705f3d'}]
42199,316ba59e-8c5a-456d-946b-5d7cb4705f3d,,,
42200,96a86b0c-1d86-40eb-9f5a-effd584f2e9a,,,[{'resourceId': '316ba59e-8c5a-456d-946b-5d7cb4705f3d'}]
42201,c79726d9-b1fe-4550-a317-b0a64b981cb3,,,[{'resourceId': '81265ffa-7088-4bdb-852c-38752e911bfc'}]
42205,b174d642-69d6-47a6-9821-2bcb484954b0,,,[{'resourceId': '7598b677-65e5-4a37-9d9e-33e1a3d2a526'}]
42206,381d18b7-b4ce-40bc-b747-4974e55f487e,,,
42207,1047167a-6965-44ef-958a-7fd180c06444,,,
42212,4e8a7a15-379b-40a7-a1e0-01b0b32a3836,,,[{'resourceId': 'aed0824f-b651-4c7a-84a1-3ff89263567c'}]
42212,4e8a7a15-379b-40a7-a1e0-01b0b32a3836,,,[{'resourceId': 'ed79213d-ec93-4d95-aae0-2580eac3c501'}]
42213,ed9ebc8f-e65f-4df6-92f6-c617faab51a4,,,[{'resourceId': '8f4af8b3-35fd-4572-ade8-2306c5c04519'}]
42214,8f4af8b3-35fd-4572-ade8-2306c5c04519,,,
42215,ed79213d-ec93-4d95-aae0-2580eac3c501,,,[{'resourceId': 'b6842f6b-8322-4995-ad38-a774ee36a388'}]
42216,b6842f6b-8322-4995-ad38-a774ee36a388,,,
42217,2778aafd-a113-4b2b-a26f-5a540999889e,,,
42223,ed11c1ca-5d44-4d53-8cf0-fd502dd7a28c,,,[{'resourceId': '07f747d1-3bcc-4d20-8740-18360bf00a4e'}]
42224,07f747d1-3bcc-4d20-8740-18360bf00a4e,,,
42225,e8f43acc-4145-4704-b422-209e41fd75d1,,,[{'resourceId': '89a45250-d1eb-4a47-aef2-e9c5f0118bf6'}]
42226,21572a3b-b167-41dc-bc13-a8ff20df8db3,,,[{'resourceId': '07f747d1-3bcc-4d20-8740-18360bf00a4e'}]
42232,35c4595a-09f6-4dc5-a5cd-7f8b7bab3f2f,,,[{'resourceId': '62187df5-7f82-4fa5-8bfa-16797839c19b'}]
42233,6d6c5399-c797-4fb3-b273-ffcfb2ac4f4d,,,
42234,1a8e8d04-c39b-46f3-8835-5c6c37039bbc,,,[{'resourceId': 'df978239-8070-4eea-af2e-43ec5a241720'}]
42234,1a8e8d04-c39b-46f3-8835-5c6c37039bbc,,,[{'resourceId': '7b99e176-ad3a-4e29-9ff2-99a7b2468212'}]
42240,2be8f8ad-b59b-4b5e-8fa5-6af050c86139,,,[{'resourceId': 'f12c1db8-466a-4501-ab15-c3896d2bbd60'}]
42241,1a921e92-cca9-4e7b-8bd3-7e0dfec46a78,,,
42242,6ae21f9f-7bdf-49a0-8d39-b8a711028ad3,,,
42246,a7eca5d6-103b-4e8a-a12c-d072c568cd89,,,
42247,d2da14cf-eeb4-4d08-8cdb-43fb6abafe4b,,,
42253,73d9f13c-6733-4b31-8df2-84f96d97abb3,,,
42254,37dbca35-7b37-4d55-964d-deb744a6b0c7,,,[{'resourceId': '0df583aa-ff3e-42fe-b282-1143e78fe959'}]
42254,37dbca35-7b37-4d55-964d-deb744a6b0c7,,,[{'resourceId': 'c09697f5-ce9e-4c1d-9cd3-50b1239adfa2'}]
42259,f1145014-9733-4641-8846-825e9331c461,,,[{'resourceId': '8d1500cd-ce0c-40bf-bfa8-2c71efade50f'}]
42260,8d1500cd-ce0c-40bf-bfa8-2c71efade50f,,,
42261,69307786-356d-4999-ba56-98a6794a445b,,,
42262,8ea5a407-7f0d-40f5-b0b4-70eab47a20f8,,,
42263,09f5b295-f837-48ac-a1d8-f37dcd3cb8f5,,,
42264,9e6aa86a-bfdd-40d0-8c36-50f1b1493211,,,[{'resourceId': '88e225dc-0de0-4093-b08c-4984c24ca972'}]
42265,88e225dc-0de0-4093-b08c-4984c24ca972,,,
42270,188e1adf-7903-4d9a-8588-0f494d724af9,,,[{'resourceId': 'c5da87ae-9bc7-4386-97f7-99007606dc4e'}]
42270,188e1adf-7903-4d9a-8588-0f494d724af9,,,[{'resourceId': '2500cfc1-bfc5-4268-be0a-1efd3869e76f'}]
42271,990da5f1-2175-40ed-a2f2-f03c5981bdb8,,,
42272,79a71932-6789-4b5d-87b8-339cc53e5a8b,,,
42273,4e627104-8160-44f8-ba30-02e61a0186f6,,,[{'resourceId': '79a71932-6789-4b5d-87b8-339cc53e5a8b'}]
42278,28341929-6603-4028-88af-bc8c9255dff1,,,
42279,14e2eddc-44b7-4e5a-911d-eed8ba12e32e,,,
42281,f539e1a2-9339-4db6-ba08-af52d15d3849,,,[{'resourceId': 'a364b535-a857-4eab-a748-0383a1322a55'}]
42282,2c61b6fe-0011-4a7f-b978-9d952becf75d,,,[{'resourceId': '416fb526-c389-4f7c-8f90-4c56fa39bd0f'}]
42286,69531fc6-38f1-441e-86a3-a49382c34a2c,,,
42288,38cfdd53-59aa-44c0-aa52-7bc749deca1e,,,[{'resourceId': 'dfb758bf-e360-47ed-bd27-6e6482c2f3c7'}]
42289,1f8e5a8d-0efe-4f3f-8389-bb576b28c1ed,,,
42290,dfb758bf-e360-47ed-bd27-6e6482c2f3c7,,,
42291,43b81531-30a4-4194-ac70-f86a1b3aa5da,,,
42292,60cff357-7ab3-4cf3-9805-71ffc125bff6,,,
42293,7c1d3333-3ae8-4984-8598-9148be81f406,,,[{'resourceId': 'e1122073-1fa2-42e9-bdd3-fd84b8c56191'}]
42294,e1122073-1fa2-42e9-bdd3-fd84b8c56191,,,
42295,70c7bc91-f86c-4fa3-ac48-32e817195195,,,[{'resourceId': '25a3dd3f-fb1c-4263-a1c5-33b0ff113df2'}]
42296,25a3dd3f-fb1c-4263-a1c5-33b0ff113df2,,,
42297,f4697cff-e1b3-4d4b-aaa5-40c9784d481f,,,[{'resourceId': 'f4697cff-e1b3-4d4b-aaa5-40c9784d481f'}]
42304,35da056b-8d58-4256-96c8-91ae545173fc,,,[{'resourceId': '6ad0e8ba-a0bf-4fc6-9fbe-c8760cd0a9d2'}]
42304,35da056b-8d58-4256-96c8-91ae545173fc,,,[{'resourceId': '7cd06ca4-40fd-46fc-b59d-18c5a26b4bc1'}]
42305,e8e5f13e-dbc4-4648-a57b-eac904d25d6c,,,
42306,70115d94-3293-48f7-b624-02ddc76b8336,,,[{'resourceId': 'c20b2915-9907-407d-befe-6737311f5b59'}]
42307,6c37f982-2161-49c4-a4e4-bc972aeec9bf,,,
42309,91eb8199-40c2-44b7-87d8-6b9097e79a59,,,[{'resourceId': '19eb7bef-6a81-41c9-97d7-a90ce1b7146c'}]
42310,19eb7bef-6a81-41c9-97d7-a90ce1b7146c,,,
42311,5a01f5ff-ef6a-4ca9-bdc4-9c6242de9403,,,
42312,29ec0559-3af1-4ef8-ac07-b159fba92502,,,
42313,6c30ca13-d0f2-43f1-9987-4231dfc04552,,,[{'resourceId': '29ec0559-3af1-4ef8-ac07-b159fba92502'}]
42314,54100c2e-2053-4907-a5c1-06d4ea08bebf,,,[{'resourceId': 'ea7900de-9d0d-49e2-90ab-57796bd95fcf'}]
42315,ea7900de-9d0d-49e2-90ab-57796bd95fcf,,,
42316,c76b8876-ed9f-4f05-a080-255e8442c056,,,
42318,ec573580-7188-46a2-acf8-5e8d2211a392,,,[{'resourceId': 'ef7f737f-5bc1-4afa-a8c4-7e2cd3e16326'}]
42319,ef7f737f-5bc1-4afa-a8c4-7e2cd3e16326,,,
42320,e50b4b64-7e34-4f08-8cbf-064eff59ca83,,,
42321,3eec76f3-6c20-4c67-ae69-1b0eaadc6fd9,,,
42323,fdf9e8c4-dbb7-4eb3-86a3-e23277451ef1,,,
42324,1b36c01f-f6ef-4a4e-a032-54f0a16f37cb,,,[{'resourceId': '6c90395e-1902-4108-a7b9-b204cb112997'}]
42325,8d2f9101-9cee-43e0-916c-0bbbb18d7d3b,,,[{'resourceId': 'c286f210-da7a-4535-933e-a878e4c01624'}]
42326,fcf92e4b-b766-43ee-a5aa-8c0d54f4bc27,,,[{'resourceId': '25a3dd3f-fb1c-4263-a1c5-33b0ff113df2'}]
42327,ecefe64d-5cf6-41d2-be3e-fd09848eddcc,,,[{'resourceId': 'e86c71e3-62d7-49a4-b65a-6f5c859c0f6b'}]
42328,30ea7f6f-518b-4e7d-882e-c776eb126a9f,,,
42329,199d96d9-f907-4ce7-b77c-6f68a251f01a,,,[{'resourceId': 'a96399aa-cd54-427d-adcd-47767a47822e'}]
42330,a96399aa-cd54-427d-adcd-47767a47822e,,,
42331,053a6140-ed94-412a-9296-25d6dcb6651f,,,[{'resourceId': 'a96399aa-cd54-427d-adcd-47767a47822e'}]
42336,a4ce59f2-3661-4eff-897a-cf94e6e27842,,,[{'resourceId': 'c52190ff-eaf9-4d30-9dcd-30d501ed3ebc'}]
42338,c52190ff-eaf9-4d30-9dcd-30d501ed3ebc,,,
42339,4ad2980d-b466-4d25-81fd-f4d385060ee4,,,
42344,64ba066c-dbf6-451c-b8ab-c94364d57640,,,
42348,b449ca56-0e38-48f6-bef9-d63fc9b95d77,,,
42349,28db032b-629d-497d-8b19-74e5a7ec1171,,,
42350,dd4ccf21-9dab-4031-8847-d01296257581,,,
42351,473cd20a-3f47-4a5f-bc2d-ed5a737a432c,,,
42352,533460dd-9089-49e4-8712-657326fa52d1,,,
42353,88fbee59-c81c-4577-921b-c83693ea7a7e,,,[{'resourceId': '41b2efa4-a898-4c7a-bc95-338dcf4f6576'}]
42354,41b2efa4-a898-4c7a-bc95-338dcf4f6576,,,
42355,034a1785-91a3-4b0a-8974-c71bd9cbd326,,,
42356,1d157f82-5994-4f8b-9f06-04f3f7a3f1c6,,,
42357,51bbe460-9ac7-412a-a5a4-9d40372fbee8,,,
42358,a57a7d46-8e54-4feb-84cf-14ed6171de6f,,,
42359,73c47518-9e71-4db4-8e43-b1a524700521,,,
42361,cb0b8160-69a1-4739-b69b-27812eb389da,,,
42362,79c7f3d9-41f1-4de4-ad16-ce3e68212c24,,,
42363,1b36efa0-4d0a-48cb-9e8e-754515e6b1ce,,,
42364,ffab624a-8d10-48a0-a38a-beb5de6db1c5,,,
42366,45e2ecbc-6461-4b2d-8446-5780cd12a110,,,
42367,72a814a9-e686-4235-92ac-d2b3b87bf2dd,,,
42368,b13e6fcf-2403-46c8-9d27-21fa255529d2,,,
42369,3fb106f0-288f-4d6d-86d4-4c9bcf4e539f,,,[{'resourceId': 'a686ddd7-87af-40fc-9b42-a87c831fd496'}]
42370,a686ddd7-87af-40fc-9b42-a87c831fd496,,,
42371,bce506d1-e716-4aa3-ae54-a547e0fcbcb8,,,[{'resourceId': '6b37143f-ada4-43cb-8c63-6c608230eef8'}]
42372,d43d8382-0fed-4d04-b99f-010d9b34228c,,,[{'resourceId': '5bdead7e-d782-433f-a335-35d4c165aac4'}]
42372,d43d8382-0fed-4d04-b99f-010d9b34228c,,,[{'resourceId': '9e78570f-72d6-46ef-8bfc-e0a0772dbe51'}]
42375,d2315449-c934-442c-a336-1671a5fb84ed,,,[{'resourceId': '73fb3138-438f-438b-8ee8-582bc6c4e1e9'}]
42376,d3a0e1dd-3661-455f-95aa-8f01c3d18799,,,[{'resourceId': '0e27ace3-bd18-4e4f-a6ee-c7fc6b7c0c09'}]
42377,0e27ace3-bd18-4e4f-a6ee-c7fc6b7c0c09,,,
42384,b67a3810-307b-4c18-8027-79b9b15d72c9,,,
42385,7f025211-bc55-4185-a62a-4b015ddf54f4,,,
42387,dcc0bdf7-7801-4f6d-af9c-c88d717ab5a0,,,[{'resourceId': '5c50b671-27d4-46cd-940a-5088f9ea4c9f'}]
42388,5c50b671-27d4-46cd-940a-5088f9ea4c9f,,,
42389,00b311e8-e95f-4b79-8cb2-3c6a7747166b,,,
42390,b4f83e90-25c6-4e10-a733-75e740542461,,,
42395,81830c8e-5c6a-4ef0-b426-f25a4a78be08,,,[{'resourceId': '3ecf326c-2bfe-4ee3-b236-e1db8195da2e'}]
42396,af9b60b6-1dba-48f1-9a2b-3bc83e2543f7,,,
42397,2c720571-8317-4fbf-b749-b3ff4388ca72,,,[{'resourceId': '7c05e2a5-fc95-4e8a-81df-f8080062e1c8'}]
42398,7c05e2a5-fc95-4e8a-81df-f8080062e1c8,,,
42400,a6a0b539-d603-45eb-b4f6-6a6fe9896210,,,
42402,31fcc2ad-bed0-4b56-ad0d-8326ac4e2327,,,
42403,b7b59780-13fd-4449-8e96-aa0755560a19,,,[{'resourceId': 'e9ef3ca5-d46c-41b5-bfa9-ecf0b4029dda'}]
42404,e9ef3ca5-d46c-41b5-bfa9-ecf0b4029dda,,,
42405,8e21e93b-5a94-45f0-a47e-5f5d508892e0,,,[{'resourceId': 'd4d8cfdd-18c1-4e96-bd47-96576e9d90cd'}]
42406,d4d8cfdd-18c1-4e96-bd47-96576e9d90cd,,,
42407,6c4f0879-6f82-4edd-a5f0-2f48bb56c8cb,,,
42408,0a3d06cf-1d3b-4e89-94e9-7f313a0e864d,,,
42409,90f393c5-2e95-4198-98c4-e8d98f579a7e,,,
42410,de26272d-2502-4853-ae99-105ffdbd599d,,,
42411,b01bc9ab-3208-45a2-80f6-71581c1bad88,,,
42412,b5c9e962-299d-43a5-954b-afae6cdf6873,,,
42413,545d5480-d3be-4c52-a895-891b127010d2,,,
42414,e8f4b7f9-bf3a-45bf-adaf-eaed962381fe,,,[{'resourceId': 'b5c9e962-299d-43a5-954b-afae6cdf6873'}]
42417,81bc317f-7703-499b-95d8-98f39dfa31d1,,,
42420,b6cdc038-045f-40c6-ab6f-95b6c596d356,,,[{'resourceId': 'bb44de92-0195-49ec-91a6-34ec4cfef7b4'}]
42421,bb44de92-0195-49ec-91a6-34ec4cfef7b4,,,
42426,6fb5c2b3-4c74-4490-b092-8e7cd85d991d,,,[{'resourceId': 'c98e2037-9e82-4c8f-916f-40fc55aa9b9a'}]
42427,9d11ac5e-89cf-44af-9c7a-2b90c33d208e,,,[{'resourceId': '73edd796-5f89-45a2-8767-646f9768f8bf'}]
42428,73edd796-5f89-45a2-8767-646f9768f8bf,,,
42431,56e3d4af-c91f-407d-a679-e64c6b7fb921,,,[{'resourceId': 'f1747d7f-6964-40a3-8172-39ab5d1d2fb0'}]
42432,f1747d7f-6964-40a3-8172-39ab5d1d2fb0,,,
42435,72d71672-9c4b-4ee2-ad2b-59d420bf509d,,,[{'resourceId': '197a7156-32af-43c9-9d28-3dcfeec1979b'}]
42438,55367870-36fb-47a6-8e79-c08ac84cffea,,,
42439,6c5caf6d-ce01-4ed4-9bce-60dab003cc21,,,
42442,200f8b15-06b5-47d9-8f4b-ec6673df9521,,,[{'resourceId': 'fa3fb513-7b6f-425b-aa1e-d7ccc7c35494'}]
42443,fa3fb513-7b6f-425b-aa1e-d7ccc7c35494,,,
42448,ad92e3f7-f611-4ac7-8842-e76724d112b8,,,
42451,3229a3dc-b5e2-4767-be9f-a9e7ef0c3f08,,,
42452,86f9b7c6-6b13-4d82-8c18-9d64bae62e6a,,,
42453,964a2775-94d8-4fda-b148-885418ced38d,,,[{'resourceId': '4c8dee4c-6931-4c65-ac04-1b5b36c507ba'}]
42454,af54e48f-a2b2-4119-b1b5-60091f7e6f21,,,[{'resourceId': 'c50aeb9a-dcb6-40f1-b5a5-56880e5552a6'}]
42455,c50aeb9a-dcb6-40f1-b5a5-56880e5552a6,,,
42464,19aa65bb-bece-4ae7-93c5-7373a2700bcc,,,
42467,89fcecc7-0c2e-4ca6-952a-43a1a6b1c39a,,,[{'resourceId': 'b65be120-8ef0-428c-b14d-ffa1d473bd4e'}]
42468,4a834801-8bcd-44fc-add7-88943f423af9,,,
42471,dde2998a-b2ae-4164-af3a-6e7b3351574d,,,
42477,d4a501bd-deeb-4329-887b-7d95e14954ee,,,[{'resourceId': '6b9392e2-6997-438f-854d-5923c702b4b2'}]
42478,6b9392e2-6997-438f-854d-5923c702b4b2,,,
42484,2f888f55-e794-4a6c-83a6-de45b6034035,,,
42487,4af56ae7-5803-403f-beb0-1cc8b312c610,,,
42488,46a9b052-7487-4d8e-ba5f-341e0b12410e,,,[{'resourceId': 'ee26ecc5-2a9c-4903-9ab1-a7fc7c8ec5cd'}]
42489,ee26ecc5-2a9c-4903-9ab1-a7fc7c8ec5cd,,,
42490,6207b469-85c4-4c66-893b-38af9d113fba,,,[{'resourceId': 'cf08a85c-fb2c-4b30-85bb-b252afc5f69b'}]
42497,0748fc48-bb25-4703-9393-8028f8f4ff91,,,
42498,f7b7ae9b-ae01-4a7f-af70-ba651bfebcd1,,,
42499,ab83bc69-2d2a-431f-b192-7268b8417126,,,
42500,10b22d96-3267-4b5b-a7f5-9a7a7a70ccef,,,[{'resourceId': '58918020-a1e5-4244-8fa4-00d24fc29304'}]
42501,58918020-a1e5-4244-8fa4-00d24fc29304,,,
42509,c800b80e-c4ce-4e95-8b10-05d45502ab76,,,[{'resourceId': 'eab94085-e8fc-4193-b401-7f505488531c'}]
42510,bb34dc78-2936-418e-af57-9cc221d2a48c,,,[{'resourceId': 'c4d88b96-ae4f-40c4-8534-d720bc40668b'}]
42511,c4d88b96-ae4f-40c4-8534-d720bc40668b,,,
42514,5c8a368e-e857-4ac9-8343-48a25c4222a1,,,
42515,1efa44a7-6ea2-4b36-93d6-02bba8b67f59,,,
42516,ad602f02-50e8-41d4-9162-761cad80ea5c,,,[{'resourceId': '34838b09-918a-4090-aad7-5e97545cdb7c'}]
42517,34838b09-918a-4090-aad7-5e97545cdb7c,,,
42524,ee9cc290-176c-496b-9302-423d8ba4103c,,,[{'resourceId': 'dbd55dc8-6541-4a03-9ba3-1a65310f4a20'}]
42525,dbd55dc8-6541-4a03-9ba3-1a65310f4a20,,,
42535,c3f394db-d0ea-4ab5-9c35-aa4009fc43a3,,,[{'resourceId': '0cff3933-fd33-42eb-9bfa-d89f3b0eeec0'}]
42536,0cff3933-fd33-42eb-9bfa-d89f3b0eeec0,,,
42537,c8801591-81fd-4154-8f82-efb90f624861,,,
42538,3e975c66-6475-416a-85b6-1f5cc9695770,,,[{'resourceId': 'c8801591-81fd-4154-8f82-efb90f624861'}]
42539,dbecc1cc-f41a-45ae-b3ad-42447a7816bf,,,[{'resourceId': '660e9f22-1359-4266-89dc-2e04dddd5865'}]
42544,ab0251bc-b605-45ef-bcaf-5e5d10b57560,,,[{'resourceId': '601e6600-c2dd-4c5e-b7a4-dacf30ea2948'}]
42545,eef0e69a-49b2-4a23-9bcb-f171e0405027,,,[{'resourceId': '1f260244-be4b-47f6-9ec8-3e6286ea0eb2'}]
42546,2275b893-fd64-4968-b714-a4fdf8328639,,,
42551,68a45fe2-cff6-4e54-ba6e-f5e8f5861338,,,
42552,fd6f1610-d9a9-416f-991a-3b1a82de1635,,,[{'resourceId': 'c5021267-2a0b-4eca-9a7f-bb6115bbb494'}]
42552,fd6f1610-d9a9-416f-991a-3b1a82de1635,,,[{'resourceId': '8996d703-18ae-4ae4-9ad1-2b45234441ad'}]
42556,2b702402-dd45-4004-933d-48081dc6fa08,,,[{'resourceId': '0b0df7f0-5295-452e-9fe7-cacfc5cfafad'}]
42557,0b0df7f0-5295-452e-9fe7-cacfc5cfafad,,,
42558,90749ff4-8145-4a08-bce0-06e72b2b5bc5,,,[{'resourceId': 'fef43164-4624-4987-8b11-accc2ef9327e'}]
42565,999f66e5-1f25-4d27-8698-243a5680cdda,,,
42566,3cc44546-ca9f-4272-b451-7b65670b8fec,,,[{'resourceId': 'eb32158a-18f1-499e-9f95-29dcc6c1da60'}]
42567,eb32158a-18f1-499e-9f95-29dcc6c1da60,,,
42573,a639b5e1-1d5d-4753-af6d-058f78dce745,,,[{'resourceId': 'be259a93-06a7-4b12-ad0f-0c3293aedd47'}]
42574,be259a93-06a7-4b12-ad0f-0c3293aedd47,,,
42575,323aeed0-b2e8-4d39-be63-a5115f9a5131,,,[{'resourceId': 'd801ce0b-7ef7-4aba-a69d-43ad86874ee5'}]
42576,d801ce0b-7ef7-4aba-a69d-43ad86874ee5,,,
42585,380261a4-e5e5-45b3-ab2d-860d1f75f4a3,,,
42588,bef00793-b89c-409b-a5ac-3d37a28d9468,,,[{'resourceId': 'f2906449-47da-4198-9e4e-8d8b83bef531'}]
42589,f2906449-47da-4198-9e4e-8d8b83bef531,,,
42590,38624532-1029-4337-814d-c41d9a888835,,,[{'resourceId': '7ec2007b-2c2c-4654-aad4-357b9cc5cd3a'}]
42591,7ec2007b-2c2c-4654-aad4-357b9cc5cd3a,,,
42596,202c13a0-c465-4fd5-b15d-72e7724ae7e5,,,
42597,58b38df8-2b8a-457b-9b6f-75aac62daad0,,,[{'resourceId': '202c13a0-c465-4fd5-b15d-72e7724ae7e5'}]
42598,f39f453c-61e4-4e29-8569-61688ce08394,,,[{'resourceId': '72ef4ee3-b58a-45da-9275-682250057216'}]
42599,72ef4ee3-b58a-45da-9275-682250057216,,,
42602,5a4afcac-91cf-4398-9dcf-949a7ca1f962,,,[{'resourceId': 'faae395c-517c-4eb6-ba45-3c51c481e110'}]
42603,84e27d76-3c1a-46c0-a2b1-0b7120205e09,,,[{'resourceId': 'f3f3e12d-6e25-4d87-a16d-b22573d6ece9'}]
42604,f3f3e12d-6e25-4d87-a16d-b22573d6ece9,,,[{'resourceId': 'd210968d-bbf0-4e7a-ac8d-78846f593c1b'}]
42605,d210968d-bbf0-4e7a-ac8d-78846f593c1b,,,
42610,b7ebc435-521d-4779-b484-8e84288cfc43,,,
42611,09a09f2f-5bae-4502-bee7-136d9657efb3,,,[{'resourceId': '59a6b2f0-78e4-4607-950f-c1a7578573a0'}]
42612,59a6b2f0-78e4-4607-950f-c1a7578573a0,,,
42615,b7ca97fa-6248-40c2-be2b-0ed7af53dd9f,,,
42616,55937688-24fa-43f4-a20c-24026f4092fe,,,[{'resourceId': '25479110-dc46-4ac2-be64-39b4d31909f6'}]
42617,25479110-dc46-4ac2-be64-39b4d31909f6,,,
42628,0830c245-f876-4799-9928-a68a0d5ac592,,,[{'resourceId': '3172070b-f66b-4ec9-a9c9-427592908864'}]
42631,566305db-af00-4a05-aa1e-2ebd1c8fb56f,,,
42632,0e04d670-f8c5-4f3d-bf75-3fc76680f669,,,[{'resourceId': '930eb1dc-e6fd-4ea8-a99d-471a082eeb04'}]
42635,b5942a74-3bac-4b91-bb6e-7c0762985d49,,,
42636,8da4ac4d-93f4-4392-9be9-1407090bb7a3,,,[{'resourceId': '151f70d2-b45e-415d-8622-061dfb0fd75d'}]
42640,39d28812-4e1d-4dfb-b11b-b13bbac73b1c,,,[{'resourceId': '33d6d00d-1059-4527-9dd4-af8bba9e9297'}]
42641,0128e826-a2ee-4f8a-a017-695bb135799b,,,
42642,33d6d00d-1059-4527-9dd4-af8bba9e9297,,,
42643,1393a16f-4928-49f4-a29f-43c9f07e0178,,,[{'resourceId': 'a2d8062c-4f16-452b-800a-5988e0594891'}]
42644,a2d8062c-4f16-452b-800a-5988e0594891,,,
42647,b83520dd-377c-418d-ac24-3ac6e2cb6857,,,
42649,406f6471-728e-4961-8383-8ac1900684b4,,,[{'resourceId': 'ea3afcad-7523-4baf-8456-230ee486be1d'}]
42650,ea3afcad-7523-4baf-8456-230ee486be1d,,,
42651,9c983761-c1eb-46fa-9f42-b7a56f154d61,,,[{'resourceId': '6b829f8f-1d09-47ba-9dce-9c2f5a8cebab'}]
42652,5676c619-f047-4f50-9484-f83248e95f25,,,[{'resourceId': 'ce201cd2-bc14-4deb-9dc3-20fc62a9a5cc'}]
42653,b2e20464-fa81-4db9-a01e-8c34f2e17769,,,[{'resourceId': '38944264-8176-4ade-9578-6c2c16976a33'}]
42654,38944264-8176-4ade-9578-6c2c16976a33,,,
42659,2acf7de4-bf86-41b9-941b-5aa9a7b512f5,,,
42664,faf81905-e9d0-40c2-a934-e7822dcbd7ce,,,
42665,67e02638-922e-49ce-94bf-f444ce3b7bc4,,,
42674,176e8e6c-da76-4790-9ec6-42ca791fca7d,,,
42675,9d110a88-c747-4985-acc4-457d8f12d45d,,,
42676,14880345-9aff-4acc-9854-07e722aaa8f3,,,
42681,c6676018-7c28-45d0-85af-f7f194243e02,,,[{'resourceId': '684471ba-3059-4f61-bbd3-92b7eccb9859'}]
42682,684471ba-3059-4f61-bbd3-92b7eccb9859,,,
42691,a8aa95b5-dfb0-46b6-8288-c7fde2df4d2f,,,[{'resourceId': 'b9ebb126-dc47-4bf6-8922-0c239707d256'}]
42692,b9ebb126-dc47-4bf6-8922-0c239707d256,,,
42697,c9233424-147c-4eca-a49e-33908fae1a90,,,
42698,227a17dd-bb02-4dd3-8e9e-dd8b4b12d169,,,
42699,a9cda285-1f85-4ef0-bdf2-96aa07f6ea5a,,,
42700,c05cabaf-1aa8-4598-8ae1-5a8cd4172056,,,[{'resourceId': 'cbc9c213-e55c-4670-8e38-95f1a7f1eb7e'}]
42701,cbc9c213-e55c-4670-8e38-95f1a7f1eb7e,,,
42706,4913d5f0-35eb-4643-831d-aed83f61824d,,,[{'resourceId': 'b016ab4c-0a4c-435d-870b-3b043ae028d5'}]
42707,19dbbfc8-2d88-400b-873e-3337680e0ff2,,,[{'resourceId': '0f527429-6280-42f6-a0f7-c4ee2a4b3381'}]
42712,ea768a66-b33b-4e27-9397-c68f46b1d273,,,[{'resourceId': 'bd4cb30f-132b-49d2-bf37-091a96d59f19'}]
42713,bd4cb30f-132b-49d2-bf37-091a96d59f19,,,[{'resourceId': '9e15599d-f821-4615-9fd6-e571498f7920'}]
42714,21216d7b-94eb-4bb4-a192-2901b7e52f5b,,,[{'resourceId': 'bf84ba41-a557-4e6b-9080-62713cfd8b1d'}]
42715,bf84ba41-a557-4e6b-9080-62713cfd8b1d,,,
42719,7d640af4-0f01-4084-9fbe-ef7f4b82aefd,,,[{'resourceId': '7b45aaf2-a186-4ca5-a5ae-cbe41556f94f'}]
42719,7d640af4-0f01-4084-9fbe-ef7f4b82aefd,,,[{'resourceId': 'b8d2da9c-be6f-4fb7-8f42-ed5ea9aeff10'}]
42726,e125d6de-d33d-4d43-b028-6c73f2ab7a4b,,,[{'resourceId': 'f5c3dd08-c0fa-413e-b8f4-d7dc99c72f50'}]
42728,f426c193-93ed-468d-b6f9-ec393d1f7809,,,[{'resourceId': '1c9b74a6-97a3-48b8-960c-2880a8c53435'}]
42729,1c9b74a6-97a3-48b8-960c-2880a8c53435,,,
42735,6b586b41-5905-4b2b-9073-80261b7954fa,,,
42736,d959a5d4-0889-4209-802f-ac5bdcb684c0,,,
42737,d6d4c502-e3d7-4a36-bce5-9d5cd74c7dd1,,,[{'resourceId': 'c6fb3666-e617-4042-8b6b-c3ca0c6fa562'}]
42738,c6fb3666-e617-4042-8b6b-c3ca0c6fa562,,,[{'resourceId': 'a0ba277e-1626-457b-bdad-637d916c74fe'}]
42743,cb1bd12b-6afd-40d5-8f34-0b01a26e6972,,,[{'resourceId': '6667c9ff-5d2d-457b-8112-d6017dd01624'}]
42745,6667c9ff-5d2d-457b-8112-d6017dd01624,,,
42747,c3340f51-b43f-46da-993d-5883c47f8035,,,[{'resourceId': '1395f2ab-646a-4ab9-a845-15d680bb7e3a'}]
42748,1395f2ab-646a-4ab9-a845-15d680bb7e3a,,,
42753,2adbb3c0-6eeb-4dae-a028-95b3d445c415,,,
42754,5882ddad-e3f0-4e6a-ad44-95d9d262596c,,,[{'resourceId': '1ccbfd1e-0bb2-4fd7-aaf8-8ef4add4ff14'}]
42755,1ccbfd1e-0bb2-4fd7-aaf8-8ef4add4ff14,,,
42758,ab31a678-e2c6-4c9b-9f5a-467546a2638d,,,
42759,f5750846-3de2-4ac4-a6f8-ada110121717,,,[{'resourceId': 'afbac83a-92a1-4e95-9e87-90ee49880028'}]
42760,afbac83a-92a1-4e95-9e87-90ee49880028,,,
42765,1efb984b-f02f-4873-aedb-ef2f36795097,,,
42766,fdcef10e-676e-4184-b560-e9409af6797f,,,[{'resourceId': '7f7a863a-97c3-4545-9081-c5021837cfee'}]
42766,fdcef10e-676e-4184-b560-e9409af6797f,,,[{'resourceId': '61aedaae-bed6-4329-86e2-b59c7172d445'}]
42767,1a182f96-7629-4650-96b8-326d77a43139,,,[{'resourceId': 'd24f3821-ca07-4379-a549-d9050b111b7a'}]
42768,d24f3821-ca07-4379-a549-d9050b111b7a,,,
42778,81b64e5b-e8e0-4543-9528-40a93f5e754c,,,
42783,bbb3d1f3-f3e1-48c9-9c31-a4d0d9bc193c,,,
42784,124524d3-2220-40df-9374-67560a0a1fac,,,[{'resourceId': '341ee68b-361b-4573-945e-a6c7f2afa5e9'}]
42785,341ee68b-361b-4573-945e-a6c7f2afa5e9,,,
42786,2afcf611-cbbe-47fd-b9b2-3c1554479f70,,,[{'resourceId': 'c8ffe7be-44b4-4e8f-b0e3-7fb9aa1aa115'}]
42791,47d3e99a-1d37-4442-b147-706421c5df46,,,[{'resourceId': '6288b4ed-701b-4d49-b475-b8f260421617'}]
42792,6288b4ed-701b-4d49-b475-b8f260421617,,,
42799,1f67bd46-64ac-4173-993b-ee1fcca0677f,,,
42803,11a51c1f-b5d4-4ab3-bf0d-f92968a9cbb3,,,[{'resourceId': '5fd45e07-d39e-4c7e-98be-f853e90bb2ee'}]
42804,5fd45e07-d39e-4c7e-98be-f853e90bb2ee,,,
42813,ef686c81-0ea9-4a07-a0a5-6f9912bfed03,,,
42814,b05da8d6-47dc-416e-9929-4865624fe3e8,,,
42822,fcaa2d48-ba76-4ee2-8db8-0af050a7e7ba,,,[{'resourceId': 'a5502fa3-75e4-435d-bf27-5edf9782a55f'}]
42823,a5502fa3-75e4-435d-bf27-5edf9782a55f,,,
42829,8cfa5591-f8c6-4419-96de-1e4f65d1b9f7,,,
42835,0c82ead7-ce37-43ad-8eff-d6825caf8cee,,,[{'resourceId': '44392dd1-8298-4985-bea1-7a2eae4db938'}]
42836,44392dd1-8298-4985-bea1-7a2eae4db938,,,
42837,0305cddc-1c26-41ce-99f4-7835b284fc1d,,,[{'resourceId': '948f2d75-8180-4fa2-b580-af2af3883e77'}]
42838,948f2d75-8180-4fa2-b580-af2af3883e77,,,
42847,716b4a65-7be4-4747-bdde-1818f1765234,,,
42848,e9339e20-14f2-4eb2-bbe7-65bd2f2f7296,,,[{'resourceId': '551c8a77-7587-4ee2-8856-e9cea353ef25'}]
42851,985a4740-eb4c-4577-901b-6a3a80240953,,,
42852,c013c01a-65f3-40ba-8416-4a0bd1261eb1,,,
42853,0284b1d0-88a0-44bc-a74c-9559e507effb,,,
42855,259cf570-97d9-452d-b817-f1547b26af9a,,,[{'resourceId': '9476c6de-35af-40ed-a12d-3549e0afe975'}]
42856,9476c6de-35af-40ed-a12d-3549e0afe975,,,
42865,1ad84d0b-1bec-47a7-a7e5-e0156d1ace25,,,
42866,64f6be73-3d07-4b1d-9f9f-40d20216b07f,,,[{'resourceId': 'bb8dc8c0-6198-41c9-8d34-600edf3fe9ed'}]
42867,bb8dc8c0-6198-41c9-8d34-600edf3fe9ed,,,
42868,1febb8fa-91fe-4f43-bad8-d797f2045357,,,[{'resourceId': '7d7d046f-e38b-447c-9d8c-a8e0ca7caf87'}]
42869,7d7d046f-e38b-447c-9d8c-a8e0ca7caf87,,,
42872,e12f20d7-8eb7-4893-b2f7-48a6b5ef6dcc,,,[{'resourceId': '00fc7509-05ee-4236-9bc5-6efcc9e01c5b'}]
42873,7abf463c-2aab-4be8-a889-feeec3484420,,,
42878,e5ac8901-ab56-4e60-8743-a5ed4aeec0fe,,,
42879,647d01a2-053c-4499-90e4-a41f71600e7a,,,[{'resourceId': '89b60609-8fba-418c-a013-2449cfd282e1'}]
42884,eb7cf75b-8554-4e57-9ecb-56b338a7b7a8,,,[{'resourceId': '7dad84f7-2741-4abc-bb01-46f3d55b7057'}]
42885,7dad84f7-2741-4abc-bb01-46f3d55b7057,,,
42888,8e1352be-6067-4e59-8f90-badea959d6fe,,,
42889,3cff5057-1a5f-493c-878b-66f1fbec0159,,,[{'resourceId': 'de3ff022-5f9d-4d30-8698-f685365400c6'}]
42890,de3ff022-5f9d-4d30-8698-f685365400c6,,,
42897,56cb2ae3-69dd-4271-893d-0a414abc13dd,,,[{'resourceId': 'd64f8c11-7cc9-43e6-a118-e1565290914e'}]
42902,c08dc057-6ce4-4934-95fc-1f2f821cad14,,,[{'resourceId': '7eeb0f5e-26fd-44ff-9687-4ed9e8a3a253'}]
42903,7eeb0f5e-26fd-44ff-9687-4ed9e8a3a253,,,
42904,9db7a8ac-3229-47de-b482-e7683949cc2d,,,[{'resourceId': '470ec411-000f-4a1a-a163-9d3bd5fd8e2a'}]
42905,333bf652-8d60-4174-8977-7f8b0c43b9ac,,,
42906,694b2c5e-f404-43a3-9d8d-5aeb5f3593c9,,,
42907,56b4db09-894a-4563-a25e-5977900ac8c2,,,[{'resourceId': 'dc081f47-3121-426d-bc4e-192f256d1bf8'}]
42908,dc081f47-3121-426d-bc4e-192f256d1bf8,,,
42916,e3f94f9d-82ae-4dde-b2a6-d918856f0c9c,,,
42917,1cd9337f-3357-456b-b59b-c71d38c249c6,,,[{'resourceId': '46fab964-ca40-45f9-a88b-5b0fdde3d5b7'}]
42923,f6a6e0ac-fe77-4398-993b-33fd62231166,,,
42924,eb818c41-0024-42c8-9748-4ace668fc47f,,,
42925,ce2e1187-1bb8-4a35-b00e-bc08b027abe3,,,[{'resourceId': '7973552e-7680-477a-8063-5284221438f8'}]
42926,fcb23f0d-8d54-44ab-a728-254594f44077,,,[{'resourceId': '2acf7de4-bf86-41b9-941b-5aa9a7b512f5'}]
42931,6f60b5bf-6300-4ee8-8a63-5c171c0970ce,,,[{'resourceId': 'f2fb195b-79d7-4904-bd6c-5e62de5d7464'}]
42932,a087e393-1ea5-453f-9a9e-56015826bbab,,,
42937,62a6eaaf-835f-42e7-bf9f-6c31f706a83c,,,
42938,2ff99aac-68d6-4939-a45a-db7fadf595ec,,,[{'resourceId': '22d9ed39-d65f-408d-b009-418de5112423'}]
42939,22d9ed39-d65f-408d-b009-418de5112423,,,
42940,b9e00e0f-fa39-4597-85d4-c1e4a3d02a3a,,,[{'resourceId': '6269ce4d-7a40-46a9-b4f4-8b9f56f69004'}]
42943,63fa8e3c-707d-4c59-8ac0-5bae1d8c18e7,,,[{'resourceId': 'b614fcac-df34-44ca-a7c1-46e9df4c43fa'}]
42945,b614fcac-df34-44ca-a7c1-46e9df4c43fa,,,
42947,246d18b9-38af-43f2-b324-ab2642739ea8,,,[{'resourceId': 'fb8b5358-1979-48dc-b8a6-a9089c25004e'}]
42948,fb8b5358-1979-48dc-b8a6-a9089c25004e,,,
42951,65a868b3-1354-48e0-b486-cb3171815889,,,
42954,94f69be8-d8be-4814-bf37-958573614d7b,,,[{'resourceId': 'ea00270e-1298-4ae5-a774-5fdc0dab7c14'}]
42954,94f69be8-d8be-4814-bf37-958573614d7b,,,[{'resourceId': 'ea5d10fd-1ec3-403e-b50a-8b5b17c4e863'}]
42955,d4a963e8-a7f3-4dde-8ac5-d19feea4b895,,,
42956,b2b4bc5b-1d56-4dee-9d12-d7d2fbaa286f,,,[{'resourceId': '2f334d59-25b9-40fe-add8-2d240a852bae'}]
42957,c6a22f98-75eb-4bc9-b5cd-8e8615b795f8,,,[{'resourceId': '5c50b671-27d4-46cd-940a-5088f9ea4c9f'}]
42958,0c64af87-37ea-4615-85ae-c3cd38552059,,,[{'resourceId': '3014eb0a-6b81-4b04-ae4e-6b58a1c0c2fa'}]
42959,3014eb0a-6b81-4b04-ae4e-6b58a1c0c2fa,,,
42960,1a19b3d7-f510-430a-9033-0c5b2fba9435,,,[{'resourceId': '69cd7319-7a91-4be0-bc46-60c726e6cdee'}]
42960,1a19b3d7-f510-430a-9033-0c5b2fba9435,,,[{'resourceId': 'ded8d08a-8b09-4ef5-8c88-db768bb732d3'}]
42962,8df892b4-55c9-4e8c-be6f-3c587dbf7a76,,,[{'resourceId': '7356c6cc-f7db-4be6-84b0-2726f9cac541'}]
42963,7356c6cc-f7db-4be6-84b0-2726f9cac541,,,
42964,bb9d3b88-1ec1-4eb9-98a4-c1cc448ac18a,,,[{'resourceId': 'ef3e7d58-40fa-4472-9e9c-b643dd398472'}]
42965,ef3e7d58-40fa-4472-9e9c-b643dd398472,,,
42966,120452c3-6580-4100-82bf-91a5caec4f6c,,,[{'resourceId': 'abedf9f0-c2e2-411c-933f-187ff530d6ed'}]
42967,ec7a1abb-9766-45ea-b414-42660e1575b6,,,
42977,aa82359b-9e5f-412c-86d2-5bbe4b6b13ea,,,
42979,f5ae6e97-1df4-49be-b1f0-aeb935af8377,,,[{'resourceId': 'd43b6ee1-343e-473b-bc85-6ff75924d3cb'}]
42980,d43b6ee1-343e-473b-bc85-6ff75924d3cb,,,
42985,7cbb6d4a-0ea3-44cc-85d3-0b157f67c5bb,,,[{'resourceId': '7e1c9769-4626-4bea-ad00-95b66ca68a82'}]
42986,7e1c9769-4626-4bea-ad00-95b66ca68a82,,,
42991,a3270657-9103-4cb0-82e9-11ce085fa329,,,
42992,35de09ee-7c4e-4ab3-9561-2abe7b49c26e,,,
42995,1fae0a77-28db-4ba4-8317-3c0bcd5f7d8d,,,[{'resourceId': 'a3270657-9103-4cb0-82e9-11ce085fa329'}]
42996,443e6e89-5306-4144-9481-db224c2c0690,,,[{'resourceId': '20737f03-2d58-45e6-85d9-9280b4e7fb6b'}]
42997,a1bd6adc-5fec-4406-9ed9-d19a4e55929f,,,[{'resourceId': '20737f03-2d58-45e6-85d9-9280b4e7fb6b'}]
42998,20737f03-2d58-45e6-85d9-9280b4e7fb6b,,,
43003,3ee87e3f-a496-425b-a1d9-7545bce9fae4,,,
43004,d93f8224-c9bd-4f30-9845-882c25c50114,,,[{'resourceId': '528b2978-1c6f-4419-be89-03ffeeecc00d'}]
43004,d93f8224-c9bd-4f30-9845-882c25c50114,,,[{'resourceId': '8828edf3-6b30-416f-9a34-3ebd521d2842'}]
43005,3dafcbd7-62e6-4ba1-a9c8-dfc22318f21d,,,[{'resourceId': '528b2978-1c6f-4419-be89-03ffeeecc00d'}]
43005,3dafcbd7-62e6-4ba1-a9c8-dfc22318f21d,,,[{'resourceId': '8828edf3-6b30-416f-9a34-3ebd521d2842'}]
43006,79de75ad-5525-4e04-9ad9-b0eda7824e3a,,,[{'resourceId': '09f088f8-d2d2-4f16-8011-139efe196cde'}]
43006,79de75ad-5525-4e04-9ad9-b0eda7824e3a,,,[{'resourceId': '138b4504-2a49-4080-9290-0e1d797fee81'}]
43007,866f58ac-cd28-481f-af6d-51f70de1782a,,,[{'resourceId': 'bf5513fe-073a-42a7-8a1c-e3ac3b36887c'}]
43009,bf5513fe-073a-42a7-8a1c-e3ac3b36887c,,,
43011,0264e5ba-9025-4ea0-ac7f-6ac525d254d9,,,[{'resourceId': 'b6b4135b-23e4-4040-97fb-eae591ef3d94'}]
43012,b6b4135b-23e4-4040-97fb-eae591ef3d94,,,
43013,4b80acf6-52fc-45a2-ae32-69259290e169,,,
43018,a6ddb0cc-767b-4bb2-9af2-248d91caa415,,,[{'resourceId': '0623d04d-86cf-4889-ab6d-896dfc5c73a9'}]
43019,0623d04d-86cf-4889-ab6d-896dfc5c73a9,,,
43028,7e5e271d-3dd6-4c28-8eb5-a4899b8dc708,,,
43033,4017b8be-db65-4cf3-8e56-b5a9d47e42dc,,,[{'resourceId': '444be174-a26e-4a8d-9bb2-8739f36c9f1c'}]
43036,1118463f-45a1-4b03-85ea-7844bf692cd2,,,[{'resourceId': 'e572d0f3-411c-41e2-950a-73043114445c'}]
43037,56aa0ea8-0f81-431b-adad-6d734358e904,,,[{'resourceId': 'a1da978c-9e7c-47d1-8462-cdd00dc8b960'}]
43038,a1da978c-9e7c-47d1-8462-cdd00dc8b960,,,
43041,2e6296d8-6af8-440b-8113-fb2e999261d6,,,
43042,719772e1-f52d-4b10-9dd0-93bd607f15c2,,,[{'resourceId': 'edc1c2de-8f73-40cb-8c68-915c007953d7'}]
43043,edc1c2de-8f73-40cb-8c68-915c007953d7,,,
43046,2fe1ce83-c4d1-400c-a46b-e4604cc6fcac,,,[{'resourceId': '80eb9814-c791-4267-86e1-8c5832a0902c'}]
43049,f4d68234-6a73-42d8-8e76-d6d9c466118a,,,[{'resourceId': 'f2fb195b-79d7-4904-bd6c-5e62de5d7464'}]
43052,d6878de0-2878-4f04-a8fe-6dd0f7e0b4b2,,,
43053,aeda8cfd-b4dd-4d87-8b1b-93f776ff0709,,,
43054,03545081-2bf4-4d7a-8a2c-5eac15fab731,,,[{'resourceId': '887f7307-0baa-4d63-9f80-bd6066cc9cfd'}]
43055,887f7307-0baa-4d63-9f80-bd6066cc9cfd,,,
43060,d3d9c55b-3efa-478c-b204-a632aed23d00,,,[{'resourceId': '059b48ad-a452-4c75-9ad7-07596f20f409'}]
43061,059b48ad-a452-4c75-9ad7-07596f20f409,,,
43066,1ba86836-f146-44f2-b878-587bd2a44526,,,[{'resourceId': '0eff32ff-4b9e-4767-824d-ef6ee2713408'}]
43069,3024a715-003d-4315-a2a7-7703ad2386b9,,,[{'resourceId': '5bfc7bb3-caef-44f5-856a-8373667006ed'}]
43070,5bfc7bb3-caef-44f5-856a-8373667006ed,,,
43071,8ef6ed8f-4ac6-4903-b985-bd7cb3e90ccf,,,[{'resourceId': '21953a36-1a7a-44eb-9714-2e5f7ecc7a7f'}]
43072,21953a36-1a7a-44eb-9714-2e5f7ecc7a7f,,,
43075,6cfb545c-ac70-4b32-bb05-50c1d4671683,,,
43076,2cb18c82-2cec-4eef-a6dc-6929cf64e689,,,[{'resourceId': '25d10121-4028-4ef3-9286-6f16911c890d'}]
43077,47607578-b686-4c04-8c52-677661247f46,,,[{'resourceId': 'f45e3d1f-cdae-4f1f-8127-659e120363e4'}]
43081,0d440f7b-6c29-4396-8616-5568706e28b6,,,
43082,514558ab-12fd-4f0e-a1cd-480579a295b3,,,[{'resourceId': '79cc4608-0822-4ae8-bfa5-ec3e3c23e295'}]
43083,4eb8008c-bbb2-4022-be22-4d61898c2517,,,[{'resourceId': '6ae1a131-e7f9-43da-b6c7-42a936713b2f'}]
43084,6ae1a131-e7f9-43da-b6c7-42a936713b2f,,,
43088,af0796c1-044e-4304-b075-fa202521163a,,,
43089,a31b1542-0c20-434c-969f-1527eff126df,,,[{'resourceId': '9fd3efa5-fc1b-49cc-97c8-b662b460e8e8'}]
43090,9fd3efa5-fc1b-49cc-97c8-b662b460e8e8,,,
43095,f147743f-a1ca-4ab6-936e-f652836cd7c0,,,[{'resourceId': '7591117b-6cfd-4b84-86e6-456e52e75f01'}]
43096,7591117b-6cfd-4b84-86e6-456e52e75f01,,,
43103,4559af8b-61ce-475d-a701-7c9757167654,,,[{'resourceId': '0044d59c-96f9-465f-b4cb-55614790ef90'}]
43104,0044d59c-96f9-465f-b4cb-55614790ef90,,,
43107,b28bfe83-072c-4979-af04-8fb8bbb41da0,,,[{'resourceId': '598ebc8c-7892-4172-a583-02e736400cd8'}]
43112,552fb4fe-e199-42b8-9a33-582fdc24b4ae,,,
43113,8aada572-e7e4-488f-aded-918a0890879b,,,[{'resourceId': '24eb1a57-1390-49a2-961d-7fc7caa9a5d8'}]
43117,56d535e4-88b9-4b5f-babf-25b83cda9088,,,[{'resourceId': '8cb2033d-ce3d-4de2-84fc-6356d7af69e0'}]
43118,3d96bb2e-7747-4aab-a75c-491aafae3988,,,[{'resourceId': '2b0df64e-60f0-4022-88e0-68e7d764f752'}]
43119,2b0df64e-60f0-4022-88e0-68e7d764f752,,,
43125,2b77c61e-4784-4005-b9c5-ba30044680ec,,,
43126,a8bf3481-bdb1-499c-93cc-9388c17bb0f9,,,
43127,e56c56a3-d18f-4fb5-a9f5-1d68302ef1d5,,,
43132,787a0ccf-e459-4ae5-9487-9a75d4dc0641,,,
43135,a3a1eed8-a6cb-4843-a53b-4f9b303f8eb1,,,
43136,ee3d1128-3ac4-4b1e-8366-e09616b11620,,,[{'resourceId': '7b026947-5789-4c63-89c9-d1c5cb883de8'}]
43136,ee3d1128-3ac4-4b1e-8366-e09616b11620,,,[{'resourceId': '81480739-c7b7-43b5-83b2-6f66703f77cb'}]
43137,941df7c4-6df8-4976-97b0-4ba8a0c9bf2b,,,[{'resourceId': '86bd4f75-bc11-49d1-87f0-93de08bea913'}]
43138,7b026947-5789-4c63-89c9-d1c5cb883de8,,,
43139,81480739-c7b7-43b5-83b2-6f66703f77cb,,,[{'resourceId': '879adf55-e916-4e8a-ae93-fed43938e282'}]
43142,d9d0a37f-83bb-4d42-9990-d3a636825351,,,[{'resourceId': 'e1122073-1fa2-42e9-bdd3-fd84b8c56191'}]
43143,95cc2d8f-bec5-4309-a427-158bb36f6070,,,[{'resourceId': '847f54ef-d2fd-466b-bcce-5f61a6d94f4f'}]
43144,847f54ef-d2fd-466b-bcce-5f61a6d94f4f,,,
43153,78f5890d-18ab-4bdd-8310-87da04b7e6cb,,,
43154,215952bf-72be-4d4f-aa0a-8db855c7023f,,,
43155,40f6ef22-463c-4ad7-977b-b64db6fbb4b4,,,[{'resourceId': 'f12c1db8-466a-4501-ab15-c3896d2bbd60'}]
43160,242de7c5-36ca-4ba7-a3be-529c84724296,,,
43161,d210a10d-a727-42c5-96cf-04c5989e1462,,,[{'resourceId': 'ba18c68d-6ac9-4442-be6f-7b58185aa43a'}]
43162,ba18c68d-6ac9-4442-be6f-7b58185aa43a,,,
43167,e85b51bf-2d4a-42c6-bc45-10f302384c30,,,[{'resourceId': 'ffbc612c-f5cd-4095-a7bc-191838cd794a'}]
43168,cdc839df-1bed-4b25-b125-378b04e95e5c,,,
43170,065a75ff-6d09-47ab-8d89-78d3e04aed51,,,[{'resourceId': '2f6b7dd2-6bb2-4cb9-a9ac-ac9e845d2fed'}]
43171,2f6b7dd2-6bb2-4cb9-a9ac-ac9e845d2fed,,,
43172,04afdcd7-c569-4e4f-acbe-3ad66f44fb38,,,[{'resourceId': '21489728-3c6b-4ab8-ac49-e06fb12f7233'}]
43173,21489728-3c6b-4ab8-ac49-e06fb12f7233,,,
43174,b54198f4-6ac9-4644-a88b-0e224cf592bb,,,[{'resourceId': '78bd4759-d55d-4a3c-aa35-2ea67dd4515c'}]
43182,29bd94dc-ccfc-466f-af52-a8947f8c594e,,,
43184,ee454697-d9ea-4579-971d-c6c89f4c57b6,,,[{'resourceId': '7a062812-cc59-492d-b2f7-817f5baf863b'}]
43185,7a062812-cc59-492d-b2f7-817f5baf863b,,,
43186,d11ab84a-3197-4637-be4e-c4707a784c46,,,[{'resourceId': 'ff495767-7ddc-4c86-88b7-7d75dac4e8f1'}]
43187,ff495767-7ddc-4c86-88b7-7d75dac4e8f1,,,[{'resourceId': 'd22a0e7b-cb50-4177-bfba-cb91afef2c2a'}]
43190,fbcba1f4-cd40-4d4e-9213-3c6cb6633ec3,,,
43192,def05253-98a3-4664-8bff-a1bbb316947d,,,[{'resourceId': 'a08caf7b-b313-474f-9c6d-e9705d955d8e'}]
43192,def05253-98a3-4664-8bff-a1bbb316947d,,,[{'resourceId': 'd3b583ea-1920-45a0-8624-d7f1344ebf63'}]
43194,d703d60b-da63-4c3e-91f8-c6f5df49b201,,,[{'resourceId': 'a08caf7b-b313-474f-9c6d-e9705d955d8e'}]
43194,d703d60b-da63-4c3e-91f8-c6f5df49b201,,,[{'resourceId': 'd3b583ea-1920-45a0-8624-d7f1344ebf63'}]
43195,f8bbf0a0-fa2d-4f9f-a630-048c7c12a000,,,[{'resourceId': '088ffb95-5767-4ea7-9c8a-f3e68b119a80'}]
43196,088ffb95-5767-4ea7-9c8a-f3e68b119a80,,,
43203,53469fc0-2e2d-435b-9475-9addcc69d718,,,
43204,6a326e8c-e23c-4163-8e29-a7afdc05efdf,,,[{'resourceId': '45e33453-5d07-40ee-aaca-d293f3cd5ed7'}]
43205,45e33453-5d07-40ee-aaca-d293f3cd5ed7,,,
43210,03da9d78-a491-4dd4-a12a-d405537271ca,,,[{'resourceId': '959108ad-3c8e-4fa7-806d-9f8942d82ced'}]
43211,959108ad-3c8e-4fa7-806d-9f8942d82ced,,,
43219,a1572a2a-9aa9-455f-99ab-e4015a6e1810,,,[{'resourceId': '3731d8e0-446e-4753-b81f-f2279af5e765'}]
43220,3731d8e0-446e-4753-b81f-f2279af5e765,,,
43221,c568bfa3-61f9-4393-89ab-3ed706fcac8a,,,
43228,7fa966a1-f1fe-4eff-97de-339a73daf6ff,,,
43229,91ac3c76-b194-44a4-a0e1-95dc6eeaafcc,,,[{'resourceId': '96b48243-2247-4742-ae97-cd5102d1ede5'}]
43230,96b48243-2247-4742-ae97-cd5102d1ede5,,,
43231,343dca7e-79fc-4b95-ae0a-fb2d4cab40af,,,
43232,83901d73-fe2e-4725-abd1-0d766d832c04,,,[{'resourceId': 'bab487af-6c99-4367-891f-c6f02b6c6d43'}]
43238,aff14930-1685-445c-8732-c853aed3fdca,,,
43241,b28ec642-38c2-4290-a7d0-45dc46c1c6a2,,,
43243,11106c80-cc57-4d0c-b63f-abbe9daf223a,,,[{'resourceId': '0353996a-1e48-4956-930b-24592feaf07c'}]
43244,0353996a-1e48-4956-930b-24592feaf07c,,,
43245,9be9f63a-744a-4d75-ba59-03dbca47a884,,,[{'resourceId': '9eaa596d-22ae-4c8d-a2bf-a16638993cb4'}]
43246,9eaa596d-22ae-4c8d-a2bf-a16638993cb4,,,
43247,45ab1c87-8780-4a15-951f-02c73ca85680,,,[{'resourceId': '64148f9e-e902-422f-9a92-13e8398d5467'}]
43249,42f6c57e-5fa8-425e-bd9c-bed59a75708a,,,
43250,2d63e6ba-4496-4e9f-a751-5de2577276c0,,,[{'resourceId': 'e23b9c77-51cf-4787-a024-f36278264e20'}]
43251,e23b9c77-51cf-4787-a024-f36278264e20,,,[{'resourceId': '6d6c5399-c797-4fb3-b273-ffcfb2ac4f4d'}]
43258,0008a04c-a0c8-4ecc-b1da-fda2e75c15fa,,,[{'resourceId': '6736061f-53e5-4620-9090-7afb82b91011'}]
43259,6736061f-53e5-4620-9090-7afb82b91011,,,
43260,a024fb30-d9ad-4a5a-ab82-2b7d17c1a426,,,[{'resourceId': 'd6ef711e-8cf9-46f2-a25d-b2f381537792'}]
43264,c7b6c252-af36-4d4f-9b7d-7f688955d55c,,,[{'resourceId': '9946dfa8-f9db-4fdc-883d-94a773ead65d'}]
43264,c7b6c252-af36-4d4f-9b7d-7f688955d55c,,,[{'resourceId': '70b9410c-7460-4723-80b5-742bf4f70357'}]
43270,b2eba384-165f-4068-a673-162f7791e663,,,
43271,1bed7604-3289-4d5e-85ac-c01c35b1277c,,,[{'resourceId': '1f7d6e5a-4060-4e61-a857-8cdf3822e20e'}]
43272,1f7d6e5a-4060-4e61-a857-8cdf3822e20e,,,
43274,688b44f4-aff5-446b-9afd-5b22335a86b2,,,[{'resourceId': 'f531793d-f0d6-4fc1-80aa-f74508f1f789'}]
43276,f531793d-f0d6-4fc1-80aa-f74508f1f789,,,
43277,d9147639-3a34-4198-b182-d2b098cdc2bd,,,[{'resourceId': 'c9809b70-45ab-4e8f-bca8-1b64b288cedc'}]
43278,c9809b70-45ab-4e8f-bca8-1b64b288cedc,,,
43279,78dc7f79-72ea-49eb-94f6-ed35c5491e8e,,,[{'resourceId': 'baa2c5d6-a9ed-4763-918c-26926bb9a1e1'}]
43280,baa2c5d6-a9ed-4763-918c-26926bb9a1e1,,,
43284,ead04579-f068-4f77-967d-ea0c856adc2a,,,
43285,83078860-4f42-4378-a35c-0b23cda2839e,,,
43286,af586fc8-da1f-4973-8d3b-3f0b73272686,,,[{'resourceId': '74987450-1093-4c25-bd13-931408f462c2'}]
43287,74987450-1093-4c25-bd13-931408f462c2,,,
43291,c50ac207-ee35-4570-83c6-12a44ca87398,,,[{'resourceId': 'ce840395-1550-4c6f-86d7-4234c7446e92'}]
43292,ce840395-1550-4c6f-86d7-4234c7446e92,,,
43296,f85b786a-eea1-4ffd-9c81-ecd264be22e6,,,[{'resourceId': '1ed80fc2-68d8-4c9f-920e-114c677bfd66'}]
43297,1ed80fc2-68d8-4c9f-920e-114c677bfd66,,,
43302,34eef63e-afa3-4bcd-a4ef-c1105f58477f,,,[{'resourceId': 'a0e439e5-264a-4742-9436-9967c83ec1c5'}]
43303,a0e439e5-264a-4742-9436-9967c83ec1c5,,,
43304,b84170ef-4b6a-4fc9-a5d2-2942155245b9,,,[{'resourceId': '5e3e36de-d430-4bb9-8875-b445c8eb1eea'}]
43304,b84170ef-4b6a-4fc9-a5d2-2942155245b9,,,[{'resourceId': 'c09021d4-24af-425e-8e48-918a57136d53'}]
43307,f5d9f27a-420b-4dd7-87cb-356c9cbed0e1,,,[{'resourceId': 'e0975473-7d2f-430b-aea7-26866b0cd1e8'}]
43308,e0975473-7d2f-430b-aea7-26866b0cd1e8,,,[{'resourceId': 'd95f9f24-a954-4925-82ff-f5adeaf41db9'}]
43313,4b9371cb-e290-49b6-a792-b1ebfa31c548,,,[{'resourceId': '338221f0-7a23-442d-b806-e14d1cf48bdd'}]
43314,338221f0-7a23-442d-b806-e14d1cf48bdd,,,
43315,280fe3d1-d4e3-4b43-be07-5a81c62829b2,,,[{'resourceId': 'a8dd6b44-bc2c-4c74-80a0-533c73a5e1c0'}]
43316,a8dd6b44-bc2c-4c74-80a0-533c73a5e1c0,,,
43321,4ffe02b2-1c56-4312-8251-c9bca905d57c,,,
43322,19e681aa-543c-4ad1-96f2-a7699a5854aa,,,
43323,44dcdaad-aa9d-4421-9bd6-becbb5e2e08b,,,[{'resourceId': 'f2c31c82-ee6c-40a5-a62d-95ab9767b558'}]
43324,f2c31c82-ee6c-40a5-a62d-95ab9767b558,,,
43328,5bef25d3-5dee-4406-b9ff-da86f50638be,,,[{'resourceId': '5e35a727-b63e-4b2b-b893-100102ea567d'}]
43329,6c209b5c-d9fd-41ba-abb9-53bc4d3990f5,,,[{'resourceId': '7b026947-5789-4c63-89c9-d1c5cb883de8'}]
43329,6c209b5c-d9fd-41ba-abb9-53bc4d3990f5,,,[{'resourceId': '81480739-c7b7-43b5-83b2-6f66703f77cb'}]
43330,3cc35ac5-1fe3-4070-875d-9c72026a6596,,,
43331,dcdbe7be-ee5d-47e7-b228-358ded32a829,,,[{'resourceId': 'b974c49a-fadd-4158-a68c-13742cf0981b'}]
43339,eb63927b-48f0-47df-84dc-44e37c9bb37a,,,
43341,ed51d4a8-aa17-4052-a980-49c12666d519,,,
43342,6cdd1ea6-c45c-476e-879f-823f3f9671cf,,,[{'resourceId': '76c203a1-8ebd-4954-a922-6266940b8afa'}]
43347,8b624789-f7e0-4c4a-a0cd-27eae234f345,,,
43348,486f7883-bc0e-4610-b0db-ded4310e6cac,,,[{'resourceId': 'd52b5fd3-1ae6-46f2-879b-f15e220921f8'}]
43349,d52b5fd3-1ae6-46f2-879b-f15e220921f8,,,
43350,fa8c90a6-0936-4bc9-a1cd-65c43029669c,,,[{'resourceId': 'eb2e33bb-459e-48f6-8fc9-89c130b88af3'}]
43351,eb2e33bb-459e-48f6-8fc9-89c130b88af3,,,
43354,f88d232a-9396-4519-9b82-0949627db846,,,[{'resourceId': 'f38d1ba8-7bce-4922-949e-841b3ee1e512'}]
43355,2cf88225-ccb4-46b0-9513-6c515813d3d9,,,
43356,95eaefb3-a026-478d-af8a-ff1410da206c,,,[{'resourceId': '2cf88225-ccb4-46b0-9513-6c515813d3d9'}]
43357,38d3c4da-8c5b-4b5e-985f-1fba0a39c2af,,,[{'resourceId': 'c3919036-4f89-4092-8937-962b505397eb'}]
43358,d7123ba2-4506-4f90-ba64-37375aa5f377,,,[{'resourceId': '27cbacdc-fc62-45bb-bc37-f8794454564b'}]
43360,27cbacdc-fc62-45bb-bc37-f8794454564b,,,
43365,1fbe5a7d-1492-4fde-b5b3-c80a955a947b,,,[{'resourceId': 'e7dc8a5d-6f4b-4527-93f0-4171280b0e46'}]
43366,e7dc8a5d-6f4b-4527-93f0-4171280b0e46,,,
43367,3b6a870b-397c-4505-a468-a144f3f5db5d,,,[{'resourceId': 'f18af1f1-5a47-42e9-adde-abacb2c77988'}]
43368,f18af1f1-5a47-42e9-adde-abacb2c77988,,,
43373,819bc9a8-d9ae-499b-bc34-206258cf5da0,,,[{'resourceId': 'fb353916-4cfe-4485-8e4a-9eca46600230'}]
43374,de858292-aa79-45c9-b608-a7d72b691b2c,,,[{'resourceId': '2463c413-7842-4eca-8463-f6c8c43838a9'}]
43375,2463c413-7842-4eca-8463-f6c8c43838a9,,,
43379,c170bd31-532c-4f52-b67f-a1ee9b04c1e7,,,[{'resourceId': '76c31b52-6bd1-4379-b4d3-a269582cd222'}]
43384,7ce6e2ba-bcbc-4e2b-ad07-756cf48802a4,,,[{'resourceId': 'fd84db8e-1aa4-4e5f-95fe-84bea558efae'}]
43385,fd84db8e-1aa4-4e5f-95fe-84bea558efae,,,
43388,77be3cc2-9428-406b-99a9-6a15a1bdd50d,,,[{'resourceId': 'c5021267-2a0b-4eca-9a7f-bb6115bbb494'}]
43389,b2a47ea3-925d-4534-add6-fda125bc0402,,,
43391,6005377b-fe2f-4fa5-97a3-9cbae58c483a,,,[{'resourceId': 'b3c1e8b4-4b16-47fa-88fb-21914e992939'}]
43392,b3c1e8b4-4b16-47fa-88fb-21914e992939,,,
43393,5dbbf51b-a673-419f-9c70-c6691857e1e7,,,[{'resourceId': '712392e9-d1ee-4ae5-9aba-7dad4b321d53'}]
43394,712392e9-d1ee-4ae5-9aba-7dad4b321d53,,,
43400,711bbf1e-e72b-4cc2-8682-536896d490c1,,,[{'resourceId': '092811fb-ab9a-4fc8-90ae-85ef6c66e7e0'}]
43401,092811fb-ab9a-4fc8-90ae-85ef6c66e7e0,,,
43406,93ac8a00-6942-468b-a356-acbe5732a333,,,
43407,3f9105b9-3f2f-4379-ac0a-c6e13f6a0dcf,,,[{'resourceId': '9d7b839d-efc8-46e6-acf7-2444d08f1b76'}]
43408,9d7b839d-efc8-46e6-acf7-2444d08f1b76,,,
43413,115b6a45-f49e-4845-9f88-28b28f07cc91,,,
43414,837e03a7-65d5-4bd1-a817-2203c130b28f,,,[{'resourceId': 'cb09ffb7-9b45-467b-bafe-ba299195b7f2'}]
43415,798cb26e-05bd-4f78-a0b8-b16209502df2,,,[{'resourceId': 'c517692b-1c9b-4e78-b15d-a4724e311fa9'}]
43416,c517692b-1c9b-4e78-b15d-a4724e311fa9,,,
43421,35f33021-1a5b-4513-a718-2c0c04a16296,,,[{'resourceId': 'd95867f8-a68f-46de-96fc-1644d942d09d'}]
43422,d95867f8-a68f-46de-96fc-1644d942d09d,,,
43423,bb370ae7-7e70-4237-86dd-acf72ff34bd7,,,
43425,7d33f046-3ef1-4f97-a961-c8157ca01837,,,[{'resourceId': '52f21ed1-5ab0-4ec0-be65-d87f98b2bdbf'}]
43426,52f21ed1-5ab0-4ec0-be65-d87f98b2bdbf,,,
43430,f1ce8840-7ebb-4151-8bfe-43499ea72fad,,,
43433,a9951af3-72f4-48df-a21b-6f17d3ef5d7f,,,[{'resourceId': '316ba59e-8c5a-456d-946b-5d7cb4705f3d'}]
43434,911978cf-535e-4197-b5e2-1dd624215ba3,,,
43435,770c43fb-2b3a-4ea7-a870-01534c5cf37a,,,[{'resourceId': '8cf05e60-167f-45ff-9501-fd0380e7a424'}]
43436,ffd12840-ebd8-4301-915f-70b537729975,,,[{'resourceId': 'abedf9f0-c2e2-411c-933f-187ff530d6ed'}]
43441,342610c8-e71f-4298-aa7c-0f4b2ad68365,,,
43442,c4393626-64ed-4d89-a10c-13e8698c2f10,,,
43445,16bd2d7f-8eaf-449c-a1b6-501b5b0bca35,,,[{'resourceId': '209e81ec-747e-4970-b78b-cb48600de3bb'}]
43446,209e81ec-747e-4970-b78b-cb48600de3bb,,,[{'resourceId': 'a454ffe7-a052-4d24-aa90-f347311ea9d7'}]
43455,7bf3f091-f41f-47a5-a89d-8a641a012d96,,,[{'resourceId': '07f747d1-3bcc-4d20-8740-18360bf00a4e'}]
43459,9a59244b-716a-4204-913b-091d8d9e8cba,,,
43462,db376a0e-d09f-433d-b0d6-88b2f8662c1b,,,[{'resourceId': 'a8d7c14c-1ab2-45c1-8ac2-4be6835dfccf'}]
43463,a8d7c14c-1ab2-45c1-8ac2-4be6835dfccf,,,
43472,fa0bafaf-f78d-4ca6-aa7a-66512c83fdfe,,,[{'resourceId': '84f4205b-e01f-4dc3-94b4-8abd881b8ed9'}]
43473,84f4205b-e01f-4dc3-94b4-8abd881b8ed9,,,
43474,3d9ee8ca-5b8d-4d13-ae44-c41759b9e8f5,,,[{'resourceId': '1e4340cd-e206-4728-9710-03eb2e4df2cf'}]
43476,1e4340cd-e206-4728-9710-03eb2e4df2cf,,,
43480,771a6aa1-d487-4a52-a9bf-564adea11b99,,,
43481,c93aa286-3b8e-4568-a4ab-0b1f3aabf6a3,,,[{'resourceId': 'a1cf5c36-5db5-49e1-9bf7-4baf904db67b'}]
43482,a1cf5c36-5db5-49e1-9bf7-4baf904db67b,,,
43483,534401a0-a877-49bc-bff5-5f0b8be79c0f,,,[{'resourceId': '8695ec28-3526-4ba1-a51b-efa5d2c24c7d'}]
43486,2f01e675-aed7-4860-9ccc-8c8dc31a1a65,,,[{'resourceId': 'bfec216e-58dd-4182-8d13-1d82c4e56e6b'}]
43488,108bac9b-ddf8-4be3-9316-b73199b4f170,,,[{'resourceId': '9316b54b-c975-44f0-bbf6-3e7897bfee0d'}]
43489,de3e1b08-eca0-46aa-bd36-bec5379bea43,,,[{'resourceId': 'f278065b-535f-4469-a71c-c83ec2acae40'}]
43494,ed5d11eb-3326-45b4-8b0b-357ef15985dd,,,
43495,50eebbe1-9dd1-42fc-944a-852c097e89d4,,,
43496,090921cb-9f19-49c7-abaf-e5345bfed9de,,,
43498,833a847e-4a4f-48e0-94ae-22da95866b4a,,,
43499,60213738-db46-4e9f-a14a-1e68da52bb69,,,[{'resourceId': 'fae90efb-ea84-4152-9f4f-aaf239c9ca13'}]
43500,fae90efb-ea84-4152-9f4f-aaf239c9ca13,,,
43501,664a335f-7911-4d3c-a1f2-7ef65ab5ca25,,,[{'resourceId': 'f45d5857-94a6-47fd-b250-58e19972fd46'}]
43502,694de7c7-6c98-44bc-b3bd-c32072bdaeb1,,,[{'resourceId': 'c7659461-4754-4732-8778-b15342d2b858'}]
43507,3934f644-ef24-4e86-8210-f62a729b38f9,,,[{'resourceId': '2778aafd-a113-4b2b-a26f-5a540999889e'}]
43508,e9c884f1-eee8-45e3-a749-5c0f9d3fe4c6,,,[{'resourceId': 'd800effe-8564-4d84-93bd-431a914d9156'}]
43510,d800effe-8564-4d84-93bd-431a914d9156,,,
43515,470a04c2-2616-4db6-b339-b9bea5488410,,,[{'resourceId': 'd3d29611-5ed7-48fa-9dd9-675c304121dd'}]
43519,6d33a31a-9a08-45d7-a40a-f81592f7509c,,,
43520,da45720b-8b33-4802-b6e7-b0ce1641f9da,,,[{'resourceId': '041a97c9-0459-4f36-930a-4c3b10d2fbe4'}]
43521,041a97c9-0459-4f36-930a-4c3b10d2fbe4,,,
43522,d8a9bbf2-233b-4f2b-97af-0a6a67cda515,,,
43527,36eab3a8-0726-4c46-bb31-03e504777cd6,,,
43528,1428d38c-d903-4fcb-a6fd-920f54c14ea2,,,
43529,806fa507-25ca-4991-a924-a8f0a37a75b2,,,[{'resourceId': '934abdae-43f4-497f-bcdc-0cedd05267cc'}]
43530,d0770fb3-e974-4ba9-a65f-521cc8df59ff,,,[{'resourceId': 'ff4631d4-1306-444a-9762-1fae6fd6ea42'}]
43531,ff4631d4-1306-444a-9762-1fae6fd6ea42,,,[{'resourceId': '3af0e193-b6fa-47ae-a253-b28b1079cc1a'}]
43532,3af0e193-b6fa-47ae-a253-b28b1079cc1a,,,
43533,b846fae8-d5d5-45cd-8d5b-58b66273d884,,,[{'resourceId': '4c026829-c9ef-4055-b0cf-a6c9d57abc47'}]
43534,4c026829-c9ef-4055-b0cf-a6c9d57abc47,,,
43535,d5265f43-493c-4768-8ce2-32abe23bbab6,,,
43540,4512900f-d2b1-4da7-94ab-73076ad90cc2,,,
43541,5f13351c-6955-4c82-9953-c7b190a8c034,,,[{'resourceId': 'a5f90470-d6a0-43c8-b02c-e1b28601c7b2'}]
43542,58334865-ed9c-46c9-bfbf-9307aa95a788,,,[{'resourceId': '5c3752d6-96b7-4749-b259-7621d7f86309'}]
43543,cfb17c20-4752-4587-a277-eb9e4bf72a8b,,,[{'resourceId': 'a639b5e1-1d5d-4753-af6d-058f78dce745'}]
43547,65b2ce3e-0c81-4b48-8564-6c6d372bb216,,,
43548,cc424f72-ae3a-43af-9f12-0db9593d7452,,,[{'resourceId': '7ed67c16-ef22-48c7-baa3-70af98839635'}]
43549,de902ce7-5ea4-474c-bed3-65870f1d103a,,,[{'resourceId': '17f2dc09-3296-4728-a261-c7bc17847437'}]
43551,9da7f672-74f7-4555-9c8e-623156b8c97b,,,[{'resourceId': 'a657e84b-8659-4c5a-9c16-8c68e83681c3'}]
43552,a657e84b-8659-4c5a-9c16-8c68e83681c3,,,
43553,75641614-a43c-4b97-9a00-7fc720376eb2,,,[{'resourceId': 'e2bc0f76-907a-43d7-9fb8-b3acd16abd15'}]
43554,e2bc0f76-907a-43d7-9fb8-b3acd16abd15,,,
43560,77e8a19e-4317-4560-b92d-2c1acf2e1676,,,[{'resourceId': '316a6364-3abf-4d94-8a3c-8c7e4c59d651'}]
43561,316a6364-3abf-4d94-8a3c-8c7e4c59d651,,,
43562,2edbf59a-f506-4c6d-841c-2420d724e8b8,,,[{'resourceId': 'd497e75b-2712-46a6-a0cb-63327bc7753a'}]
43567,289c94b3-5db5-4619-aa00-ec41864e97fe,,,[{'resourceId': 'fc3aaf15-46cc-4c86-a69c-09992600f60a'}]
43568,afb0ef52-0d16-49fd-9493-4f49d2c5baac,,,[{'resourceId': '3df8ccaf-b7e3-4def-ad89-3ae5958672a6'}]
43571,0e2952cf-6c1f-49a1-92b9-487298f9fca5,,,
43574,621f3c1d-d2bb-4b3c-a49b-df5f01851295,,,[{'resourceId': '61fdd208-30fc-4347-a3ca-5bf7125fa1ac'}]
43577,6f540e72-a56d-4000-b84c-c54d80050d9b,,,
43578,71bf778e-46b0-4191-8206-9493f7c83a05,,,[{'resourceId': '6f540e72-a56d-4000-b84c-c54d80050d9b'}]
43580,d60a2184-257e-4563-89af-6475979eecb4,,,[{'resourceId': '14fa8a78-c54f-46c8-bc70-c4077b6d69db'}]
43589,8ae3d5ca-f11f-4bad-9909-45cc2b4cfd5b,,,
43590,cbe72398-d0d4-4359-9f7a-b6209e40f450,,,[{'resourceId': '8ae3d5ca-f11f-4bad-9909-45cc2b4cfd5b'}]
43591,7287c1e9-e27f-4fa3-8144-ef521a16bd0a,,,
43597,f1c30a9f-3254-4ca4-8d88-8d2d5a74bb7a,,,[{'resourceId': 'e3a71623-dcff-47c5-9c7d-020087c35bad'}]
43598,dde4f3bf-4ffb-416c-8d8d-d4dadfd03f53,,,[{'resourceId': '3493de6c-c3c0-4184-b170-fbca11a1c8d7'}]
43599,3493de6c-c3c0-4184-b170-fbca11a1c8d7,,,
43601,f63f1b1f-2b6c-44a8-871a-519861ab77f1,,,[{'resourceId': 'd4ce4b9c-f3ec-4edc-b0b7-27fa49879682'}]
43602,d4ce4b9c-f3ec-4edc-b0b7-27fa49879682,,,
43606,4922e21a-268a-4b36-a29f-071f4f2580f1,,,
43607,1ceeb1c9-1594-4305-8626-10076877f6b9,,,
43612,3581c510-90a1-4f62-94ef-e7505220836b,,,[{'resourceId': 'eb2e33bb-459e-48f6-8fc9-89c130b88af3'}]
43616,d9777453-c402-4aeb-b2db-71316902f966,,,
43617,45d7a85a-482d-44e0-91d5-36a19e7e7aa0,,,
43620,c4e73eab-58fe-4b02-aab4-52da54057e79,,,
43622,60b22986-cc18-40ca-900a-86cf66bb89df,,,[{'resourceId': '22ee47d3-23e5-4e7a-9efb-b6070fc49f6b'}]
43623,445ee50c-2f8d-450d-a2be-8703e2c490f3,,,[{'resourceId': '7c2e66eb-a7c4-4322-94e4-cc8430e27368'}]
43624,7c2e66eb-a7c4-4322-94e4-cc8430e27368,,,[{'resourceId': 'b7f7b388-b18b-41df-b257-d4e9c607842f'}]
43627,9a5f7a10-92b7-4308-8351-6d16d8809fb1,,,[{'resourceId': 'a7604eda-9a10-4d6b-ad28-adec4ddf9571'}]
43628,a7604eda-9a10-4d6b-ad28-adec4ddf9571,,,
43632,ae848320-6608-44ea-9bc6-9982e8e7ee71,,,
43633,1a0d7a9a-e33c-4069-94d2-43a6069286df,,,[{'resourceId': '37dad13c-9d36-47bf-98b1-62ae81ef62b5'}]
43634,37dad13c-9d36-47bf-98b1-62ae81ef62b5,,,
43639,96367416-7947-4df0-9f33-63c0e49bcb33,,,[{'resourceId': 'd69d020a-30ff-4912-b33b-a2e559f3e6be'}]
43640,9d006387-3225-48ab-ae9f-a9814c6abcca,,,[{'resourceId': '66d911c6-39ba-42fb-98f1-179b8b64891a'}]
43641,7dfb5a62-e348-44b3-bb83-33f246e98b4c,,,[{'resourceId': '66d911c6-39ba-42fb-98f1-179b8b64891a'}]
43642,66d911c6-39ba-42fb-98f1-179b8b64891a,,,
43643,ed9e0892-5912-4c1e-83f8-56d0296a9e43,,,
43644,8cb1d8bb-79bf-45e8-9b7b-49a052fed6ee,,,[{'resourceId': '78c21644-f48d-4d63-811b-c4ed87008880'}]
43645,78c21644-f48d-4d63-811b-c4ed87008880,,,
43646,c39b5713-ddba-45da-9fbe-5e0c49e92a4b,,,[{'resourceId': '13285ce0-b71a-4b6f-8e88-f7f09f25cf18'}]
43647,13285ce0-b71a-4b6f-8e88-f7f09f25cf18,,,
43648,a61ade0d-1b94-4ef0-8b17-e0bb893bd23d,,,[{'resourceId': '90eb21a7-22e5-4c3f-a716-cd0572ad5aba'}]
43649,90eb21a7-22e5-4c3f-a716-cd0572ad5aba,,,
43654,1e0273d9-6dae-481f-8d58-a4bf3977ab11,,,
43655,58c89e0f-b453-4783-816f-36efd197db96,,,[{'resourceId': 'f5fd8a43-97ea-472f-83f4-8c985d8e5468'}]
43656,3039c00f-437d-40a0-bb08-7c3641f31ba4,,,[{'resourceId': 'bbb3d1f3-f3e1-48c9-9c31-a4d0d9bc193c'}]
43657,9d03d72c-79eb-4346-b16e-4a50aac38267,,,
43661,32f08ab9-2f89-4bbd-8561-ceb1b1dd9cdc,,,[{'resourceId': '132c35d4-88f8-468a-8fa7-e7b0efbeb281'}]
43662,132c35d4-88f8-468a-8fa7-e7b0efbeb281,,,[{'resourceId': '4675fbc3-bdd8-40cd-98f9-1ae12fbd509f'}]
43663,8fc192ff-6fe9-4ba6-b248-f1e8a1ecbf57,,,
43664,3af6ae59-8f44-4711-aba2-dd5bbfc1d9c3,,,[{'resourceId': '8fc192ff-6fe9-4ba6-b248-f1e8a1ecbf57'}]
43665,a017f4c9-ccfb-441a-a167-a38ff960163d,,,[{'resourceId': '2cfbbe6a-9efb-4ae2-bf76-b5c977de7a82'}]
43666,0fd48e75-e28d-47ff-8711-2b23288ee477,,,[{'resourceId': 'c02f0477-994b-40ed-bf02-56b897af7f71'}]
43667,c02f0477-994b-40ed-bf02-56b897af7f71,,,
43674,830430bd-7885-4306-85b5-bd4d5d137cc6,,,[{'resourceId': 'bb907303-3813-4102-ab7b-461c6c7fc9f7'}]
43675,62f4c50a-c17f-4b38-9e57-7a72b1895f89,,,[{'resourceId': 'bb907303-3813-4102-ab7b-461c6c7fc9f7'}]
43676,8e3361ab-da59-45c5-9160-2d510a6f28d0,,,[{'resourceId': 'bb907303-3813-4102-ab7b-461c6c7fc9f7'}]
43677,bb907303-3813-4102-ab7b-461c6c7fc9f7,,,
43678,1532bf26-2248-4572-a793-93d4836c80b2,,,[{'resourceId': '68d4c6a5-3ec6-49bb-af6e-85323a11e054'}]
43679,c21df5a8-8c38-4964-bd83-11210f4e31c4,,,[{'resourceId': '4d1207a1-3362-47ad-8d5d-8253363532b1'}]
43680,4d1207a1-3362-47ad-8d5d-8253363532b1,,,
43685,2b3f95c7-8ccb-47b3-aacf-14b9913c9935,,,[{'resourceId': '4022b86d-ccaa-44cc-b4bb-a3bdeaf5584f'}]
43686,4022b86d-ccaa-44cc-b4bb-a3bdeaf5584f,,,
43687,af20a5f5-c7a4-4976-9876-c6cb34279f56,,,[{'resourceId': '4f264fa4-1b6f-4790-8906-e926573af5e4'}]
43688,89dca76e-5c0d-42d6-98eb-690ba7d613ec,,,
43689,2433c3a9-7498-4bd3-9b74-5cfaeda92333,,,[{'resourceId': 'e020bb77-e30f-4b4c-b931-afde48c90b21'}]
43690,e020bb77-e30f-4b4c-b931-afde48c90b21,,,
43691,2c39c25b-e4e3-4dfe-a5b3-7adcff9c2af3,,,[{'resourceId': 'e8600624-e694-4ceb-ad0a-9a90a91a316c'}]
43697,2cdf9ed0-4502-4184-b6fb-49ffc1c94e57,,,
43698,87d1c21c-7a3c-4d3c-a712-cb994421914b,,,
43699,627836f8-9be1-4170-b1ff-e9367c342fc9,,,[{'resourceId': 'd67f3de7-1c8c-4546-b946-a081e30458a9'}]
43700,d67f3de7-1c8c-4546-b946-a081e30458a9,,,
43702,5fcd4df6-95a5-49b7-b550-5917668700b2,,,[{'resourceId': '69b7961d-b6a5-4e2b-9c8a-e54d682c8c55'}]
43703,69b7961d-b6a5-4e2b-9c8a-e54d682c8c55,,,
43704,98602017-a93d-4a37-87ef-73e82646b2ef,,,[{'resourceId': '475c3601-0b37-47a8-b415-3552ae869e31'}]
43705,475c3601-0b37-47a8-b415-3552ae869e31,,,
43709,f4b408d2-cc40-4914-b306-c737c0538017,,,[{'resourceId': '4f5f0498-0881-427d-aa1e-94fe02c98ec7'}]
43710,4f5f0498-0881-427d-aa1e-94fe02c98ec7,,,
43714,cf3ce744-6d15-4466-b412-59de2d637e64,,,[{'resourceId': '25ec8e5d-e6a2-44bc-88a2-9dbb4e064563'}]
43715,25ec8e5d-e6a2-44bc-88a2-9dbb4e064563,,,
43716,9af20a06-d988-4cfe-9b92-343ae3aa12cc,,,[{'resourceId': 'd24b272b-7729-4852-933d-6ac99731b34e'}]
43721,ba1fa9ca-e6bb-445f-8e23-2c88dda750f1,,,[{'resourceId': '6ae21f9f-7bdf-49a0-8d39-b8a711028ad3'}]
43725,65024bea-0a14-4a88-a8f0-7e4c753f45c2,,,[{'resourceId': '2fc96b5e-4b46-4084-94b9-238ab981736a'}]
43727,bf171141-3511-474b-9a27-907d27084e3f,,,[{'resourceId': '2ba56929-c3d1-4953-8f69-06ad1cd14ee8'}]
43728,2ba56929-c3d1-4953-8f69-06ad1cd14ee8,,,
43729,c1e9e640-6cd6-486e-b0e2-53009f2c0e96,,,[{'resourceId': 'bf171141-3511-474b-9a27-907d27084e3f'}]
43732,2dfba0c1-9d7f-4359-bf13-1edf0b770312,,,
43733,05b6e868-7a9b-498a-9481-00b2e7252e2d,,,[{'resourceId': '4df7fd90-9798-4321-ac46-c06ed40b6a0e'}]
43733,05b6e868-7a9b-498a-9481-00b2e7252e2d,,,[{'resourceId': 'da1d5159-0501-4127-bb08-576b0aacbdae'}]
43734,a2c9039c-d3bd-4a1b-8f63-5f781ee2819a,,,[{'resourceId': '4df7fd90-9798-4321-ac46-c06ed40b6a0e'}]
43734,a2c9039c-d3bd-4a1b-8f63-5f781ee2819a,,,[{'resourceId': 'da1d5159-0501-4127-bb08-576b0aacbdae'}]
43735,da1d5159-0501-4127-bb08-576b0aacbdae,,,[{'resourceId': 'b642d3b4-1f30-4f3f-8e5b-936cc9def585'}]
43736,7cf30cc2-174e-494a-87fb-70af95384d1e,,,[{'resourceId': 'e4505a98-0ba0-48f1-a875-5e1ced0d7b77'}]
43737,e4505a98-0ba0-48f1-a875-5e1ced0d7b77,,,
43741,feb4221b-786a-4d9a-9c5a-9ae3c32b8831,,,[{'resourceId': 'b2b148fa-93a3-4e55-acfa-8f133634a4e1'}]
43742,b2b148fa-93a3-4e55-acfa-8f133634a4e1,,,
43743,297798ba-6165-49b6-a9fc-5c2b9ce91dc4,,,[{'resourceId': '1ccbcd86-51cb-4312-b781-689e5e583384'}]
43748,6b325363-4cd4-4211-b72f-28a2bf08f663,,,[{'resourceId': '49687ea2-0ed4-4110-9a92-d971fe2c6d60'}]
43749,49687ea2-0ed4-4110-9a92-d971fe2c6d60,,,
43750,0375cb76-a7d4-4207-987c-f430f0a83230,,,
43753,4d00d6af-5e83-4628-8c58-21543fe40a77,,,[{'resourceId': '7ba50af3-be11-4155-b084-3dd8887b82d6'}]
43756,7ba50af3-be11-4155-b084-3dd8887b82d6,,,
43757,09a1a80e-fa93-4b55-baae-803d19b0e81e,,,[{'resourceId': 'b2eba384-165f-4068-a673-162f7791e663'}]
43760,683044a4-0173-4c11-b2cb-a61e45dc94e8,,,[{'resourceId': '949f7029-923e-48b8-9a98-bafb1d036518'}]
43761,949f7029-923e-48b8-9a98-bafb1d036518,,,[{'resourceId': '37285b56-6202-461a-ad04-011aba2041c6'}]
43763,416fb526-c389-4f7c-8f90-4c56fa39bd0f,,,
43768,a9326489-c292-4a50-9ec4-b60df4cc98f3,,,[{'resourceId': 'cfb7d5b4-d322-43cc-8086-6394293d663e'}]
43769,cfb7d5b4-d322-43cc-8086-6394293d663e,,,[{'resourceId': 'c5336f88-1067-4c25-90d2-6547c6544f03'}]
43774,25b3cef4-54d9-49e6-9c6f-2f1f95e54b17,,,
43775,3b41a1f8-a2c5-407e-90c9-1d60435acfa3,,,
43776,f0b5c49d-e54f-45ae-b5f7-63707dbb83e5,,,
43777,6e135b4f-be19-440d-9816-e8cb45d6a7cd,,,
43778,3a4e2ce3-9ff7-41ab-af21-64e9b87b51b3,,,[{'resourceId': 'f088b231-d690-4999-938c-ec7f022a5b5b'}]
43779,f088b231-d690-4999-938c-ec7f022a5b5b,,,
43781,c5c4a306-11f8-4607-b0a5-8e0412bf3458,,,[{'resourceId': '69749cef-c84a-48e7-b43a-e6a79c9e7bd9'}]
43782,69749cef-c84a-48e7-b43a-e6a79c9e7bd9,,,
43784,bcacd631-cd48-4b49-80d7-a5ca6d3b6ef1,,,[{'resourceId': 'c15133fa-7dc1-418a-a9f6-ca537da21d34'}]
43785,c15133fa-7dc1-418a-a9f6-ca537da21d34,,,
43789,8778cea4-af65-468c-ba43-2fec70ef9273,,,
43790,a140bf78-8c12-441b-a01d-ac9e91c47011,,,
43791,f341c771-a7c9-4622-88d6-db1581e90dca,,,[{'resourceId': '9dc1eca5-d49c-4f75-b9b7-2e558606efd7'}]
43792,9dc1eca5-d49c-4f75-b9b7-2e558606efd7,,,
43793,4351950e-3464-4fad-ae91-9bb5c459ae33,,,[{'resourceId': 'caaa274d-5d3f-4801-8178-4bbebaaf69ab'}]
43793,4351950e-3464-4fad-ae91-9bb5c459ae33,,,[{'resourceId': 'f341c771-a7c9-4622-88d6-db1581e90dca'}]
43797,384b171a-14d2-4adc-81c9-9c8e8e993573,,,[{'resourceId': '3e3b4e95-d337-4d85-9154-0029f669175c'}]
43798,3e3b4e95-d337-4d85-9154-0029f669175c,,,
43799,2b40ba19-8c09-4c99-a6f5-1d3f05b0d2fa,,,[{'resourceId': '0a79917d-96f1-4343-a847-9716ea004002'}]
43800,c3ade9bf-f595-4cd5-8694-c0b41a8e9bce,,,
43801,83a6a305-1a99-4648-8859-8c66ac540d5e,,,[{'resourceId': '0f6e0117-5ed4-4da0-b4c1-dd22bc2308ea'}]
43802,0f6e0117-5ed4-4da0-b4c1-dd22bc2308ea,,,
43810,4ed6e3b9-7bf6-4ba6-82c0-ceaa4722c519,,,[{'resourceId': '406ed097-4b54-4762-b65a-f8675b0bfd6f'}]
43811,406ed097-4b54-4762-b65a-f8675b0bfd6f,,,
43823,409973dd-da81-4509-8af3-07770c9beb0d,,,[{'resourceId': '0c32fd75-e5e4-42d3-8293-cc0764c0bbbb'}]
43824,0c32fd75-e5e4-42d3-8293-cc0764c0bbbb,,,
43828,2650e771-a952-4cf4-8626-e852df52573a,,,
43829,67e4443d-a175-4db7-a42d-82a5e07fd2ba,,,
43830,7a7040a0-8906-4d33-8c2a-05bf1e28af87,,,
43831,01f54e4c-a595-43ed-bde0-925496d8ecc5,,,[{'resourceId': '2566cb8d-b4ce-42f5-a496-4c33e23edd28'}]
43834,95a0ab75-3cee-4767-80bb-41d6dc55c0c9,,,[{'resourceId': 'cee1ea9e-5a1d-4e54-a987-aa7282ee95eb'}]
43835,2566cb8d-b4ce-42f5-a496-4c33e23edd28,,,
43836,3b08e3d8-c56e-4837-b70d-3cad9b465424,,,[{'resourceId': 'f278065b-535f-4469-a71c-c83ec2acae40'}]
43841,7430d030-0375-4801-8704-be91dac2fa6a,,,
43842,0364f9cd-42fd-4a3b-8470-2800b0862399,,,[{'resourceId': 'f2610c94-cc86-496e-978e-cdd3ff44b89a'}]
43843,f5aed211-5ccb-4e40-bf7e-ccdfd1ba0347,,,[{'resourceId': 'cc38ff33-b6e4-412c-b98e-aa238c703b9f'}]
43844,cc38ff33-b6e4-412c-b98e-aa238c703b9f,,,
43846,ddb627d1-3d0c-4df8-bdd4-56e418a06665,,,
43847,7406ef3a-2e3e-41d2-925f-c2df3fa02e5c,,,[{'resourceId': 'af51b905-387e-4636-825a-17fd1023b47a'}]
43848,af51b905-387e-4636-825a-17fd1023b47a,,,
43853,dd5638e6-5782-4641-87db-a8c00e5064a9,,,[{'resourceId': 'feb61a13-3f25-4206-8fb7-f9fec14f4ad7'}]
43854,a4fd57b0-c7e3-4909-bd81-e96ac21c7f55,,,[{'resourceId': 'a50c924e-09e2-4296-82f4-8474bcdc56aa'}]
43860,69224bd5-e14b-441b-b200-fa0169e4104f,,,[{'resourceId': '5c0139d9-1c9d-4818-b66c-524b80a6851e'}]
43861,5c0139d9-1c9d-4818-b66c-524b80a6851e,,,
43872,966a3707-23a3-48a9-ad5d-57d6781e038f,,,
43873,335385ce-1d45-4aca-b5f3-61f510fc573b,,,[{'resourceId': '966a3707-23a3-48a9-ad5d-57d6781e038f'}]
43875,29b6268d-33df-4a50-a483-98813a932e56,,,
43877,7ca9b63e-3d25-4d8f-b102-fac4dc8d61a8,,,[{'resourceId': '407290e6-7ec1-492e-aa6e-61c97c93ffef'}]
43883,977b423b-9b3b-47ac-95ed-7b2bae01a75e,,,[{'resourceId': 'bac3b170-437e-4d00-ac2d-6697367cb16e'}]
43883,977b423b-9b3b-47ac-95ed-7b2bae01a75e,,,[{'resourceId': '437c0fc4-861e-4333-870b-ce5116e11246'}]
43887,002d930a-eaa1-47f3-b157-7acd9a5014d7,,,
43889,32b04233-8899-4ddc-ad0f-5c5a19667446,,,[{'resourceId': '8f6f4a45-76dc-485e-94ea-784f50a7f25f'}]
43890,7308921e-836a-4b44-ba0e-fcf86568f399,,,[{'resourceId': '4f8bcf59-e8f0-40e2-8027-ca219211dda7'}]
43893,132ef4e5-6e00-4229-af3e-29956bbf2d24,,,
43901,81f5e9c1-2a48-4032-bd80-91d5d6b7ff8b,,,
43906,7fc86139-ede7-4dca-ab19-2388545c9268,,,[{'resourceId': '1138c700-ba51-4bbb-8890-add2428f5efa'}]
43907,1138c700-ba51-4bbb-8890-add2428f5efa,,,
43911,aee413cd-ab1f-4b71-ba60-5eb06c42b62d,,,
43914,3a375a13-16ba-4e50-8936-1aef2b52d696,,,[{'resourceId': '9087c230-8492-40ac-945f-f2f707679a48'}]
43915,7d1d9eec-dacb-4c2a-ad62-4ebf735a50f5,,,
43916,c565f708-0f4f-415c-9ced-acc13e6eee66,,,
43918,8f9731b2-6d31-43a5-bd66-327b5bdf77b7,,,[{'resourceId': '87fc5f44-d04d-4672-a1fd-f315fadde246'}]
43918,8f9731b2-6d31-43a5-bd66-327b5bdf77b7,,,[{'resourceId': '8ad3b95f-9a9e-4c1b-8d0a-177ff290374d'}]
43920,deb27d19-7bd4-43fc-b467-23e72941da83,,,[{'resourceId': '99bef38a-a2b3-4009-9951-5b40d195e614'}]
43921,b42e3fb2-cf42-4671-8b75-1c2a630d1e53,,,[{'resourceId': 'deb27d19-7bd4-43fc-b467-23e72941da83'}]
43922,d5ee645a-267f-4da9-8cdc-981ac51fff11,,,[{'resourceId': 'bd4cb30f-132b-49d2-bf37-091a96d59f19'}]
43923,15ffc891-c518-4048-be25-821027b1869a,,,[{'resourceId': 'ba915572-738c-479a-a475-72d94e5081a3'}]
43923,15ffc891-c518-4048-be25-821027b1869a,,,[{'resourceId': 'ea768a66-b33b-4e27-9397-c68f46b1d273'}]
43924,d60ad617-41d6-4c2b-a075-7b3aa669ef93,,,[{'resourceId': '6414e919-60d9-4969-b4ee-3bc9593412c0'}]
43925,6414e919-60d9-4969-b4ee-3bc9593412c0,,,[{'resourceId': '99bef38a-a2b3-4009-9951-5b40d195e614'}]
43926,9e2f98e8-f6b1-43bc-bda7-94306ec19f51,,,[{'resourceId': '66eddfc1-315b-4181-8701-780d2545ee27'}]
43927,66eddfc1-315b-4181-8701-780d2545ee27,,,
43931,6aaf18b7-607c-4775-9f34-d59d61fb4338,,,[{'resourceId': '5e7728f3-d33f-4802-bef0-86447b59a47c'}]
43933,1d79271c-f668-4a32-8ee5-e832d5d1e011,,,[{'resourceId': 'c5336f88-1067-4c25-90d2-6547c6544f03'}]
43936,6b6f5a09-f114-45ec-abff-4970a1d962ea,,,[{'resourceId': '327bfccd-47ce-4cf9-95c0-781f87ff6f14'}]
43945,fbd0169a-e42f-4d43-a69b-7ac457f14e79,,,[{'resourceId': '645fdf5d-3f10-4655-aa83-03f7cfb5ea46'}]
43946,645fdf5d-3f10-4655-aa83-03f7cfb5ea46,,,
43947,04b2a17b-a9f4-481e-866d-91456a0170be,,,[{'resourceId': 'cd7b9065-9bb6-4af1-b92f-d494cb80dba9'}]
43948,cd7b9065-9bb6-4af1-b92f-d494cb80dba9,,,
43949,c2bb17c4-7da3-42a6-a2d0-05019a67125d,,,[{'resourceId': '906d8755-2a42-4df1-80b2-3c196d972572'}]
43950,906d8755-2a42-4df1-80b2-3c196d972572,,,
43956,488bdeb3-e415-4b2c-9591-68547001ce31,,,[{'resourceId': 'ba266e82-6832-4457-a72f-6a5a73cb4c90'}]
43957,ba266e82-6832-4457-a72f-6a5a73cb4c90,,,
43963,db07c72b-bed7-4995-b06c-607a8a874fde,,,[{'resourceId': '01cf9e4e-bd63-4a1f-9cac-26b27fed7761'}]
43964,01cf9e4e-bd63-4a1f-9cac-26b27fed7761,,,
43965,9a3826d6-40ca-4ae7-a716-41d68cd61e09,,,[{'resourceId': '7ca8395f-a8f8-4446-843d-80edd1033635'}]
43974,a39ee110-1e7e-4742-82b9-a001d01359e7,,,[{'resourceId': '186548c5-c0c6-4643-a0eb-a0fbe982d4fd'}]
43974,a39ee110-1e7e-4742-82b9-a001d01359e7,,,[{'resourceId': 'ebe78b8e-2bf0-493a-9a54-ff23e708c52b'}]
43976,9e950f07-db69-469b-b187-c4ee75ea7de5,,,[{'resourceId': 'ebe78b8e-2bf0-493a-9a54-ff23e708c52b'}]
43978,e8815806-ec26-436d-8288-e84863093bea,,,[{'resourceId': 'a6bee7ce-4137-4e8f-be33-08c28ccf45ec'}]
43978,e8815806-ec26-436d-8288-e84863093bea,,,[{'resourceId': '9e950f07-db69-469b-b187-c4ee75ea7de5'}]
43979,98c7f278-8c6d-4746-be57-666cfb9d63f3,,,[{'resourceId': 'cfb7d5b4-d322-43cc-8086-6394293d663e'}]
43980,d53aac4c-f723-441b-b562-e40a6da34654,,,[{'resourceId': '7a02ffa6-6513-4a78-b301-a55bc207fb9d'}]
43980,d53aac4c-f723-441b-b562-e40a6da34654,,,[{'resourceId': '1cc0f964-11ec-426b-8c1f-c8938d87c89a'}]
43981,4fd5dc8c-b310-4fc9-bd97-2ad511d12212,,,
43984,4990e1cb-fea0-4475-83ee-365cb555b117,,,[{'resourceId': '5bfc7bb3-caef-44f5-856a-8373667006ed'}]
43985,172ad85c-8498-42ee-b31d-b0a0f3ac264f,,,[{'resourceId': '1a04d7c0-861b-4d2e-804d-cdb8324d9739'}]
43991,da8e5548-1a13-49d2-bdba-34687d612f8f,,,[{'resourceId': '794f5cbc-6a34-4345-9a68-078b4ddd4e9d'}]
43997,4bf605bb-feb8-40fc-95ec-a67d543f1226,,,[{'resourceId': 'd1ab830a-5a28-483c-bfdd-0b74375343f5'}]
43998,d1ab830a-5a28-483c-bfdd-0b74375343f5,,,
43999,e4a3024c-21af-4a4c-8580-cc5627ccd77f,,,[{'resourceId': 'e7a70b26-8053-44b1-92e1-3594a8a65666'}]
44000,e7a70b26-8053-44b1-92e1-3594a8a65666,,,
44004,8172d736-925b-4bdc-949c-f423b044c41d,,,
44006,454fb21a-061c-4238-92ea-3ec21a3a26c9,,,[{'resourceId': 'ba871e84-326e-4426-a993-7dc6d85ae217'}]
44007,a698e028-1d1c-4148-ac46-c098af0b4b19,,,[{'resourceId': '8695ec28-3526-4ba1-a51b-efa5d2c24c7d'}]
44010,c572cd85-8fe4-4fe3-9be3-d92164fe8958,,,[{'resourceId': '947346da-62ba-481f-863c-b10a217f63a8'}]
44010,c572cd85-8fe4-4fe3-9be3-d92164fe8958,,,[{'resourceId': '628cbee7-f487-41c8-83a9-b4993f5bf78e'}]
44011,1fe8f67c-0e4c-4a4a-99b4-dd74734815f1,,,[{'resourceId': '908b82a9-daff-442f-9580-5678deb6c3f0'}]
44012,908b82a9-daff-442f-9580-5678deb6c3f0,,,[{'resourceId': '3cf723e4-11e8-4d1a-99d1-c4734558194f'}]
44013,703fad28-9881-417b-a92e-7944ef292230,,,[{'resourceId': '1f03f34c-120b-48a1-959d-12a36e208604'}]
44015,0cd78539-5931-425e-a613-c09f1cfb482b,,,[{'resourceId': '2a3759cd-6589-49dc-914a-b109c25772b3'}]
44015,0cd78539-5931-425e-a613-c09f1cfb482b,,,[{'resourceId': 'e5d9e907-2265-456a-8a16-688ccb1cf254'}]
44016,32057d93-f26a-4f26-b8b7-49520e1c6fcb,,,[{'resourceId': '563231ec-6951-4698-aa96-2551dd677905'}]
44018,43d3a4ae-5170-493b-ad9a-8bcf481a5b8f,,,[{'resourceId': 'c0542d48-e274-4ff1-8ede-d5390a89d05e'}]
44019,c32a53ac-c018-43b1-a5d8-a415a85931f8,,,[{'resourceId': 'd9ce5c97-53a0-4666-9b2c-a60b6e7ee589'}]
44019,c32a53ac-c018-43b1-a5d8-a415a85931f8,,,[{'resourceId': '98856964-000b-44dd-93ce-515b7d947a62'}]
44021,ca400cb3-5d13-4fab-8586-304e20c6b60a,,,[{'resourceId': '0e20735e-a2f9-4cd9-b269-764d8c55303c'}]
44022,0e20735e-a2f9-4cd9-b269-764d8c55303c,,,
44023,d100a1e3-1350-4603-8208-d4a574fe542d,,,[{'resourceId': 'f24dfd4f-e2c7-475f-884f-efbc3746ea1c'}]
44024,f24dfd4f-e2c7-475f-884f-efbc3746ea1c,,,
44028,55f553cf-b755-46d6-8ba1-86833bfa81e3,,,[{'resourceId': 'c5d767dd-6328-4c84-81ad-4cc84653ac88'}]
44029,3bfec6ee-347a-4553-aee5-46e2123b9d1a,,,[{'resourceId': '04be77b1-74e7-45cf-8ee2-60f193fcf873'}]
44030,c5d767dd-6328-4c84-81ad-4cc84653ac88,,,
44031,42a0f0c6-4ab6-4372-875e-72164d36bcb9,,,[{'resourceId': 'a31b1542-0c20-434c-969f-1527eff126df'}]
44031,42a0f0c6-4ab6-4372-875e-72164d36bcb9,,,[{'resourceId': '55f553cf-b755-46d6-8ba1-86833bfa81e3'}]
44032,9e9ae4a0-0340-4822-b618-26e86f5e7b48,,,[{'resourceId': '4ae34153-5001-45e3-b445-92805b61eef4'}]
44035,afb83514-3d58-4534-b59a-222f6ee215e2,,,[{'resourceId': 'e4d07203-2fa4-47b8-8861-31f2c5e3c7a8'}]
44036,e4d07203-2fa4-47b8-8861-31f2c5e3c7a8,,,
44037,8ab0bd06-10a2-4cd6-8a64-985e8af21438,,,
44038,323ef974-4976-44e3-b2ef-314bcdde9737,,,[{'resourceId': '8ab0bd06-10a2-4cd6-8a64-985e8af21438'}]
44040,367e6f0e-c550-495b-a0a4-a08f396b4483,,,[{'resourceId': '30342f64-a7ef-4e9e-b745-531422ac95ec'}]
44043,8fe6800e-191c-4667-a62c-19877066b7e4,,,
44057,ce673e6a-9b11-4f46-8067-df585b741687,,,[{'resourceId': '48bd201e-0d31-4ad6-875e-9f21c5c7fadf'}]
44058,48bd201e-0d31-4ad6-875e-9f21c5c7fadf,,,
44060,b16711b1-f553-4f4d-83f4-9237ac2a24ad,,,[{'resourceId': '87907696-fbde-448e-9789-b1d8a2a89670'}]
44061,87907696-fbde-448e-9789-b1d8a2a89670,,,
44062,5951214d-19b2-473b-b6a7-03821f5d7e4d,,,[{'resourceId': 'bcda5aac-81ee-4b43-a95e-2dde266c680e'}]
44063,bcda5aac-81ee-4b43-a95e-2dde266c680e,,,
44070,d36ad9d9-d121-4322-8669-967ccee33e0b,,,[{'resourceId': 'e4c782ba-9f11-4105-8c76-e6e82f7b3ff4'}]
44071,e4c782ba-9f11-4105-8c76-e6e82f7b3ff4,,,[{'resourceId': 'd5603967-03ea-4a89-a2b9-8945c83522b3'}]
44071,e4c782ba-9f11-4105-8c76-e6e82f7b3ff4,,,[{'resourceId': '20fc43fb-1fea-4979-a566-66879760efd0'}]
44072,f16d7354-3223-426d-b556-6fddc39920e3,,,[{'resourceId': '2d836110-2ac4-4e47-9fb2-e32aec669e6c'}]
44074,694a7e5e-31a5-497a-b16f-acb56d326288,,,[{'resourceId': 'ae81119e-5f8b-49d5-95c4-6f917ba6a8f5'}]
44078,9818386c-a1a4-4206-9690-680fe2fa58c3,,,[{'resourceId': '004584f7-70dc-4b0b-a358-bd7f5d844738'}]
44078,9818386c-a1a4-4206-9690-680fe2fa58c3,,,[{'resourceId': '74547ef0-036e-47a8-9b0e-a2138b430ec1'}]
44079,78529ac6-8522-457f-95f7-c81c8258760d,,,[{'resourceId': '004584f7-70dc-4b0b-a358-bd7f5d844738'}]
44079,78529ac6-8522-457f-95f7-c81c8258760d,,,[{'resourceId': '74547ef0-036e-47a8-9b0e-a2138b430ec1'}]
44080,c8af07e1-d9e0-4ec7-9e5b-e20cccdea7e5,,,[{'resourceId': '004584f7-70dc-4b0b-a358-bd7f5d844738'}]
44080,c8af07e1-d9e0-4ec7-9e5b-e20cccdea7e5,,,[{'resourceId': '74547ef0-036e-47a8-9b0e-a2138b430ec1'}]
44082,e844e923-bfe7-4558-8afd-8546120e3255,,,[{'resourceId': '7b64d42a-0df7-4493-90a9-a344f7b5ce8b'}]
44083,7b64d42a-0df7-4493-90a9-a344f7b5ce8b,,,
44084,bca84463-1dc2-464d-aadc-8d17b0147efe,,,[{'resourceId': 'c83274f7-e81b-40cd-8159-02f8bb762659'}]
44085,c83274f7-e81b-40cd-8159-02f8bb762659,,,
44089,5a00660e-9acb-4c9e-8f9e-cf0ea2ac593e,,,[{'resourceId': '7f6a08e2-d360-42fc-8a3f-5545cd47dbe0'}]
44091,2d7977ad-c5bb-45b7-b6e5-67d2e65bd2f9,,,[{'resourceId': '6b56d9eb-97c0-4701-afbe-b707d185cbb5'}]
44103,fa1bcf0a-6484-4b1b-a1fc-eaf2b8b463d9,,,
44104,1b804bfc-05c7-454a-9f66-75e7cb0dd4b2,,,[{'resourceId': '42424267-057c-4969-b7f8-b91382809479'}]
44105,42424267-057c-4969-b7f8-b91382809479,,,
44107,027753c7-6209-4f4d-a875-3f74cfbc8dd3,,,
44108,a0a654ce-9f0e-4678-ba3c-2e8569cd538b,,,
44109,ec501e17-5c67-4b26-8de1-682f6da450a6,,,
44111,f8fc78d3-6f43-414a-bf6f-e96172b271d3,,,
44112,0f8173c5-9ac8-436d-9e89-a1da84b93dd6,,,
44114,65670373-e678-4d42-8ba8-6fb2bb95fba5,,,[{'resourceId': 'b41c49b6-55fa-45fb-a261-f698eaee807a'}]
44115,b41c49b6-55fa-45fb-a261-f698eaee807a,,,
44116,5cb82563-63be-45ac-a5c8-380622921695,,,[{'resourceId': 'ed81d42d-9592-438d-89f5-bbbb2278b10e'}]
44117,ed81d42d-9592-438d-89f5-bbbb2278b10e,,,
44121,a42d84ea-dd3d-4137-9704-773fb6fabce4,,,
44124,8bc07450-665d-4adf-8e32-cfdce047a09b,,,[{'resourceId': '2e890907-7e67-4150-87c1-57caa460e68d'}]
44129,2aae2927-954f-4605-8174-6fdc5c9ceeb3,,,[{'resourceId': 'b05da8d6-47dc-416e-9929-4865624fe3e8'}]
44133,dbc8f547-a98f-4792-801b-dac1555eba01,,,
44136,ee5c6531-31ad-471a-b74e-0c8495c74346,,,
44138,566d0883-e21a-4e1e-bf28-0dff008986bf,,,
44139,20128a48-1081-44db-9aca-0994cf90010c,,,
44140,c5ee6aaa-58c8-4c34-a22d-9a0f650fa083,,,
44147,27e157eb-ce85-42ee-8128-0090768515c1,,,
44148,5191839b-039c-4f6b-9f94-0f3d03233ffc,,,[{'resourceId': 'fd11e1ac-48eb-41e4-837f-4d038183972f'}]
44149,fd11e1ac-48eb-41e4-837f-4d038183972f,,,
44150,9572ec33-7c70-4fa7-a286-bf0b468dada0,,,
44154,1814dd9e-edbf-4401-a283-3fec7630c8e3,,,
44155,1edb077d-9eda-49eb-aaa7-eb371715db73,,,[{'resourceId': '7d24fa3d-6606-4d03-a0a3-a172faaa4adc'}]
44156,7d24fa3d-6606-4d03-a0a3-a172faaa4adc,,,
44157,18c651dc-b024-41bf-baa0-d4f5e4e8d084,,,
44158,de8f2a1b-3908-4f9d-848f-2fd0ca51b634,,,
44161,22f1cc7f-d725-4a96-bdbd-d2abb80f5521,,,
44162,e1ea8b75-7701-4641-8c03-2d98c67f818a,,,
44169,014d3af8-bde3-4319-b40e-1d6c4ab209d1,,,[{'resourceId': '985a4740-eb4c-4577-901b-6a3a80240953'}]
44170,5ef5310d-3f1e-45b4-a4ce-2e435d4f0554,,,[{'resourceId': 'c5ec2026-309f-4be4-89e4-5bc1f4c6d5ed'}]
44171,c5ec2026-309f-4be4-89e4-5bc1f4c6d5ed,,,
44172,71607e55-1e03-4623-9e2f-5714a3cbda1b,,,[{'resourceId': 'aab2cd74-8157-4c61-aead-12503e9a7b6c'}]
44173,6493e667-ea2d-466f-a366-f8fb3a0ee669,,,[{'resourceId': '575692e3-8414-4eda-a32a-40c3d126adb7'}]
44174,575692e3-8414-4eda-a32a-40c3d126adb7,,,
44175,2bd812cb-f435-4808-aa0d-26a45082c702,,,[{'resourceId': 'e0ac534b-9f2a-412d-bc2f-872d75aa32b0'}]
44176,e0ac534b-9f2a-412d-bc2f-872d75aa32b0,,,
44179,d5aa4345-f1b4-4394-a94e-3725801f5576,,,
44181,d0251edf-c1db-42fe-b218-56cc1607afcb,,,
44182,098c2996-08c4-4520-bdfa-8de18c0ba2f3,,,
44183,3e4d3cc4-16ad-4053-a138-384c584b670b,,,
44185,f92d5c5b-7140-4dc4-b709-9638df5017e3,,,
44188,ac934287-4b3f-4c0b-93bb-0a49d51e8b34,,,
44189,da86964d-5486-494c-98e2-5d608982b518,,,
44190,8baa01af-4e12-422c-8d4a-e417e9e56355,,,
44194,244de55c-bf29-4daa-b209-f9a1ca4f957e,,,
44195,48f6c039-f05a-45dd-a896-359d42db85cd,,,[{'resourceId': 'a0c3cf9f-3158-40e2-9f5c-eb062b741aeb'}]
44196,06059e88-9d1b-466c-a434-f499d694f669,,,
44198,d726ecc5-dd5b-4fac-ad2d-516013cfc64a,,,[{'resourceId': 'e4e34eae-a895-4795-a136-37bba922d2d6'}]
44199,e4e34eae-a895-4795-a136-37bba922d2d6,,,
44200,94486823-6158-4409-9bcb-3acb09399553,,,[{'resourceId': '26c4bd89-1463-4a4f-b1fb-6cf6e2f44ec0'}]
44201,26c4bd89-1463-4a4f-b1fb-6cf6e2f44ec0,,,
44202,a0c3cf9f-3158-40e2-9f5c-eb062b741aeb,,,
44203,b57fadc9-beb9-45a1-a4a2-9bbee666cb69,,,
44205,840f9cf2-549e-4e39-837a-d57658defa80,,,
44207,82f9b013-3ac1-4b96-9c2f-c685d801e331,,,
44209,34f884c1-f40a-491a-ac2d-746236ac9804,,,
44210,10446d46-6194-4349-b797-d6ff8b06ea77,,,
44211,b0c25073-ef12-464f-9815-3a5547da5a83,,,
44214,c5f47554-a718-40f4-bdf6-732abcff870e,,,
44219,1185dd9b-8db2-48fa-8a0d-42c952f2410b,,,
44220,885fe439-cead-4c30-95fd-326c2db70f9d,,,
44221,74d0a110-a70e-4009-a9db-79057ae0f19b,,,
44222,fee95350-419b-4c8b-82b3-b62d06592f1d,,,
44223,7666d7f4-ed10-4ec6-802e-7ee73b2baa5a,,,
44228,e0d4af85-a33a-4ecb-8ae2-0c0a4893904b,,,
44235,b2065d3e-cb6d-498f-bc88-8003f84478a4,,,
44236,ca0ba566-cf2d-463e-9504-155a6ad2ae0b,,,
44238,f1d5ab2d-d6fc-4e8d-b3f3-1c46991e4300,,,[{'resourceId': '6b4376c7-8d44-4ff4-a189-b7dddd78bbff'}]
44239,6b4376c7-8d44-4ff4-a189-b7dddd78bbff,,,
44244,0839a2cc-a42c-4446-9330-67520a89fc90,,,[{'resourceId': '264c321b-5af1-473e-bfcf-fe0eff598c7c'}]
44245,264c321b-5af1-473e-bfcf-fe0eff598c7c,,,
44249,fa33fcdc-4a14-422a-8797-d6cb8f7ad9de,,,
44250,8e72bc0f-84c1-4e5b-8092-930fc7049d63,,,
44251,8b62106b-9f2b-4156-8307-070a8802cc44,,,
44252,e1edcab3-f5bc-4724-b2be-34fa684484f8,,,[{'resourceId': '5c07e0b4-6a98-48f2-83ad-6e6ffebbea25'}]
44253,5c07e0b4-6a98-48f2-83ad-6e6ffebbea25,,,
44255,ac783136-0866-4d44-b445-a492f7367880,,,[{'resourceId': '064f8103-d6d5-4c79-aace-29555524951b'}]
44256,064f8103-d6d5-4c79-aace-29555524951b,,,
44257,a5601551-e5de-4a9b-b005-0a3c3c8581d5,,,
44258,0b29341d-8511-4a09-a858-06bf5b598627,,,[{'resourceId': '9ba2d96b-bf9f-460f-b38d-538b5b04a249'}]
44260,73e3ee62-f39d-4d5e-a988-cace51491d38,,,[{'resourceId': '786d81bb-787c-4b62-9507-eb594bbb9984'}]
44264,786d81bb-787c-4b62-9507-eb594bbb9984,,,
44266,d1004978-f7fb-48a0-b576-61656dd31383,,,[{'resourceId': '91209e01-96fd-46c9-a595-6ff072ee2a59'}]
44267,91209e01-96fd-46c9-a595-6ff072ee2a59,,,[{'resourceId': '2919dc7f-95cc-41bf-846a-cf4e1ef54676'}]
44268,fdc63457-2dfa-42c0-be6c-b8dfcc2cfc96,,,[{'resourceId': '91209e01-96fd-46c9-a595-6ff072ee2a59'}]
44272,a9643963-3ec7-4da2-9aba-1bb0ed49a39b,,,
44276,315dc84b-3960-4a59-b762-9a72a30b8ee2,,,[{'resourceId': '67a0353f-a18f-43b8-8ca1-9f03988d458c'}]
44277,67a0353f-a18f-43b8-8ca1-9f03988d458c,,,
44278,4be63908-a13e-46fe-832d-c08a2106e85d,,,[{'resourceId': '58c3fd09-293c-4aff-860d-6471d7f8aaa8'}]
44280,037edd5c-f8b9-4aec-bea7-e40385773ec7,,,
44285,8d9650a2-b047-4822-99f2-4af8e573b5a0,,,
44288,ad3404e7-90dd-4cc5-a5dc-1abbe699bd19,,,
44289,6580d157-dd98-4816-8480-abeb4576eb37,,,
44290,29677dd1-4110-494e-a6ce-5bdb3bbb6851,,,[{'resourceId': 'e6ff69bc-502b-4c92-af9f-6fcec806d780'}]
44291,e6ff69bc-502b-4c92-af9f-6fcec806d780,,,
44292,36cb53db-5918-46fa-8ec1-f0161759782d,,,
44293,465e7e7a-aa1a-4151-a370-b9601f5e3834,,,
44294,114c0640-b058-49c4-9f73-1446f7ef9c80,,,
44295,3784bd4d-1896-4c20-9a25-fbe46070dc1d,,,
44296,fa59b48a-a177-44fa-8017-372730368527,,,[{'resourceId': 'd28a15fd-2e71-4eb6-9c92-b763d997d6a0'}]
44297,3c1004f5-17ea-48f3-b71d-9b847ab7ee71,,,
44299,470468d8-44b2-4288-8d3d-652f4c3fb06c,,,
44302,f53bc9c8-b838-4629-8ea9-a52ecafdbf63,,,
44303,c47c53f4-c98a-4b30-918f-375ae28a53f9,,,[{'resourceId': '52d3aabb-a8fc-4a87-b273-72903c363da0'}]
44304,52d3aabb-a8fc-4a87-b273-72903c363da0,,,
44305,d43bf646-1192-41ca-9c29-b6442e54d568,,,
44307,277b6918-a2af-4269-b6e8-fdc007ea59bf,,,
44308,f1710af7-12d2-468b-afd2-f1bbd746b017,,,
44310,16832a1a-4797-4a40-bac1-3ee77b278df4,,,[{'resourceId': 'a50bfd2a-c065-4461-adff-dcd4a3a61e24'}]
44311,a50bfd2a-c065-4461-adff-dcd4a3a61e24,,,
44312,14d9c9b5-fca3-4282-8b1c-4135a3aec7d6,,,[{'resourceId': '85c01911-03e1-4532-a375-6bfd38dc2c4d'}]
44313,51328167-3c5c-4834-b4b4-cedb065bfafd,,,[{'resourceId': '2b48ff83-43d0-45bc-a0cb-fd84513bd4f2'}]
44317,2b48ff83-43d0-45bc-a0cb-fd84513bd4f2,,,
44318,030bc94d-1379-4d42-af29-b5c0a9b1b8a0,,,[{'resourceId': '7f7a863a-97c3-4545-9081-c5021837cfee'}]
44319,a73f9318-34cc-46e9-9c28-91909c0404a7,,,
44321,58669c27-e5a6-4a2e-baf8-3afe62c5be9f,,,
44323,65da6e67-a634-49d5-ab58-d85fedd86a3f,,,
44324,105cc42a-dad4-4b86-8c30-1ab272bc48b0,,,
44325,6162e892-2834-4831-9e9a-9a94c14d3e37,,,
44326,bfcdf94e-d5f9-4d1f-9825-03e2cfe5dab4,,,[{'resourceId': '25635511-4b15-4d65-8579-a69a6494c774'}]
44338,825558ad-9718-48f4-8057-8ceb4135e90d,,,
44340,9e1aac56-a4aa-496b-8b57-ae5c53d5ce3f,,,
44342,c040f31a-96ea-467b-a896-308c86651243,,,
44346,0112b25a-20f6-471f-9fd1-14553f7d4d50,,,
44347,117f64dd-1f6a-4924-9ef6-1491df1de19d,,,
44348,4ceea0da-6feb-42c9-b355-f9ea105f204c,,,
44349,1dcaa040-83f4-48cd-b0c8-202ed9c2202d,,,[{'resourceId': '4ceea0da-6feb-42c9-b355-f9ea105f204c'}]
44350,479fc511-4673-4a99-b72d-f484fd804814,,,[{'resourceId': 'f4071a23-8e73-4ac1-85ba-8f1a9ac2325a'}]
44351,f4071a23-8e73-4ac1-85ba-8f1a9ac2325a,,,
44352,ccb6efa2-4966-45c1-a323-d9746a266f71,,,
44356,5f09bb36-6166-45df-8f32-606152a14a8c,,,
44357,592beb7f-961a-493e-b9ea-8c0493b0d39c,,,
44358,8fe91c15-9c52-4343-aab0-41d02a9e71b2,,,
44361,16b0009c-5c11-44bc-b78d-cd3cf1d38eda,,,
44362,058a1ca0-36c4-4eff-8bce-d77f415c05ff,,,[{'resourceId': 'c227b6e2-12f9-41b2-8900-2092ff734169'}]
44363,c227b6e2-12f9-41b2-8900-2092ff734169,,,
44378,cd06e261-7d5a-4a17-bee3-9e4435dbf017,,,
44388,ba44ad2e-99d5-4674-9875-20cb3efa16ef,,,
44479,8e6e9748-ad49-4eab-be48-abfb0a7ff66e,,,
44480,f2a71106-02ed-47c0-b469-c75ae53262d6,,,
44489,e95b9873-667a-491c-94aa-274f3ede2ac2,,,[{'resourceId': '2122e163-b9e5-4fd1-9e7a-d8cf363ffeb1'}]
44490,ddabdf2d-5f61-4d8e-bb50-0b14c0d639d1,,,[{'resourceId': '2ac42bc0-8985-4796-bec4-849d12075d40'}]
44491,6f122097-1d97-486d-a438-eda243028225,,,[{'resourceId': '0dabf582-d68f-4f8f-b6ba-6ca7f9442272'}]
44492,5ac5b392-433c-4f6f-878d-6d25557b30c0,,,
44493,f5b07054-a5fc-498d-8cef-e9cd26d5eada,,,
44494,92098a5a-10b0-4e00-b18d-d1c18cab93de,,,
44495,e36dbff8-35a1-459f-be89-b33621040fcc,,,
44496,c04113e3-af7f-42b7-a9f5-7749171feda1,,,
44497,0e74a8ef-f3a2-46bf-ba0a-31f35d731eb0,,,
44498,5d8ce1bc-8088-44e5-baa0-7eb6a70310e4,,,
44515,b5b7d735-84b7-4102-8bfb-2af535e42674,,,
44516,fd8f9337-d000-4960-9e2e-24f5908071ce,,,
44517,ead65b40-917c-418d-9e1b-d4ea20aec435,,,[{'resourceId': '86e24eeb-15be-4a66-afac-4160f5832b1e'}]
44518,86e24eeb-15be-4a66-afac-4160f5832b1e,,,
44519,6824c5c2-223e-47c5-9ed0-ea22f48543c4,,,[{'resourceId': '2d7861ee-668d-40bd-a6e5-4fa0b062acbd'}]
44520,2d7861ee-668d-40bd-a6e5-4fa0b062acbd,,,
44536,fe9580c7-e497-4588-9295-5d330ed482d6,,,
44538,dcbdc5ea-4182-4072-820a-aef7fff4e337,,,[{'resourceId': '357f6203-4c7d-4225-9953-92eaefa2ce53'}]
44539,357f6203-4c7d-4225-9953-92eaefa2ce53,,,
44541,8df33140-2c80-4bca-9df7-bf096352dfb6,,,[{'resourceId': 'aed6470c-6600-413e-a927-4fb845ba095e'}]
44542,aed6470c-6600-413e-a927-4fb845ba095e,,,
44584,38685ba4-276a-4c05-a8d0-1a0b09d90e39,,,
44585,1e7512c7-c22d-473a-81a9-5a74385b09a4,,,
44586,8814f46e-31e9-4aac-940a-7411943f1643,,,
44587,cfadc1f5-64d6-460a-92f7-dc70a4d41b29,,,
44589,23eb1ce5-b277-47fb-a7a7-c20839f386db,,,
44590,84cee55d-7e15-4118-a2f8-f738ceeead6e,,,[{'resourceId': '4a3c05f6-fe29-4727-b332-cfc3027e90c1'}]
44591,4a3c05f6-fe29-4727-b332-cfc3027e90c1,,,
44596,64168ed6-b851-4761-a308-9e54b01fd7bd,,,
44604,9b2f74bd-0c56-4f36-aa11-1a9862f2a70a,,,
44609,42dec67f-1d45-4be9-bb9c-f8cdef54e115,,,
44610,4a472fb6-8076-4f97-91ed-f289d0804bf2,,,
44612,fc7bf8ed-f012-473b-9115-3787a81f34e7,,,[{'resourceId': '185fec8b-8eee-40fe-ae7d-af49ed40649f'}]
44613,185fec8b-8eee-40fe-ae7d-af49ed40649f,,,
44614,e35af1bc-795d-4039-b3d3-cf45241ad08f,,,[{'resourceId': 'fb3a6f44-8699-4deb-b9e2-c1a12c537bd8'}]
44615,658c0989-7968-4ad8-85a6-d14699ad7061,,,
44617,e5f1c35f-7e96-4797-abc9-ca8479defa50,,,[{'resourceId': '69e59750-e51d-4ec3-b1c2-6952f240fde4'}]
44618,69e59750-e51d-4ec3-b1c2-6952f240fde4,,,
44619,cdbe038f-c834-4b45-8d0b-567e9c9a62c8,,,
44621,3524253e-8c0e-42f2-951f-758a439ea4d9,,,
44623,ae1df86a-0c10-47c3-9768-c9598096e1d0,,,
44624,8ef6de5e-9936-451b-883c-155d86b153dc,,,
44625,df705866-39c5-4100-a019-37b36ddcad77,,,
44626,5da95b56-29f7-4505-8ae4-91c96b1b5089,,,
44628,205cc25a-d2ed-443a-8769-8a68e40dd9e6,,,
44629,bd7407b4-3d0c-438d-a04a-5ffe965b0483,,,
44630,e3317967-a636-4210-bbdc-207437bcdc6c,,,[{'resourceId': '6d6d8746-30ba-453a-a904-7d15d0e4f0b3'}]
44631,6d6d8746-30ba-453a-a904-7d15d0e4f0b3,,,
44632,abd73b5e-3ccd-462c-885c-2b18d082502a,,,[{'resourceId': '45eb4214-bb45-4eef-ab36-1be79b7df8da'}]
44633,45eb4214-bb45-4eef-ab36-1be79b7df8da,,,
44634,ae74e13f-3ec2-4bd8-a6ee-38837215f3f2,,,[{'resourceId': '7e5332fa-84ee-4751-aafb-933847c77cf9'}]
44635,7e5332fa-84ee-4751-aafb-933847c77cf9,,,
44636,64917688-c3cb-411e-af77-a43e0caa783b,,,
44637,fb20a362-c8bb-49a0-8524-c8bf8f79d34e,,,[{'resourceId': '8b0927c0-df75-46c1-a9e9-af53b193dbcc'}]
44638,8b0927c0-df75-46c1-a9e9-af53b193dbcc,,,
44639,7da32405-3f3f-43ec-9174-3fbdeb205491,,,[{'resourceId': '088cc0df-904a-4b3f-af75-6fd627015f0a'}]
44640,088cc0df-904a-4b3f-af75-6fd627015f0a,,,
44641,a3b54a87-dbad-4407-9878-dddea62b19ce,,,
44642,b54d5c26-2891-4467-babf-d11e7c8aec2e,,,
44643,f863b859-dcca-4484-a59f-d3bd636ffba8,,,
44644,2ab71b3a-61ef-4fad-8209-935ef3f40ec3,,,
44645,074dfb3c-9503-4d97-96b3-4ce7c50d51a7,,,[{'resourceId': '8d764082-34bd-4144-b010-0542281970d8'}]
44647,8d764082-34bd-4144-b010-0542281970d8,,,
44652,203305d9-0395-42ff-9408-8086e4e303df,,,
44653,ce7062ad-6697-486d-93cf-1c52fbbde8d7,,,
44654,1dc7fc3b-479e-4b8d-9ed9-c2a8f45ac38b,,,
44656,71b5719c-5a33-47e7-abff-2788012b3842,,,
44657,db61ebca-fdd3-417a-b521-36ad25096d8e,,,[{'resourceId': 'e5bbc81b-6aee-4bb8-9b15-b3ae3746767b'}]
44658,e5bbc81b-6aee-4bb8-9b15-b3ae3746767b,,,
44659,e9babdda-ac1e-4914-96cd-4d7c414b77d9,,,[{'resourceId': '228594da-e6ea-4895-b259-cb901595fdd6'}]
44660,d2edca76-dc69-4f05-a0b5-f03ae761154c,,,
44661,5168bac8-2e58-4f87-a9cb-a62cab65ace9,,,
44662,0e63cfd7-48cb-4154-b21f-3a6d89477f4a,,,[{'resourceId': 'aa58d882-ddd1-44aa-94b7-1612e08273d8'}]
44663,aa58d882-ddd1-44aa-94b7-1612e08273d8,,,
44664,43900e47-24dc-4b8d-826d-905666550473,,,
44665,7072ca0c-5c5d-49eb-a6c1-298779114acf,,,
44666,38223ba6-c8fc-4bd1-8609-746406d62ed7,,,
44667,450baf10-7193-4e82-9a95-10aa3f087ded,,,
44668,70751ace-d98c-45e3-8bce-997623ff543c,,,
44673,35c79aaa-28aa-4f98-9c68-8d0c07ca39a2,,,
44674,ee7a9e4f-d56e-42b5-901b-f8303c0e4cb2,,,
44683,14e42d57-1fd9-4ada-8257-359f786b43dd,,,
44695,efa46c7c-8226-45af-b6b0-6e179f906a8f,,,
44696,d6f914aa-8bc1-428d-81af-9d232cf0642a,,,
44697,51775ada-181c-4c14-b98c-b5d6f9044924,,,[{'resourceId': '62a6eaaf-835f-42e7-bf9f-6c31f706a83c'}]
44719,8bd09f68-a751-4664-852a-c621a1dbd311,,,
44720,7882f32d-052d-4a49-989a-6f2d1e93369a,,,[{'resourceId': 'ac9c70f7-7d8f-47fb-be14-6f7982ff66c4'}]
44721,ac9c70f7-7d8f-47fb-be14-6f7982ff66c4,,,
44722,34e4d9fa-3601-4713-af02-e9ab9179a00e,,,[{'resourceId': '599b7152-e63f-4695-b202-a23d0753e039'}]
44722,34e4d9fa-3601-4713-af02-e9ab9179a00e,,,[{'resourceId': '7882f32d-052d-4a49-989a-6f2d1e93369a'}]
44723,17034b6f-7c4b-41f5-b9ec-17369beec268,,,[{'resourceId': '599b7152-e63f-4695-b202-a23d0753e039'}]
44723,17034b6f-7c4b-41f5-b9ec-17369beec268,,,[{'resourceId': '7882f32d-052d-4a49-989a-6f2d1e93369a'}]
44724,d8f57f26-d3c0-4f4e-a42f-c805f9bba138,,,
44725,b00f6dd9-07b2-42f6-b8f5-c8f0ef02933b,,,[{'resourceId': '7b1e4ffb-3917-42c1-96ff-678a263be91e'}]
44726,85e2da77-4270-4f33-9b65-3c9c8dd220b8,,,
44739,94053c55-8e96-4bff-a664-50ae6e213990,,,
44741,b055e852-a141-4195-9c7e-2064ddb835d6,,,
44743,881ec7bc-5e11-4bb7-b186-e06f6b8a768b,,,
44744,f63abd87-6a53-4ba4-a0ab-d10258601eb0,,,
44745,c79eb9f1-c501-457f-8b0f-9ea490be8d2a,,,
44746,cd66cf72-fc19-42da-a2cd-4ff7e5a36fd4,,,
44747,3010a07e-b9e8-4f06-9685-2c5b3f36bae6,,,
44751,6f30573d-ea91-4da4-9977-43c22bf12dd1,,,
44753,44ee82da-c4e0-4c44-8388-8fbf909a03aa,,,[{'resourceId': '294e2032-9ddc-46b0-bb4e-77aa5f55a8d1'}]
44754,294e2032-9ddc-46b0-bb4e-77aa5f55a8d1,,,
44755,b596ffe3-6eae-4120-9585-5aa2827e9e83,,,[{'resourceId': '18f8767b-eba3-41aa-933c-e4bde3ec82a9'}]
44756,18f8767b-eba3-41aa-933c-e4bde3ec82a9,,,
44759,a167b4b1-e42e-4063-b1d1-15827090064f,,,
44764,d07bb0d2-bc81-4c04-9b32-e65d1b28799b,,,
44769,f52210d5-cd72-44e4-b64c-b7439859052f,,,
44771,e4872381-e790-45dc-a403-d239f32a6a4f,,,
44772,c66ff35b-b764-4b20-946f-d884adc87284,,,[{'resourceId': '42b6948d-d987-4a82-acf5-37eefbb22fd8'}]
44773,42b6948d-d987-4a82-acf5-37eefbb22fd8,,,
44774,75a6f8bd-a6fc-4567-9a95-93a8241f492b,,,[{'resourceId': '94334650-a6f0-4f42-9c01-570d013726bf'}]
44775,94334650-a6f0-4f42-9c01-570d013726bf,,,
44776,e569afac-09df-4fdb-ace6-e27685a763d6,,,
44777,70e03310-d172-4edf-ab1a-368fc72ef073,,,
44778,96d3faf2-724a-4503-8486-3893b0349e00,,,
44780,9a929329-d6ed-4d88-8538-dd70be764f43,,,[{'resourceId': '4e01ed82-2f8b-455e-a932-8da2e1712b2d'}]
44781,4e01ed82-2f8b-455e-a932-8da2e1712b2d,,,
44782,152138f5-f1e9-4754-a3d7-bc7728f2fc49,,,
44783,3f31552b-9ddf-422d-bcb3-631e16e0a2fe,,,
44790,c2f7ea76-d36f-48fb-85de-30ad7bce225d,,,[{'resourceId': '050dfb16-4219-43f2-8618-75aa3a3e94d7'}]
44791,050dfb16-4219-43f2-8618-75aa3a3e94d7,,,
44792,b1cdfcb3-ac7e-4fc5-95f3-87924f372c26,,,[{'resourceId': 'b2a9a732-4bba-45e4-828e-6e5f39fbdc4a'}]
44793,b2a9a732-4bba-45e4-828e-6e5f39fbdc4a,,,
44795,a6094813-a3d5-4add-8503-e0aa6b96fa30,,,[{'resourceId': 'cd3aaeae-7f73-4bdd-a8c4-01307058c5df'}]
44796,1ee1da8f-055e-44e7-a48d-b79c881592fb,,,[{'resourceId': 'c4f9219d-5b97-4fd2-8688-bf7a578bb646'}]
44797,c4f9219d-5b97-4fd2-8688-bf7a578bb646,,,
44800,1f80a88f-e128-4c44-8394-f1029c5365e8,,,
44802,a65b60ad-73b6-43a1-9309-7d70442b71c9,,,
44803,9585e796-be2d-44c8-86e7-82406f133880,,,[{'resourceId': 'de54aed6-73ea-475e-bb2a-359f257a6d25'}]
44803,9585e796-be2d-44c8-86e7-82406f133880,,,[{'resourceId': 'a65b60ad-73b6-43a1-9309-7d70442b71c9'}]
44804,7e608a10-c22c-4885-95ba-a271012a9a0d,,,[{'resourceId': '0fec6922-a737-48bd-a241-ab3386130c3b'}]
44805,0fec6922-a737-48bd-a241-ab3386130c3b,,,
44806,3d43bfad-241e-4e61-856f-04cd1bb72f55,,,
44807,372eacf7-083f-4f6b-a246-2941b0837a15,,,[{'resourceId': '31602e27-1619-4307-a03c-45634f99fbe2'}]
44808,31602e27-1619-4307-a03c-45634f99fbe2,,,
44809,4c8dee4c-6931-4c65-ac04-1b5b36c507ba,,,
44810,8696ec7a-6e46-4834-ae06-c69ddacbe22c,,,[{'resourceId': 'faef1c2c-2e37-49dd-bb3a-3ef4eb3bf414'}]
44811,146029b0-6af4-4868-babc-4152c75b3e7d,,,
44812,e4ad0f1a-bffd-480f-badc-7b7d1e3f38bc,,,[{'resourceId': '84216f21-e87a-4363-a7af-2cf6ab48f366'}]
44813,84216f21-e87a-4363-a7af-2cf6ab48f366,,,
44814,dd6ed8d5-6a0f-421c-a030-a6f50ed03848,,,
44828,994807da-07c7-4a3a-8532-09f60c866c72,,,
44829,61d03166-baf4-42f8-8ff3-b27c36e736ae,,,
44830,e89bb2ec-eea7-445d-8769-4c33648d6eb1,,,[{'resourceId': 'fad9a771-5509-41cd-8e4e-f298d04f2136'}]
44832,2355fe3c-0102-4f45-954d-076cf25e530f,,,[{'resourceId': 'b0a7aca2-4bd7-4dcd-a410-3cffcc9c19a4'}]
44833,b0a7aca2-4bd7-4dcd-a410-3cffcc9c19a4,,,
44837,e74ac0ca-b80d-478a-b6c3-dc6976bd573f,,,[{'resourceId': 'e7c02473-424c-4915-8bb7-4d022ebda78b'}]
44838,e7c02473-424c-4915-8bb7-4d022ebda78b,,,
44840,effb9d05-8807-4b4b-9975-c45ea5025d9e,,,[{'resourceId': 'fea30162-58b7-4c28-b4d1-91e08909ea5e'}]
44841,fea30162-58b7-4c28-b4d1-91e08909ea5e,,,
44842,7f50d50e-228c-4dbe-a244-80d900b2cef0,,,[{'resourceId': '29bcc310-7634-46c9-9d44-7889669e78a8'}]
44843,29bcc310-7634-46c9-9d44-7889669e78a8,,,
44844,bd779107-22ea-43f4-86e8-d7e2cca23b9d,,,
44845,53b03b39-e496-44c7-b99f-d641b287f15f,,,
44846,1d4a7fe1-d042-448f-b588-4db9417424d0,,,
44848,88bd647a-a552-4cf2-97ba-3627ca3fea0d,,,
44849,4ea317e1-7d73-4ab0-a62d-e3348f68a308,,,
44853,ff1209b5-ff38-496f-8d1c-7aff26760faf,,,[{'resourceId': '4ea317e1-7d73-4ab0-a62d-e3348f68a308'}]
44854,f9bebb41-132a-47e0-a59e-9cd752e37a5c,,,
44855,161717b8-eb21-44e6-88be-4cf61c62dff5,,,[{'resourceId': 'a1925849-dc33-4cd5-9f89-bebb280983b8'}]
44856,a1925849-dc33-4cd5-9f89-bebb280983b8,,,
44857,4b713ae0-88cf-4cbe-aa29-82ff06718653,,,[{'resourceId': 'fdc63457-2dfa-42c0-be6c-b8dfcc2cfc96'}]
44858,2919dc7f-95cc-41bf-846a-cf4e1ef54676,,,
44860,d57094a7-ef3d-407c-8f40-6bad3cd07f83,,,
44862,7b810d86-1292-4de6-a6d4-ada897efdbe9,,,
44866,2f1f98ca-a9d2-4b55-843b-c339971ae008,,,[{'resourceId': '413ed5cf-458f-44c3-8305-bc05739dcfdd'}]
44867,413ed5cf-458f-44c3-8305-bc05739dcfdd,,,
44869,1b1c5928-0664-455b-8880-78c4024a73dc,,,[{'resourceId': '485fa37d-91a1-4e6f-ba9c-36841c1190a0'}]
44874,5c5240da-2fc2-4f90-8cdd-596f676ecf8b,,,
44876,f724d2e6-a47a-4638-ab9e-e1b48bdf25d0,,,
44878,05c93929-4175-45d2-87ff-4472416b876d,,,
44881,f893b86d-7b0f-4fd6-ad9d-71ed662ead2d,,,
44882,9c3d8816-3c0d-4026-9ef4-b475853f54aa,,,
44883,7176b9ca-47ca-4de4-8a87-e20ba069b395,,,
44885,cb8523a6-7f03-4856-88d5-03895db0d4b4,,,
44888,ceac5015-9980-4389-9bf6-e7ce66fb6c06,,,
44892,8a6ec175-57d3-4771-a414-b6923afdbe1e,,,
44893,06835f66-a15b-49bb-9bef-dc9b79aec2d6,,,
44894,d6fdce61-d676-4f6c-8c82-d5204546d3b4,,,
44896,8b343c85-9f8c-408a-8bac-0f2698629327,,,
44897,344162b7-8c28-469b-9c9d-6e9638bf68ee,,,
44899,e9545dd3-af7f-4ab9-a5c7-751eaef8e24d,,,[{'resourceId': 'f0863033-599f-4cc0-ab12-1cf011b95af1'}]
44900,f0863033-599f-4cc0-ab12-1cf011b95af1,,,
44901,f9870b1e-41a4-46cb-8ae7-a636e4f9718e,,,[{'resourceId': '220ceea0-a871-4c19-94b9-03e34bde41fe'}]
44902,220ceea0-a871-4c19-94b9-03e34bde41fe,,,
44905,38b8c3f2-b4f0-46c9-81b8-f35cf0a7cd6f,,,
44906,63fd9be5-99dc-41e1-9891-95545e9f6559,,,
44907,ae797041-ab77-4c7b-b0ce-60ca5650075d,,,
44909,09aeb99e-f6ce-4401-b84a-6198134063ea,,,
44912,a9665924-0ce7-4cec-a098-f06dcb5aa4fe,,,[{'resourceId': '8527676e-d41e-4565-8fb7-e939c1bf3d19'}]
44913,8527676e-d41e-4565-8fb7-e939c1bf3d19,,,
44914,52a31626-8ffb-49fd-9bc1-daa3ae46552d,,,[{'resourceId': 'f48eb58c-3404-4869-afa2-7dd7a22cbf6a'}]
44915,f48eb58c-3404-4869-afa2-7dd7a22cbf6a,,,
44917,9d16174e-680c-4396-a0ef-1866d1c121dd,,,[{'resourceId': 'fbb26bc6-8274-4b39-9556-4c3938e56d2b'}]
44918,fbb26bc6-8274-4b39-9556-4c3938e56d2b,,,
44919,c194e0d8-e85a-4afd-a310-93ef3d1647a1,,,
44922,58175604-6d63-473a-bf1a-233052c134b1,,,[{'resourceId': '79b7258e-088c-4b93-bfd5-0b861d6d0d18'}]
44924,6b390073-fa7c-4b1e-8497-4cd67471633b,,,[{'resourceId': 'c2aaad5f-4ab4-4dc5-a225-4b05eeeda8e2'}]
44926,08100f7a-c7a1-471d-965f-83cb0d028844,,,
44927,676fb8f1-8537-4506-b2c6-941e0b0f9175,,,[{'resourceId': '9937d095-10ec-4893-b83e-657cb667fee6'}]
44928,9937d095-10ec-4893-b83e-657cb667fee6,,,
44936,80f3ad6e-6bee-42a2-9cf7-c6e345d175dc,,,
44937,fe19e81e-c163-4294-a3bc-cca357b918ea,,,
44942,a4c75aea-193c-47ac-a240-c25f80ab39c7,,,
44943,4531bd80-1b02-4d8c-9a3a-61d106f2ad3b,,,
44946,9e2ad09d-684e-4d1e-8ce5-f6bab47d8f3f,,,
44947,d7454e26-5af7-4915-91ab-46ce5569a513,,,
44948,c56cea56-95c6-4108-8140-770ee00c4780,,,
44949,dd0bdbdb-0a52-46df-9172-cd1d1c01f54f,,,
44951,d448cead-765e-413c-875a-467e26b081a8,,,[{'resourceId': '73361349-d239-408d-9cac-9245d3682af4'}]
44952,73361349-d239-408d-9cac-9245d3682af4,,,
44953,74af2df8-c9d6-4f27-8597-118e44a2f51f,,,
44954,0ceb9a41-2984-4d9d-8add-534a6d54aec3,,,
44955,28d14b63-1bc2-45cb-adbc-a9c5779265af,,,
44959,28b56076-ecb8-4944-955c-ad65b8668436,,,
44960,a8a354b0-d4b0-4e22-a65e-778552e93704,,,
44962,469b30c2-1d55-4115-92ce-b8c9fc96f9f9,,,
44963,496a0057-bd34-48f2-a9de-88bcaf3abb10,,,[{'resourceId': '7db501f3-1309-44b4-98fe-31b97e936790'}]
44964,7db501f3-1309-44b4-98fe-31b97e936790,,,
44965,3f0d2259-088f-496d-9bc7-d9067e055a97,,,
44966,b83ca19c-9cdd-4c1c-b563-66cf6d2c5507,,,[{'resourceId': 'a9a04df0-ac9c-403c-85ab-3febbac7392e'}]
44966,b83ca19c-9cdd-4c1c-b563-66cf6d2c5507,,,[{'resourceId': 'eaf20eb6-7894-4600-aa4e-53bb9deed685'}]
44967,2257019d-cc4e-46cd-9746-f26ec78ea1e0,,,
44968,230af42f-bdc8-4302-a6e1-ec45a5645cd3,,,
44969,e1cfab14-554a-43f1-b577-5c5afe0389ac,,,
44974,0805ee50-5b31-4443-9242-3098d973380a,,,
44976,0070f7d7-cac4-41ef-b98f-90b38a6cb775,,,
44981,60bea839-1cd0-4fc5-98fb-56d3c8d34eb1,,,
44982,bda0246f-cae4-4447-9d5d-5e584756a62d,,,[{'resourceId': 'bfede6af-aef2-4830-82d6-e36b0453592c'}]
44986,fafd1787-08ee-4dad-ace7-5bc89008c413,,,
44987,494e712a-28fc-473f-a821-d407c06f60e1,,,[{'resourceId': 'f3f0ea54-374f-4638-bf69-a7f7503902cf'}]
44989,841eb8cc-77fa-43f9-aa78-3c041420bb25,,,
44993,cb4a4c6f-14ad-46cd-8f0d-cad5b4aa8385,,,
44994,27594f6a-d98f-46c0-9a15-9a59a5d67aeb,,,[{'resourceId': '2240fdae-7448-46c7-b877-28eb05598609'}]
44995,2240fdae-7448-46c7-b877-28eb05598609,,,
44997,b4def4f6-5bfb-466e-bfd4-97d21ccdd88e,,,
44999,3c726e5d-a69f-4752-9c96-f638d27aae8a,,,
45009,906e77b1-d324-4109-b048-d4ee7d6d9313,,,
45013,ee756858-bb4c-425b-a58e-561139b1b3a1,,,
45014,fa586a92-ba45-4529-b334-44ffa13800b3,,,
45016,e231bbc2-7fb8-4633-a9a8-2803fbfb924d,,,
45023,5e35a727-b63e-4b2b-b893-100102ea567d,,,
45025,f4363c72-e283-4581-97a3-42f786bdbb01,,,
45026,f155f035-ca03-4879-9264-a389b553d75a,,,
45029,17adf15f-49cc-4426-b986-c73ce5d4bae0,,,
45032,7acdb8d3-dec8-4ba6-8534-eaeacb4196f5,,,
45038,e4ecfaa9-65b3-4c51-b948-5273648c9521,,,
45039,4e3b6316-01fd-418e-860f-e700a83f530e,,,
45043,6d4cfece-789c-4b90-8618-6d6b2cfb47a1,,,
45044,62c5103c-7d2d-4879-925e-123cf5fde4b0,,,[{'resourceId': '9d110a88-c747-4985-acc4-457d8f12d45d'}]
45048,53ad4be4-8c67-426a-a579-9722e59e85c2,,,
45049,cb5fdc76-7d62-4330-8545-800820229a60,,,
45051,9d0cca0c-43fe-4105-91ca-79072a57287e,,,
45052,533f35ab-0f51-4153-ba93-febbbe8cf7d2,,,
45055,e5051887-c208-4a21-b546-f10b099e4c02,,,[{'resourceId': 'f5f74734-363c-4694-b45e-6b93ea2d9259'}]
45056,f5f74734-363c-4694-b45e-6b93ea2d9259,,,
45059,57ee6228-0652-4464-8d19-6b0d7113fc3a,,,
45060,b931f5dc-a08a-4c78-aa3c-e0e72bd93bdb,,,
45061,ad41029b-b3ac-47bb-9e32-a14fba766799,,,[{'resourceId': '9188d746-fb78-4648-adf5-87d8d1d58970'}]
45062,1ebfa12b-040c-46b8-b9bc-69decff4e279,,,[{'resourceId': '3af0e193-b6fa-47ae-a253-b28b1079cc1a'}]
45066,b5caa1e6-51f3-496d-9247-a7094d7c4683,,,
