o:id,identifier,o:spouse
25456,003832cd-591f-41ee-b42b-a982e61e8d29,24398
24961,b73f0afb-cc75-4fd1-a163-9a2edd1614b3,23841
25131,35b56b71-4095-45ec-a0ab-240fdec702ab,23568
23974,37b58897-1c03-46f9-9ef9-246e09b8cef2,23818
24839,12b13176-0d70-4fea-8ac9-d142db866871,23048
24418,3d04afc5-cfff-4714-ac72-f99889b1035c,23485
23142,2b24bf29-4bd0-46fa-8f69-ddbb7262ae34,23002
24425,f971d052-775d-441e-8a1d-4123c22e8cc1,25494
30656,f3992d70-6ed6-48b2-8499-92af62415a66,31143
24190,bc92b2be-d096-40ba-b8ee-6e96bef0a6bc,25827
25189,76dc5b66-25d5-4e8d-889d-54c75f9fe3e2,23008
24040,0b5416c1-3ecd-4b5f-9578-423d41ecb2d5,23716
23501,60f9081b-6aaf-4ae9-9ad3-8cfb07cbea23,24839
23609,f37e866a-394e-45b5-b904-6e006caa0896,24104
23891,a8ae7faa-7784-447d-a104-2d463af3ab90,23013
23868,8de135e8-9786-40ed-b638-182c9012f2ec,23323
23133,6db335df-3f6c-4d43-b95b-ae7c96ad318e,24595
24786,8896ddba-292f-45d5-930f-1a9a422e69b5,23732
24989,88155e01-e362-47bd-91be-c69828b2902e,23562
25717,0d666197-b78c-4626-9369-3ed943da7d34,23800
25101,029fd962-b146-4a11-9184-f21a800d8c52,23005
24371,ebe78b8e-2bf0-493a-9a54-ff23e708c52b,25817
24586,4364d55b-99d6-4b5b-a9d7-f1dd97f4cd4c,25628
24409,35590e24-6450-4bcd-ab10-e38d62277bec,23704
24267,3f2039d9-b591-4fec-99ca-801e807d3c03,23483
24864,3709e0bf-b2f6-4ed1-8716-fbd3f4ac0d2c,23660
23957,4d6c078a-b041-401b-82ba-4cd06f85d029,23654
25848,3927b422-e327-48c6-a623-22c328595233,24274
24604,645c8dc0-18bc-4245-9303-6b20940837d3,23460
25064,a4b58e22-93e0-418d-8c2f-ee571d4bf23a,23204
23992,df74adb3-7837-41d7-bebf-e98d36012b0c,24380
24975,a24b279f-dd17-4839-b7af-b4eab4e0268f,23544
25869,7b45aaf2-a186-4ca5-a5ae-cbe41556f94f,40813
24684,b7cffb20-684b-4c62-8c70-4f4e314cc716,25739
24892,353b8a1f-6014-41e4-8b64-352258d49469,23856
23907,64d1de39-0034-40b8-b4fa-e23b50749a27,24679
24074,8428ead4-29e9-4a64-9128-e0f58c165c08,24191
24698,5e208823-daf1-4c24-9eef-8c416bb8b241,24976
23852,e965213c-49e9-4f55-9aef-16cf4736243e,24027
24470,af0193ef-e5de-4922-a1c6-51b1b82ced0d,24932
24588,1e45cc85-b3bd-48ad-8436-7beb2c507c74,23130
25249,308d7858-05c1-41dc-8ec4-ccd49b7e03dd,23962
25292,317196c2-6588-451d-9b0a-3678dd1fa08b,24127
24019,df268090-f9d7-47b0-b8d1-0ac5b00dc383,23925
24807,f0dd0abb-8f99-4fa7-a97c-75dcf5c2f3e4,23679
25157,b642d3b4-1f30-4f3f-8e5b-936cc9def585,23168
24394,16b5b696-647a-472c-91c7-7023dd677e1d,23135
23680,1c73ea1a-46a5-4b93-853b-86061519adeb,24197
24626,1d9ee6d9-3ff6-4097-91e7-3bb10ec6c423,25264
24018,4b3efa15-7d48-4431-bcc3-25ddbbb7ad04,23508
24011,f361464b-873d-4eb1-9f42-66f54dbcbb3c,23036
25160,c521d451-ab9b-4560-b59f-97e45a67b842,23350
23956,c6614569-e046-4b20-86b8-cb7430bfb61c,23000
24349,889bc9bf-233e-42bc-8468-8d06f6386be8,23362
25035,f04128ca-f33d-4c1b-94fb-14bb23a3c8c2,23694
24152,a06a606d-082a-4ff6-b370-b6bcdbdfb35d,23421
23099,ae9e343b-54f8-418d-9ec9-bae0b3396918,23621
23193,b163a22e-1207-4730-aae3-ce1cee7fb75f,23089
23419,ce87fb61-4591-4e61-861d-51aaa0da65a4,23986
24156,c9e9aa7c-2d99-4374-9ee3-74e6067b7c0f,25544
24787,18cfbddf-3826-4ef7-b367-a04e67cc325d,23495
25708,a290f159-4619-4208-82ed-085eac36ddd5,31325
24380,6ea235b1-b1d0-4fb8-992a-42eb337bcac0,23174
23329,a91c926b-a618-4892-a486-a110925c993b,23812
25107,1fe75e5e-4a72-4c92-b0c6-c84d5050877c,25832
24435,3b0f103c-0a17-47a6-aa99-a023c510c1b3,23221
25390,5de5c11d-ecfe-4aa7-97f8-568f23da0319,23232
23480,9f50b534-16fc-4502-b9f3-7ee258d3fe1c,24364
24193,21c3189a-7ea5-45d1-be7b-6cb1de96eb1f,24383
24069,2a3cdd24-26c5-481d-85f6-b367634769c5,23550
24132,d38db898-243b-477b-9615-61f6898b5243,23541
25312,54343ed0-11a3-42c3-83cc-71e2478bae5c,25711
25772,b297d11a-444f-4b6c-9783-7fc2d24645be,38536
25275,0a755ced-7e64-425a-b868-662cb5dd0780,25277
24804,7b1025bf-6d14-42b2-af32-87351cafed0b,25424
24542,f10edddd-52cd-4582-93df-cae58ad2cb4d,25438
23363,a9b9a97b-066c-4f41-a674-524c42e5c8fc,25869
25462,dc82fb86-7c03-4512-89e9-0bb2867ce554,23138
24145,d3f903cf-abbe-4282-959f-941569f55dbf,25080
23389,4d300555-79dc-4b55-84df-fa4cfdcdd2ca,24785
23075,71760824-7560-4f3a-83db-ba5a00c2ce89,25221
23981,6277773f-45f8-48e3-8ccd-8444263a6c9e,23022
24492,4e5aec85-016a-4c68-9d4d-259dd0333dcf,25485
25535,4108d3ff-4cbf-40df-9bf9-0de9ffeab9ae,25280
25532,3e632c3a-3c81-44b3-89c1-0c5d0da82806,23330
24064,902243cf-9780-4d04-8fcc-40478e569ebd,25637
24825,d7f0b9c2-2160-49b5-960e-f22b3654709d,23059
23458,7bc206a8-d124-41f1-b0ad-120d053d548a,23604
23569,9ab3f2f7-2ce4-4391-a910-b52ec71d56ca,25373
25053,928525e5-a798-4ad6-8701-e3f1de7c2332,25278
23712,2a3759cd-6589-49dc-914a-b109c25772b3,37482
24273,4e6b79bc-d87b-4288-a639-143a02dee20a,25740
24669,664be104-4263-44d6-8dbd-4f782f044e88,25492
24130,136d86e1-330a-405e-91a9-ea7305ed7851,25321
24898,5b8c1e3c-2d93-44ad-80e1-c955c91935d9,24064
24285,72222fa4-531e-42ae-b258-d0e1c84f9c21,25269
23364,b2b96b56-fbbe-4f0c-9e6d-7324c9df69df,24913
23097,be7dbb5d-c151-4253-9e9e-2b3a48f7c962,23753
24374,4088b982-a9d1-4ea0-801c-54c64e9639e2,25346
24399,8444dccc-0a5e-4422-94f5-ece4f920a53e,25770
24086,dbfaa35d-504e-4d21-9fbe-95b57dde5b13,24599
38695,6abc65ed-9f88-424d-a7e1-39650334ca14,41271
24289,6415df82-3208-4b32-81c5-e3324dd0ed04,25409
24569,caa7ccc9-fa87-4a2c-be0c-f9c39949ad19,23431
25004,4e6befb0-c8f1-4fc3-bdda-155e0aecf1d3,25283
24927,704cc0a9-2c65-4872-89c6-b992e42ad33a,25289
23910,806a9714-8c3e-4396-a356-9cea0ff9c8fe,24066
24073,8517f0dc-9505-4f1a-a190-1d563b1490ae,23295
23098,6ee16680-2bdf-40b2-9d5a-b0751ea56aa9,23795
25090,af8e380f-9754-40ef-8f8a-ba6eb0c03aa5,23569
25185,75450f9d-4522-4498-bb62-e0e2b83d75dc,25376
24537,8df533e2-1ca5-4f8d-88ab-5dfd96782dd0,23490
23893,a473981c-5b0d-4424-8c37-246b076b5cec,25428
24976,36efda92-18c3-45b3-9a3b-68e9f87b2d16,24698
24022,60b584d8-3c42-40fe-aac9-36744fbb675b,25650
24024,4b2eb749-1405-48b3-b7f3-2fcc56239838,25390
24674,242c7a60-e508-487b-83d6-fa482110cbc6,23071
24738,8dd77db0-bd4c-4b7a-adae-6cf572a35732,25657
23242,6cae7248-fee1-421a-baba-4a0bfd2526f6,24878
24125,376a5562-4174-4067-8d82-4826bb643115,23335
23912,09066f8e-a1b4-42da-95b2-82ccfe3835db,25268
23966,e28ac5a0-dda3-4b7b-a096-9506272846fa,25753
24325,e761730f-60cf-4059-883b-b45b1553551d,23228
25278,0efc2e69-eb99-42ae-b1bc-87673778999a,25053
23873,81e1abae-278f-4c5c-9290-a26d4f9f02ec,23570
24436,d15738f3-4787-41d1-8449-7712fcbf7557,23166
24958,d732c550-0f91-4be6-942d-841fef6d0b32,25337
24782,2a0f688b-17a0-4ab5-a370-c30d0bc085e0,23672
24274,269574ec-063b-46b8-b8a9-74b48274ff06,25639
24266,02b5abfe-cb81-43a9-be1b-c1e12f0d6a00,23819
24308,b804bdf0-1b09-4cf2-86e7-77a718053ed4,23560
24754,4e2784fd-fd9d-4f8a-94c8-bac3bdba1d09,25745
25631,cf22a524-23db-40ce-b3ef-39d183551667,24024
25065,138b4504-2a49-4080-9290-0e1d797fee81,23749
24321,1f6533e3-5f0c-4c57-b5e3-71cd90f07497,24829
26321,210c3e8b-eef1-4af1-b65c-9892b5a3270f,26320
23844,893fc9a2-183f-44c3-8a85-7a6dc107ebcb,24670
27587,817d5921-8d19-45dc-80a4-6c257e95e758,42041
27046,fcb532da-9130-4f94-b1f8-8289013a91dd,27668
30983,9946dfa8-f9db-4fdc-883d-94a773ead65d,30985
39865,ba915572-738c-479a-a475-72d94e5081a3,42712
30657,7f7a863a-97c3-4545-9081-c5021837cfee,31137
41870,d16f31ca-1c17-4c1a-9b98-334f5358e8d8,27781
40775,a1870bc5-a5d9-446e-8b6c-5da91e2f710b,40776
23795,1e227faa-a7e2-4226-bf1a-9802d38947c3,23098
25411,f6cf186d-bc9a-4c2e-9111-76623e8a5fb0,24237
40532,dc8770d0-b0c1-44c4-9418-8e2696e1bc97,40533
40653,6de52a63-8f62-4178-b88b-e88f1a43843a,40655
39879,f3cff267-70ac-4edb-a6b3-1acd0f7cea08,40752
38431,8963bdc4-f19a-482e-a019-9b6f2274c283,40768
38765,9c7fc449-6ab5-4882-b5bc-2801764c17df,41189
39873,5f672527-d6b3-4e40-9cf5-c5a3cbe802da,29998
41831,7fad60b0-3673-48a6-b4e1-3d6f9db65a3a,41830
23206,c70cf9f9-a298-49b3-804b-a4e96939b64c,24534
42045,e7841cd3-33c4-42b9-94f6-ef6c17074e38,30762
23799,2ba3df00-a217-4762-83d1-693905bbabbd,23476
27184,50409aa3-819c-4309-868f-4ecf7fe484d6,27735
27422,232b7f6f-0a09-475f-8444-4261c2c8581e,42938
39871,e1dfd135-d02c-46f9-a1c8-2bda7da156f3,44010
40695,25a3eb75-c05c-4f6a-a1f4-b1f9821bcae5,40696
25231,3a52accc-8afb-4924-91c9-2df3c4940873,22995
24917,a0f93e14-f97d-4fac-9d1f-a1b92aa9e70c,22996
24025,693457bf-fe82-40c3-91ac-df1010f87582,22999
25234,fadebe02-ff24-43ce-90d4-9ad2d040a377,23001
24752,059a037f-70ac-4464-b1e2-c3ca84681f10,23003
25056,c23c0cb2-d2f5-46ab-8738-59c89e5a87c6,23004
24665,0a81a30b-401f-47f7-9994-3b8bec3cbdec,23006
24207,15269e6a-494f-4104-b96a-0a3d4194b02a,23007
24016,c83ba0b3-9175-404b-b17d-edd925b78b00,23010
24620,22cc1c48-1225-4878-89a2-f1bc55d6225f,23012
24876,b4f40d85-0425-46b4-878e-644a92880a02,23014
24872,f931942c-71c7-418b-9699-f8362cd4c875,23015
24375,f4eac4e8-3bcf-40c7-9718-f0f4b86c69a0,23016
24101,73612254-46a3-4eb7-8917-a5bd03260f06,23017
25085,8f55493a-9c00-4c0f-aa27-ac542ed6849d,23018
25071,3937a47a-47d8-48fd-b651-9befb4b51539,23019
23945,039500c1-943a-4095-b467-38d29bc27196,23021
24430,86ec3565-50b7-4a3e-bcf6-4c1d0394ac11,23023
25205,69821a7b-3cd3-4ceb-9ba8-b6f8422213e2,23025
24477,64b8130f-6215-4891-8fb4-040cb2c533cb,23026
24133,51226acd-b6bd-4a4c-8859-6784ffef1274,23029
24433,0756c613-a49d-4fee-a70a-4265d97da1ef,23030
24170,94ecf1a4-2535-4f47-b415-6c8a8d791652,23031
25208,1d259eca-324c-40ad-8e77-616da2602b27,23037
24002,620c1026-7ee5-4b44-9099-f0942ba058c3,23038
23899,20e944ff-6fa8-408b-a1ee-ca51d15a4d90,23039
25158,0d1b8ba8-8963-4870-89f3-b91fbfb5c9bd,23040
24647,bf20aa3c-4bd2-4e3b-9305-84697b43c180,23041
25202,3a860bce-7a1b-4877-9895-00a02a2cb8c7,23042
24844,def91c21-a7b6-4144-92ad-175f5e445a4d,23043
25194,7774339c-af18-4272-8cd4-c1aa3f4939de,23044
24344,cb6a38ca-cdb9-42db-a0fc-1f59ca979a83,23045
23928,146d9e63-06fa-421a-aba4-3371883b7eff,23046
25022,2cc1be33-1085-403c-b90f-b19e3907c8b4,23049
23915,4b66d7af-a4fc-40f9-90bb-4f6ffb39e693,23050
25084,f80be426-53bd-4a9c-85df-9580bd4dbf20,23051
24172,6ba1edcd-2247-4dae-829c-1c964b8bb1e2,23055
24905,4dae8d38-d0d9-4794-ab07-afec97c895d1,23056
24355,1cc49be5-d42c-46eb-bccc-ecc1f95c3344,23057
24759,8035f718-81a8-439d-a417-9cc7696c705d,23060
24020,b39eb52e-b4ca-4afb-9796-5b6c9498ffaa,23061
25150,0abb72e3-1f30-40a9-8524-be66889b4683,23062
24796,47549ade-05e4-4236-9494-d07a0d86aee2,23064
23889,7bc172b6-8b9d-495a-a19f-e5059d5f4a2b,23068
24205,383f1a9d-bcc6-4568-bcfb-cd6f2285e9f6,23070
25221,5880c17d-8bca-4c8b-b703-dd695328c71e,23075
24749,f75a14af-9e32-4e8a-8029-0615033fc37f,23075
23897,b89ca634-e70a-40a9-99a6-0f44675e5d76,23078
24682,0778c911-941e-4b4c-88d7-11111e7e9fd2,23079
24128,431b0fe9-5551-4797-88d8-84fef0fdc19c,23083
24108,bf7c26d3-f5f7-44ad-a712-ca6c7e9aa11b,23085
23763,437c0fc4-861e-4333-870b-ce5116e11246,23092
23801,52e7ce9c-a2eb-4320-93e0-397b0728c596,23094
23783,a2b3ccc7-4663-4e76-8ec7-bc59c769ab4e,23095
23753,0324f1fc-8f33-4986-bf7f-25c6ac3d22ab,23097
25348,48f2b7dc-a816-441f-ac42-e30451601d61,23097
25514,d0900fdc-525b-46d9-a8ca-1bcfee50cfb9,23098
23769,f73007db-d5b2-42c5-91a2-e239ec897e18,23099
23621,9974f2b4-ee59-4d77-a9a3-9dcddb727a18,23099
24686,c9d53203-414e-4c54-ab74-a3e049a961e2,23104
25023,509c497d-7d14-412d-972d-fdc941cd8cf4,23106
24235,9ff8a659-e050-4e61-8d7b-8e6fe52a85b9,23109
24739,1721fba4-25ce-4aee-beae-a7377529a8c0,23111
24161,7a4d02a0-0bed-448e-8e60-c6ff0f8bf7d3,23115
25140,f621ea21-f423-4046-aa9a-2d2b0eb0e1b4,23119
24148,cb27776b-2a62-4976-8033-eb44e673a983,23120
24992,9a0d82d6-103c-46a4-bdca-1b962a79e24a,23124
25126,97ff8188-c642-40bd-8e25-0cb2eae34277,23131
24595,754894f5-af4a-4f39-b0fb-fa7c546207e3,23133
23086,e0e125d2-f04f-40c9-97dd-74c93390ab8a,23133
24910,7d97a383-675d-4cc9-87e7-188c5788d881,23139
23002,27958a94-436f-4d83-bd94-793985fb620a,23142
25716,42232586-1b9c-4852-83a4-47a5addf0ab5,23142
23032,70e5174f-e17a-4acf-8821-37a4aecd022e,23142
23657,5ab9820e-c68f-45ed-bdf8-34f86708c2db,23148
24292,79d124aa-489f-4a8c-b3ea-84a02cd3ddc9,23152
24005,e89876a3-f461-4579-a196-7d1d92d2309b,23153
24793,b1f9f4ec-cf6b-4e02-8540-f184db3deb71,23157
24680,f46e3088-9f1d-4d0d-a8c0-d00373b46717,23160
24565,d56176c0-0836-4313-8ad9-69d0e445f634,23164
25019,0f70c654-339a-4f88-8b9c-cf585fc41abe,23172
25238,cc6d0100-dbe9-42e7-a087-b88b4a7d1626,23175
25175,56d7f9d7-bace-4980-9dda-29c6999c25f1,23177
25495,9b8f1d38-0c49-4b67-b1c6-f11c72ded7cd,23178
24710,4f2bc589-4495-456f-90f8-f725870a843c,23182
24816,cc2359b7-6cb5-490e-842c-ffc0e318f45e,23188
23989,628cbee7-f487-41c8-83a9-b4993f5bf78e,23189
24916,b7348bab-5c1e-40cf-b5a1-39f8ef5dbebe,23190
24103,29fd3dd1-36a8-435a-bf10-e5dad69e5b68,23192
23089,0d906b2d-4578-4c6c-bdd8-97f49cf73d60,23193
23805,3d3a4c8e-ce7e-440f-8fa6-bd85200d6242,23193
24820,6c07944a-c835-4f6e-9fe5-4fb7315c6284,23195
24852,5dd95f6d-7d22-4000-885f-541e8afccf1e,23196
24982,668e325d-7519-4e9d-a552-a2c40aadddc4,23198
24593,90c089d1-791a-46be-acd5-41bc8d1301b3,23199
24360,ff3df7b5-82b1-4e0d-ac2f-06778f99e622,23202
25203,bcfcf535-d30c-4d37-9fab-75e8cdb242c0,23203
24534,413d03f2-0dfb-49a7-b641-4839151643e5,23206
43974,a39ee110-1e7e-4742-82b9-a001d01359e7,23209
24837,68c3b92d-0c6d-4142-b07f-f1da51204c7b,23211
23982,93edd262-93c2-4d53-a5c4-d018fb2c97bc,23213
41904,d43ce108-0a43-4d15-a2d9-01fec9264cb4,23215
23918,a2bd8405-d129-46a4-8f98-896d3c6a0323,23216
23932,b3dcd007-badb-4dec-abe3-039ef462f0cf,23217
24853,1bf71f6e-2276-446c-ac0a-9497ca5675ab,23219
24651,67aec133-e8f8-4838-a2a2-a4e17d709a8c,23220
24439,1cf1a645-d07e-4758-840d-69cab6296c6a,23222
39609,b8c4ae84-639c-4e89-a01d-563ea48f4343,23224
24042,08006309-e45d-4d53-863b-3f706de92d8f,23236
24642,658cf546-7cc9-4511-bae5-96fb4421ae1a,23237
25706,d64852dd-80a1-4c47-9124-06cb9ab2fdfb,23242
24878,c8c05479-0cdd-4c48-9360-f417e3b79d8d,23242
24257,c3d2715b-db44-4727-86d2-fdd9cddf9391,23243
24250,4a8a3a97-2b1a-465e-9132-cefc5a52e7d1,23244
25040,4373b208-74b4-4085-be68-e10b2e3c5be9,23245
31061,d378a410-a097-4aec-aca1-bf91a666aa83,23246
24302,13d8f601-0486-4522-96cd-c10275546538,23249
24189,eb1c601d-7897-4fc0-9978-e3ede79af451,23250
25070,b6f1d356-2152-4d20-b125-65ba0720228d,23252
24336,7d7b2135-3d0a-4070-92b5-bfbb852804b1,23253
25021,915b8e3d-86c2-431e-b016-0635f730435d,23256
24204,5dbd7872-ba51-4163-b820-e5132a99c9e2,23257
23916,9ceecfb5-45fe-4624-98de-111417fe6d65,23258
24641,9df10f42-18c5-4b7c-8495-19af347d39a6,23261
25014,69fcfb4c-f3c9-42ca-ad98-f1ecb71a74e0,23262
24034,d45c590b-8a0a-4ad9-b3b7-75a6208c52b2,23263
24354,cd732e83-9fb9-4b0b-8827-54db46d5831c,23264
24991,514a2f71-5631-440a-8855-8d7054726cfd,23266
25114,6816cb1c-3c7a-4c3e-95ee-5d9794276e9d,23268
24192,00f58443-7d4d-42a4-8028-087af08771d7,23270
23941,cdff68fa-95f4-4e17-ae2a-f6d99ff0fc6b,23272
25199,fc244078-3458-40c3-a73f-618f314901f0,23275
25068,ed751e0b-6596-4dc1-87f5-45d04a46afdf,23278
24646,72d211a6-2e45-42e4-aa97-e9cf2b875908,23280
24618,b62f3d56-d130-42c8-817d-246c5cd6c3cc,23281
42037,86e35d35-6979-4be4-bbcf-1af80272a224,23282
24865,16fae15a-2b9b-4db8-a9f2-44e3290bdfb4,23283
25664,cd636718-f237-4852-9411-508c57064e03,23290
24218,c55c3091-d33e-4cf9-9545-413c363ea3c5,23292
24712,5a4b8ef1-f198-4a8c-927b-58d748ce5ef2,23294
41829,f886a644-b795-4977-857d-749c99fdd53d,23297
24930,645bbad5-41ec-423a-a42f-24b77bbe8afd,23298
24791,b56c9245-62d4-4f56-aae1-e73cec496d76,23300
24974,bdad283c-6deb-44eb-b9a2-f0d6208b0a2b,23302
25003,b59175d5-445a-491a-92be-0324d3cc2089,23303
25100,4bb62984-a35a-4546-9c03-38f6ab7df61e,23304
24373,c949354b-2623-4ee1-ace2-1ef06519096a,23306
25139,b3669d71-1973-4ab0-aae6-1f8cdb914578,23307
24116,41689e6a-a163-48de-8970-645e665cb1b8,23309
24768,d3f7d60e-f238-4634-8915-5f730729a917,23311
24188,9dc4d884-d05c-4dec-929b-b82a55879cdf,23314
24410,2e2199a0-5895-44b4-a7dd-5a3f9c08c4a3,23315
24633,308f0501-961d-4a85-8b9a-3d69df029990,23317
23949,27bd0a49-86c2-48ce-9c17-534e7510759d,23322
23771,2a065cd3-ae05-4c9d-82bf-05efd13e28f4,23325
23812,4dd04db7-87b3-4a6a-be9c-b9f3e5d7755b,23329
25211,9ccc5d94-0386-4186-8542-c64a4a714ad0,23332
24821,9b8c2cb3-3a34-487d-9eb5-d8da4a017a1f,23336
24211,af389987-98cd-4c39-8062-ef0a0c4cb621,23337
25011,da3ac49e-3a0c-47ab-9011-a90b59e57faa,23340
24067,6d320be8-1b52-4089-80d8-e00115d25c4c,23341
24426,5fbc2f69-94d3-4cd2-b1b1-ff6f58d11f9f,23344
25029,d8546d78-dddd-4b00-ae72-5b4d43d93d55,23345
25210,8e4dc2ca-62fd-4403-8430-f46f47f9bcd0,23347
24940,76b9d3a7-d9d4-40f1-be5d-11a58e85c318,23349
24010,4990db49-1500-47dd-8a97-0e86573ec128,23353
24528,6eb52aac-0008-4a6e-9492-aa9df4f86b40,23354
24792,1963f136-761a-4269-a637-5c54f67c61b1,23355
25016,8f7bbc49-f1cb-4701-9e7c-690c6b0331f0,23358
24397,d005b96b-547d-491d-835a-512f4ff9a6e1,23363
24913,4a2d35d0-7f7b-4ce5-8e34-4720b833fb25,23364
25322,e30d5a61-55ab-4eb1-a7ba-d5a24851bdf4,23364
23777,aaf98735-992d-4e03-8530-773da495cebe,23365
24392,54bcf6d9-a6b6-46a1-af7d-d9cb7b33343e,23373
24726,9e7fe2d4-934d-4fe9-8069-2764734ea9c6,23374
25209,cd1aee19-e304-4cb6-a926-1659212a2d8b,23378
24124,de1d0361-4c5d-45a3-8865-26c1b9d9e462,23380
24567,c6ca4246-8a1a-4637-af1a-1f3d085affbf,23382
24453,9d8d46c1-e752-47bc-b440-8af90344fde9,23384
24584,aae5bd59-ed04-46c4-8aec-44c85b6d820e,23389
24785,68994ad6-961c-459d-afa2-2767366ed84a,23389
24312,e2df4018-7bff-4757-a66b-7f88e837f5d9,23395
24843,ae8cf5c2-1506-42e2-a1c5-6612943b3b64,23396
23794,82a86d39-6fc9-433f-80b0-c0f7302d50c2,23397
24741,311e37d4-eeb4-4e63-9bc5-b719c03b1f89,23398
23775,e5f552dc-426d-4495-b86a-50ad49e1f490,23399
26791,7237c343-e12c-44b0-b5b7-93cacdcdc08b,23400
25137,06b6c1b3-c092-4ac3-b1f8-18e985991c67,23405
24955,eaab6276-2f60-482e-a084-b0a9c71ac92b,23406
25106,456b9455-26ed-495d-8cfd-bbb66dcee5a1,23411
24484,33948222-443e-4147-967b-887c28b0939d,23412
24122,58b24c9c-ab4f-45ce-9a5a-41b713d5ec8f,23418
23986,4adf80e5-1ab8-46b1-a868-1a17bf37c0c4,23419
24868,9dac5794-89ac-4522-854b-4722ae8436cb,23424
42325,8d2f9101-9cee-43e0-916c-0bbbb18d7d3b,23426
23796,dbca0433-0d57-4594-b1e6-cbb6635a803f,23429
24511,8ec6c3c8-3818-481d-bac6-8101e0ce7898,23430
24788,699055ea-e9ce-4cbf-87e7-ba444d0f43f6,23432
24561,91840a57-c80a-4d7d-bf57-0e6c037b5ac6,23433
24663,7b420cef-7ce8-487c-853c-d855b0b65122,23435
25133,c12e2931-2846-4d42-b4aa-b32fb9746831,23436
25104,72d841ed-5d5b-4b39-adff-6b221e8a6475,23439
24554,b4bd7499-b467-4f8a-8ce0-4d2654aabff0,23440
24822,6a6d9bbb-65d0-4fd1-b255-2f33b5ade098,23441
23751,8828edf3-6b30-416f-9a34-3ebd521d2842,23446
23779,c7f012e3-7d8d-41b4-a388-f8e1920410c3,23447
42073,d68893de-6ecd-48fa-8c5f-12330dddd6a6,23448
24801,d95e41ba-6e07-4254-9d39-9817a57406fb,23449
24818,41a4d8a5-8419-4f0f-8787-a42d154c573b,23455
24935,46a05ca8-f444-4fe8-9bbd-adc0d679243c,23456
23604,033388cf-5b91-44ff-ae48-a23c580c715c,23458
25089,cdc9ec0c-ddbd-4db2-873c-a4496a6e7fd5,23458
24827,edbe2682-6c2f-4e53-98ff-1f4c7dbca3c4,23459
24629,488b82c3-1fc9-46b1-a5b6-505170d68cd3,23467
25162,f6cf61ad-7542-4808-8e98-d2aa292d39cb,23471
24236,ca9fa6c4-d924-4a64-9056-f304e3aaf4c9,23473
24182,0aee8b82-a17d-4b94-815f-dd2765f01fd8,23474
24043,d099a72b-d763-4878-b289-d1891bc67f5f,23480
24364,377e9b1e-495d-4786-a8b7-d2e0391a786a,23480
24570,25d0553b-aa21-453d-a280-c899b76e6b53,23482
24173,f8a371f0-f40c-4d69-9450-5e2d626a8247,23484
24341,410cc170-cc8f-4fd9-8ab4-5339ecc8a9f7,23486
24727,4dd19e2e-c1b5-491d-95fe-ead80d574862,23488
24168,ceb24af3-910b-4941-ad2a-595493734584,23491
24814,ad908628-1a22-42a0-bd59-4e20eb4be341,23494
24723,8f60d1bb-8d25-4a0e-8790-2a7397ccaf83,23498
25059,e103d730-087b-4ce9-abf7-8938091b0cc1,23499
23053,76314e7b-cd33-4cb9-aedb-ac9ebbb24109,23501
24421,8153b173-e170-4073-858d-6bff489e96bb,23503
23767,5e811c9a-7888-4446-b6ce-066bef31b8a9,23509
24578,f5dbbb05-b04b-474a-bd60-cf5508227726,23512
24513,5ec1d30c-f4ab-4057-87fe-1ed61d64a651,23514
24648,a5f42bcd-fd5c-46d8-ac36-b30fe2b2a6d1,23516
24348,ae30dd63-e39c-49f2-a12b-ade8ae28c849,23520
24153,2c9d4338-b4c4-4e96-a049-818a61e32acf,23523
24763,82278ea5-2d98-4fcb-affb-0ee4eaff59fb,23525
24071,3d758821-0ec2-4690-85ff-17af0d014510,23530
23876,958a9811-de13-497d-a58a-90cdb3a5dc8f,23532
24429,228bbbf9-cdf4-4cc1-9bf6-c8e857c4c017,23533
24845,44cf8d8d-9c52-43f3-b32f-845604c7c856,23535
24352,d1eff42c-40d8-464a-863a-beae10bac0b2,23536
24834,4e368bd3-97e9-4573-99ae-33829def32ff,23537
24809,acc4e353-4693-4dd9-8570-d34b77df69d2,23539
24143,7125ce06-5197-4027-ae69-e4a90f043b49,23542
24870,a67456e0-2c4c-4d39-af24-4852879e8272,23545
25006,a56c4477-9344-46d3-9561-43a8f2673e08,23555
24531,957ccd19-8136-41a8-9da6-2893e715ee22,23559
24310,c7ebdb5c-5500-4f0a-8b31-a101c269b295,23561
24316,cc1b162d-7d29-404c-bc5c-15b9e19c02a2,23563
24969,c84228f3-da99-41ff-909e-bb97e87d0406,23564
24831,aefa1263-624c-4893-aeab-68be8e195d04,23567
25373,96b87f52-d3c6-4745-a32f-a052794ba87c,23569
24255,ca9bed30-38cd-462e-b4e4-33b0b96757d8,23571
24691,af65ea0f-5375-4d12-8a70-855adb2d060f,23572
24830,cf30212f-ab96-4b6f-b51d-90bf5621f59e,23576
24950,271ffab6-aa40-465c-8e23-93203f11a771,23579
24967,df1c45f9-9ea6-406d-a8ff-1ab5bb01e79a,23584
24390,023b6d84-0f0f-435b-8a4c-02233b81d8fd,23589
23921,f5e51b02-7f30-4ca6-b5cf-bca82d36ca4e,23592
24241,94a3b295-4321-4860-986e-6c9af1cbf5cf,23593
24252,7f9d68e1-af44-4684-968f-fbd82723587e,23596
24305,42da440d-580a-4a32-8eeb-b1c273f35c48,23597
25005,90539081-4e89-4465-bfbf-deda2944eeef,23599
24671,81ebd061-5854-4647-b149-aac590873645,23600
24455,2293a4b3-3735-400c-b1d7-7ccb4bd1404e,23606
24367,cdc03585-313a-4de7-a5c8-9b40e77d7913,23608
23054,d0ac0c3b-809b-4d46-9b3e-7578b33ef04c,23609
24104,276d0c2d-10e4-438b-b87f-6cf3675cd150,23609
25204,50aba33f-3f24-48b2-9345-c4f4b3decd6b,23610
41842,56e6ce5c-0c99-4cd2-a02b-4024e57e4a26,23613
25212,2310c609-c2a3-4c73-bd51-aea763f1966b,23615
24420,ba308696-ea7a-4f5d-9e44-588a8a17f34c,23616
24911,cd99188a-8331-465e-8ec3-54016b573c53,23618
24861,24cdd68f-7a48-404f-b233-011d90bea9e5,23620
24842,b3419592-1402-42ed-a08c-a6365707cac7,23623
24322,53996d2c-a934-476e-9fc2-612049f21607,23625
24290,14cd24d2-143e-4eb5-89c7-ba189e9b2091,23629
23905,015dbdd5-2c35-4d1f-808f-b07a4c08c3fa,23630
24894,ec350a11-882e-4ffe-8058-af0067fad526,23634
24918,3fa24407-475e-4809-8f45-439cdbe57b7d,23638
24031,da9e1ec3-7d73-462d-80ce-bb0db4b5e127,23640
25073,a1e0096c-da2a-47e8-9439-6dfa8c7446f0,23642
24971,66c04b26-c1d6-4a20-9cc4-6d3876ffb19b,23643
25092,ef9297e8-97ee-452e-abdd-26b8d2d39e64,23644
24065,a2ce3ce8-0ec1-49a9-9d66-f0a753a5fa6b,23649
37303,a238519b-9621-46d8-8a20-4def3839a5d9,23651
24077,b69abc3a-5c09-482b-9c26-a822fe3665b7,23655
24962,ff70b892-918c-4889-a815-b87895e89dfe,23656
23148,ba243a8a-b282-48e3-86d6-f90fdb7ae1f5,23657
24659,05f541cd-5e61-415e-8166-8bae6d59a44e,23659
24737,0b94436b-6637-4a8c-a5f7-14fa70e0b82e,23661
26421,e0e5b61c-f95a-4b9a-8eb5-399b07d00003,23662
26420,60043f64-59ce-40a2-a698-0fae5876e749,23662
24248,d4434710-f83f-4414-bb6f-0b8ea7bdb81e,23664
24468,5aaec571-5df7-4ddc-97ed-1b2c72284215,23670
24231,becb8647-6507-40f8-8eb7-de8678d8d8a2,23671
24919,f5d504e7-7dfe-4345-8413-c947e04942a8,23675
24573,ae5172b7-8931-41e2-bfe5-a34cca6b2a64,23677
24197,d3ef795a-c73c-419e-8c07-7f6b5fce0591,23680
23627,7c1b126b-b12b-42fb-98af-29bc1f6cf88e,23680
24645,eba72449-ce2d-4d80-a5d7-8af7f98e084a,23682
24771,8d9a6a6b-ee6c-460c-8f3e-5c715c49701d,23686
25119,408b8a6f-294a-4a8e-af57-b703794f17ca,23687
23970,083e4705-620f-41d3-ab06-60f540395fcd,23689
24783,99205b67-23f6-43ef-b1dd-c4e4864cdbb8,23692
23780,4b09dc00-aacf-41f7-8235-967a548456a7,23696
24607,1e77f6a1-90ec-490f-8183-3e0efb843f9c,23698
23877,b24233d2-e0b4-4700-a7d5-502c1f432d75,23700
25132,949723de-b8e9-4bb9-9808-fa4ae5f486b1,23701
24590,68004009-3989-45ab-a0b9-6db4ae372c97,23702
25062,d332672c-6567-4124-bb7c-20f70f74ebf3,23706
23906,0aa4ef3b-5395-4f4a-8fb2-8647be354cf2,23707
24176,a9bbd99d-9cbb-4caa-b194-1d116ef217e0,23711
37482,e5d9e907-2265-456a-8a16-688ccb1cf254,23712
24777,d0fce926-5322-4152-a8ad-e6d2494193d0,23717
24147,df903e65-d760-4fc0-87e7-924291ba3b3f,23718
24747,829cf100-dd8d-42d1-bce3-179a2cf67b4e,23720
24769,b0592a8d-5cc7-455d-a742-f9a4427192e9,23721
24909,10f1b416-cc15-4653-91ad-67f6b2c890b4,23726
24580,fb895856-6716-4ed6-953f-1489cacda0fa,23728
24519,5696ccb9-c892-47ee-9057-3a9f5f1638c2,23729
25112,a41e179c-2f86-4e27-bb33-133141d83183,23730
24908,4215c9ee-97e1-42bf-9111-5d061ce64770,23736
24353,acd329a8-5410-4b1b-96b9-e6a6dff69e15,23738
42205,b174d642-69d6-47a6-9821-2bcb484954b0,23741
25032,b4c37dc6-dfd4-45b0-98c4-41000760a642,23742
24115,126f91a4-621c-4d56-97c3-c530f0096b7f,23743
25213,f7c7f0e2-be66-41a8-aea4-ba4ea8a49956,23745
25124,d592c508-a55f-484a-9c49-a5b4a9b5b2d1,23746
25147,68f3e18b-2b79-4352-a56e-62d64766d786,23747
25757,0a87725f-f3f6-4b40-b372-cfe6587bc1f4,23750
23446,528b2978-1c6f-4419-be89-03ffeeecc00d,23751
25854,0996a530-b3b0-48ef-b417-77e4ca7ed690,23755
25148,e209ea61-8df8-40e1-9e1b-8c8868e22afb,23756
25857,5e6696ca-c819-483f-84ef-e27ca64f99c2,23759
23092,bac3b170-437e-4d00-ac2d-6697367cb16e,23763
25610,dd82f6db-5c86-4ab1-9923-3eb529697727,23765
23509,84bda200-458e-4afe-8cf4-b1853d8209b0,23767
24566,3499914f-6d43-4dae-ac9c-88ba83d2c677,23770
23325,3a6a403a-836a-497e-8d68-208472db9b6f,23771
23399,13eb06a6-4d02-4315-aac2-bcad5cd78420,23775
25672,b7ff69b2-d123-44a2-acf3-b59a530d5ba6,23776
23365,3bf042b2-a68a-45a4-a0c0-36ccf6538c66,23777
23447,837c4cfd-adc4-491d-a328-f6fc14ea7479,23779
23696,445e43d3-098c-424d-8417-1ca412e62040,23780
23095,9cf5fe25-b462-49d7-8df8-961c69a89bd4,23783
25871,f11d9ae6-9338-4558-b846-39fd54e5015d,23784
43004,d93f8224-c9bd-4f30-9845-882c25c50114,23789
25873,ed0a1ff7-d535-4e48-b9d6-00fb23504677,23791
25604,85c15da4-04b0-4115-908d-ce61f0d357a3,23792
25600,fce84f3e-0664-4285-97ac-6356345cc890,23793
23397,9019ad2b-ef2c-4cf3-89e6-2a98a650c53b,23794
38509,308ade0d-d4c5-4746-bf5a-a92a1b7e1c8e,23795
23429,0ecaf4e3-438c-4088-b5a1-15594cf3ab09,23796
25768,b8b81647-afb5-4532-b266-e7d083f4835c,23797
25435,12ac716e-5c26-483e-af95-be3b48fe2fd5,23798
23476,b302736c-76f9-4bb9-98af-2ef516eea0cd,23799
42166,f1a4f0ce-18d1-40a7-b40f-d34580759b9f,23799
23094,8331d4c8-7096-4ee1-ae13-95f3c41d9b74,23801
25691,965f9604-643c-4395-9667-3875bce095cf,23802
25700,c16b5a2e-f503-47c9-a858-3e46831ce9f2,23803
25052,58f2223d-e4b4-4129-b3ef-f877adbe2557,23804
38676,26d574a2-3d57-4378-975c-790bc86223bd,23809
24722,6c368341-05c7-4c5a-a288-620806de1336,23816
24166,d7e89938-d357-4c36-81ef-abc2021d1d84,23821
24764,7646c30f-224d-4d75-969e-effe58acc3a7,23823
25144,a9b3f8a7-2ca9-4b83-9785-b94d2371fadd,23824
24440,2a580649-dae7-4562-b89f-522b43d4acb2,23825
25142,fd0267e9-fb60-4aad-b892-74157b6743df,23828
24986,dc207417-a92c-4486-8f0c-b91c8006afce,23833
25031,71dadfd3-dc97-491a-ad5c-9f7bea6c5c8f,23834
25161,8dc05bd3-99a6-4f1a-bf43-8b3bb8a681ca,23836
24083,aa2509e8-f8be-4ad0-8946-c3c06b0c1b6b,23838
25143,61af4eb5-eb0a-42ee-bd2c-ee78ebecf0f6,23842
24670,ace1d784-b84a-419b-9edc-d50fe6ffae71,23844
27252,f42e60cd-53d3-4243-b699-003b5ecad841,23844
25120,263fa9db-4b2e-4f77-bb3b-a7df5b2bcf3e,23847
24889,2a2a2088-37eb-4555-9f5b-55ab984b312c,23849
23988,08bf3d64-1895-4d7e-9fa0-2267e69fcb34,23851
24027,471745b5-32d6-4528-ba28-921bc2306644,23852
24142,f54aa004-55f2-4ad5-a484-1e2647990276,23853
24585,f4ce9770-2431-4f40-8a2f-3cae3fb939af,23860
24789,5320dff1-c321-4496-ab86-9ff931bd0a20,23861
25226,6dff2343-3e35-43e5-ba7a-7a03be7ec9e8,23863
24216,eaf77e7a-8b9e-4efa-a37d-26828f391e30,23864
24854,59c4d27a-258d-4da9-a139-1e51494e4b91,23865
23323,0e57ff3e-785f-4c02-a589-f10e1efd3279,23868
23081,fb3f55ac-052d-4ccd-b536-1577b5f46075,23868
25508,db59ec91-afc7-4276-8efc-138bcea1a795,23870
25776,20745f5f-1ea2-4423-92dc-18080b797c71,23871
25824,9eeeee1e-934a-4f82-b022-f57e962c9d0f,23873
23570,59d1b1b1-a6fb-4588-a0a9-12262cc27273,23873
23532,7db4cd87-c299-40dc-903b-14fa4f138fe1,23876
23700,ecfde847-a327-48ab-bc8e-cd982b22fd80,23877
25545,0cc98a14-d151-4683-8e2a-808cc9fb02a0,23886
24574,1e792ee6-6c78-4a1d-8313-d81bacd4ec9f,23887
23068,c9cd3a09-dd07-43da-8a2a-8d0c680162e8,23889
25847,0db30427-8b7e-4fac-b2b4-71381b0b9082,23890
23013,ee2a9746-357b-4f3e-a3f0-d950e7048330,23891
23074,3fe160f7-90ad-462d-8a01-679ef876c0e3,23891
25608,b7093aae-15fd-48cc-a062-8e12c1f37921,23893
25428,d69a75c0-23f3-4ee1-be62-3aed32453797,23893
25812,cdbe6ba0-3fc7-467a-97e2-346114cfdb09,23895
23078,793b2b66-4cf5-402c-889b-ff233bb6d546,23897
23039,05e88f7e-c475-474e-981f-b94e77bb30df,23899
25341,e1eb9b72-30b5-4161-8ed3-0b4aca90283e,23902
23630,2919abce-7f87-4410-9ba4-c4c3badf5470,23905
23707,87170d7a-1342-485b-9297-69da1fe08d71,23906
23381,ecd1b449-c46e-4606-9d90-a2ca7959a28d,23907
24679,2fce458f-43c5-48af-abc0-d0a84b14ab00,23907
24066,48d56d19-d1c7-480c-a99c-22021d8b4dbc,23910
25486,5e8f45a4-4143-4438-a5a2-fb1e2ebe4ca3,23910
25733,2326e60d-58ba-4909-9ccf-33de96600f47,23912
25268,ab1094a8-d2e3-47d4-8e02-e38035704911,23912
24126,b0f83553-df80-472d-bd62-c5c2dfe14ece,23914
23050,5c9d7cbf-dcab-4caa-99fc-672c97273134,23915
23258,287c907a-a853-4b8f-aa91-4058793dfd70,23916
23216,ebdf255a-0e41-4b3a-acce-2b7f95e30ce0,23918
23592,d7ebe35e-c648-4e6d-b716-8dd38f0b7944,23921
25759,401f12d5-1d18-4b36-9628-cc5417dd538f,23926
23046,3871ad32-4e6c-492e-a1fd-a85d6d747343,23928
24690,617f1182-cd15-4440-b069-14f29f5ac3d7,23931
23217,ca71aaee-1527-4436-acca-238efb86d8da,23932
24923,1a28a0f5-7f19-41e8-9e1c-6ac09c9cf25a,23933
25403,a45f0c5c-ba57-4e1b-b84e-ebada88b70b3,23939
23272,2dc5584e-e810-43a7-b8e3-dd97edbd7eae,23941
23021,14c007a3-fd30-40cc-b1dd-174dd9d7aef8,23945
25647,8c7b9c1d-e4bd-492d-ba2d-4bf5a6a8e2b3,23947
25578,f4e87e39-b0f4-4c94-a20f-5a4ae7c58101,23948
23322,70ab02db-d351-4dae-9380-4e5ebe755a4a,23949
25474,b03d5fac-fda7-44e3-9531-e5fcbaeb6f0b,23953
23000,145c7226-6bf0-42f1-9d07-2dc4e07abc96,23956
23714,96077fb9-be1c-4ee2-ae71-43b14ae61ffe,23956
23654,5c87df2d-9a2c-4b6f-88eb-7f3aed5633c4,23957
23288,f5b7d282-f214-4659-8e09-d5af4ecc49a3,23957
25737,81d37696-0c36-46de-b85a-05d1fa00be78,23966
25753,10fc34be-7321-4cfd-8bab-447e0f90493d,23966
25358,4cd3df5e-0b79-4e58-9a5e-9dc59502b840,23968
23689,8f87bd22-60d4-4773-afa1-6d1080d5a4dc,23970
25736,76fd97e1-3587-4c0a-811a-ad55de57cf29,23972
25286,f85db74b-9d9c-4766-9691-a27de077a5c3,23974
23818,dadc983a-ee66-4b7c-a5aa-9cbf9379d551,23974
23367,f8ba15d1-1bf7-4d4b-a6b8-678f61d828b4,23974
24062,79c43af4-a822-4c36-9308-7aacd5e7cdec,23978
23022,a3602b87-b753-4c97-be3c-4a0fe22422e4,23981
23213,49c4575f-e408-4f41-8c83-a240c7ba8089,23982
25256,b378b485-123d-40e2-8fa2-c33b66162a01,23984
25195,18ebcdd2-bc4b-4adc-b0b3-2d5f6c800e63,23987
23851,37fc4af8-2228-4c15-816a-0df080425250,23988
23189,947346da-62ba-481f-863c-b10a217f63a8,23989
25656,b5c6b817-fcfd-448e-b6a8-1853e87e9932,23990
24450,e3a5cdb7-a9c4-4068-b45b-1e0011b92a7e,23991
24472,f76b4228-f4ce-4073-9a2d-ae944476170f,23994
24885,17673802-5664-430f-979d-66b05b0097c8,23998
25285,cd7b1554-f53c-4395-b14f-a36688425865,24001
23038,71ef6995-d100-4c94-a69d-77ab81f4e12b,24002
23153,5e85e5a9-9603-432d-9ae4-e8027238e38f,24005
25367,ecb86666-2282-4f46-9f05-a8cbf9430a39,24006
23353,39695fac-9ce5-402d-a1d7-1d65ae430125,24010
23673,3d974447-c1ff-4f0d-8276-1494a9d14cdf,24011
23036,6694b635-2ab0-452c-8619-4e84efe2ae7f,24011
25764,21ced327-a5cf-4521-ba09-91f3d2ac72cc,24015
23010,abb9f25d-8b50-4baf-a8d0-478a97c91bc0,24016
23665,49ef9868-5ddc-4fef-a64f-4031348ce4c6,24018
23508,cb322175-cba1-4717-9c9b-6cb020385a6a,24018
23518,0869a800-07e2-42ea-a7cd-8d3d26e47028,24019
23925,a8e13987-b871-48e8-a42b-716d328ac177,24019
23061,459f7de8-62a0-4005-8ca8-ba63e4f48678,24020
25625,adff9f8b-2a6e-4290-b9d3-b0ef9e238fc6,24022
25650,230ec007-94a3-4199-9c07-08ecce986c80,24022
22999,5e5a977e-9aef-4cd2-b697-556cbb136aa8,24025
25560,75075506-ad89-4c71-92cd-b83dae0ad672,24030
23640,bf796e89-1888-480c-b6cb-94b4c1e46d6c,24031
23263,63666608-2e0f-45dd-82c2-3db353c9f321,24034
25253,ccb71fff-1b5d-4e75-824d-80c87b89d253,24037
23716,243792ab-5108-4d50-9dfd-0d3a2223c956,24040
23047,fdb61d25-5ed0-4327-998e-1d9e54be6bef,24040
25590,5e093237-f2b6-4f19-8a52-75fb7bf3ce2e,24041
23236,75cd7e68-7bfb-4f1f-9c5b-ad4f3a8cc5fb,24042
25644,ac75f261-6052-426c-bb80-d2aabe093136,24045
25505,8b1ecc9a-42f3-4601-8b88-5b1ae1a69672,24046
25502,e1370a19-1ad4-4949-9c0c-3281e97a68f2,24047
25402,61b9e716-075a-4927-8f67-a6fa2c3dd192,24049
24102,aea1fea6-97e9-4d66-8940-54bd571d123a,24050
25599,5ec6710d-47dc-4178-a1e7-198c9d478d6f,24051
25701,a126f00c-7a10-4c50-aa24-e8a83eaea210,24052
25694,8b5ae2b6-8d3f-4ed1-805b-519cd21c726e,24053
24162,af9cb998-f127-48a7-ba13-e9acd39c570f,24054
25685,6d6c048a-126c-4a8d-b8f9-0b39ce677f2c,24055
25350,cba89d74-e1dc-458b-808e-04e77ccebf49,24058
25856,a44e0912-c6f3-4dc1-84a8-442a5e9ebe7d,24059
25455,928609b5-4fb8-485f-a2f6-225844ec0054,24061
23978,d3b167dc-1856-4de1-a4f9-46bd5a876565,24062
25765,b26734bc-81fe-4ab8-8ea5-548fa509cac5,24063
25637,9f023c66-bad5-4fb9-8487-78ababc5d07b,24064
23649,36171446-8093-44cc-a589-27de759c2dd6,24065
23341,b6c8aa5b-9c11-43c0-b0c2-244904789492,24067
25372,a80f0cc7-95ff-4fe8-88df-93d3a141f155,24068
24180,c02003bf-626e-487f-b1c4-867f54ed716e,24069
23550,41f345aa-74bb-4d45-8bbf-fe9c2befe716,24069
24177,5401b970-19d8-4879-afd9-9424d1366c0a,24070
23530,2c63eeda-fefa-4416-a57e-4f484f27d236,24071
23295,bc572ea1-6a18-4e9d-8d87-a60bca6c9d09,24073
25493,b6697345-3915-49f2-9c5a-bd4a38aa7db3,24073
24191,b14cdde7-ae80-4f80-8512-cf9047b1d655,24074
23407,c1b002f5-46e6-4d49-a0af-d7645734d4e5,24074
25845,266ed7a2-d79b-4e2e-b8dc-57a26bc0eb44,24075
23655,ccfc3b66-feb7-447a-9645-df6bec7e0100,24077
24167,028825e6-fc74-4c5c-853a-5693d573330e,24080
25645,555f0517-6875-48cd-b2d3-284d95a23708,24082
23838,9be3d670-13b8-4362-8300-fb88d629fa63,24083
24100,f18878e3-d4f6-4ef2-b9a4-40566f6d6617,24084
25265,06c73cb6-2857-48b0-8652-bb53038eca79,24085
25388,9e98d76f-9628-4e0c-9813-7a667a7e4228,24086
24599,333c7e82-ded8-4e17-ba87-455804430f3a,24086
25414,d95b3d2b-dd50-48ce-97a8-59955adfb2bc,24087
24571,4f7a073b-5551-4233-9f01-5ddd8991e3f2,24088
24084,bc879450-eb65-4fe2-a817-75278ebdd8f0,24100
23017,30d92a95-c6d1-4c56-876c-7c0cc1dd6b44,24101
24050,25042291-c1e5-4952-84d6-ff8c9368173c,24102
23192,e7c306d2-acbd-41c3-823e-60057831e6f6,24103
24731,1d9ddf68-2987-4dfb-a419-1f1a442c3d64,24107
23085,88d229a1-97e9-4e47-b698-235ea92fd8d3,24108
23743,fe19ffb7-d563-45df-9ca6-e1808185c470,24115
23309,d52f0470-0a18-44ef-9976-acc211148a3c,24116
25710,49e46682-19e6-446c-99ab-de8f845149b3,24117
25778,bb66f9e2-ab8f-4f23-b4d4-eaeba182b54d,24120
23418,e762e0b6-0d4c-4985-96c3-38727b8d45a9,24122
23380,4bb57a63-affc-4940-ad22-734a7878ccaa,24124
23335,c6ac11bd-8577-4aa7-8632-2da9720f427b,24125
25728,92aca850-ae0f-4209-88cb-7c82faf63c5b,24125
23914,7bcd861a-b348-49de-aa25-dcad1e172891,24126
23083,c9d11660-9fc8-4c28-b1b8-d4613650f36f,24128
25293,19a2f7b3-6ad6-4bf4-8f7d-0beb7f1fabf3,24130
25321,6581fcd9-ad9c-4efe-8a98-dddf0dd4cdb9,24130
25641,423d58c9-dc44-4b4a-9519-224edf5269de,24131
23541,59f80a01-d3c5-46cf-9e74-734443a1a493,24132
23029,e78beb8e-6df8-4f09-888d-a952742368a8,24133
25794,250aad66-fc1b-44fe-9553-c5df1d21a808,24134
24598,956526ad-9140-425c-9474-9e0f0d2401ed,24141
23853,643dd693-86cb-4627-8871-8bf960a02c47,24142
23542,b761ad94-b4ed-4d89-a30c-e7310571cb5d,24143
25602,2edb8f6e-70a9-47d2-a983-da86a704461c,24144
24551,9fde1242-17e0-4b08-9aab-cb56c107924e,24145
25080,4d44a67c-c9b6-4dca-a113-409a78788743,24145
24202,aa6a3e5b-e96f-4a73-b9f0-f9863b197b79,24146
23718,f78010aa-38b1-4296-bb6c-e0a854466a20,24147
23120,217ebc48-9198-4745-b7a6-8216be1a298a,24148
24539,52bb2afd-118b-4209-a94e-2316b0123dd0,24150
25553,78fb7f7f-680a-412a-a735-9d3581c2e9d4,24151
23739,78daad2b-15cc-4b6e-89f9-37489bc38d01,24152
23421,88f31b63-d8a6-4bf5-8c7d-dc6a23b3ed3f,24152
23523,b864c194-dd90-43ed-be07-bee344df8f07,24153
24287,366bfd75-4e96-4e0d-ad01-c80f928c2e0b,24155
25544,04dbe16b-76fd-48f5-9212-4f48efe6eba1,24156
23855,b8a9881d-664d-4318-8a33-a8ed4087a5ef,24156
25076,c3421ea6-a506-40c5-a394-03b0110ee818,24157
23115,18125c40-754a-44ef-a29e-a98fa60d7e79,24161
24054,9c6505a0-696b-415b-ae4b-c12f19fd3a69,24162
23821,b44a3d30-5a8b-4d74-8635-a9984298bc00,24166
24080,1cd8b9ea-99cd-4a23-a6d0-1fc7bb4e089b,24167
23491,19bfc93c-3c72-471d-91d1-7f70ebaafd52,24168
23031,97076705-7c38-4757-930e-c625c7ec6d53,24170
25273,4615ad33-b890-4269-a63a-030d8dfb6c13,24171
23055,b872f4cf-2960-4a23-8633-8c98cef3e3e9,24172
23484,b062e08c-78b6-4d25-9bf0-222565b662a0,24173
25361,5c3a93e1-c9a3-4d02-b48d-30c751be08ba,24175
23711,b60fc8e0-4ac0-4c5e-9c1f-b52d5ea62a2d,24176
24070,61286303-0597-4e2a-a60d-32a418899142,24177
25682,5f7fac4a-cebe-469b-97d5-4379e231106a,24178
23474,916414fe-13f3-464b-8dc7-f65df0c63783,24182
25344,fb3ea72d-6e64-40f8-a6fe-6d44abe058bf,24184
24514,4c8510c4-ee5e-4be9-807c-eb336dc4cd54,24185
25257,1cca88b7-e027-4299-befd-cc4ea46fe72c,24186
25379,d250c049-ae82-4c9d-9101-1af58526ee2e,24187
23314,c079b09d-5d13-4aca-a952-06b1970fdc09,24188
23250,d6d5d3d0-1846-4251-9a26-9acb6a497135,24189
23024,f19bf547-487b-4b91-93c6-95483b41c993,24190
25827,6b831b0e-2c6d-4db9-8662-eb6721c216c6,24190
23270,78e8eb9b-830f-4e79-a34a-6dcaaf732b57,24192
24383,7c74cf7d-88d9-4095-a47f-a60b767eb821,24193
25748,8ec82e9d-44f4-438d-aeb0-a461628ab110,24194
25862,d85672d0-504d-4e6d-be30-11aaa8e6caf4,24195
25835,223c1d9a-480e-473f-93e1-c8e0ce0edcfd,24196
24424,29f46975-756a-4af8-8f30-6dde99c111b9,24199
24724,4c6b89ab-e546-4606-bb42-783ad9aaef1e,24201
24146,c4251f93-0623-4673-b490-7542ee91340f,24202
23257,90105f45-fa20-4f9d-adfd-027fda15f456,24204
23070,29a91ac5-2592-4711-b342-d23823c0ecbf,24205
23007,41e473e8-4ed2-4d4a-87f4-fa3f13cb7836,24207
25471,5ccc6f4e-d50d-4574-a06c-c12a2a2b31fa,24209
23337,f95cb426-fcd5-4f36-8a79-d3bee887864d,24211
25646,7633b801-368c-4191-94c7-e1bbb0581d10,24213
25556,560899f0-0b61-47ff-b37a-55c0d2fbc771,24214
24538,c4f3b534-2a83-4059-a849-e6a0478567f7,24215
23864,ed55d145-a99b-4806-bd4e-ea12723c2dcf,24216
25430,8cc279b4-91aa-408d-9d4b-295e74527a16,24217
23292,20ad5d17-2ba6-4715-94ae-2578969c2763,24218
24774,fe0d3d8a-79db-4770-973e-634061b9ebdf,24220
31378,c09697f5-ce9e-4c1d-9cd3-50b1239adfa2,24222
25576,a3c27e5e-39fc-42c2-8fbf-f79e6e3c5a1b,24223
25354,d6c62709-025f-4d5e-8158-bf53261eb628,24225
25343,742f255d-2828-4b93-af60-671792739d3e,24227
24404,179f2c2d-cfad-4f04-a34c-c545ecfdaa81,24230
23671,6477fe20-a1f6-4256-9d78-8b5403e8227e,24231
25738,8bff2fda-fcd5-4bee-bdad-a970c5897828,24234
23109,adf741f3-89df-4728-881a-437e5d60a83b,24235
23473,5f66e761-0641-464f-bd2a-582b557b6749,24236
25220,e9e55e7a-4fe6-4793-a562-a497c086a742,24238
23593,84c419fc-be6c-40bf-8cc7-b7e1acb8a06d,24241
25287,4453e243-3d81-4487-b7da-bcc4be33a410,24245
23664,ca3c99ed-d2bb-461e-9842-225b580d1a92,24248
25758,a5f9cc83-b9e6-4b09-8047-2018ce8ff283,24249
23244,3fc93356-33ed-46af-961a-1d9fb5bde070,24250
25788,fbf215d4-8810-4a70-920d-ce15ce61b6b1,24251
23596,1ee8f425-cb0e-4dae-8deb-39b34bbaeb9d,24252
23571,119035c6-45fe-4fda-90cd-660d1e31d54b,24255
23243,3c350e78-65b8-4ccf-9f14-3a04ae4a58a3,24257
24857,2c670fbc-56fc-4976-87e6-82d51d72a9b3,24261
25558,73c97f05-6b14-44ee-a6df-b5cc56696fc8,24264
25849,cc417d27-a2e1-4826-822f-29818252ac3c,24266
23819,03c9c85d-62bb-4b6b-8091-451975bf96f2,24266
23483,1c16e949-db54-4f10-a2a0-8222a02f99b1,24267
23271,8798fbba-f158-43aa-ab83-f83e4ac6c5e1,24267
25767,1311bb60-1a88-4106-a9d7-5cb2b5fe115e,24269
25351,5e7728eb-daaf-4931-84da-1dbc176ff5f3,24271
25727,e3eacaed-0a50-4ca2-83b3-f97f82a3ff86,24272
25740,0818d587-9bf5-487a-9035-7cc389b6a012,24273
25246,dc0f85f0-3c95-401a-84dc-29e7fae5ec25,24273
25639,7f19ec94-bcd1-49c0-8451-1b69d267559a,24274
25684,2105699b-0713-4e27-b41a-9952747c1b7a,24276
25284,3e563cba-534d-4a33-8e8e-8d653c06f66f,24277
24522,6134c06c-a0ee-4203-a2bb-bc25b6fda9fd,24283
24869,dcc348c4-49eb-47b9-97c0-9f5d733313e1,24284
25269,b42492c3-a6e4-4033-a743-cc3c41a92acd,24285
24155,c08335fe-9227-4fb5-874a-a8e43795e0a4,24287
25522,929e530b-6322-4fc6-a7a0-45ce925a7a57,24288
25409,070b5a58-fb16-439f-bd80-71070167475e,24289
25406,a9ca5f5e-d51b-465d-8cda-d96e6a738dd5,24289
23629,7b14e228-ae72-426e-968e-4b0838562569,24290
25336,87b283e1-22c7-4b53-9f69-3a60e69ca122,24291
23152,4c553284-883a-4899-b7e8-2f5a1599f61e,24292
24862,fd13dbf9-f11d-4185-a1f8-f4d797eb872d,24295
25095,79ede81f-f6fe-44dc-8c99-3ea2df501dfb,24296
25487,62d98c61-b3eb-42d8-b88b-fa15505da08a,24299
23249,225f35b9-76f6-43ad-af23-80ae3ef0b701,24302
23597,188dd02d-884b-436f-81ec-8439df32e3ea,24305
25855,844dedb1-f76e-4e36-bd5c-1308a4b1e866,24308
23560,51e11031-37c2-4261-ba51-8e55543310f9,24308
25876,c7621c33-438b-4f8e-a5d0-0f0c24048f01,24309
23561,58f79ed5-51bb-4889-ad95-3de5505d3618,24310
23395,3f38c4cd-f982-42a1-bbd2-6f511c2e228c,24312
25734,222b0cb2-5158-4d63-b625-7873f9a2c7ab,24315
23563,33f15bd4-480b-41b7-9bd0-37a7c035f855,24316
24829,54f985fb-0109-45b9-965e-7a1f40ea89e9,24321
25883,a9105026-28a7-446f-a3b3-e83e4c437cf6,24321
23625,7710b137-9c66-4c4a-95cb-09b724bdc483,24322
25875,64463643-a481-47da-836f-d03796575fdf,24323
25159,42bc7a56-6564-42b7-89aa-582c10a99fa2,24324
23228,9ca23542-7f45-47a9-af71-835d3864af34,24325
25577,10c0f47f-825e-4eb0-893a-58b916fe588e,24328
25407,08247da3-5311-4bd0-9d9a-9be30b6ffd19,24329
25454,43185f88-eed5-42a9-8072-fb442a42a85a,24331
23253,fa7dd5dc-71fe-4ff2-b300-063ce827afa6,24336
25216,bb43f0c1-d758-49fe-b619-aa2972ea72ea,24340
23486,cd198268-ff76-439d-bbbb-15568f29c268,24341
23045,1633f4a3-a6d4-4866-94cf-342c55f22768,24344
23520,31015488-0162-4567-8ffe-eaa17717055d,24348
23362,ae638262-077d-41f9-b44b-b3d7c3531455,24349
23735,e9f51e2c-0eb5-4f17-ab0c-4f3b538d31da,24349
23536,c757d7d0-cbef-4815-944f-8e5f2ec18897,24352
23738,743643bb-76ca-43a8-ad8c-8b9c161f39f3,24353
23264,646cff13-565f-421d-9a73-c2147bec94ff,24354
23057,da066736-02cc-4273-9c38-e74ebdf1b98e,24355
25615,71f8b20f-a914-4941-9f81-8c8b652db986,24357
25250,4ef5c74f-9468-429b-92af-948bbd4acf77,24358
23202,9182c3eb-fb0b-4aca-9438-cecaa77cf931,24360
25806,2b56afa1-70aa-46ae-ab2b-f36b55d14453,24362
25732,0f7c01e9-eaca-4f99-89fe-595266f23a49,24366
23608,a2ca41b1-325e-4a65-8d4b-d5a71d78a24c,24367
25240,9c5f2748-e727-4fbb-9a60-024a06e65536,24368
23191,186548c5-c0c6-4643-a0eb-a0fbe982d4fd,24371
25817,4741530e-b56b-46d2-9357-80a4e1ccb027,24371
23306,f81662cd-9e2d-4baf-9cb9-fb53c1e74eb7,24373
25349,d4f40751-63da-4f15-a12f-a91347f6943d,24374
25346,60274f57-b408-45bb-8a2c-5251963ef180,24374
23016,2e85f439-99d1-4d3a-b90b-e518519ee836,24375
23174,1ee4d293-f09f-4f49-a3c2-b49a484dac2a,24380
25097,3d757e85-1a84-4256-b058-4c0b8a7cc21c,24381
25885,fb808123-abc2-4af1-9e2c-713a454e8640,24389
23589,d1d65240-e74c-4bc5-a1bf-7a297cbc9f8e,24390
23373,982a1312-8a32-488f-b68b-2b852b41081a,24392
24779,ea7a1fd1-d187-42f0-b33a-d8183bb8982d,24393
23580,d86feb3d-d661-4c19-ae30-0519188b078a,24394
23135,03267065-45b6-4b97-9d61-fd61287e9dc9,24394
25381,5f4bb0a9-b4e1-4a38-bc23-7c3d0e97c2e4,24399
25770,6af85ecd-4da7-4c38-a572-21734095a4d4,24399
25146,832d4151-87e9-4916-b994-33080bb7b15b,24401
25750,fd1c5c76-b031-4221-857a-2b55ea5a20e5,24402
25314,7c23f53e-93de-44b1-89f6-5acce49bd637,24403
24230,5ebb1c52-52c0-4494-80a3-1787f0899fbe,24404
23218,b20761a6-e68c-4a3a-9a26-d2c9a29e3fd8,24409
23704,6e7cce69-468e-4cb5-9b12-999ca9c9de22,24409
23315,922e0f97-6693-4dfe-8ebc-7a0f520c69e2,24410
25761,84105499-e502-4b4d-b2cc-ee69f6f593d1,24411
23241,2463926e-01d9-41f5-9aa2-87f0f1b4ee55,24418
23485,1a473c17-2a15-453b-814c-dfa8f92429a8,24418
23611,ef1d7ad2-daef-4f16-8c1d-95125a0f881d,24418
24767,3f541ab7-1a39-407b-84b0-b4dbb24c7e0a,24419
23616,5faf00eb-4891-4d7c-b3d3-99d988969347,24420
23503,134035b1-8543-44e6-b26e-65a78078b0f5,24421
25570,e0a0baf0-e603-4fe9-a9d2-efdf42a50d55,24423
24199,24fc42e2-d7f1-42fa-a30b-a4fd311f1416,24424
25613,15e92ece-63e6-4919-a511-1847805c2b4a,24425
23633,69cc96dc-bbf3-4f3a-afa4-980486a92e5d,24425
25766,b0740fc4-cc9e-4f21-835a-c6665f3c0f3e,24425
25494,53fcbf3a-939e-4fd2-8704-1309bf49ace3,24425
23344,e99871d8-2e70-4f66-bfdf-1c87358809c3,24426
23533,04d11860-6929-4227-99e4-23028eb55c61,24429
23023,feb86792-edd8-4feb-8d5f-d5a42fcdfbae,24430
25331,6074cc80-3949-42ee-beb3-0f17b3aabe22,24431
23030,4f7cd4a9-33b5-4627-b1bb-55b194e7b3a0,24433
25384,030b42d1-3b50-4830-94da-5d146ba85eed,24434
23995,83152b76-fd9a-4727-a23a-75040836dba7,24435
23221,e003adcc-f5af-4239-8855-4b0d39bd2b62,24435
25826,2a5e6028-7245-4cce-9862-27940fc6f2e4,24436
23166,a0f34a06-1f43-4b63-ac5e-79b436270367,24436
25529,778567e6-f775-4707-af2b-b12f5c8cc8bb,24438
23222,190fa4c8-7888-407a-9e15-babcb2cfc7e3,24439
23825,ab2aed0a-0a42-4179-8f87-91de668377cb,24440
25801,bc797eee-6e18-44a9-baf7-062af14aede0,24442
25802,386c1e02-d10b-47ff-ac30-ea8e9fb6869d,24444
25468,ef1ea5d9-63c0-43d6-b6ad-3a3e1cad7aeb,24447
23991,fe377dc2-4a59-43ba-9fc7-6b63563ce558,24450
23384,0c4cbbac-b42d-4ebc-886d-747c074eeb3b,24453
23606,f4ad5a40-509b-4598-bcaf-30dce9cc86a1,24455
25569,5bda94c8-8c15-4f10-91b0-d920f301ceee,24459
24488,8c96a592-da6a-4285-8f4a-c6f9270cf3e4,24462
24512,d314db91-8f58-4fbe-8da1-f722da52f2d0,24463
23670,26092784-9d05-4110-a2d9-7fbc203475ea,24468
24932,b741c8c4-7adf-4f96-b58d-e8800f595210,24470
23445,57b56539-ce69-4862-bd8e-e2c8c030053b,24470
23994,8d49c1e6-14f0-41c7-92b9-4d03f8d4aef1,24472
23026,028bd9c3-794a-4594-b344-cb62e48e1da4,24477
23412,7c8c729b-e33e-4216-885a-9c172fd4d8b6,24484
25742,2572e1d7-8a62-4ccd-a0c3-2e6f4e508c1b,24485
24462,558a5e5f-f493-4035-8017-347865c109d0,24488
24810,084450bb-8f90-4a3e-9c0f-fce8fe02dd5e,24492
25485,f521a4dd-62dc-4c61-88c1-d3505c65ab38,24492
24812,b1680adf-35c8-4da0-8b79-06293347f83d,24493
25370,8b96c638-79de-44a6-b0c6-cd3576b25630,24494
25218,725bd425-d3bb-4c67-bb6a-3deb20bf7031,24499
25448,8743c407-a48f-4fba-9df4-2d41dc4fddc1,24501
25816,868a0092-6352-4d4b-95f3-959b7e619b6e,24503
25171,21459f0f-b43f-41fd-bb26-650fd891e6ad,24504
40801,019aa354-71b9-4e81-9f34-922ae8ffc21f,24506
23430,e37d6607-a9bb-4929-9185-c247075f8747,24511
24463,d37c6f3b-7af0-4aa6-b4a3-41c803c6bb91,24512
23514,62b83292-8f07-4d6d-974c-713fc1ea392f,24513
24185,54e9c0b8-b56c-4bf9-8d17-cd3a73853821,24514
23729,594748a8-9964-412e-b80a-19de1e41c0be,24519
24283,4b49f63a-c877-46e3-beba-d2c86e508fe1,24522
25552,fb844a13-42fb-43c8-ad5b-e45026972d4e,24525
25828,a6934968-a47e-45ac-b0b9-908eb4343b27,24526
23354,77c94fc6-a636-40d3-b5ad-9ff420296e74,24528
25808,a60cb05d-b2af-4e1a-9ca0-8d19e870e0e4,24529
23559,78655b92-5326-487f-ad2b-e8614fb6def8,24531
25442,4604d1aa-7fda-4ab8-be73-8e4bac97fa19,24536
25583,0312daf0-c71b-4ef3-b229-b43aadbf5751,24537
23490,32c0690e-f467-4c3d-a20f-2058ac3e7df5,24537
24215,fb9c8ae9-dd94-4112-9765-92793b2e3b99,24538
24150,cb9ccc03-acf2-4f24-9beb-8218f459d3fd,24539
25417,2f63dc1c-c2c6-4087-a494-0f42e66da7d1,24540
24365,07643c14-43da-4ecd-861a-f8620f59f594,24542
25438,02e37316-3a4b-435c-a0a9-aa23e0b7c025,24542
25612,607f9603-2ac5-4725-81a6-080fc57c93b6,24543
25399,faffebcb-1164-43b0-8c1b-4943cfc1e81b,24546
23440,9d566fef-8296-4d09-81f0-c3e7138708b8,24554
24939,05ab32b3-aac9-4695-85eb-80e828a596ff,24555
24937,7bae2620-0b9a-405d-8257-566c1600edfa,24559
23433,4dcef1af-1870-4bcb-a7a7-a2ff77c47c53,24561
25385,8e5662a3-4115-432c-8c57-228e98860d6a,24562
25397,b0ddd3f7-b06d-4962-be00-5f3a841f5f1f,24563
23164,fb4e2a4f-b12e-4d35-bf7f-80792120bb51,24565
23770,2acedfc0-82f7-4e15-b37c-8e158b898cb7,24566
23382,c1a83832-7088-4155-8004-49f2d9eb7ab4,24567
25425,9b19da58-e7b6-45c7-885d-4ccdc1a41dcb,24569
23431,62418a24-1443-4967-bdde-7c7bfce127a5,24569
23482,6d7922c0-fa30-4997-be76-ee00b059ab86,24570
24088,563288d8-efe6-46fd-8b70-9c443e339c41,24571
23677,d499872c-c17b-4e7e-9318-b210840e8e9e,24573
23887,8dc6ac24-99f7-45cd-90e0-e68162c3afff,24574
25720,7ff8a697-773c-494f-bd43-e7de4653e7d6,24575
23512,31ab23bc-9793-4277-8aae-6e138a932e23,24578
23728,ccaa86db-3ee1-47fd-9ea0-62dabceb412b,24580
25609,789b6446-ef91-47ac-8eb2-39f82421fa28,24582
25703,95bd80c6-c86b-45d4-94da-be7b1426b15a,24583
23860,0c6819de-99d5-403a-b1b4-7c9ac910b088,24585
25628,37be9914-b186-4ac8-8100-d2e8ee820392,24586
23214,6e372af5-057c-4b05-8207-28c0071fb9fe,24586
23452,67579fd0-8347-426f-bdab-51ee5fde4c96,24588
23130,3a563154-1803-4715-924c-ef9900a820d3,24588
23702,1fd9865c-c56f-4b29-8b97-c8bf4777d729,24590
25503,46356580-ce84-420e-b3fd-e06fa0d7a90f,24591
23199,f451e2f6-c6bd-49f7-9bd9-7ebada821860,24593
24141,a4ba824e-39d1-420f-ad1c-07e0b535d9a2,24598
25683,887e8d98-5502-45d6-989d-7df50eb8afed,24602
25263,71904f27-5cde-4f17-9365-7aae7696c44d,24603
23460,3200c921-58f4-4004-a4fb-43857fdb2edd,24604
23296,8d93d158-cc18-42e2-bd36-b1350414fb18,24604
23698,c8363f22-dac5-4483-a319-a41c6782e47d,24607
25781,bf13e400-ebde-43aa-b0a9-1c04c2e2b725,24613
25870,df6a75ae-5490-49cd-a929-45cb577a7ec0,24614
25844,8268a92d-a2fe-4a86-b979-c44c86d36a22,24616
23281,9ba0e919-ffdd-4421-b987-467d2609c743,24618
23012,d01244fb-92c1-485d-9655-558327dfa9a9,24620
25787,c1505791-c8cd-4ac4-aa1d-dccd9215d058,24622
25680,31af271d-9797-4a67-94ec-54c4d823f77c,24624
23632,53a8a62f-6793-4054-a5cb-8a393b76b35a,24626
25264,2c838e09-9749-4226-945b-a38712411707,24626
23467,b7849ebd-0dd3-4d5d-8ab2-9cd920b30960,24629
25851,f866a727-6c4e-4284-96a1-7efb686e097b,24630
25334,c2e07739-292e-4023-8451-5f9ea64e635d,24631
23317,42f3da80-9738-4b66-8927-7fb845c60c6a,24633
25527,e8237a4d-9717-4949-b0fb-c87338457938,24634
23261,a387cd8d-0e66-471c-bad6-adf8c50c8d90,24641
23237,9cfa22d9-2ef0-4890-b984-17c336f96a1e,24642
23682,57450bfa-be0c-4080-94a3-5ac616e65318,24645
23280,ec732cd8-dfa3-4de0-9a05-366c78eb5717,24646
23041,635037b9-8368-4fbf-9f25-244324d656d3,24647
23516,00f3c92c-0020-42b7-9cf8-bcfc85cd16ca,24648
23220,861ed6af-8c57-4d74-af3a-676cbfeeb5b5,24651
24772,1368576c-70cb-4e14-aace-9e6c4ed52ef0,24656
23659,2552b322-281d-41e7-ac4c-211f4c9b58c0,24659
24805,52b111e9-0641-4fff-984b-ca35c7f81ad4,24660
25774,6da2f159-0706-49ec-9c33-e61683c32db4,24662
23435,a424676d-970d-496c-b294-9bb4d8b8e46c,24663
23006,5163e067-524c-45ad-a311-0f948f694f44,24665
25665,9076bf2f-483d-465f-a66e-23c37146fdaa,24666
25186,9fb2f3e7-0751-42e5-8c2c-b53d49bc0bba,24668
25258,95e7f149-02fe-4953-a9bb-fb4386fb3119,24669
25492,2f7c563c-3470-4ec7-8a9e-7a11cdb0bb31,24669
23600,eaa2cdbd-c39a-4af9-ab65-1d37f4817eca,24671
23071,982472cc-4af6-425d-8b4e-600c13312ee9,24674
25670,08b48cf3-cce7-4657-8332-2e059dbd6c4b,24674
25290,f2f24b15-3464-4d2d-984b-c9c30a72f8ba,24675
25121,f024050c-e0f7-4f60-987a-ec3ff750a34c,24676
23160,ea178f35-8814-46e0-b8b0-a2cde5badbea,24680
23079,898855ec-9c58-4b5d-8342-4636f2e3c53f,24682
23376,476323a6-8a14-49c1-88c1-56cb453d4487,24684
25739,9d2021c0-b316-4c24-8e37-6677e7f369b1,24684
23104,5aa58604-3250-4275-abbc-8c241b190290,24686
25241,6f2a7a97-912a-42f0-958f-3b6a14280836,24689
23931,9ce474cf-76c9-45f3-b6e8-08413fd09ff6,24690
23572,5d75d31d-096b-4750-bad3-b82396765e4b,24691
23413,dcad4e0b-e660-45a7-82ac-02d274890b69,24698
25353,59a9c70e-8e02-4855-92a6-4bd90a2e9376,24709
23182,c9247d00-d089-440e-9c1c-3d1cba1d69de,24710
25318,aaaa1dc9-8853-4239-8a37-43c9b6e8b45e,24711
23294,066ad8e3-6ead-497a-b07f-46657223bccd,24712
25355,2528f0ae-8b57-4120-bba4-96d11f45b625,24714
25771,43c16887-63e0-42d2-ad06-ba7c79a140af,24719
23816,3d3536ae-7c84-408e-b1b1-65ea9840d0ec,24722
23498,519c529f-e0b6-4e09-b45c-183870157973,24723
24201,e51506cf-2b62-4a9d-abc8-42521527ec9f,24724
25476,79d8b570-54f1-4c10-8464-cf2593f2b60a,24725
23374,6c5f1c12-eefd-4036-985b-74fb6fbfa465,24726
23488,51b516c6-6291-43fc-a52f-ac4948279a49,24727
25244,0c5b8fe1-9800-4b16-8d4a-3e7d7b5c1cd7,24728
24107,095f80c6-0a6d-438a-8305-2043b83a8638,24731
25587,d1597673-3982-4014-8d28-01a40a964fe3,24733
24849,7db2ea3e-31b5-4781-9fc6-b1b7e54b34c6,24734
25306,64e0748b-1d72-4286-9f03-2126a5775186,24736
23661,ae8839dc-ffee-43f1-ad1d-744b3701c50a,24737
25657,550a5c98-ad2b-4b7e-85cc-d4b8f47f32f9,24738
25686,8ee7832e-80de-46cb-a053-2f5dc3ad9505,24738
23111,4317f2e8-1645-4ef5-a3af-3ec98b4bb7dd,24739
25831,a5cf2b64-062f-46c5-a007-6ae571b945e5,24740
23398,6f173589-7f55-4f6f-83ed-1b254de50388,24741
25296,dd304ea3-a9b9-4596-97e1-a1a22f8480cd,24743
25786,d8673e6c-a763-45a9-bede-9db44177c446,24746
23720,bfa7bdac-96cc-49b5-8b05-a718f18aaaf2,24747
25475,7e5f3640-712b-4ff1-951b-027f72aa2e90,24748
25513,19596029-8291-4295-aa85-9174c2c98da4,24750
23003,4e9aa1a4-906c-401d-8db3-92464c16e8f9,24752
25745,147aeaa3-8e9d-4486-a097-098dff9f624a,24754
25877,d022ca07-d7e4-4852-a4f1-9b2cabaf96d3,24754
25795,a49e734c-4947-4e15-bc27-276bb349c30a,24755
25629,f0832368-d4f7-4a89-966a-210144d3bdf3,24756
25480,44e0474c-473b-4f00-bbb6-2408200712ce,24758
23060,df5b7f51-d6db-45f1-8712-9ad9355561f5,24759
25688,964c1c35-12ea-45c8-abe4-9fcea0d9b98e,24762
23525,daf3a764-2ba5-4b54-9fd8-8c0711100210,24763
23823,eaeeda24-ab84-495d-bb3d-a7d5d8ed1306,24764
25555,6c72a91f-7155-44aa-9751-66133d5a07ec,24765
24419,425b1847-9213-4834-a447-ac07f739488b,24767
23311,58fa229c-73e8-4032-9156-0e37049db518,24768
23721,8b83510e-ce6d-406a-b3cb-44838754f6db,24769
25537,a38d6b32-9319-4e09-bff5-dd61fbcc7f55,24770
23686,8ae3fdd8-fa2c-463e-b393-0e8034be91e4,24771
24656,a8259712-7c4a-405a-87a7-d962990851ae,24772
25534,df315615-35ce-4e02-86ed-6bf2e004784c,24773
24220,0868a535-57c0-4b94-839f-f8618ba3062d,24774
24879,b5a77b69-ef31-45b2-8880-2e147b0367e6,24775
25695,fad24a1b-c53b-4965-88e6-1490a357641f,24776
23717,1bd8187a-030a-463c-b337-c3275b8e65e8,24777
24393,c7543685-1077-48e1-952d-a0e0ff1da71f,24779
25696,410b7e48-3a50-411e-ac21-237729cd438f,24780
25841,0104eb37-948d-4015-8581-bee428e696ea,24782
23672,260feded-7e57-4198-8d96-999bb90a76c6,24782
23692,e86c71e3-62d7-49a4-b65a-6f5c859c0f6b,24783
23123,39947a34-30a1-442a-a91a-2804bfc2c34c,24786
23732,f0285d81-e633-404b-bc00-4bd84538c28e,24786
23495,52277d20-e80d-4f50-b43b-aa69df2069ed,24787
23432,db3f1697-1537-42a4-b2a4-dbfdbbdc8077,24788
23861,4a3a5c74-48cf-4b9c-9612-ac4103c02208,24789
23300,1f886a05-405c-49e5-b660-dfa54b28f82f,24791
23355,e5e1e1e7-71ee-4abc-8b55-5c33de9e0c79,24792
23157,c73dacd7-f0d0-4263-982f-2152447b1cd3,24793
25572,d99defea-93d9-4c0b-bd2c-2e3ab08114f7,24795
23064,188d535a-1bd8-4f16-aef9-01d5bd339cc9,24796
25470,518c3e43-d212-433a-b726-9ac84850ab44,24797
25811,056767e8-e57d-4796-a35e-47f6386a026d,24798
25660,18bfa1c6-2121-4497-b51a-194425bd4f79,24799
25528,293c9e33-7974-435a-92f4-d9572893a0a3,24800
23449,b7b8e077-ecdc-4dc9-b09e-805118e01d8d,24801
25429,4ab8bc5d-033d-4d46-818c-44d9951ba3e6,24803
24338,6765fc15-f42e-4579-95cb-3a6be6e21033,24804
25424,126f7965-2cb6-43fb-97dd-6a23b0ae7923,24804
24660,06cc4236-169b-4f9e-851e-8b092a0a63a4,24805
25013,40c174c0-f989-42bc-855a-6579e47215f5,24806
23549,16f7a65c-05b5-4cf0-b8e9-d54f2151a774,24807
23679,2d02cc99-943e-4bfc-b120-ae427fb1f460,24807
23539,837dc9a4-6bd8-441c-ae07-04c086748bbf,24809
25315,d4675203-5d5a-462c-ba7a-37b21c71d525,24811
24493,de716f66-c6b0-4360-8e60-652994273676,24812
25300,768ec8b6-b57d-4ccd-aef6-a46f6a2a4089,24813
23494,8a6d3cd8-8257-4a56-a52d-ea5840bd55d4,24814
25762,8c91c9a5-7b4c-41b8-82e1-27dcba958e2a,24815
23188,a5a160a8-32a5-4bc7-a32e-42910cd6f3b9,24816
25519,56dc6a59-e7dc-4f47-86e1-e954a8254fdb,24817
23455,25b64152-ec7a-4c8d-967d-d1a150cff585,24818
25521,6cfbcc6b-29d6-4aee-b90d-530068a56ccd,24819
23195,564cfc6e-4b22-4b79-9aca-4d22049b877d,24820
23336,0dbacfc1-072c-4663-8339-9d9ab5328ed4,24821
23441,d45cb5d6-9480-42b4-9d2b-aa569d82c5e1,24822
25465,057a04ab-d78e-4966-93c6-e1b4474dabcd,24824
23059,1fc36760-2f9d-4b09-aae7-41b374926b27,24825
25043,ae7b4645-3c3b-4005-adaf-07c957e03bbb,24825
23459,3073fd4b-5a2f-4720-a74c-c8790efaef8c,24827
23576,9b4faa71-70c3-4126-92d7-44a081b26267,24830
23567,b8846d13-edca-404a-a196-01191a5c1a44,24831
23537,63331397-b9c8-4ac7-9b07-66990e592372,24834
25536,ce4daa60-c1d0-4255-a430-963e76aa214a,24835
23211,4e717e8d-ec0b-4a0b-bfb2-60b292af4ce4,24837
25616,70a0c597-9362-41a7-968f-0a45ae1ba4fe,24839
23048,25919037-acc7-4a22-822f-7669d7f382dc,24839
25091,e307f82d-46b1-42a4-9cda-ba6c767d10da,24841
23623,738ecfb9-e519-46b8-b743-8c1daa109c85,24842
23396,085126a8-f3c5-4e96-bc5a-f77dffbaefb3,24843
23043,c2ea2eda-53d4-47c4-a4f1-5b54e6a89073,24844
23535,5ed3ead9-872a-49a6-9798-9eb4797dde4f,24845
25606,3918a8ed-3761-4ed7-99a2-6a3f58c999bd,24848
24734,6d1070e9-f9ea-47fe-9a9e-dbcbd9b2c172,24849
23196,9b8676d4-8c19-4f5c-8595-fbb84d3fddd8,24852
23219,0509e0e8-ed99-4c2c-9212-a380b975b470,24853
23865,dcb6f5c6-e2cf-4d9b-b638-135b84602dba,24854
25559,5a77d2b8-747d-4a25-9798-a68057e0384f,24855
25530,7b09e046-5c78-43f8-addc-b5cb606e98a2,24856
24261,abb9d253-bab7-498f-9e74-6d605f8bdd65,24857
25375,323f177a-2bf3-4c86-9120-fd883f493288,24860
23620,5d13c7bf-cf75-4f89-81c4-46cb1e927c04,24861
24295,f1c9abd9-5793-40b5-b556-6c4c82027704,24862
23285,5c5b9487-4c9f-4ba6-ac34-dbc80c84c1a9,24864
23660,f47e78b1-fccd-41cb-9ef0-4307a5cefbae,24864
23283,01ace0c4-2cdc-478d-8a0d-711dca32b2f8,24865
23424,1e622c87-d744-4875-947d-ae142e8dd26c,24868
24284,a4a637bd-b46a-43ac-82e5-3a7eedb8bc72,24869
23545,42cc426e-300e-4134-9382-d1ceca47e00a,24870
23015,d8aef0d5-01ff-4ad1-b13c-bdc800459b0d,24872
23014,b8b98473-484e-4dc0-9e71-333bff03c301,24876
25886,6c2954fc-6036-41f9-a6b2-695a09aae30a,24877
24775,abf07818-22b2-4d57-a13f-076430f3595c,24879
25432,c0418c1d-73b2-4d51-bf93-d1cad41d1579,24882
25746,0565e26c-5e2e-41d0-ae69-e03f5f843635,24883
23998,5cda72c6-9956-4c54-b633-b254b7a78621,24885
25427,5cc32461-b224-405f-965d-c45146c9f7b7,24887
23849,605db703-8ccd-42b1-aa80-10cdda923d7b,24889
23377,c5ba68d7-5619-4111-9151-88e280ae6f79,24892
23856,8dd82080-f98f-49f6-8a0f-3b21bc842281,24892
23634,8d5a2b66-4c12-4d33-b417-e0c85eb61558,24894
25302,01062458-2b94-4c01-8848-ddf702143bb6,24898
25654,0e95fa5c-64b5-48d6-95da-a4d59138f8c3,24900
25412,68dcb8aa-8145-4c82-8957-653464fc3370,24902
25598,b6e7d38d-916f-4781-aaf7-7eebaef96703,24903
23056,9acf8f2f-4edb-4d5f-b5fd-7ae7a739b8a7,24905
23736,3963b642-9cfd-47f1-9a7a-9a8fa79edfbf,24908
23726,7083d24b-4aa1-4370-8f63-f043f9ce33ad,24909
23139,7cbc198a-d5d8-4011-9d2d-608780460810,24910
23618,52ee2d67-09bf-4084-a39a-0c75ddbef05f,24911
25368,c644e9e6-9c19-4842-ada7-6e9bd866f0d4,24914
23190,37e47d1a-72be-42be-bd0f-ca2373011fbb,24916
22996,63d5fab1-c8b3-46ba-9c1e-5c3b94731e97,24917
23638,de95dad9-6a5e-4956-97b3-23f2bf20825c,24918
23675,6f108413-84c6-4d40-8b75-97d4fe54a766,24919
23933,b7fc6562-469b-4a15-9303-5c70160ec4e1,24923
25289,7238ea81-511a-492e-8f87-da0008ff7261,24927
25441,9d7367dc-80e1-43fa-882e-471fddc1496e,24927
25326,fa6d489e-b325-448c-9770-c32ef872fdb2,24928
25878,57839e67-15ac-4d1b-a08b-b2478f7a3863,24929
23298,77700862-e18d-4012-a896-951fa291b9fc,24930
23456,50a2dd8c-5de9-4b50-97fb-b0f415624f99,24935
24559,3e57fa70-dc83-4eae-97e3-7984915bcdca,24937
25291,ef24a239-05e5-4d82-97fd-890c5f06aeb4,24938
24555,9f02031a-e96d-4cac-9979-d481bcd15da2,24939
23349,66a835c6-4349-4ebd-816e-2deca320f13f,24940
25825,3eb90695-ac06-43b1-ac58-ab99638697a7,24945
25549,983dee24-73d5-4acc-bc4a-de923e4b627a,24946
23579,2fc6f5fb-23dc-4b1d-9eb4-46701fbdd8ff,24950
25800,67cb5038-2c79-4167-b1a6-0d23bc315cd5,24952
25170,8f48bf00-491a-411e-9db5-80f02f9d552c,24954
23406,c0277a21-40c7-4ea1-af23-61f95079ecd7,24955
25836,cc2bc7b0-2492-43ba-bed3-d9c2850109b4,24958
25337,9d5d1cd9-037d-4d0e-9d76-fa2d27a806bb,24958
25251,fa8d78ee-ba59-49ac-9c8d-31464802242c,24959
23286,6573ec60-bb5b-4fdb-b413-71b00b402f6e,24961
23658,bcb72d86-9750-4d58-a96b-21651c620521,24961
23841,1e32a940-c999-43f8-9bf4-bfab93bcf4c4,24961
23656,5aba82b9-b3fc-423a-9179-fb52995e7a30,24962
25633,ee550fe2-1366-46dc-8478-4a4fc4a48c44,24964
25482,c08caa59-d933-4c13-90e9-ddeb2952904d,24965
25554,9707240b-da07-4d83-8690-812fb7a3359b,24966
23584,7627597b-e671-4c63-bb39-7c481fffdf07,24967
23564,3ff707d7-1cd4-4f8c-9784-2e0efc872eb4,24969
23643,53372738-2155-4f11-972f-ade73df97eba,24971
25543,b6c53182-f1e5-4917-9f70-dfd0d9b0fd74,24972
23302,c29df6ee-496c-48db-8248-ef60deb3b5f4,24974
23357,f60f83dc-a4a4-49e5-8ac3-8f38ae407696,24975
23544,8ff4c3cf-5569-4436-8dba-6dbe459af02b,24975
25618,e68aaef1-7a7c-4527-9e6a-7d40510c90a4,24976
25459,0855a925-4fad-48fa-9413-e3395de2e47e,24981
23198,a62b58b6-ba88-4103-bed6-1977013f16f6,24982
25383,88fa7343-7981-4b48-ab9a-75489774243a,24983
23833,c6b38bbe-ffcd-45cf-ac72-5bb0c7e6b825,24986
23145,914e364b-7f64-48e1-8368-4dacbc0e8c1c,24989
23562,54262b10-7eff-4191-8c26-bd4228b4af92,24989
23266,c3ffe521-5ead-4679-82ca-c1be20fa3ba3,24991
23124,acc1b712-dda0-492c-9017-521498e33939,24992
25421,c39d09b0-d761-4d32-93d1-191e08882367,24994
25484,303e4d37-0b96-4264-9959-6bcdc508b541,24995
25308,4953ab7e-40b5-41d5-ac0b-d4f8cddf4de1,24996
23303,caf9fa37-3773-4171-ad06-e7e02aa5bcc0,25003
25283,ad9a9421-30be-4561-bb35-43828fc79896,25004
25433,aee0cdf1-ea40-403e-8555-d1f6c97b1673,25004
23599,6f795fe8-cbcc-470d-922a-a7d11612bc84,25005
23555,838369e7-9658-40c9-9bca-1d03bfc9e2f2,25006
25259,c4f54093-d1c2-4e7e-84ae-adbd06bf1f5c,25008
23340,153c06ce-2b79-4105-90f8-cd7a54426f11,25011
24806,fb04420b-cbaf-411b-9eb1-55ce9428b3c9,25013
23262,a5552462-cd15-4831-8b17-c930a48915d7,25014
25858,d3a9c379-d12b-4652-96dc-d8ad9171f6c1,25015
23358,dd8acb84-1466-4278-9275-4963e1dc7bd8,25016
25723,86334f26-9810-4710-b129-3294fbc5b182,25017
25423,ca08f7a1-eb73-4c69-aba0-c412a67a73f6,25018
23172,f6d9af94-125f-4960-9b10-dd5b53549800,25019
23256,f21921fc-d15f-485d-a145-b74fe55e6cd4,25021
23049,8a80ccc0-6449-4e4c-93ad-b1dfa53d5ce5,25022
23106,314c8177-969d-4d4e-bc09-4c3e2712f468,25023
23345,ef9a8030-80cc-4105-8bbe-f622ec7a553c,25029
23834,8eb1cf8b-3941-4dc4-9746-67aa54e99ced,25031
23742,0cff9bd0-8ec6-404a-a611-ed9c1c3dd78e,25032
23694,cad802cb-6d3d-4393-abdd-1bfae94155f8,25035
23737,7d8fe1e2-77f9-462f-8dec-2f552abb436b,25035
25396,36f38f1c-5035-48b0-9b22-c1fa555822c2,25038
25888,ef5d0ad2-24dd-4622-b4eb-229dff076993,25039
23245,1a71b753-99d7-4b33-aba6-5afda58ab35e,25040
25313,8a45368e-50b0-4947-ad44-1a9286241b84,25046
23804,e55afa90-d4ce-475f-8f04-318f3a4e0f1f,25052
25145,af699fe8-e7a7-42eb-8e73-687861653d6a,25053
23004,db535961-f6a8-444e-91c0-51ea9b8d8e91,25056
23499,7d11323b-8c23-4c21-a184-b10a06984358,25059
23706,0f4bd09b-70a1-4de8-b0bf-a2b76c5abbae,25062
25760,fafb7ad6-c04b-437f-99d0-5f2e08963fbd,25063
23204,28379a71-a06c-4fe9-a544-9d3ef8da6079,25064
23316,917f6ee5-95a5-4f6d-919b-b545642a7795,25064
23749,09f088f8-d2d2-4f16-8011-139efe196cde,25065
25882,14ac0455-e6f4-4e8f-bf3e-f7050fa4e4df,25065
25863,af7f7fad-bb8d-4fd0-b01a-99d44edba641,25066
25712,8fb17536-d9b9-40a8-b422-cb67d58b68a3,25067
23278,1e09b542-5075-4c09-8386-26a67dc4331f,25068
25389,9474248e-143c-4c3e-ba98-ebcf5949e09a,25069
23252,8019c711-b480-4f6f-92db-300acc35fa89,25070
23019,679a1e85-3735-4c5f-99f2-5ac9ce5f92a2,25071
23642,82414210-aff5-4c5d-977e-74eeee5df3ae,25073
25790,0998eb2e-7d37-466e-bf76-3b5422f304c7,25075
24157,7603d0e5-53f1-4b11-ba9a-07db0a9d5d38,25076
25632,32e19400-3fc6-4096-9c52-1b4e5b032e9d,25081
23051,a2abfc4f-e83b-40bb-9e25-021101767ee9,25084
23018,3e99b304-3f0c-42bf-a7fc-09ca188b36a4,25085
25506,5b25930d-096c-47fc-b7b6-ce14b5d982c6,25088
25533,7b5e54dd-9f26-4021-9afb-a4884eb93977,25090
24841,b52a12f8-55a4-4bed-9b4d-4de92d6fef31,25091
23644,9317150d-5905-4588-99a5-62293544c1a4,25092
25769,ce51741b-b5de-480a-b3b4-155bfde6255e,25094
24296,faad4b42-bdb2-4b04-a090-8399b7839b2c,25095
25820,fbbb3162-d488-45d2-9b36-82dab627b04b,25096
24381,d4e3541b-372a-4093-bddd-9acbc8afbb80,25097
25369,dcfee893-a82e-449b-86b5-e962853663e1,25098
25622,5d162962-4ae4-4b69-8a15-3889dc70b08b,25099
23304,969c4523-88f7-4160-9643-5848b108d29b,25100
23180,595e3ae2-bdae-4127-ba4d-7c67a227903f,25101
23005,2a5b71a8-1da8-4b47-a72a-ea230184f134,25101
25330,7e015b39-5bcd-4693-bf4c-c3d9ea2ccb32,25102
23439,89fbfe19-b532-43d9-848b-08fbe53c7897,25104
23411,1584a588-8d66-4b09-93b9-e3f154b67962,25106
23993,087b4932-fed1-4ef7-9500-0c8182edd1cc,25107
25832,b4e1ebcf-5b3d-464e-94f7-adcd8bd30205,25107
23730,5a2f3776-31d8-4cc6-9edf-953e19867958,25112
25838,c7b68dfb-461d-42cb-8f01-feeb6a4d9f3a,25113
23268,27051d26-c714-4656-8d4c-d6e61b3b2323,25114
25655,13288196-f3e2-4ddb-ae3d-babd1e6ea971,25115
23687,0087c044-ecbe-40a2-b265-1cb0d4412164,25119
23847,bbb95af9-8ee8-44f2-9b70-e605cdce249f,25120
24676,038f77d2-a242-4eff-9842-00feb16a0b2b,25121
25724,82b27889-3bb1-453a-a43e-8c2f5c95f729,25122
23746,5b40ec7a-fbd0-457f-bbf7-f604a089fb9b,25124
25395,a8bdc184-4737-4600-b17e-8931d3846453,25125
23131,c637e183-ddf9-467e-8c2c-f295f14ee7a3,25126
25652,b20c9ea3-a749-4805-a77b-35d254acca72,25128
25698,b6544bac-5e05-4cc7-a3fb-03ec43b3b707,25130
23339,6718f1d7-3b5e-49cc-9254-dbfac23dbc9c,25131
23568,d09158ab-4aae-4f47-8086-bfa84ee6a61e,25131
23423,485fa37d-91a1-4e6f-ba9c-36841c1190a0,25131
23701,0c8b8c1e-439d-4bb8-b1ac-08c103144238,25132
23436,6700c13d-8741-447b-b5b9-cba71cf2dce6,25133
25579,1be7f7da-e556-4d84-8b56-37077aa38790,25135
23405,d464278e-7cd5-427e-962a-4b15b7da0c7b,25137
25328,5f5ce764-4f33-4170-badb-40ea8bd27a44,25138
23307,b0450aa5-907a-4864-ae6f-65bf841a1409,25139
23119,83bdaff2-959b-4680-8384-b1ca5166c9c3,25140
23828,5ed362ce-1368-48ae-9926-db9c84aff712,25142
23842,b757cfc2-cb2c-4c52-90bd-22d0deea8b12,25143
23824,5cb84df3-f441-4c32-8ea3-99d3446f00f4,25144
24401,9e727313-f5af-4196-abcd-ed50dd9e7f9e,25146
23747,3b4e5737-c1b5-4465-accd-0d7056659f8c,25147
23756,9454ae48-d7d2-409b-b57b-20abb379e900,25148
23062,7803028c-2db4-440f-9fb4-a546b0ec4a2b,25150
25413,9cc2417b-b68c-4dd9-8115-fbb36ae98427,25152
23168,207a161c-0485-425d-aaee-d9c9fbbd842d,25157
23554,cbff4beb-4d5f-4935-8be8-9e4d6ae116dc,25157
23040,960e91f9-75e8-4419-a600-d5e54db80ffc,25158
24324,7b081d85-01ec-413f-ba73-1af0e1721335,25159
23350,22144d54-ccaf-49a6-ac3b-ab5ab57a4ea3,25160
23836,818d86dc-98fe-4448-87c6-0b8d972a2c01,25161
23471,e7030ec9-9a54-4717-9eec-4ab523d71718,25162
25866,05fc39bd-6649-423b-8198-2bc897c53472,25164
25692,743179ad-95d3-44e5-bfff-34d7041f1f24,25168
25563,dbaacd71-9aed-4009-b61a-6c0bd2594cf3,25169
24954,8ced19aa-bae2-417d-a6ef-b54efc2bcc20,25170
24504,dac1d753-5296-47f7-9226-dfcef1c70b67,25171
23177,07a92e65-4222-432b-84d9-0daea191322f,25175
25582,6d0607ed-42bd-4440-902d-9d2d653d8ad8,25185
25376,e1df58fa-6baf-4a22-b2c4-464fe8721fa4,25185
24668,a8ec4a55-2066-48f8-bf8d-67625bfcd564,25186
25317,73003734-ec27-43ff-8d6c-9acfb3b49aed,25187
23008,0e2a5eee-e886-403c-b18d-a4724e40785b,25189
23027,97604369-9666-41dc-b275-11340c367983,25189
25316,21a199be-1dd1-4cc2-ac70-823ea1c1bb9c,25193
23044,1bed15d1-5660-49e9-871c-a6eede394725,25194
23987,5a7d8ea1-2a3c-43ca-8f70-7661cabfb119,25195
25410,2bbe68c9-3e12-4117-b1af-26b2311eccdd,25198
23275,f30a3db7-e201-443b-a378-74ae052bda16,25199
23042,f447cf9f-24c6-410f-9b9f-0b65661e0af8,25202
23203,4d159acf-21f7-445c-9fe9-f4a408eb6d7d,25203
23610,62db3d53-61a8-440b-9acc-8758eaa0396e,25204
23025,33080be5-40fc-43f0-b182-3aaa2a484585,25205
25880,ec28dbf9-f652-4e68-8479-96b7da65e091,25207
23037,a6545e12-744e-453d-bc9e-d0e12ec3071f,25208
23378,15355754-e048-4561-a39c-2d1c0da84be4,25209
23347,da0a9682-1234-4b34-85e2-8b7b131f211d,25210
23332,b7b1dd88-a68c-4c6a-ab5d-5f28e0d559e0,25211
23615,36d25913-2ba9-4e97-b83b-7306473b84f3,25212
23745,03a8fb1c-8238-41c8-90ec-ef9d9c410e54,25213
24340,b36b1ca3-ed61-405b-b189-07144f5f7341,25216
24499,4cba9c7c-f83f-4d50-ad1a-c0c58cd15516,25218
24238,d86518d1-fccb-4891-bf8c-6ad0a407d432,25220
23863,e1eb7061-059d-4725-b639-0bf2b44299ab,25226
22995,99325117-67ee-45e1-8dca-8e8bcc8ea219,25231
25360,542f9317-4358-4e6d-9853-e57d3532c7e8,25233
23001,f10b1446-eda1-4eb8-8443-7c1cef76d2b8,25234
23175,f16e51dd-6f62-4887-9dfd-fb888f9c9df4,25238
24368,8f86db83-411c-4da5-ab72-806f39da5f73,25240
24689,99723168-92cf-4e13-9e24-1ed37a09f8bc,25241
24728,b2bfc62c-03a0-4f27-b1ee-3fe114a13ae2,25244
23962,5743688b-fd25-4732-8581-99f5f9e93bd4,25249
23469,9f64765c-778c-47ea-8dc3-dad708dfdc20,25249
24358,616e9f5d-ac97-4ec6-883f-360088916185,25250
24959,02c3c0b4-49c1-49b4-a76e-e83dfff3c7f9,25251
24037,2d00a10b-a19a-4e34-bfd2-5a24c0eb617f,25253
23984,b455bb5a-d799-4892-b753-dc0bd5ed5321,25256
24186,1cdef422-2532-4219-a4a6-7e200ea31f93,25257
25008,c741009a-bd66-41c2-9b97-d12c4cc1053e,25259
24603,53d60d6a-992c-44fb-a603-74d4f5a1da5b,25263
24085,b4edb5c0-f46f-49f9-a295-e1704eb22952,25265
24171,7cbf9abf-fa01-4cb3-a515-de9033946456,25273
25277,f554ea81-5a81-41e7-b6d8-0a08de92a0f7,25275
24327,2a06fbe5-a9ee-4a6c-9004-6ada6c0e8957,25275
25784,dcf06b59-d19c-4fef-9e20-bb13900853d2,25278
24277,cb69cabb-026c-49a3-9038-02f395abfd72,25284
24001,cf9e5c47-bb66-40ea-8645-931941545738,25285
24245,bf54c0a4-db4e-4b4b-a25a-1edb1f2484ea,25287
24675,0dad2a2d-c0ed-429d-ad53-f2a0eac22140,25290
24938,da6b4711-1403-4425-bdca-a0e042184614,25291
24127,568cebbc-6e76-47ed-9d3f-1141fa489876,25292
23487,a4c587b9-eb6c-4784-9ad5-854109d52516,25292
24743,5594f1b7-5fee-40fa-bbb6-785db7be8fb2,25296
24813,f180161d-4c92-4734-b9df-d1433d3fbda0,25300
27658,a0583bb7-9336-4284-8f73-b9b9b0b38be8,25305
24736,819ebd60-e24c-4cf0-8d2e-527e82407916,25306
24996,fe87270e-977f-40b0-b45a-c16739ecd070,25308
25711,3336bbc0-66d2-4488-99a7-96ea95ce57c9,25312
25046,e5e8cff9-bb7c-4be9-9cab-aa6b84bfe771,25313
24403,9ae5751e-9f1f-4d97-bfae-beaf90b50ba4,25314
24811,7e84c186-9a81-427d-82a4-5d2107b3c3c3,25315
25193,5d6a2d8e-128e-4426-8df8-64c4baa63b09,25316
25187,6ece5792-cc90-46c0-b9b5-47ba6c696d0e,25317
24711,547142db-ca68-4fa9-b9d4-ac12235f1320,25318
24928,a6a6f702-69c5-435d-bcc1-406ba4cea69a,25326
25138,0b2eae5d-246e-4429-885c-ceed669da5fd,25328
25102,7b909895-ccc0-44b3-b3f8-16155d7feabb,25330
24431,cc44b034-2c78-4fa5-8b61-56baa0eb466c,25331
24631,90bc5618-5b3d-4c10-8b74-707391728d0e,25334
24291,1925ca9f-7714-46f3-b779-5ce1768d7e63,25336
23902,da9aebdf-fa23-422d-a982-af59e39aff95,25341
24227,7c08fbfe-e762-419a-b1e1-406d16216421,25343
24184,5ac8fbf0-ec9a-472a-bdc6-a2039b1e5bb1,25344
24058,8974f9dd-6725-4bc0-b23a-ddfedc52012a,25350
24271,47ce77c9-4036-4bcf-a8d3-355d44b612df,25351
24709,e57592a9-b868-4a43-907a-ab7afd040107,25353
24225,f9f5d5ed-5bbb-4a87-abb6-22fe1e98073c,25354
24714,9aeeb9a8-2b5e-483d-8826-ec1788c681d5,25355
23968,e66213d2-64aa-4a09-b5ce-7dd85afe7701,25358
25233,9532e7ae-77ad-49c2-93e5-60f9f98af1e0,25360
24175,b8f069ef-81d9-4cb5-8cb8-eeff2c931a9d,25361
24006,e30620b4-80b9-4eb3-923c-9678ae7a2aee,25367
24914,257599c6-a755-4b6b-8dd0-391e68f6fb5b,25368
25098,484a9591-1755-4935-b132-eaef6b24e27d,25369
24494,e695fd9f-7a32-43c7-8717-731ebe4124dc,25370
24068,8cb0c4fb-7505-4184-b09d-bc4ab62af6b6,25372
24860,cb7e721c-ceb9-472d-8745-a780774d182b,25375
41025,2ebbefb5-be81-4182-b6a9-10a8cac9f814,25377
24187,699df053-04fd-43b1-93e6-13be860b9019,25379
24983,cd59bec4-5e26-447b-88f8-724cd5fd400f,25383
24434,37f1c1ed-2524-468d-9a40-56578e035e02,25384
24562,17f48bbd-f42d-4741-bff2-9907da8a209d,25385
25069,10e5cf89-1432-48f9-b00e-6c3fb6a33d97,25389
23232,06763273-6e19-4660-90fb-2cb99f877bca,25390
25125,74f0000e-3ddd-49d9-ab93-31cf3877ee83,25395
25038,873033e0-2e6c-4ac1-af54-3f17a798e993,25396
24563,01351aa5-d6cd-485d-b0d5-b7f5b780d7b9,25397
41785,d8250e2d-5cea-41bb-a7c0-de0a25bf9708,25398
24546,0af0667b-7877-4176-abba-0d28e83bb3c3,25399
38589,f080c3ab-c3c4-4f4b-915f-c1be6e228236,25400
24049,5a59865d-8b22-4088-b30f-d6f856343384,25402
23939,6ccd00f9-ba0a-42b1-9c7f-57cfa24c1b14,25403
41828,8b35f72d-fc8d-4d36-acc9-e77b3464ad6b,25404
24329,3219f00e-b96e-4210-99a0-50f2ae47a313,25407
25198,aa108c95-177f-40c2-9b60-d5e352dba629,25410
24237,1d99f19b-6877-44fe-8c3a-87853820695f,25411
39925,eca26871-68d8-4dc3-8695-7200bd1e4614,25411
24902,e000c4da-5974-48be-80c3-3638c38c4332,25412
25152,ad0f982b-1820-4298-bb44-289a6093069c,25413
24087,3f5db476-2a1c-484e-9861-c11f0af70c1b,25414
24540,c9ccf7fd-cabe-443a-a01a-49ebe35a8e4d,25417
24994,952e27ba-7639-4711-b448-057ff31d0300,25421
25018,84c02434-caf4-40e0-b196-88d54df06deb,25423
24887,1d9811bb-d6f2-48de-ab47-d05dbe34c3b8,25427
24803,0be1c613-1083-4773-877b-886d414f3169,25429
24217,ca4c3037-c07c-414f-a7ca-d1c8ce6a26db,25430
24882,d7e16e63-83eb-4a3c-bcb1-f727b0b75095,25432
23798,626fc33e-559c-48ce-abc4-065151e3f751,25435
24536,1428cf89-9a3b-471d-9d18-597907209fd9,25442
24501,9ad626d2-f9eb-48e5-a6ea-8d4ce6b34f4a,25448
24331,05dcd030-d73d-4410-af23-6af75f5e6394,25454
24061,b2183897-b695-4160-b458-7dd7f980f70d,25455
24398,11222489-245f-439c-a271-e0fd028015c9,25456
23128,b80c502b-72ec-4544-a7ab-aad42e91a73a,25456
25567,47e5065c-c6a2-4920-81be-4e1979788aff,25456
24981,01987bdc-6426-4d3c-bfa7-59b9572a5687,25459
23138,3edc127c-a767-4bc7-9a4d-4cef04f4e30e,25462
24518,85fc6088-6821-427d-83aa-a567baada59d,25462
41903,3e0c6279-3a6d-4c02-a162-ce43e0db5f4a,25464
24824,c25203d1-0c10-4183-855a-a0d8d6c55d77,25465
24447,5dbeb818-c0a4-4025-a9c0-a1da9b63d223,25468
24797,85961d22-f0b7-486f-a84d-eef0387cd9cf,25470
24209,5241eadf-369b-4320-b577-26c7e3d3bf0a,25471
23953,d55343bc-06ac-4705-a652-d0fc15de7052,25474
24748,b4a18ab3-2615-48ac-ac44-6a80d7ee72b2,25475
24725,7a0b619b-062e-4510-982f-754d5095d440,25476
24758,53b4868f-53ab-4511-8125-cf7d77c4a7c7,25480
24965,c0f08915-d9a7-4af6-b569-acc33a7f6f61,25482
24995,f889c4ec-0c22-48eb-adb9-bdcad802597e,25484
24299,7be78681-dba3-4771-9c7c-48207d7168d0,25487
23178,37e8fbc5-bdf3-4c0b-8bad-f7eafb4763df,25495
24047,ee30dfd4-617a-42b1-965b-7ffb3a3a8a93,25502
24591,4a9caed7-6339-4bab-9aa5-dbfbd32e31e9,25503
24046,c92c1c7e-3fae-4a19-8874-bc42e5021d45,25505
25088,c6d9823d-ea82-4625-b08d-39455347dd77,25506
23870,d75bf206-9bb4-44f5-8f69-6d671742effb,25508
24750,0b0d213c-6bb2-4c46-a633-4fd6765ef39f,25513
24817,ae8ef007-d057-4d6f-af19-388d2784a171,25519
24819,fc8ff1c2-207d-4f13-81ff-411d339f5538,25521
24288,4db58465-d4d2-4d93-9525-8d2b481998dc,25522
24634,073a0452-d0e3-4564-b994-ab08bb46fd8b,25527
24800,dc6021d5-f926-4182-8b78-6939756b9c54,25528
24438,4955f61d-a913-452a-b92e-6883456555bd,25529
24856,6d312912-5647-4cb9-9af9-5ad010edaacb,25530
23330,584f1f14-4e93-4b77-a136-845d25b7a895,25532
24875,e51bd674-e1f8-4328-b248-e646d0ef304c,25532
24773,ecedf3d0-6224-4297-8131-c31e6fd37ea5,25534
25280,05f5ed6d-b340-4fb9-9049-5f917beb86ac,25535
24874,c4733b55-53ec-499d-9219-d2ade6e5028f,25535
24835,203b7eb3-503c-40ce-9a31-fdf7bd1d1319,25536
24770,60263a82-bb52-4883-a145-0ae554e57b86,25537
24972,97065acd-5b1e-4f36-9d8f-326cd4369bce,25543
23886,c5a25424-38aa-4724-ad04-30eca9d71dd8,25545
24946,e14adf9c-5053-446f-86fe-cfea406988ca,25549
24525,40223876-8612-4d05-9202-296385ff12e7,25552
24151,e4b7f57a-6f04-4c66-8bd1-de4416f58f7d,25553
24966,e14f6d14-55c1-46fc-abb1-8a7f8055ee67,25554
24765,a1745939-f17c-4d8a-be74-16fccbe94f94,25555
24214,1ef01fac-1d75-4a01-a9dc-9311b1bdfe31,25556
24264,6a4fa738-a609-4df6-a873-9251396ea79a,25558
24855,3c00f2ec-7742-4653-ab75-bc07f8dca796,25559
24030,d5d60004-4d05-4495-9d38-9ffc471099c7,25560
30971,14f5272b-5615-461a-a297-9d8a7a530d8d,25562
25169,561d88ba-04e1-4759-9734-a6e521693d8f,25563
24459,4d6c34e2-2cee-4298-808e-2618f783cd2d,25569
24423,9e404388-3721-462c-bd37-eeba7eb12b5c,25570
24795,c1c899f9-1e7f-4528-8bb8-07c948e55702,25572
42053,726c5aac-eb12-40f9-80fc-f222c6c8e501,25575
24223,338f58e6-b6bf-4f6b-9ba0-9dccf5e0bc27,25576
24328,00d60a8e-d7d7-4115-9a93-c1947cc6b069,25577
23948,56b8b21d-cc59-4ed3-a8cc-364fa02db7a8,25578
25135,9ab597ad-3260-47e1-a6f5-08ac022c596f,25579
37247,5358dc47-4baf-4dad-b4e6-e956ba212cc0,25580
24733,53c7f66b-2f90-445a-b756-10dd35da0efc,25587
24041,c7022705-4e6a-4771-9c0e-c7d21f5f1e6f,25590
24903,e69f583c-7857-41e2-ae65-9eb923554426,25598
24051,b8b9abb0-1050-42fd-941a-b377e06126ae,25599
23793,cee656ec-cfd9-4791-a51c-e8e7e1b84788,25600
24144,acfb46d3-53fe-4f09-985e-f12f9c0657bc,25602
42232,35c4595a-09f6-4dc5-a5cd-7f8b7bab3f2f,25603
23792,21688365-78db-42a6-9232-136cc6aec632,25604
24848,2931a1b4-7519-49cd-9b3d-dd2100d1f028,25606
24582,cbc27c1c-0a84-4de3-9b70-7158f08c88c0,25609
23765,524431ee-320f-4471-b13a-81f7fb22850f,25610
24543,04f09eed-bc9d-4be0-b61d-88f71dcbbcf6,25612
24357,8600f78a-39e1-4f8a-b520-dd8cbd565c04,25615
25099,558b52e0-f1ff-43f6-a7c3-f3750b6ff50f,25622
24756,4b645bfc-bb9f-4e0d-a64d-6031981f8bfe,25629
25879,fbe16263-96a1-44a1-8ed3-cc50b3fb7597,25631
25081,667d003d-da07-4f51-a385-1eed30194467,25632
24964,017af6dd-31d2-485c-8e89-4ef1b3c72f12,25633
24131,015408dc-f458-4dc3-8d2e-604d9c602d77,25641
24045,96f031e8-2765-468d-91dd-824a06ab2acf,25644
24082,43fb4304-548f-4418-b7f3-1901adad32f4,25645
24213,af580dcf-5ba2-4589-b94c-9793e0b447be,25646
23947,ca2269ee-d4fd-430a-9b7b-6cd64ae2d8c7,25647
42085,648a142c-8538-4b81-81b8-3b3b2b63935a,25649
25128,c1639084-6249-4a26-ba1d-a2fc5f6f673a,25652
24900,792447de-2dcd-4f77-97d0-0391fed3f2df,25654
25115,9fbb5169-a638-4dd5-a4ca-1ee1814c7163,25655
23990,c40d6993-af78-4db2-9cef-5fabb0fb1bb0,25656
24799,aaa8dec7-5c5c-4424-a054-23440f38b282,25660
23290,6acd8452-3558-4da0-9e84-58e3273075ff,25664
24666,798146e0-4c98-4d5b-ab93-cec1807fb53f,25665
39664,ad683f03-e1a6-41da-af95-aa58f9b84b34,25668
23776,70d5163f-5568-4fde-8c30-fda847ac36f1,25672
43735,da1d5159-0501-4127-bb08-576b0aacbdae,25679
24624,9a32a1b2-4b9b-437c-98cc-5f443baa3552,25680
24178,03b4ca0f-beee-408e-aa54-e1d9cba8b1ee,25682
24602,42831905-0824-415b-990b-ec1743169066,25683
24276,a422a418-7e26-4847-9bb0-ae2de608a43b,25684
24055,04dcbcea-4684-4bd3-ac2e-383ad0c59a49,25685
24762,2d41530a-5cc7-4898-85e9-67e7d3c513f3,25688
23802,f38a7b1a-7f2b-49e1-abd9-7e1cd3594b33,25691
25168,1abca802-8ab9-4054-b0bb-e21256e368c8,25692
24053,ebb798c6-5e1f-47a6-83a8-beb48119348a,25694
24776,7720ce8d-89d5-475a-882c-21b6c607ec8b,25695
24780,39b2b41e-0803-4985-83f2-089d7df03b50,25696
25130,53fb36dd-7af5-459b-b96a-6a88107a7977,25698
23803,dab5a421-ad4c-4cf6-991d-e0f1ec4e8e78,25700
24052,30c0bfeb-f829-460f-8cc8-cbc39dd2c627,25701
24583,f12f21cd-30f5-4251-bf29-4c1c45a3e840,25703
23985,9a1ad695-0719-4917-85f9-846692adf54e,25708
31325,53e154d9-88fe-4b01-b424-8ec32c21bfa0,25708
24117,293e4b96-e3ce-426d-8a4b-ed0fef80d3a7,25710
25067,7a213d84-b1c1-4965-8ae0-cfaa71ba5d3d,25712
23146,f3fe8d3f-09e6-429f-afe8-7f7b6d5291bb,25717
23800,414eb458-2d9e-4aa5-ba00-267ad4725c93,25717
24575,0f79d385-04b1-407b-8620-49965f384124,25720
25017,e25d52ea-f7c1-4189-bee0-6d014b74fd0a,25723
25122,6606920f-d445-4e94-af0f-852c135c45b1,25724
24272,0c146368-b653-4938-a564-8aeadcc8921d,25727
24366,bbb55ea8-9bb4-4020-9061-117ba7570ce5,25732
24315,628b7c52-45c3-4b5e-9eb4-be4d22507c10,25734
23972,2bef7b36-045e-45be-93fb-dab6950a4f24,25736
24234,9b855add-a4bb-4db6-b96c-1b3225677e79,25738
24485,4cf226b9-b665-414a-863a-cd95006a7819,25742
24883,69b671d4-1374-4a0f-82da-e6d2863ad91f,25746
24194,ea52819c-ec6f-4d10-b725-5d697aa85f2e,25748
24402,67de3679-811e-489b-9c17-2c9f7486f8a9,25750
27765,2acb9dee-d8c5-4cd0-8e56-639736c097f6,25752
23750,151f70d2-b45e-415d-8622-061dfb0fd75d,25757
24249,622e5065-5ae7-4ed5-b129-281bf2de0bde,25758
23926,9796d888-3274-4d95-95e6-e759b0fd96fe,25759
25063,b1f65f82-2b41-40d2-8c12-d80fce0def49,25760
24411,a2d6aae8-5a58-4597-804d-5acd5d4ec13f,25761
24815,07403880-8cb0-4fc8-b080-732c67b3f1ae,25762
24015,85382277-6aec-4bc2-9c3b-978e04122c81,25764
24063,2460a0ae-f666-431b-9ef3-54193d854dca,25765
24269,140dd6e4-9ccb-4582-bae6-2813b2473be6,25767
23797,50a9cf75-4859-4879-b649-a9024ca998aa,25768
25094,5a36a81a-67e5-4164-8f9e-f9f1cfef6cbf,25769
24719,3c6bd2f6-0da3-4ed7-8017-19bff8b4d649,25771
38536,a8dbfa4a-3555-4749-a4e5-152b3c751392,25772
24662,dfc84124-cfb2-411d-91b4-aec55a9f5688,25774
23871,c56afacc-fa22-4d31-a7f9-377782727318,25776
24120,e142f2b2-f037-42f0-9a9c-5df47edd657e,25778
24613,0657f939-188f-4093-8f11-ba65b7c6deb1,25781
24746,7b047f84-0b6a-4488-b823-58b94ffeb417,25786
24622,50873262-1668-4aa0-be63-a1422d5c672a,25787
24251,6c0fc125-2e4b-46d5-b74f-f2fdb54954f8,25788
25075,418eb200-0ba8-423e-b3f9-69939a2d8aed,25790
24134,7af52484-e9e1-4d96-a5b4-fa219186c06c,25794
24755,a1441c85-3b60-47f5-8eef-04f6a00e788c,25795
24952,169f172e-fb7c-40d4-aa7e-77751f6dd0d4,25800
24442,7da195ad-fd87-4e82-bbbf-6e799fe039b2,25801
24444,c5445d45-4ec5-4aca-968d-351bc002e887,25802
24362,040f15f2-ae77-4307-b98b-3196a675831c,25806
24529,107211aa-e808-4b14-a36d-fb1727a1284e,25808
24798,20dd611f-0394-4249-a523-3e66af6b6d0f,25811
23895,6bcf1ce8-86ad-456c-ac92-56e9f648bc46,25812
24503,f8791d2a-6e2e-4c7a-866d-a0c821f68c54,25816
25096,82574af3-7d75-4f13-8dd3-c7e2b28d4c33,25820
24945,55eebbf6-6580-495b-a48f-23d5e2383292,25825
24526,057d01e8-2462-45df-8980-cb1d3f5eea3c,25828
24740,262a36f1-1313-4c4a-b763-020da443ba37,25831
24196,a3e17c87-137a-4f97-b013-54c99d9a8a40,25835
25113,ffdc385f-8980-490b-968a-3ff940574328,25838
24616,fe812b86-8110-42b9-870f-758b06ec3609,25844
24075,65cc0881-83c9-467b-befe-266cc5847a0f,25845
23890,3e5f9e0d-849a-4687-8431-37e24a383491,25847
23291,a869fce4-c5d4-453f-a61f-37f4355bdb00,25848
24630,3e3a05f9-33f7-42cd-b505-8ebf511014f8,25851
23755,1760d0e8-87f4-48b7-81c0-e6328467f937,25854
24059,2dc218e8-1013-455b-bd76-27608d72be07,25856
23759,65743016-78c8-4187-b6a2-5e6990b2a818,25857
25015,2646fb1d-5604-41fc-857f-6c4226afc26b,25858
24195,2355ccd2-cf9b-4f3d-86f0-58b5ca463949,25862
25066,cb419ae0-be4e-4f20-ae29-5e11a371df08,25863
25164,fe5e9324-bbbe-4248-a060-8aea654b20b1,25866
40813,b8d2da9c-be6f-4fb7-8f42-ed5ea9aeff10,25869
24614,73f8e431-167c-4b3f-9a30-cd2ea7f32391,25870
23784,fe3584da-0ccb-4881-a25d-94ef1650fd02,25871
23791,be03862d-7a98-4c95-aaea-ebc3d0842fa4,25873
24323,33ffcf20-b625-456f-81fe-41ae14e34975,25875
24309,b774585f-cf03-46b4-8ae1-b2623d819d7c,25876
24929,6d080d9a-7d84-469a-9b4d-72f54c7b217b,25878
25207,2d5888c2-c949-485f-8725-2382f77b8cea,25880
24389,b5bc9fc1-48de-4907-9a0b-a02316a4c0d4,25885
24877,743da6cc-b96f-4bb5-93bb-7acad119fea3,25886
25039,591bbbce-0063-4d76-9313-4cd06fafcabd,25888
26077,912a25ac-852f-4587-931d-1ef77af95ccf,26076
26076,242dd3d1-afe0-4cc2-b6d1-663ab1f72419,26077
41445,df622be4-cec8-464a-9ee9-badabce72abd,26128
26260,96a114b3-0bf5-4ae8-ad22-21ffafc6c836,26256
26256,1efdb978-5bd1-4975-993c-e33cfe0e3b70,26260
26322,821eddd9-4fee-479d-bc53-670156a5992f,26292
26320,8eb24f64-3098-454e-b40a-f485e0a900c8,26321
26288,4ece1a68-692f-4875-a190-1d6ddd12f894,26321
26292,73a1d5ee-235c-44d4-af70-a9f3bb2f6a45,26322
26358,e701793b-640d-4c70-9681-484ce235c2a9,26357
26357,e701793b-640d-4c70-9681-484ce235c2a9,26358
26381,2cebce3e-e35b-48de-baf7-6bf935fef458,26380
26380,208d4ab7-529a-4f39-87a6-23340a4b2e42,26381
30934,88173419-c51a-4f8a-b20f-851e57075f95,26419
23662,14487d2b-6530-44cb-8963-707f6ae533c0,26420
41875,972da4bd-5ae9-466f-b081-7856ce3017a5,26426
38771,ea5d10fd-1ec3-403e-b50a-8b5b17c4e863,26503
41781,a0fc2238-6038-41f1-a796-6937105ca3de,26512
41939,15ae03b4-ecce-49d7-87d4-1af789f7af31,26547
41549,875457de-a0e9-4899-97f7-dd3d635d3ae7,26576
40698,a88f0d50-0c4f-4cbe-a880-ccc3c75e1268,26587
26783,2f3e1579-f8a8-4901-b30d-7c0b555ff51b,26594
40799,0eb0f5b1-9079-47bc-a5ce-4abd417e3c2b,26613
27072,651335e1-7273-4777-bd48-e6f26aceaf9f,26668
42326,fcf92e4b-b766-43ee-a5aa-8c0d54f4bc27,26682
31042,e20bf449-ed9f-45fc-bced-d26d7a5f4733,26696
44112,0f8173c5-9ac8-436d-9e89-a1da84b93dd6,26712
40892,cffc3d18-88ea-4e8b-917f-dcf2518a7056,26744
44720,7882f32d-052d-4a49-989a-6f2d1e93369a,26746
27580,eaba249c-c116-47f4-a8df-b0efaa217a07,26752
27586,c395ce88-8062-490a-8672-a55f4de8ed83,26761
41681,7cd06ca4-40fd-46fc-b59d-18c5a26b4bc1,26768
44179,d5aa4345-f1b4-4394-a94e-3725801f5576,26769
41550,5c96f83f-10c7-456b-a225-f548faefe66c,26775
27590,94268b2b-d8f1-4e69-b2ed-08551d3ce257,26777
30426,0babc9df-34a8-4edc-96d1-1517ad586b6f,26779
44255,ac783136-0866-4d44-b445-a492f7367880,26780
26594,f627d4b8-d481-46a1-9d50-27ba5882ecde,26783
23400,d1fcbfc5-60c1-4a81-8471-f543f9131df1,26791
43597,f1c30a9f-3254-4ca4-8d88-8d2d5a74bb7a,26793
27598,35448bd0-3d26-471d-ac58-8f1d7fc6acd0,26796
40837,0649a767-a8f7-4d56-a8a0-ce8fdba603e6,26797
41792,b37ec145-dbb8-4fca-bb8d-05d2f8721e5d,26808
27615,eaf20eb6-7894-4600-aa4e-53bb9deed685,26866
44290,29677dd1-4110-494e-a6ce-5bdb3bbb6851,26894
40681,91f06346-8524-11ec-a8a3-0242ac120002,26898
30894,62181495-4814-4594-8385-d9b0e529383e,26911
27631,33282bd9-f8ad-46cb-b436-95901c02daf8,26951
41874,fc2d2b95-39e1-4bc1-abdd-65ad3c951c11,26957
42077,24d4d18e-a54d-49c2-bf07-f48454815e37,26984
27640,fe4a1807-df67-4135-bc98-85484e78f06b,26989
27643,d2a282bf-1e7b-4bc9-bb06-35ad68cdf609,26993
27645,162898dc-f910-49d4-9c11-b3654c8e6a88,26994
27653,258352c4-4366-4015-b830-da4798dcdeed,26997
44517,ead65b40-917c-418d-9e1b-d4ea20aec435,27003
27662,bd394c26-4d65-4f5d-85f7-5a991d84820f,27026
27670,50508e51-201d-4ae1-9280-3664ba5e8127,27046
27668,342f53e1-1bf9-46d5-9284-cba84152750c,27046
42215,ed79213d-ec93-4d95-aae0-2580eac3c501,27062
26668,08d4b2f1-bf0f-420b-9263-7471dc3d87d3,27072
41404,08123839-2772-4a6c-9756-78a02adcb64b,27077
31058,4ee0b72d-e070-4bb5-82e6-44f0de17afd8,27099
27703,e473d3d5-8f13-4faa-b4b5-eee90f0bbdbb,27143
27715,a50fcf92-317c-4b51-bd63-0c94f032e3d9,27154
27731,2bb81e4e-3091-4f9d-854b-e9fb98bd5e58,27174
42279,14e2eddc-44b7-4e5a-911d-eed8ba12e32e,27184
27735,76dfb35c-4924-403d-bc78-0b5e44d8ccb1,27184
31089,52d675a0-da80-4de9-bd87-b7722e3b61ad,27188
41646,8bf7caad-2707-4097-a199-3c30ad873e79,27191
42107,903714cd-5a2c-4f92-85dd-f0aa44104694,27210
41583,9bba890a-cbbe-46a8-943f-9b152cfc21f9,27223
42872,e12f20d7-8eb7-4893-b2f7-48a6b5ef6dcc,27245
44802,a65b60ad-73b6-43a1-9309-7d70442b71c9,27247
27760,59d4f293-7c77-4b28-bafa-0ccc230a2d51,27263
41596,ded8d08a-8b09-4ef5-8c88-db768bb732d3,27271
41046,23a27ff7-1d1a-484f-9c26-1c829c507a31,27284
38778,7daf0f91-f497-4dbf-a5d1-56722dc8f8fd,27286
41591,8444388e-535d-417f-bea3-c93b820daacc,27321
42213,ed9ebc8f-e65f-4df6-92f6-c617faab51a4,27332
41019,4eaa1628-2af3-4b7b-be0f-e63a17bb3289,27344
42395,81830c8e-5c6a-4ef0-b426-f25a4a78be08,27357
27776,c0d331d4-3b33-4d48-a476-e2f638326cac,27371
30207,c06ef22c-5f2c-455a-af9c-1011f509b2f0,27378
42035,137df913-9451-4b70-b022-4cd2d9f66437,27402
37342,985bc15c-3b56-446e-b754-a402af99141e,27409
42940,b9e00e0f-fa39-4597-85d4-c1e4a3d02a3a,27422
42938,2ff99aac-68d6-4939-a45a-db7fadf595ec,27422
44183,3e4d3cc4-16ad-4053-a138-384c584b670b,27449
44807,372eacf7-083f-4f6b-a246-2941b0837a15,27464
42120,a675ddde-7608-4137-ab9e-1449ac35b2c2,27497
44662,0e63cfd7-48cb-4154-b21f-3a6d89477f4a,27513
27803,6cc66861-c18f-49b5-98f5-02a4df035130,27514
39636,9781a7e1-c652-4583-8182-e27c9d0f18f5,27517
29918,f62f6776-803b-42ad-bf0c-73725bf9ddd9,27579
26752,a04d20f5-bcf6-4f2b-99e8-170fa8c8346c,27580
26761,5e321f68-3742-46b9-8544-fcb7b8711d73,27586
42041,9c4fad48-84d7-485d-b8a1-3ffb1e913d83,27587
27588,a6c30252-99f8-4ec5-825d-26ad4028ee4d,27587
26777,8460b679-de70-4b1c-a47a-feff37907d41,27590
26796,60945c9d-9d10-400b-b6ec-c0ded5a8ed0f,27598
26866,a9a04df0-ac9c-403c-85ab-3febbac7392e,27615
26887,0a4904de-7a42-40a0-b6f8-9860d6d2b0f4,27619
26951,0e3c3b31-5c20-49cc-adb1-f4e261b4f968,27631
26989,15d256a3-f6e7-4bde-883d-8536d89d2aad,27640
26993,e0f9a55a-8b51-4f30-8000-a08ab452a3c2,27643
26994,21589937-5bb9-40e1-a36a-73732aff1cc9,27645
40450,8b42d314-814d-4830-939c-fe9daed129c4,27652
26997,818e5f12-91ec-4c41-a773-231ad6cdbbe2,27653
27026,96c5abe7-134b-4d73-bae6-0864a8c7b291,27662
27143,24bf1f3f-2e17-42d3-87f2-80a622333e25,27703
27154,ff5ec69b-d0e8-40d4-8c78-d45fab77f548,27715
27174,e893306b-4d9d-49c2-a57a-42b70e351f2a,27731
27754,cedd0e2b-66e1-426d-9d5c-e28756f84286,27753
27753,3cc44bf6-7d05-454f-b437-8f13a1a9508c,27754
27263,1deacfae-47cf-45ff-92f1-527eab8562b7,27760
25752,ead03fe1-cef3-4d28-9a52-29f22ea9ec91,27765
27371,541b58c6-cfc3-4cb3-8ffc-85e783196789,27776
27514,34f902a4-fd95-4e63-b624-02ff23cea6f3,27803
27579,2096d66e-25b6-44f1-9512-b76941021da6,29918
30982,fc1a37bd-3cc1-4223-8217-a2c97a749b35,29929
42062,211d67bc-48f2-4396-b123-dd6a062a8440,30012
44634,ae74e13f-3ec2-4bd8-a6ee-38837215f3f2,30017
38535,94a58580-5c43-4ee1-9a97-968b3fb76411,30022
31007,da915eba-6725-4735-aa86-445192d1ee9e,30028
43830,7a7040a0-8906-4d33-8c2a-05bf1e28af87,30035
42093,4a64ea10-1a47-46d0-a980-d0d6595b2ff6,30037
40888,40493d22-f857-4394-b9bc-1bbc265fdf4b,30038
41779,e4ced58b-3e32-44dc-be3f-7007b6148a5f,30051
31037,d19fd0df-e94d-4a44-9940-dc091a6f4410,30090
42029,fe752f47-e1da-44c3-ad95-3f3057959531,30151
42329,199d96d9-f907-4ce7-b77c-6f68a251f01a,30163
31052,e2593004-27e0-4098-9856-0ea41448d812,30178
31059,9768eb91-2190-4649-909f-e361816dbde8,30185
44846,1d4a7fe1-d042-448f-b588-4db9417424d0,30188
44303,c47c53f4-c98a-4b30-918f-375ae28a53f9,30197
27378,8f8e27f3-630a-43fd-a890-64a2668a3d88,30207
41782,d3b583ea-1920-45a0-8624-d7f1344ebf63,30230
31071,8996d703-18ae-4ae4-9ad1-2b45234441ad,30268
31080,53ff48db-1b16-40de-82d0-1f4b68574071,30325
42087,0046f5eb-6014-4ba7-8308-c5c242cb57b1,30336
26779,ae755011-6f42-446f-b1fb-59e434d7acca,30426
42552,fd6f1610-d9a9-416f-991a-3b1a82de1635,30545
44966,b83ca19c-9cdd-4c1c-b563-66cf6d2c5507,30585
44885,cb8523a6-7f03-4856-88d5-03895db0d4b4,30592
31126,b7117555-a5cc-44f3-aa58-9ec6063bd6c6,30593
31128,da18843e-afc7-4721-8b7f-686efe7b0bd8,30598
44959,28b56076-ecb8-4944-955c-ad65b8668436,30616
44897,344162b7-8c28-469b-9c9d-6e9638bf68ee,30629
31146,480690f3-6d31-411f-884f-b8cf52aa1262,30656
31143,c27336ab-279c-4bc0-a71c-7c4fefd24410,30656
31145,bae0e99d-2c78-4c50-9423-49f876901b7e,30656
31137,47db1c9f-65b3-4618-a961-4df5b4a223c2,30657
31139,61aedaae-bed6-4329-86e2-b59c7172d445,30657
40715,68e733e9-39ad-4549-80e3-18e86cb88b39,30666
40452,b6c417c4-f9f8-4e65-9843-29e5f6ddc613,30673
31150,e0fc2112-bad1-474a-8078-ef40f2f4b2f0,30684
44829,61d03166-baf4-42f8-8ff3-b27c36e736ae,30685
42104,1894c9b9-ea62-4908-89d9-498c857875b9,30776
41674,813edb35-746d-4da9-b6c2-26080e07aa71,30817
26911,d9dc2cc3-60bc-40c8-a01f-313acb6e758a,30894
41651,14a0ef37-e171-4078-a3bf-1542b9fc07cd,30914
26419,853f14d9-2944-48b3-b598-37b53d70d473,30934
40436,24f37c8e-5c48-46cf-8162-546e6ed18a33,30935
41578,c03bab96-694b-488e-bbb5-04be8ba07921,30961
25562,12bc6947-47ca-4dcf-9a90-2c8285dbd4e2,30971
29929,18801d9b-e262-4886-955f-a40a8378f724,30982
30985,3f2a8f62-332e-4c71-801d-713cf870156d,30983
30984,70b9410c-7460-4723-80b5-742bf4f70357,30983
30028,dcf990dd-6f4b-41a4-ab5b-70fcd5d54387,31007
30090,d3bc4403-56d7-49a6-a4d9-16364ff0fee6,31037
26696,2eaa463a-630a-445a-9c8f-461df411c2a4,31042
30178,2f1a13bb-c16d-4c49-858a-598971eb5c6c,31052
27099,e190e766-4942-40bc-b4df-f3629c1afaa0,31058
30185,5c31f0ed-8bf9-4cf7-b27c-944fa5c2aca7,31059
23246,27091866-6d3e-4ba1-9f69-f3d4a1c9a3a5,31061
40686,31c226c4-852b-11ec-a8a3-0242ac120002,31070
30268,c5021267-2a0b-4eca-9a7f-bb6115bbb494,31071
37441,38f2dc9f-c50b-44c4-a353-8ee09640df26,31075
30325,d2a98cd9-c78c-4168-a23b-7fb8ba48da7a,31080
27188,60e75720-7435-4094-b211-240d1a200659,31089
30593,b71e0e29-b0bd-4034-9960-941f3579fa4a,31126
30598,764d8f21-b228-4598-a627-988b05964f68,31128
30684,24b9a7b8-658b-4bb5-acf9-421feebccecc,31150
44203,b57fadc9-beb9-45a1-a4a2-9bbee666cb69,31205
41985,3b9f1996-5029-4350-9827-e61ae56e1db6,31211
41844,b1de4c58-7dd1-47fe-8a52-68df3074da5b,31293
41847,cb167e86-d594-4af5-bfef-1c063a3aaff5,31294
31323,ca64c140-5db7-4727-8411-312bb2e4751d,31322
31322,8ab41b57-14f1-4cee-9fe5-30f6b200bf57,31323
24222,0df583aa-ff3e-42fe-b282-1143e78fe959,31378
31418,9e4b4b56-8442-4772-8e64-b0715b030aa8,31416
31416,a54171ae-ed12-4f77-8220-64655381357a,31418
39846,74547ef0-036e-47a8-9b0e-a2138b430ec1,31453
35199,21dc00aa-d386-49b6-87bd-427c3e08ec1c,35074
35074,56ebe999-a19b-4aa6-891a-57975baa89bc,35199
35785,6d8b3153-5691-482e-95c6-62ff5d2e8b34,35569
35569,7b90fbbe-fbe8-4a45-ae66-1d811ce7ff5d,35785
40886,a37ff48d-fc24-42b1-be78-a90ff72fc3f8,37133
42259,f1145014-9733-4641-8846-825e9331c461,37134
41816,8cb061af-3259-4eab-b03a-6526f8abd508,37140
42966,120452c3-6580-4100-82bf-91a5caec4f6c,37152
43441,342610c8-e71f-4298-aa7c-0f4b2ad68365,37168
39952,98856964-000b-44dd-93ce-515b7d947a62,37192
42225,e8f43acc-4145-4704-b422-209e41fd75d1,37206
40670,057b9d46-850a-11ec-a8a3-0242ac120002,37209
37307,c40e0ca1-9bf2-46d3-89b7-c5d6bfd310b1,37232
40684,8e39556a-8528-11ec-a8a3-0242ac120002,37243
25580,ea8a8b8b-9294-466c-bae6-5cb88bdcfaca,37247
40623,57eb2fbb-9f95-47b9-882a-37fe633d68a1,37265
38594,a85d2a23-b827-4797-b585-5fde0a924d37,37269
23651,98b43929-2b5a-4815-be46-353950acc51d,37303
37232,ab62b1cd-9368-4da3-a1a0-5fa2d90edda3,37307
42957,c6a22f98-75eb-4bc9-b5cd-8e8615b795f8,37328
27409,68244f79-74b5-4f1e-8c73-095e2716645b,37342
40764,9e78570f-72d6-46ef-8bfc-e0a0772dbe51,37373
40605,105960d5-0c82-4d02-b0b6-243db7b60141,37382
42095,3fb5ef5b-98d7-4324-afab-29b37f34fec1,37397
41224,24476c69-1729-4195-8baf-9392ea29a3dd,37418
43725,65024bea-0a14-4a88-a8f0-7e4c753f45c2,37428
40690,c9465942-8154-4137-9828-1c8b4b77d247,37439
31075,91491346-4267-4761-83d4-a3fdda5effba,37441
38763,9748e677-a2b1-4130-8d6d-7381f9d6a99a,37454
38590,cbb22c51-e8ad-485e-b342-2cc8879032e6,37461
42697,c9233424-147c-4eca-a49e-33908fae1a90,38412
44129,2aae2927-954f-4605-8174-6fdc5c9ceeb3,38428
40692,226913f6-6dea-4007-9912-79fe22161a5a,38430
40769,b1961f40-a3f3-44f1-ae87-167ff2b1d592,38431
40768,1763e555-2493-4203-8707-c9ecf570331a,38431
41948,c843f7e3-3d06-4329-b520-1ee5e1760645,38502
25400,91305345-73ef-45a8-9b34-94d20bce7ccf,38589
37461,1d3c236b-1ed4-474b-93b5-4acd48d6e263,38590
37269,a501a55a-e7f5-468e-ac1e-fd3d98ae37aa,38594
39663,d7b1581d-057c-4e2b-b0e2-09f18314ae06,38616
38701,a09760e5-15d3-466d-b707-eb5c8683a3ef,38633
41059,7d4eecca-e2a0-4213-adf2-3ee26c122f11,38640
42631,566305db-af00-4a05-aa1e-2ebd1c8fb56f,38661
40538,aef2dfb3-30a3-4bbe-9af0-29f6809e63bb,38675
23809,b493ae6c-e335-41eb-b7c8-81c2726ec851,38676
39558,7b99e176-ad3a-4e29-9ff2-99a7b2468212,38679
39612,cf077548-6384-4cc5-867b-00b32ce3c78a,38686
38768,8750ecfe-2edf-4081-868d-0f68d5fde18b,38693
40555,e022a8b6-5fce-412a-892e-798b49c22fd7,38694
41271,c2067b5e-26fa-460d-86b3-02d256e85b21,38695
25392,934d213d-d204-4adb-8c3b-3f4a88b90c2b,38695
40602,840d5292-c671-46e2-931d-0edd0e83e2d8,38696
41308,18f0dec8-feb6-4515-bad8-ac9c65906c7c,38698
40663,c09021d4-24af-425e-8e48-918a57136d53,38699
38633,86422e21-8a1a-44a5-ad54-9751d31a20ea,38701
38755,c083f8da-2032-4420-ad63-83b0eb8ff1bb,38702
45013,ee756858-bb4c-425b-a58e-561139b1b3a1,38706
45048,53ad4be4-8c67-426a-a579-9722e59e85c2,38735
42409,90f393c5-2e95-4198-98c4-e8d98f579a7e,38754
38702,5d8653fd-bb96-4625-a51c-5f2f2e2bbbc9,38755
39520,8ad3b95f-9a9e-4c1b-8d0a-177ff290374d,38759
40576,26109faa-87ac-4889-bca0-cf6eef6bacc6,38760
37454,8efc2416-4b9c-41d1-87cb-b056bf2da6d3,38763
41191,f0eeeef4-b0f1-4b80-a370-1f1fe241e224,38765
41189,5fb68408-5b9d-4fef-9ad0-c719cb207dfb,38765
38693,023942dd-0f92-48d0-b55e-5d87ac8b107f,38768
26503,ea00270e-1298-4ae5-a774-5fdc0dab7c14,38771
27286,2bf0a00a-adba-44e4-b51f-0ea609b4a018,38778
42439,6c5caf6d-ce01-4ed4-9bce-60dab003cc21,38780
42736,d959a5d4-0889-4209-802f-ac5bdcb684c0,38782
43486,2f01e675-aed7-4860-9ccc-8c8dc31a1a65,38794
40691,1cc0f964-11ec-426b-8c1f-c8938d87c89a,39279
41721,41b68248-fdc6-47e3-880f-d9c6a70cde04,39281
41701,ef50dffb-cbaf-4d3f-8674-33a858e5be34,39518
38759,87fc5f44-d04d-4672-a1fd-f315fadde246,39520
38679,df978239-8070-4eea-af2e-43ec5a241720,39558
23224,eeefa5b5-a109-4460-b132-4591a84b5ae7,39609
38686,9c40941d-6426-4407-bb0c-afdd871fc4c6,39612
27517,6c577b76-2de3-4d18-a0e6-2b6f4d473cf1,39636
39640,0aba3645-9548-4688-b960-1ef461167ea9,39638
39638,6252e9b7-610d-45d8-8af7-5d97ff52aeb8,39640
38616,aa663256-4598-494d-ac24-17af6e9d659b,39663
25668,8a63a773-26a4-4d75-b694-ba11f175ef13,39664
43791,f341c771-a7c9-4622-88d6-db1581e90dca,39681
31453,004584f7-70dc-4b0b-a358-bd7f5d844738,39846
43976,9e950f07-db69-469b-b187-c4ee75ea7de5,39854
44029,3bfec6ee-347a-4553-aee5-46e2123b9d1a,39861
42712,ea768a66-b33b-4e27-9397-c68f46b1d273,39865
31100,62d90e35-5117-49b4-b9e1-bcf4f40adb78,39865
39697,137c5c07-bf04-46db-af82-273c21980999,39865
44013,703fad28-9881-417b-a92e-7944ef292230,39871
44010,c572cd85-8fe4-4fe3-9be3-d92164fe8958,39871
29998,6e3269c4-cd4d-4993-8d2d-54b5076fa5a3,39873
41777,90426b41-d43c-44ac-962a-2159797c95ff,39873
40753,50a60dd1-6674-467e-8ff5-4090049549a8,39879
40752,3f0a334a-29b9-4a15-97bc-f2cccebd38d3,39879
44038,323ef974-4976-44e3-b2ef-314bcdde9737,39890
43271,1bed7604-3289-4d5e-85ac-c01c35b1277c,39910
44070,d36ad9d9-d121-4322-8669-967ccee33e0b,39938
37192,d9ce5c97-53a0-4666-9b2c-a60b6e7ee589,39952
40687,5457f73a-852c-11ec-a8a3-0242ac120002,39954
44057,ce673e6a-9b11-4f46-8067-df585b741687,39958
40473,eb2eb5fa-071a-49b9-a8c4-36f27b1376be,39959
40431,eb476cc1-67b5-4056-adb1-28c39ce03db0,40430
40430,e4f00d03-16b3-4533-8229-9c1dbbec7185,40431
30935,bc32fe87-3dff-4f84-8b71-43d8817e0818,40436
40438,7dac70d2-65a5-4c1d-9b48-3f32dd54c482,40437
40437,3121e419-c0d6-4c67-8fdd-405f1a2777ac,40438
40442,c1d0802b-cdeb-48ca-8515-7ccda3c67a23,40441
40441,2c2fa01e-1089-4878-acca-bcd8af83add9,40442
40444,c68b22d0-b944-46fd-be10-d343db50ed1c,40443
40443,b5a0b67d-4b30-4d06-8bfa-8afd3d2bfd41,40444
27652,2eaa9f40-7838-43ae-bb6a-6fb2d208c39c,40450
30673,2b4bd1ee-b428-43cc-baa3-448b9adbd252,40452
40454,20fc43fb-1fea-4979-a566-66879760efd0,40453
40453,d5603967-03ea-4a89-a2b9-8945c83522b3,40454
39959,f49845e4-9ac5-437c-a4bf-c38b4d9d9c65,40473
40535,1f808150-108a-4331-9d88-526432596b30,40532
40533,6e24f7fe-5e6e-4b0e-8e57-1ff203bdcbe9,40532
38675,21b55bf5-37c1-4390-8d08-516b41cba8e1,40538
38694,adb4b6fa-01c7-47a8-8d43-54d977954bb5,40555
38760,8722d3d1-a653-4c3c-a58f-8b8ba86e41a0,40576
38696,9b79babc-7952-443c-86c2-ad36a0f7d3e6,40602
37382,dc0a0846-a06c-498a-b2d6-03da2881890e,40605
37265,f9007449-e5cf-4394-911a-82138bba226c,40623
40656,1a6b1afb-6a7a-4a7c-83d1-e819b7bc8f13,40653
40655,27318918-a1ea-4272-acda-c2da95420ba3,40653
41835,00bee6b0-67d4-4348-a103-f5867eeaef4f,40654
38699,5e3e36de-d430-4bb9-8875-b445c8eb1eea,40663
37209,a4607d8e-5826-41b8-836b-db8dca9f761d,40670
26898,54532ae8-1344-4a51-9290-8799ab86a3f5,40681
37243,141493f3-0597-4e0a-8f22-887664bb6ec6,40684
31070,fb353916-4cfe-4485-8e4a-9eca46600230,40686
39954,feab3084-50aa-460d-b20d-4c8c38e6c871,40687
42098,0b69ece0-ccde-47cb-85c1-c1c6dac41b42,40689
37439,d53f59ec-fd68-4b33-b718-78f7cc154d54,40690
39279,7a02ffa6-6513-4a78-b301-a55bc207fb9d,40691
38430,454729f6-4731-42c0-8d08-cc5c5db1c03d,40692
44251,8b62106b-9f2b-4156-8307-070a8802cc44,40695
40696,8399cac9-cb10-4c4d-adaf-01fb86827103,40695
26587,a2393aa0-407e-49f8-991e-798a95d758ad,40698
30666,c2480b93-681a-485c-ad3d-431dc912d5a2,40715
40736,30945ea5-eab1-42e3-84a8-2595939ea7a3,40734
40734,0bb84fcf-0092-41b0-946b-10ee51b01305,40736
37373,5bdead7e-d782-433f-a335-35d4c165aac4,40764
40776,25371b32-087e-440f-b015-188dfe45475f,40775
26613,ed85198f-a5be-4740-8a73-56e8e0eb774b,40799
24506,5f73248d-073d-4e0d-9a9b-958f6a90655f,40801
41837,bc4c0ada-b61b-46e8-b76e-0fef472e9452,40825
40838,78ed124b-7d85-4a1c-85f3-a02777bade86,40836
26797,0aeda6ab-2dfb-4a67-8c60-0d674e2c7a2c,40837
40836,34136627-a0f0-4723-85a7-8c023257cff3,40838
40843,56019842-0b6f-459b-a1bb-0627360516a4,40841
40841,e08346cb-b70b-4589-922f-7f951e6487df,40843
37133,5b3e3fd8-677c-4c21-8654-6f181c90c81e,40886
30038,60222185-69e3-4795-94fc-c11a209227ff,40888
41867,eb850ba1-0f3a-4844-88bd-e4947100116d,40891
26744,5e960f69-d4b7-420c-8af7-5159d060dfa6,40892
40941,3f2e1e90-7883-40ad-8a54-2f63e79a2c41,40940
40940,0f78ff51-bca9-4de8-bc79-65033809053f,40941
27344,d077cc99-e30b-4605-a1d0-8bbf57f41b9c,41019
25377,b72399ae-7775-4556-9501-4c58b0b6c1ad,41025
41034,6aa1a414-34cf-4f1e-924b-66ef084ffb4c,41033
41033,c8ca6980-b166-478c-9c7e-039178648eb1,41034
38640,25af7f72-36d3-41c0-b28f-a91d032c9e80,41059
41073,6c034554-452a-40c3-9187-08fe6b3d9f88,41071
41071,fea0ba51-ab6c-42e6-9c38-0d3b362d093b,41073
41102,e16c849f-90c2-4661-b39a-f78ea0f96afa,41100
41100,6d5367ac-e230-4729-a735-712c288da892,41102
41115,b4d0ea66-51ca-42b2-9a7d-8d9a08666ce2,41114
41114,56c10ef9-e489-46a5-b15e-8cb65f532751,41115
37418,9265f961-3634-4250-94c5-4f245c901ec6,41224
41235,bd566c41-a9ae-4d91-bc3a-48e0901779b2,41233
41233,935e81ff-7d1f-4bd4-9d84-f717a37e8d74,41235
41238,76d6b05e-6436-4aff-9bc5-1aee79c5ea09,41236
41236,bdaf5fd2-5ab6-4a75-9c62-136d8be126f0,41238
38698,f9f2767d-d6a3-41c5-b9b1-189d1b670cfa,41308
41371,2726b258-898a-49dd-8c90-a924a88b45a5,41319
41319,4108c736-347c-4b0f-9e2e-d24ba2a37f40,41371
41403,edb1ced4-890d-4fa9-a8a2-da9cb8b59e96,41402
41402,d2195961-b0b9-4411-979c-9ef8aefdfd14,41403
27077,a6bab5fa-424a-40c8-8cad-65ee15b2a52e,41404
41429,5b6bf024-6606-4a38-8f70-63d9f9e09195,41427
41427,597e7646-9fb8-4dc3-9abd-f1607bcd0b98,41429
26128,4d108f32-556f-4c15-96eb-f26c300a1b6e,41445
41447,4bc3f906-060e-4380-b00a-56ecc230b577,41446
41446,dce075ed-aa38-473a-a258-b3566fa01576,41447
41921,ab578c93-246e-43ac-b399-cc3b5c33e574,41448
26576,a8108561-a088-4b42-81b4-4de9367c9a77,41549
26775,ef39df8f-b037-4f86-a657-c0561bef1c14,41550
30961,1533c408-a915-48a8-905b-a07b55d8f78c,41578
27223,e17026f2-1359-4d37-82f6-8c99646c5832,41583
27321,4f95cb5f-d30d-4818-8d0b-33ab70b7b051,41591
41845,c4f0e934-3e12-4154-a05a-78b6b6d5d5bd,41595
27271,69cd7319-7a91-4be0-bc46-60c726e6cdee,41596
42535,c3f394db-d0ea-4ab5-9c35-aa4009fc43a3,41630
41637,1d1b9980-6caf-4927-a7f2-c4acf6dc2f10,41636
41636,4519f853-c754-4db5-b81e-737628a77cc8,41637
27191,67ce63af-5424-4ee0-8564-a5a0dddd0b28,41646
30914,232dcd6f-b2a8-430e-89ca-bbff097b3b6d,41651
30817,f2ffc5fa-5318-4a19-88c9-455e7ddf36f8,41674
26768,6ad0e8ba-a0bf-4fc6-9fbe-c8760cd0a9d2,41681
42304,35da056b-8d58-4256-96c8-91ae545173fc,41682
39518,5ba7b0e5-43e6-4584-87ef-4fbcab16dd98,41701
39281,b405fb5e-c3eb-4be1-8da1-674093b86dfd,41721
41741,2500cfc1-bfc5-4268-be0a-1efd3869e76f,41739
41739,c5da87ae-9bc7-4386-97f7-99007606dc4e,41741
30051,2ce279f1-596b-4751-b9ff-521363a16a8a,41779
26512,1b611809-ed83-49b7-b93d-427aa7af623a,41781
30230,a08caf7b-b313-474f-9c6d-e9705d955d8e,41782
25398,c7dfe146-fda7-4228-8d8f-42046bfc0f1f,41785
26808,a163095b-c7fe-435a-b9ff-c206844afb10,41792
37140,aa11d01a-df75-4872-8477-aaed96ff1fa7,41816
23297,d135a12d-45f5-4080-abc4-f5b38e0866c3,41829
41832,47f5f7a6-3f6d-4d6b-8070-3d226c2a5720,41831
41830,692e838f-4654-40d7-9734-88d6c65e2edb,41831
40654,24b30084-3673-420e-8001-335c5da8d860,41835
40825,257ced08-ea45-4ef7-8939-641b88aef725,41837
23613,5a6a3d6b-5afb-4512-8b72-1d120697e1b4,41842
31293,e7b9a107-7e59-4c2f-b0ad-9e5d24cff53d,41844
41595,d10871d9-1396-4087-973f-75827cd70e00,41845
31294,c8c76dc8-51ce-446c-9951-943ea5098503,41847
41857,94969079-8f6c-42c4-a200-905b5a2709f3,41856
41856,2634ff2d-5713-4262-8afb-466d922f2026,41857
40891,ac05e6b6-0bbe-443e-aa82-0430d031ed14,41867
27781,909a99fd-e8b9-45d0-909c-219d64d4da11,41870
31439,cfccd4e6-04fd-4f2e-a023-bb33ece5e91d,41870
26957,ddbfab62-acca-4463-8c50-2b481f3e9b9a,41874
26426,9328d0cc-e87d-4c8f-ac49-7908b310682f,41875
25464,20277f2f-be8c-4e8f-97c3-94a7fc069dc7,41903
23215,df0b30c5-bdad-4375-8b31-2b6d21f87dda,41904
41448,90bc433f-4850-4d26-b016-bf0454e7a99e,41921
26547,b5004d23-d921-4855-afa7-5f23e523cae0,41939
38502,125b4b54-286e-4c56-841d-97766fb76d94,41948
41970,28fb4788-67f8-43d9-aa37-ab67496cbf8b,41967
41967,44bb02af-b836-4fba-89f4-8f74ce5c1530,41970
31211,c26e843c-ecf9-4d34-8010-25eaec773651,41985
30151,e6b2d92f-026f-49dd-a2a3-460e733ebdee,42029
27402,6303cdb2-9d3b-4c77-bed9-f2bf69f6b475,42035
23282,ea308bad-b06e-4b99-9cd9-fbff9f9750ae,42037
42090,f1206639-8572-4908-96c8-b978ce388a4f,42043
42079,fc8c551d-8f3a-4cc1-818e-c9cd32749e14,42044
42047,00b55081-4256-4f4f-aa25-babaee2701fe,42045
30762,3911f746-239d-4470-8ea0-51054b7f5b0b,42045
25575,3dbbae67-2d13-4b5a-8480-77f230efa402,42053
30012,72d197f0-f108-43c6-966a-88b5e832a0b6,42062
42074,22d32a3b-1ecd-4f1f-b213-4bbce401b98e,42070
23448,0a68871e-78fd-4b75-9b96-fb63ad54979c,42073
42070,2e5b1f2d-bd72-4f8a-ad43-3063980341f3,42074
26984,b41730c4-d4a1-45ea-835c-d5d07f806bc5,42077
42044,e9a46b32-3173-4c82-ad9a-178ae24527d2,42079
25649,747c3d58-0552-4ec7-8d25-6e83a3c07393,42085
30336,59e6b989-0125-4bb5-856f-452d1f288a15,42087
42043,eea9ccba-4b8e-4dd9-ad72-c379ef32e5fd,42090
30037,73e68892-47a7-43f9-9d44-3f34271d62ac,42093
37397,20aeec9a-c20a-48ad-8f2e-dea3f05b8315,42095
40689,a08a2de4-8540-11ec-a8a3-0242ac120002,42098
30776,080bafc0-2d4d-4463-995b-833feb93ec47,42104
27210,2b917078-b7cb-4ea5-8221-12bd99c8fd87,42107
27497,1a193175-3a24-4e24-b200-2ab342251a11,42120
23741,f2582dbd-9cda-45dc-914d-2870f7455460,42205
27332,eccf33bd-a400-497d-a6d8-904866c3ae7e,42213
27062,aed0824f-b651-4c7a-84a1-3ff89263567c,42215
37206,8b68b9bc-3a75-4cc9-8a02-2996f4d8ab0b,42225
25603,b40df6c7-5a37-4918-80bf-4b0fa61ecbc2,42232
37134,6dff3b0e-4861-4a83-a2f9-4576a7fdd5ff,42259
41682,e7e1a232-fb9a-481b-b677-cc5f9f010f8a,42304
42311,5a01f5ff-ef6a-4ca9-bdc4-9c6242de9403,42309
42309,91eb8199-40c2-44b7-87d8-6b9097e79a59,42311
42327,ecefe64d-5cf6-41d2-be3e-fd09848eddcc,42324
23426,f82dbf49-d7cc-40fb-b884-1eaa85befaa0,42325
26682,d205b57b-7f16-4299-9c47-c30afdd706d9,42326
42324,1b36c01f-f6ef-4a4e-a032-54f0a16f37cb,42327
30163,08fce9a9-09e6-459c-bdce-f1ee79dd479b,42329
27357,56af5f8a-b433-4c47-9399-e19cde28a752,42395
38754,a0af1929-d873-46a1-af74-0d19cc8628bd,42409
42414,e8f4b7f9-bf3a-45bf-adaf-eaed962381fe,42413
42413,545d5480-d3be-4c52-a895-891b127010d2,42414
38780,45b20b6c-24e6-41ce-b727-2e9b462fcf23,42439
41630,2cfc2948-1a01-4606-8099-c31b2e0ece89,42535
30545,111a77d4-0c95-4cb2-8a9b-9adc7752e200,42552
38661,dd72fe2a-553b-4f45-a61c-0c28e66313a7,42631
38412,019c64c5-ecd1-4ac3-be0c-87d25f73720d,42697
38782,a76efe03-767b-4138-aed4-a994df997b31,42736
27245,ae2c9dcd-1b4c-4eb0-8251-62c05614d4cd,42872
37328,17a287d5-57f2-4464-be58-bdea9f68e6de,42957
37152,1dd1b471-a727-4193-8707-781db70bc891,42966
23789,53a55748-b00c-46f6-abe9-bf781ce1fd4f,43004
44028,55f553cf-b755-46d6-8ba1-86833bfa81e3,43089
43139,81480739-c7b7-43b5-83b2-6f66703f77cb,43138
43138,7b026947-5789-4c63-89c9-d1c5cb883de8,43139
39910,b37da0ce-973a-402f-98c8-226322259bce,43271
43357,38d3c4da-8c5b-4b5e-985f-1fba0a39c2af,43356
43356,95eaefb3-a026-478d-af8a-ff1410da206c,43357
43414,837e03a7-65d5-4bd1-a817-2203c130b28f,43413
43413,115b6a45-f49e-4845-9f88-28b28f07cc91,43414
37168,9e11be09-3cb4-4de1-9f2c-41c989d6409a,43441
38794,ecc38f4e-c915-4dc2-b4ae-a8e027725554,43486
43530,d0770fb3-e974-4ba9-a65f-521cc8df59ff,43529
43529,806fa507-25ca-4991-a924-a8f0a37a75b2,43530
26793,8e18f684-038b-4ca0-9791-260d01944a60,43597
43687,af20a5f5-c7a4-4976-9876-c6cb34279f56,43675
43675,62f4c50a-c17f-4b38-9e57-7a72b1895f89,43687
37428,47c8126c-0bac-4845-b5eb-ec5821033fa0,43725
25679,4df7fd90-9798-4321-ac46-c06ed40b6a0e,43735
39681,caaa274d-5d3f-4801-8178-4bbebaaf69ab,43791
30035,e757fac4-a8e2-455f-9344-95e47ecb3a23,43830
43923,15ffc891-c518-4048-be25-821027b1869a,43916
43916,c565f708-0f4f-415c-9ced-acc13e6eee66,43923
23209,a6bee7ce-4137-4e8f-be33-08c28ccf45ec,43974
39854,d40c85bf-7765-4cd0-a9f6-fbe4357eeebf,43976
43089,a31b1542-0c20-434c-969f-1527eff126df,44028
39861,2531d9d8-2850-43a2-8d9b-3c0815d73265,44029
39890,236b29aa-b0de-4bcd-9d1e-a6a72575d790,44038
39958,9f6ff5f2-df4c-405e-b6e4-1270985e6e24,44057
39938,414a73f2-5bb2-4020-a77f-69e56257694b,44070
26712,aa5dd251-6ac6-4e2d-a685-0f43bf5eb404,44112
38428,955d9633-bd56-46a1-b9dc-7d6f51bac163,44129
26769,152b68c6-b6e6-4b00-b0b1-1e6405073588,44179
27449,bb88fec0-afe9-4037-88e0-21b2bd38902c,44183
31205,8cdc0202-d0ac-4247-a236-7b4774f27656,44203
26780,e18eeea8-cad1-494d-96f0-eb976c78f73a,44255
26894,27bfd70f-a649-4821-abe4-85b5939f1f9d,44290
30197,ff718c40-40f2-40f2-9f47-f1249acdec89,44303
27003,6c3ea8db-c7e8-421a-aa8b-22d9ae8101a5,44517
30017,bacdd306-5e57-4fd0-97ca-93de25862764,44634
27513,d13d996c-c7bf-4a23-804a-5065bfe1ed1b,44662
26746,599b7152-e63f-4695-b202-a23d0753e039,44720
27247,de54aed6-73ea-475e-bb2a-359f257a6d25,44802
27464,aa39c3fd-a785-4e76-9699-2c8815d7d2af,44807
30685,7404985b-90e8-4ca4-9074-bfbe7dc5dfb9,44829
30188,4564a373-69c0-4bf0-96eb-0d5510392852,44846
30592,492a4c2e-6149-44dd-828b-866b9d80ee9a,44885
30629,3e9fd9ac-1fc7-429e-a184-edee8ae0fb3d,44897
30616,4b130417-831c-4fb0-934d-90985fad1e01,44959
30585,e21c015a-6b9d-4d07-85a5-3e0a4a2f7af2,44966
38706,aac2689c-a911-4e79-b6f6-1c2b6e130db1,45013
38735,47cec337-fc12-4b8f-a38f-fa148a00cd61,45048
24190,bc92b2be-d096-40ba-b8ee-6e96bef0a6bc,23024
25189,76dc5b66-25d5-4e8d-889d-54c75f9fe3e2,23027
23142,2b24bf29-4bd0-46fa-8f69-ddbb7262ae34,23032
24040,0b5416c1-3ecd-4b5f-9578-423d41ecb2d5,23047
23501,60f9081b-6aaf-4ae9-9ad3-8cfb07cbea23,23053
23609,f37e866a-394e-45b5-b904-6e006caa0896,23054
23891,a8ae7faa-7784-447d-a104-2d463af3ab90,23074
23868,8de135e8-9786-40ed-b638-182c9012f2ec,23081
23133,6db335df-3f6c-4d43-b95b-ae7c96ad318e,23086
24786,8896ddba-292f-45d5-930f-1a9a422e69b5,23123
24989,88155e01-e362-47bd-91be-c69828b2902e,23145
25717,0d666197-b78c-4626-9369-3ed943da7d34,23146
25101,029fd962-b146-4a11-9184-f21a800d8c52,23180
24371,ebe78b8e-2bf0-493a-9a54-ff23e708c52b,23191
24586,4364d55b-99d6-4b5b-a9d7-f1dd97f4cd4c,23214
24409,35590e24-6450-4bcd-ab10-e38d62277bec,23218
24418,3d04afc5-cfff-4714-ac72-f99889b1035c,23241
24267,3f2039d9-b591-4fec-99ca-801e807d3c03,23271
24864,3709e0bf-b2f6-4ed1-8716-fbd3f4ac0d2c,23285
23957,4d6c078a-b041-401b-82ba-4cd06f85d029,23288
25848,3927b422-e327-48c6-a623-22c328595233,23291
24604,645c8dc0-18bc-4245-9303-6b20940837d3,23296
25064,a4b58e22-93e0-418d-8c2f-ee571d4bf23a,23316
23992,df74adb3-7837-41d7-bebf-e98d36012b0c,23329
24975,a24b279f-dd17-4839-b7af-b4eab4e0268f,23357
25869,7b45aaf2-a186-4ca5-a5ae-cbe41556f94f,23363
24684,b7cffb20-684b-4c62-8c70-4f4e314cc716,23376
24892,353b8a1f-6014-41e4-8b64-352258d49469,23377
23907,64d1de39-0034-40b8-b4fa-e23b50749a27,23381
24074,8428ead4-29e9-4a64-9128-e0f58c165c08,23407
24698,5e208823-daf1-4c24-9eef-8c416bb8b241,23413
23852,e965213c-49e9-4f55-9aef-16cf4736243e,23419
25131,35b56b71-4095-45ec-a0ab-240fdec702ab,23423
24470,af0193ef-e5de-4922-a1c6-51b1b82ced0d,23445
24588,1e45cc85-b3bd-48ad-8436-7beb2c507c74,23452
25249,308d7858-05c1-41dc-8ec4-ccd49b7e03dd,23469
25292,317196c2-6588-451d-9b0a-3678dd1fa08b,23487
24019,df268090-f9d7-47b0-b8d1-0ac5b00dc383,23518
24807,f0dd0abb-8f99-4fa7-a97c-75dcf5c2f3e4,23549
25157,b642d3b4-1f30-4f3f-8e5b-936cc9def585,23554
24394,16b5b696-647a-472c-91c7-7023dd677e1d,23580
23680,1c73ea1a-46a5-4b93-853b-86061519adeb,23627
24626,1d9ee6d9-3ff6-4097-91e7-3bb10ec6c423,23632
24425,f971d052-775d-441e-8a1d-4123c22e8cc1,23633
24961,b73f0afb-cc75-4fd1-a163-9a2edd1614b3,23658
24018,4b3efa15-7d48-4431-bcc3-25ddbbb7ad04,23665
24011,f361464b-873d-4eb1-9f42-66f54dbcbb3c,23673
25160,c521d451-ab9b-4560-b59f-97e45a67b842,23712
23956,c6614569-e046-4b20-86b8-cb7430bfb61c,23714
24349,889bc9bf-233e-42bc-8468-8d06f6386be8,23735
25035,f04128ca-f33d-4c1b-94fb-14bb23a3c8c2,23737
24152,a06a606d-082a-4ff6-b370-b6bcdbdfb35d,23739
23099,ae9e343b-54f8-418d-9ec9-bae0b3396918,23769
23193,b163a22e-1207-4730-aae3-ce1cee7fb75f,23805
23419,ce87fb61-4591-4e61-861d-51aaa0da65a4,23852
24156,c9e9aa7c-2d99-4374-9ee3-74e6067b7c0f,23855
24787,18cfbddf-3826-4ef7-b367-a04e67cc325d,23981
25708,a290f159-4619-4208-82ed-085eac36ddd5,23985
24380,6ea235b1-b1d0-4fb8-992a-42eb337bcac0,23992
23329,a91c926b-a618-4892-a486-a110925c993b,23992
25107,1fe75e5e-4a72-4c92-b0c6-c84d5050877c,23993
24435,3b0f103c-0a17-47a6-aa99-a023c510c1b3,23995
25390,5de5c11d-ecfe-4aa7-97f8-568f23da0319,24024
23480,9f50b534-16fc-4502-b9f3-7ee258d3fe1c,24043
24193,21c3189a-7ea5-45d1-be7b-6cb1de96eb1f,24132
24069,2a3cdd24-26c5-481d-85f6-b367634769c5,24180
24132,d38db898-243b-477b-9615-61f6898b5243,24193
25312,54343ed0-11a3-42c3-83cc-71e2478bae5c,24285
25772,b297d11a-444f-4b6c-9783-7fc2d24645be,24325
25275,0a755ced-7e64-425a-b868-662cb5dd0780,24327
24804,7b1025bf-6d14-42b2-af32-87351cafed0b,24338
24542,f10edddd-52cd-4582-93df-cae58ad2cb4d,24365
23363,a9b9a97b-066c-4f41-a674-524c42e5c8fc,24397
25462,dc82fb86-7c03-4512-89e9-0bb2867ce554,24518
24145,d3f903cf-abbe-4282-959f-941569f55dbf,24551
23389,4d300555-79dc-4b55-84df-fa4cfdcdd2ca,24584
23075,71760824-7560-4f3a-83db-ba5a00c2ce89,24749
23981,6277773f-45f8-48e3-8ccd-8444263a6c9e,24787
24492,4e5aec85-016a-4c68-9d4d-259dd0333dcf,24810
25535,4108d3ff-4cbf-40df-9bf9-0de9ffeab9ae,24874
25532,3e632c3a-3c81-44b3-89c1-0c5d0da82806,24875
24064,902243cf-9780-4d04-8fcc-40478e569ebd,24898
24825,d7f0b9c2-2160-49b5-960e-f22b3654709d,25043
23458,7bc206a8-d124-41f1-b0ad-120d053d548a,25089
23569,9ab3f2f7-2ce4-4391-a910-b52ec71d56ca,25090
25053,928525e5-a798-4ad6-8701-e3f1de7c2332,25145
23712,2a3759cd-6589-49dc-914a-b109c25772b3,25160
24273,4e6b79bc-d87b-4288-a639-143a02dee20a,25246
24669,664be104-4263-44d6-8dbd-4f782f044e88,25258
23974,37b58897-1c03-46f9-9ef9-246e09b8cef2,25286
24130,136d86e1-330a-405e-91a9-ea7305ed7851,25293
24898,5b8c1e3c-2d93-44ad-80e1-c955c91935d9,25302
24285,72222fa4-531e-42ae-b258-d0e1c84f9c21,25312
23364,b2b96b56-fbbe-4f0c-9e6d-7324c9df69df,25322
23097,be7dbb5d-c151-4253-9e9e-2b3a48f7c962,25348
24374,4088b982-a9d1-4ea0-801c-54c64e9639e2,25349
24399,8444dccc-0a5e-4422-94f5-ece4f920a53e,25381
24086,dbfaa35d-504e-4d21-9fbe-95b57dde5b13,25388
38695,6abc65ed-9f88-424d-a7e1-39650334ca14,25392
24289,6415df82-3208-4b32-81c5-e3324dd0ed04,25406
24569,caa7ccc9-fa87-4a2c-be0c-f9c39949ad19,25425
25004,4e6befb0-c8f1-4fc3-bdda-155e0aecf1d3,25433
24927,704cc0a9-2c65-4872-89c6-b992e42ad33a,25441
23910,806a9714-8c3e-4396-a356-9cea0ff9c8fe,25486
24073,8517f0dc-9505-4f1a-a190-1d563b1490ae,25493
23098,6ee16680-2bdf-40b2-9d5a-b0751ea56aa9,25514
25090,af8e380f-9754-40ef-8f8a-ba6eb0c03aa5,25533
25456,003832cd-591f-41ee-b42b-a982e61e8d29,25567
25185,75450f9d-4522-4498-bb62-e0e2b83d75dc,25582
24537,8df533e2-1ca5-4f8d-88ab-5dfd96782dd0,25583
23893,a473981c-5b0d-4424-8c37-246b076b5cec,25608
24839,12b13176-0d70-4fea-8ac9-d142db866871,25616
24976,36efda92-18c3-45b3-9a3b-68e9f87b2d16,25618
24022,60b584d8-3c42-40fe-aac9-36744fbb675b,25625
24024,4b2eb749-1405-48b3-b7f3-2fcc56239838,25631
24674,242c7a60-e508-487b-83d6-fa482110cbc6,25670
24738,8dd77db0-bd4c-4b7a-adae-6cf572a35732,25686
23242,6cae7248-fee1-421a-baba-4a0bfd2526f6,25706
24125,376a5562-4174-4067-8d82-4826bb643115,25728
23912,09066f8e-a1b4-42da-95b2-82ccfe3835db,25733
23966,e28ac5a0-dda3-4b7b-a096-9506272846fa,25737
24325,e761730f-60cf-4059-883b-b45b1553551d,25772
25278,0efc2e69-eb99-42ae-b1bc-87673778999a,25784
23873,81e1abae-278f-4c5c-9290-a26d4f9f02ec,25824
24436,d15738f3-4787-41d1-8449-7712fcbf7557,25826
24958,d732c550-0f91-4be6-942d-841fef6d0b32,25836
24782,2a0f688b-17a0-4ab5-a370-c30d0bc085e0,25841
24274,269574ec-063b-46b8-b8a9-74b48274ff06,25848
24266,02b5abfe-cb81-43a9-be1b-c1e12f0d6a00,25849
24308,b804bdf0-1b09-4cf2-86e7-77a718053ed4,25855
24754,4e2784fd-fd9d-4f8a-94c8-bac3bdba1d09,25877
25631,cf22a524-23db-40ce-b3ef-39d183551667,25879
25065,138b4504-2a49-4080-9290-0e1d797fee81,25882
24321,1f6533e3-5f0c-4c57-b5e3-71cd90f07497,25883
26321,210c3e8b-eef1-4af1-b65c-9892b5a3270f,26288
23844,893fc9a2-183f-44c3-8a85-7a6dc107ebcb,27252
27587,817d5921-8d19-45dc-80a4-6c257e95e758,27588
27046,fcb532da-9130-4f94-b1f8-8289013a91dd,27670
30983,9946dfa8-f9db-4fdc-883d-94a773ead65d,30984
39865,ba915572-738c-479a-a475-72d94e5081a3,31100
30657,7f7a863a-97c3-4545-9081-c5021837cfee,31139
30656,f3992d70-6ed6-48b2-8499-92af62415a66,31145
41870,d16f31ca-1c17-4c1a-9b98-334f5358e8d8,31439
40775,a1870bc5-a5d9-446e-8b6c-5da91e2f710b,37368
23795,1e227faa-a7e2-4226-bf1a-9802d38947c3,38509
25411,f6cf186d-bc9a-4c2e-9111-76623e8a5fb0,39925
40532,dc8770d0-b0c1-44c4-9418-8e2696e1bc97,40535
40653,6de52a63-8f62-4178-b88b-e88f1a43843a,40656
39879,f3cff267-70ac-4edb-a6b3-1acd0f7cea08,40753
38431,8963bdc4-f19a-482e-a019-9b6f2274c283,40769
38765,9c7fc449-6ab5-4882-b5bc-2801764c17df,41191
39873,5f672527-d6b3-4e40-9cf5-c5a3cbe802da,41777
41831,7fad60b0-3673-48a6-b4e1-3d6f9db65a3a,41832
23206,c70cf9f9-a298-49b3-804b-a4e96939b64c,41904
42045,e7841cd3-33c4-42b9-94f6-ef6c17074e38,42047
23799,2ba3df00-a217-4762-83d1-693905bbabbd,42166
27184,50409aa3-819c-4309-868f-4ecf7fe484d6,42279
27422,232b7f6f-0a09-475f-8444-4261c2c8581e,42940
39871,e1dfd135-d02c-46f9-a1c8-2bda7da156f3,44013
40695,25a3eb75-c05c-4f6a-a1f4-b1f9821bcae5,44251
25456,003832cd-591f-41ee-b42b-a982e61e8d29,23128
24961,b73f0afb-cc75-4fd1-a163-9a2edd1614b3,23286
25131,35b56b71-4095-45ec-a0ab-240fdec702ab,23339
23974,37b58897-1c03-46f9-9ef9-246e09b8cef2,23367
24839,12b13176-0d70-4fea-8ac9-d142db866871,23501
24418,3d04afc5-cfff-4714-ac72-f99889b1035c,23611
23142,2b24bf29-4bd0-46fa-8f69-ddbb7262ae34,25716
24425,f971d052-775d-441e-8a1d-4123c22e8cc1,25766
30656,f3992d70-6ed6-48b2-8499-92af62415a66,31146
24425,f971d052-775d-441e-8a1d-4123c22e8cc1,25613
