id,family id,parent id,1st last name,2nd last name,first name,middle name,Formalized name,full name,birth_place,occupation,Birth_year,death_year,partner first name,parner 1st last name,partner 2nd last name,partner id,statement,Column1
AD0001,11,,Adorno,,Lorenzo,,Lorenzo  Adorno ,Lorenzo Adorno,,merchants,0,0,,,,,estante in castile,
AD0002,11,AD0009,Adorno,,Luco,Batista,Luco Batista Adorno ,Luca Battista Adorno,,merchants,0,1517,,,,,"Estante in Seville, owns house at Santa María at calle de Bayona",This is Luca Battista Adorno q. Niccolò
AD0003,11,,Adorno,,Bernaldo,,Bernaldo  Adorno ,Bernaldo Adorno,,merchants,0,0,,,,,"partner with Jerónimo Giustiniano y de Francisco Giustiniani, and Juan Baptista de Moneglia. they have a contract to take orchilla to Bruges",This is probably Bernardo Adorno q. Gabriele
AD0004,11,,Adorno,,Niculoso,,Niculoso  Adorno ,Niculoso Adorno,,merchants,0,0,,,,,Estante in castile,
AD0005,11,,Adorno,,Andrea,,Andrea  Adorno ,Andrea de Adorno,,merchants,0,0,,,,,Estante in castile,
AD0006,11,,Adorno,,Esteban,,Esteban  Adorno ,Esteban Adorno,,merchants,0,0,,,,,neighbour jerez,
AD0007,11,,Adorno,,Francisco,,Francisco  Adorno ,Francisco Adorno,,merchants,0,0,,,,,neighbour jerez,
AD0008,11,AD0009,Adorno,,Bartolome,,Bartolome  Adorno ,Bartolome Adorno,,merchants,0,0,,,,,estante seville,
AD0009,11,,Adorno,,,,  Adorno ,,,,0,0,,,,,father of luco y bartolome,
AD0010,11,,Adorno,,Domenego,,Domenego  Adorno ,Domenico Adorno,,merchants,0,1513,Peretina,Giustiniani,,AD0011,neighbour genoa,This is Domenico Adorno q. Gregorio q. Battista
AD0011,11,,Giustiniani,,Peretina,,Peretina  Giustiniani ,Peretina Giustiniani,,,0,0,Domenego,Adorno,,AD0010,neighbour genoa,This is Peretta Giustiniani q. Gabriele
AD0012,11,,Adorno,,Lucrecia,,Lucrecia  Adorno ,Luquesia Adorno,,,0,0,,,,,involve in a double marriage with nicoloso giustiniani,
AD0013,11,,Adorno,,Jacome,,Jacome  Adorno ,Jacome Adorno,,merchants,0,0,,,,,estante jerez,
AD0014,11,,Adorno,,Leonis,,Leonis  Adorno ,Leonis Adorno,,merchants,0,1525,Maria,Ayala,,SP26SP001869,neighbour jerez,
AD0015,11,,Adorno,,Agustin,,Agustin  Adorno ,Agustin Adorno,,public officers,0,0,,,,,"neighbour Jerez collacion Salvador, 24 de Jerez",
AI0001,29,,Aimario,,Bernaldo,,Bernaldo  Aimario ,Bernaldo Aimari,,merchants,0,0,,,,,Estante lends money to the siege of Baza,
AI0002,29,,Aimario,,Bernabé,,Bernabé  Aimario ,Bernabé Aimari,,merchants,0,0,,,,,Estante in castile,
AI0003,29,,Aimario,,Benito,,Benito  Aimario ,Benito Aimari,,merchants,0,0,,,,,Estante in castile,
AI0004,29,AI0005,Aimario,,Juan,Batista,Juan Batista Aimario ,Juan Batista Ymare,,merchants,0,0,,,,,Estante in castile,
AI0005,29,,Aimario,,Francisco,,Francisco  Aimario ,Francisco Ymare,,,0,1501,,,,,father of juan batista,
AN0001,95,AN0002,de Goano,,Francisco,,Francisco  de Goano ,Francisco de Guan,,merchants,0,0,,,,,neighbour genoa,
AN0002,95,,de Goano,,Guildardo,,Guildardo  de Goano ,Guildardo de Guan,,merchants,0,1508,,,,,father of francisco,
AN0003,95,,de Goano,,Peligro,,Peligro  de Goano ,Peligro di Guano,,merchants,0,0,,,,,estante seville,
AN0004,95,,de Goano,,Lope,,Lope  de Goano ,Lope de Guano,,merchants,0,0,,,,,estante Salvatierra,
AP0001,58,,de Ponte,,Lorenzo,,Lorenzo  de Ponte ,Lorenzo de Aponte,,merchants,0,0,,,,,Estante in Cadiz,
AP0002,58,,de Ponte,,Cristóbal,,Cristóbal  de Ponte ,Cristóbal de Aponte,,merchants,0,0,,,,,neighbour seville,
AP0003,58,,de Ponte,,Rafael,,Rafael  de Ponte ,Rafael Aponte,,merchants,0,0,,,,,Estante in castile,
AR0001,60,,de Alba,,Lázaro,,Lázaro  de Alba ,Lázaro de Arba,,merchants,0,0,,,,,"estante in seville, consul de la lonja in 1509",
AR0002,60,,de Alba,,Francisco,,Francisco  de Alba ,Francisco Larca,,merchants,0,1521,,,,,Estante in castile,
AR0003,60,,de Alba,,antonio,,antonio  de Alba ,Antonio Arba,,merchants,0,1508,,,,,"brother of lazaro, dead in niza",
AZ0001,,,de Marini,,Donatyno,,Donatyno  de Marini ,Donatyno de Marini,,merchants,0,0,,,,,estante in Cordoba,
AZ0002,,,Gorricio,,Melchor,,Melchor  Gorricio ,Melchor Gorricio,,merchants,0,0,,,,,"brother of Antonio, named lobardo and his brother genoese",
AZ0003,,,Gorricio,,Francisco,,Francisco  Gorricio ,Francisco Gorricio,,merchants,0,0,,,,,"brother of Francisco, named lobardo and his brother genoese",
AZ0004,,,Rufaldi,,Jerónimo,,Jerónimo  Rufaldi ,Jerónimo Rufaldi,11IT,merchants,0,0,,,,,merchant  named florentine some times,
AZ0005,,,Bochino,,Niculao,,Niculao  Bochino ,Niculao Bocchino,,merchants,0,0,,,,,"estante in Cadiz, venetian part of bartolomeo sopranis circuit with that city",
AZ0006,,,Estella,,Bartolomé,,Bartolomé  Estella ,Bartolomé Estela,08IT,merchants,0,0,,,,,partner with Jacome de Grimaldo,
AZ0007,,,Sanguinetti,,Rafael,,Rafael  Sanguinetti ,Rafael Sanguineti,,merchants,0,0,,,,,"Estante, factor of Esteban centurione",
AZ0008,,,Carminati,,Juan,Jacome,Juan Jacome Carminati ,Juan Jacome de Carminati,,merchants,0,0,,,,,lombard trades in tenerife,
AZ0009,,,Milan,,Bartolomé,,Bartolomé  Milan ,Bartolomé de Milan,,merchants,0,0,,,,,lombard trades in tenerife,
AZ0010,,,Pavona,,Diego,,Diego  Pavona ,Diego de Pavona,,agents,0,0,,,,,procurador of marco castiglione,
AZ0011,,,Estella,,Lorenzo,,Lorenzo  Estella ,Lorenzo Estella,,merchants,0,0,,,,,"said to be Genoese, partner with baquina and de Clavica",
AZ0012,,,Caranella,,Diego,,Diego  Caranella ,Diego Caranella,,merchants,0,0,,,,,neighbour of seville,
AZ0013,,,Herber,,Petrochino,,Petrochino  Herber ,Petrochino de Herber,09IT,merchants,0,0,,,,,partner with Jeronimo de Grimaldo,
AZ0014,,,Gilardin,,Juan,Alberto,Juan Alberto Gilardin ,Juan Alberto Gilardin,,merchants,0,0,,,,,trades in sugar,
AZ0015,,,Bonesene,,Jerónimo,,Jerónimo  Bonesene ,Jerónimo Bonesene,11IT,merchants,0,0,,,,,,
AZ0016,,,Colom,,Tomas,,Tomas  Colom ,Tomas Colom,,merchants,0,0,,,,,,
AZ0017,,,Tafur,,Alonso,,Alonso  Tafur ,Alonso Tafur,,captains,0,0,,,,,"probably from Ancona, captaineighbour the navio de Luis Fernandez",
AZ0018,,,Rosa,,Antonelo,,Antonelo  Rosa ,Antonelo de la Rosa,,merchants,0,0,,,,,estante in Palermo,
AZ0019,,,Corella,,Melchor,,Melchor  Corella ,Melchor Corella,13IT,merchants,0,0,,,,,estante in seville,
AZ0020,,,Fransesquin,,Cristobal,,Cristobal  Fransesquin ,Cristobal Fransesquin,13IT,merchants,0,0,,,,,estante in cadiz,
AZ0021,,,Estella,,Silvestre,,Silvestre  Estella ,Silvestre estrella,,merchants,0,0,,,,,estante seville,
AZ0022,,,Rosa,,Francisco,,Francisco  Rosa ,Francisco Roza,,merchants,0,0,,,,,sicilian,
AZ0023,,,Martinego,Villachiara,Bartolomeo,,Bartolomeo  Martinego Villachiara,Bartolomeo Martinengo di Villachiara,08IT,public officers,0,0,,,,,"gobernor, Bartolomeo III Martinengo di Villagana (Brescia, 1487 – 1558) ",
AZ0024,,,Fantoni,,Jacomo,,Jacomo  Fantoni ,Jacomo Fantoni,,merchants,0,0,,,,,estante medina del campo,
AZ0025,,,Bonese,,Sebastian,,Sebastian  Bonese ,Sebastian Bonese,11IT,merchants,0,0,,,,,estante seville,
AZ0026,,,Abrujats,,Pablo,,Pablo  Abrujats ,PAblo abrujas,11IT,merchants,0,0,,,,,estante seville,
AZ0027,,,Casanova,,Pelegro,,Pelegro  Casanova ,Pelegro Casanova,,merchants,0,0,,,,,Estante Castile,
AZ0028,,,Remodin,,Marcos,,Marcos  Remodin ,Marcos de Remodin,,merchants,0,0,,,,,"Micer, from bologna",
AZ0029,,,Veneri,,Pellegrino,,Pellegrino  Veneri ,Pellegrino Venery,10IT,merchants,0,0,,,,,venetian trader of pepper,
AZ0030,,,Basso,,Antonio,,Antonio  Basso ,Antonio Basso,,merchants,0,0,,,,,"estante in seville, book merchant",
AZ0031,,,Affaittati,,Juan,Francisco,Juan Francisco Affaittati ,Juan Francisco Affaittati,,merchants,0,0,,,,,estante Lisbon,
AZ0032,,,Belogio,,Nicolas,,Nicolas  Belogio ,Nicolas Belogi,,merchants,0,0,,,,,"may be belogi or bellagio, estante ineighbour Toledo",
AZ0033,,,Segnorini,,Francisco,,Francisco  Segnorini ,Francisco Segnorini,11IT,merchants,0,0,,,,,estante in Valencia partner with vidania and burgarini,
AZ0034,,,Burgarini,,Batista,,Batista  Burgarini ,Batista Burgarini,,merchants,0,0,,,,,estante in Valencia partner with vidania and burgarini,
AZ0035,,,Vidania,,Perot,,Perot  Vidania ,Perot Vidania,,merchants,0,0,,,,,estante in Valencia partner with Segnorini and burgarini,
AZ0036,,,Guiso,,Nicolas,,Nicolas  Guiso ,Nicolas Guiso,,merchants,0,0,,,,,estante Seville partner with sauli in leon,
AZ0037,,,Basso,,Alfonso,,Alfonso  Basso ,Alfonso Basso,,merchants,0,0,,,,,neighbour seville collacionsan isidro,
AZ0038,,,Affaittati,,Pablo,,Pablo  Affaittati ,Pablo Affaittati,,merchants,0,0,,,,,"estante in Seville, partner with bonese",
AZ0039,,,Melgosa,,Antonio,,Antonio  Melgosa ,Antonio Melgosa,,merchants,0,0,,,,,estante medina del campo,
AZ0040,,,Melgosa,,Andres,,Andres  Melgosa ,Andres Melgosa,,merchants,0,0,,,,,estante medina del campo,
AZ0041,,,Cornelli,,Batista,,Batista  Cornelli ,Batista Cornelli,,merchants,0,0,,,,,"estante in Villalon lombard,partner with Bassignana",
AZ0042,,,Cornelli,,Nicolao,,Nicolao  Cornelli ,Nicolao Cornelli,,merchants,0,0,,,,,"estante in Villalon lombard,partner with Bassignana",
AZ0043,,,Cornelli,,Silvestre,,Silvestre  Cornelli ,Silvestre Cornelli,,merchants,0,0,,,,,"estante in Villalon lombard,partner with Bassignana",
AZ0044,,,Novara,,Urban,,Urban  Novara ,Urban de Novara,,merchants,0,0,,,,,neighbour Valencia lombard,
AZ0045,,,Pozzobonelli,,Francisco,,Francisco  Pozzobonelli ,Francisco Pozzobonelli,,merchants,0,0,,,,,neighbour Valencia lombard,
AZ0046,,,Panigarola,,Paolo,,Paolo  Panigarola ,Paolo Panigarola,,merchants,0,0,,,,,neighbour Valencia lombard,
AZ0047,,,Cappa,,Francesco,,Francesco  Cappa ,Francesco della Cappa,,merchants,0,0,,,,,neighbour Seville,
AZ0048,,,Cortesi,,Antonio,,Antonio  Cortesi ,Antonio Cortesi,,merchants,0,0,,,,,neighbour Valencia,
AZ0049,,,Bonaparte,,Matteo,,Matteo  Bonaparte ,Matteo di Bonaparte,,merchants,0,0,,,,,neighbour Valencia,
AZ0050,,,Laudi,,Paolo,,Paolo  Laudi ,Paolo Laudi,,merchants,0,0,,,,,neighbour Valencia,
AZ0051,,,Colapizulo,Aquila,Martino,,Martino  Colapizulo Aquila,Martino de Colapizulo dellAquila,,merchants,0,0,,,,,Estante in castile,
AZ0052,,,Nicolini,,Donato,,Donato  Nicolini ,Donato Nicolini,,merchants,0,0,,,,,"estante Seville, seems venetian",
AZ0053,,,Bonaparte,,Battista,,Battista  Bonaparte ,Battista Bonaparte,,merchants,0,0,,,,,"estante Valencia, seems brother o matteo",
AZ0054,,,Cirlo,,Battista,,Battista  Cirlo ,Battista Cirlo,,merchants,0,0,,,,,estante Valencia,
AZ0055,,,Milan,,Francesco,,Francesco  Milan ,Francesco de Milan,,merchants,0,0,,,,,estante Valencia,
AZ0056,,,Agnello,,Giovanni,,Giovanni  Agnello ,Giovanni dellagnello,,merchants,0,0,,,,,estante Valencia,
AZ0057,,,Caboto,,Nicola,,Nicola  Caboto ,Nicola Caboto,,merchants,0,0,,,,,may be related to Sebastiano,
AZ0058,,,Becarini,,Nicola,,Nicola  Becarini ,Nicola Becarini,,merchants,0,0,,,,,"Sienes, estante Valencia",
AZ0059,,,Lanis,,Alonso,,Alonso  Lanis ,Alonso de Lanis,,merchants,0,0,,,,,estante Seville,
AZ0060,,,Lanis,,Juan,,Juan  Lanis ,Juan de Lanis,,merchants,0,0,,,,,estante Valencia,
AZ0061,,,Bonese,,Giuliano,,Giuliano  Bonese ,Giuliano Bonese,,merchants,0,0,,,,,estante Valencia,
AZ0062,,,Ancona,,Antonio,Jacobo,Antonio Jacobo Ancona ,Antonio Jacobo de Ancona,,merchants,0,0,,,,,"estante Valencia, proctor of Cesare bardi",
AZ0063,,,Renoldi,,Jacobo,,Jacobo  Renoldi ,Jacobo Renoldi,,merchants,0,0,,,,,"estante Valencia, proctor of Cesare bardi",
AZ0064,,,Simonoli,,Francisco,,Francisco  Simonoli ,Francisco Simonoli,18IT,merchants,0,0,,,,,pisan trading slaves in Genoa and Pisa,
AZ0065,,,Trisban,,Andrea,,Andrea  Trisban ,Andrea Trisban,,merchants,0,0,,,,,merchant trade in slaves in valencia,
AZ0066,,,Passa,Manello,Adrian,,Adrian  Passa Manello,Adrian Passa Manello,,merchants,0,0,,,,,"Lombard, merchant trade in slaves in valencia",
AZ0067,,,Caboto,,Lorenzo,,Lorenzo  Caboto ,Lorenzo Caboto,,merchants,0,0,,,,,estante Valencia,
AZ0068,,,Cani,,Jeronimo,,Jeronimo  Cani ,Jeronimo Cani,,merchants,0,0,,,,,"estante valencia, probably venetian",
AZ0069,,,Pelegrino,,Tomas,Mateo,Tomas Mateo Pelegrino ,Tomas de Mateo Pelegrino,,maritime pilots,0,0,,,,,"neighbour Messina, maestre of nao Santa Maria.",
AZ0070,,,Costa,,Jeronimo,,Jeronimo  Costa ,Jeronimo Costa,,maritime pilots,0,0,,,,,"neighbour Messina, maestre of nao Santa Maria de la Gracia.",
AZ0071,,,Barlete,,Niculao,,Niculao  Barlete ,Niculao de Barlete,,merchants,0,0,,,,,"estante Seville, from Naples",
BA0001,37,BA0002,Baro,,Jerónimo,,Jerónimo  Baro ,Jerónimo Baro,,apothecaries,0,0,,,,,"Genoes boticario estante en Sevilla, vecino in 1508, in collacion de Santa Maria, also appears as Baron in 1508",
BA0002,37,,Baro,,Guillermo,,Guillermo  Baro ,Guillermo Baro,,apothecaries,0,0,,,,,"Genoes boticario estante en Sevilla, vecino in 1479",
BA0003,37,,Baro,,Bernabé,,Bernabé  Baro ,Bernabé de Naro,,merchants,0,0,,,,,genoese neighbout in seville with a store and pharmacy working on inks,
BA0004,37,,Baro,,Cristobal,,Cristobal  Baro ,Cristobal de Baro,,agents,0,0,,,,,factor of the Casa de la Especieria de A Coruna,
BAL001,87,,Balbi,,Cristóbal,,Cristóbal  Balbi ,Cristoforus Balbus,,merchants,0,0,,,,,Neighbour Puerto de Santa Maria,
Bç0001,97,,Barca,,Francisco,,Francisco  Barca ,Francisco de Barça,,merchants,0,0,,,,,neighbour Genoa partner with the cattaneo,
Bç0002,97,,Barca,,Jacomo,,Jacomo  Barca ,Jacomo de Barça,,merchants,0,0,,,,,neighbour Genoa partner with the cattaneo,
BD0001,98,,Bordone,,Polo,,Polo  Bordone ,Polo Bordon,,merchants,0,0,,,,,neighbour vale de la chiva y de aroca supposed to be under genoese control,
BD0002,98,BD0001,Bordone,,Anton,,Anton  Bordone ,Anton Bordon,,merchants,0,0,,,,,neighbour vale de la chiva y de aroca supposed to be under genoese control,
BG0001,99,,Boccanegra,,Luis,,Luis  Boccanegra ,Luis de Bocanegra,,public officers,0,0,,,,,"neighbour Baza, alcaide de la encomienda de socovos en murcia",
BG0002,99,,Boccanegra,,Juan,,Juan  Boccanegra ,Juan Bocanegra,,merchants,0,0,,,,,estante Seville,
BL0001,34,,Orlo,,Carlo,,Carlo  Orlo ,Carlo Borlo,,merchants,0,0,,,,,"Estante, lends money for the seige of Baza",
BN0001,96,BN0003,Bondenario,,Bartolomé,,Bartolomé  Bondenario ,Bartolomé Bondinar,,merchants,0,0,,,,,"estantestante Gran Canaria, brother of leonardo",
BN0002,96,BN0003,Bondenario,,Leonardo,,Leonardo  Bondenario ,Leonardo Bondinar,,merchants,0,0,,,,,"estantestante Gran Canaria, brother of bartolome",
BN0003,96,,Bondenario,,Jacomo,,Jacomo  Bondenario ,Jacomo Bondinar,,merchants,0,1506,,,,,father of bartolome and Leonardo,
BO0001,23,,de Bonvicino,,Esteban,,Esteban  de Bonvicino ,Esteban Bonvicino,,merchants,0,1508,,,,,Estante in castile,
BO0002,23,,de Bonvicino,,Antonio,,Antonio  de Bonvicino ,Antonio Bonvicino,14IT,merchants,0,0,,,,,neighbour Savona,
BO0003,23,,de Bonvicino,,Madaleta,,Madaleta  de Bonvicino ,Madaleta Bonvicino,14IT,,0,0,,,,,"neighbour,  mother of antonio and esteban bonvicino",
BR0001,8,,Brine,,Silvestre,,Silvestre  Brine ,Silvestre de Brine,,merchants,0,0,,,,,"partner with Cosme de Rivarolo, his son travelled with Gaspar Cassana",
BR0002,8,,Brine,,Ginés,,Ginés  Brine ,Ginés de Brine,,merchants,0,0,,,,,Estante,
BR0003,8,,Brine,,Diego,,Diego  Brine ,Diego de Brine,,merchants,0,0,,,,,merchant with the nort of africa,
BR0004,8,,Brine,,Esteban,,Esteban  Brine ,Esteban Brine,,servants,0,0,,,,,Estante in castile,
BR0005,8,,Brine,,FErnando,,FErnando  Brine ,Fernando de Briones,,merchants,0,0,,,,,estante Santo Domingo,
BR0006,8,,Brine,,Batista,,Batista  Brine ,Batista de Brine,,merchants,0,0,,,,,"estante Seville, partner with Leardo",
BS0001,72,,de Bassignana,,Leonardo,,Leonardo  de Bassignana ,Leonardo de Bassignana,,merchants,0,0,,,,,estante in medina del campo,
BS0002,72,,de Bassignana,,Pero,Benito,Pero Benito de Bassignana ,Pero Benito de Bassignana,,merchants,0,0,,,,,estante in medina del campo,
BS0003,72,,de Bassignana,,Esteban,,Esteban  de Bassignana ,Estaban de Bassignana,,merchants,0,0,,,,,,
BS0004,72,,de Bassignana,,Pero,Benito,Pero Benito de Bassignana ,Pero Benito Bassignana,,merchants,0,0,,,,,estante Seville,
CA0001,1,CA0002,Cassana,,Andrea,,Andrea  Cassana ,Andrea de Cassana,,merchants,0,0,,,,,"Merchant in the late fifteen century and early sixteen. He was awarded by King D. Giovanni II in 18 March 1490, the monopoly of commer of Guado from the Tercian Island in the Azores. He was a Estante in Seville. He is also Linked to Francesco de Rivarolo in the Canary Islands. Other known partners are Oberto di Negro and Jacome Rivarolo.",
CA0002,1,CA0100,Cassana,,Bartolomé,,Bartolomé  Cassana ,Bartolomé de Cassana,,merchants,0,1510,Virgidina,Cassana,,CA0003,Merchant in the late fifteen century known to sell leather in Genova,
CA0003,1,,Cassana,,Virgidina,,Virgidina  Cassana ,Virgidina de Cassana,,,0,0,,,,,"Wife of Bartolomé de Cassana, mother of Frnacisco and Luca Cassana",
CA0004,1,CA0100,Cassana,,Cristóbal,,Cristóbal  Cassana ,Cristóbal de Cassana,,merchants,0,0,,,,,Merchant in the late fifteen century known to sell leather in Genova,
CA0005,1,CA0002,Cassana,,Francisco,,Francisco  Cassana ,Francisco Cassana,,merchants,0,0,,,,,"Merchant estante in Seville brother of Luca Cassana, There is no documental evidence that would suggest Francisco was resident in Seville, but there is a homonym at Jerez de la Frontera. In 1509 there is a Francisco de Cassana buying Velvet from Nicolau Grimaldo and Duardo Doria. soneighbour Bartolome Cassana",
CA0006,1,CA0002,Cassana,,Luca,,Luca  Cassana ,Luca de Cassana,,merchants,0,0,,,,,"received from D. Joao III a Coat of Armas and entered into the Portuguese nobility, he was a very wealthy resident of Agra, at the Island of Terceira in the Azores.",
CA0007,1,,Cassana,,Jacome,,Jacome  Cassana ,Jacome de Cassana,,merchants,0,0,,,,,"Estante, may be the same jacome",
CA0008,1,CA0099,Cassana,,Luco,,Luco  Cassana ,Luco Cassana,,merchants,0,0,,,,,"Brother of Juan Antón Cassana,",
CA0009,1,CA0099,Cassana,,Juan,Antón,Juan Antón Cassana ,Juan Antón Cassana,,merchants,0,0,,,,,"Brother of Luco Cassana, estante",
CA0010,1,,Cassana,,Julián,,Julián  Cassana ,Julián de Cassana,,merchants,0,0,,,,,"Merchant estante in Seville, merchant of tin",
CA0011,1,,Spinola,Cassana,Francisco,,Francisco  Spinola Cassana,Francisco de Spinola de Cassana,,merchants,0,0,,,,,Estante in castile,
CA0012,1,,Cassana,,Ambrosio,,Ambrosio  Cassana ,Ambrosio de Cassana,,merchants,0,0,,,,,"Estante, factor of Rivarolo in Cadiz",
CA0013,1,,Cassana,,Jacomo,,Jacomo  Cassana ,Jacomo de Cassana,,merchants,0,0,,,,,"Estante Factor of Rivarolo in the Canary, may be the same jacomo",
CA0014,1,,Cassana,,Maria,,Maria  Cassana ,Maria de Cassana,,,0,0,Domingo,Vieira,d'Azevedo,,,
CA0015,1,,Cassana,,Jeronimo,,Jeronimo  Cassana ,Jeronimo de Cassana,,merchants,0,0,,,,,,
CA0016,1,,Cassana,,Pedro,,Pedro  Cassana ,Pedro Cazalla,,conquistadors,0,0,,,,,part of the conquest of gran canary and albañil,
CA0017,1,,Cassana,,Juan,,Juan  Cassana ,Juan de Cazalla,,,0,0,,,,,neighbour of Santiago de los caballeros probably no longer self id as genoese,
CA0018,1,,Cassana,,Diego,,Diego  Cassana ,Diego de Cazalla,,,0,0,,,,,,
CA0019,1,,Cassana,,Fernando,,Fernando  Cassana ,Fernando de Cazalla,,agents,0,0,,,,,neighbour of seville,
CA0020,1,,Cassana,,Jorge,,Jorge  Cassana ,Jorge de Caçan,,merchants,0,0,,,,,estante Seville,
CA0021,1,,Cassana,,Gonzalo,,Gonzalo  Cassana ,Gonzalo de Cazalla,,,0,0,,,,,neighbour Santo Domingo,
CA0023,1,,Cassana,,Manolin,,Manolin  Cassana ,Manolin de Casyna,,merchants,0,0,,,,,estante Jerez,
CA0024,1,,Cassana,,Paulus,,Paulus  Cassana ,Paulus Cassana,,merchants,0,0,,,,,estante Cadiz,
CA0099,1,,Cassana,,nn,,nn  Cassana ,,,merchants,0,0,,,,,Father of Luco and Juan Anton,
CA0100,1,,Cassana,,Antonio,,Antonio  Cassana ,Antonio de Cassana,,merchants,0,0,,,,,"father of Bartolomé and Cristóbal, identification comes from Espelho Cristalino by Frei Diogo Das Chagas.",
CC0001,30,,Cicala,,Bartolome,,Bartolome  Cicala ,Bartolome de Cicala,,merchants,0,0,,,,,"Estante Seville, lends money to the siege of Baza",
CC0002,30,,Cicala,,Bernabé,,Bernabé  Cicala ,Bernabé Cicala,,merchants,0,0,,,,,"Estante Seville, lends money to the siege of Baza",
CC0003,30,,Cicala,,Felipo,,Felipo  Cicala ,Felipo Cicala,,merchants,0,1508,,,,,estante Granada,
CC0004,30,,Cicala,,Juan,,Juan  Cicala ,Juan Cicala,,merchants,0,0,,,,,neighbour Jerez,
CD0001,78,,Cardarina,,Velerio,,Velerio  Cardarina ,Valerio Carderina,,merchants,0,0,,,,,factor of Francisco Rivarolo 1511,
CE0001,5,,Centurione,,Flérigo,,Flérigo  Centurione ,Termo Centurione,,merchants,0,0,Francisca,Centurione,,,"also know as TermoFather to Martin, Melchor, Gaspar, Esteban",
CE0002,5,,Centurione,,Agna,,Agna  Centurione ,Ana Centurione,,,0,0,,,,,neighbour of Seville,
CE0003,5,,Centurione,,Marco,,Marco  Centurione ,Marco Centurione,,merchants,0,1511,,,,,Involve in the movement of money form Seville to Genova in service to Francesco di Negro and Clérigo di Negro,
CE0004,5,CE0003,Centurione,,Batista,,Batista  Centurione ,Batista Centurione,,merchants,0,0,,,,,"Soneighbour Marco Centuirione, neighbour of genova",
CE0005,5,CE0001,Centurione,,Martín,,Martín  Centurione ,Martín Centurione,,merchants,0,0,,,,,"Estante, brother of Esteban and Gaspar, soneighbour Termo Centurione",
CE0006,5,CE0001,Centurione,,Melchor,,Melchor  Centurione ,Melchor Centurione,,merchants,0,0,,,,,"Brother of Esteban Centurione, Gaspar Centurione, and Martín Centurione, soneighbour Termo Centurione,",
CE0007,5,,Centurione,,Pietro,,Pietro  Centurione ,Pietro Centurione,,merchants,0,0,,,,,Merchant estante in Seville partner with pedro imperiale,
CE0008,5,CE0001,Centurione,,Gaspar,,Gaspar  Centurione ,Gaspar Centurione,,merchants,0,0,,,,,"Brother of Esteban Centurione, and Martín Centurione, soneighbour Termo Centurione",
CE0009,5,,Centurione,,Pedro,,Pedro  Centurione ,Pedro Centurione,,merchants,0,0,,,,,"Estante Seville, partner with Perseval Cattaneo",
CE0010,5,CE0001,Centurione,,Esteban,,Esteban  Centurione ,Esteban Centurione,,merchants,0,0,,,,,"Merchant estante in Cadiz, 1511 estante in Seville, Brother of Martín Centurione and Gaspar Centurione, soneighbour Termo Centurione",
CE0011,5,,Centurione,,Ximón,,Ximón  Centurione ,Ximón Centurione,,merchants,0,0,,,,,"Estante Seville, partner with Julian Calvo",
CE0012,5,,Centurione,,Daniel,,Daniel  Centurione ,Daniel Centurione,,merchants,0,0,,,,,"Estante Seville, 1511 administrator of the castello aragonese in naples",
CE0013,5,,Centurione,,Lucián,,Lucián  Centurione ,Lucián Centurione,,merchants,0,0,,,,,partner and fideicomisario de Jacomo Cattaneo,
CE0014,5,,Centurione,,Benito,,Benito  Centurione ,Benito Centurione,,merchants,0,0,,,,,"Estante ineighbour Toledo, partner with Battista di Negro, Antoni Gentile, y Gaspar Centurione",
CE0015,5,,Centurione,,Baltasar,,Baltasar  Centurione ,Baltasar Centurione,,merchants,0,0,,,,,"Estante in Seville, sending merchandice to cape verde",
CE0016,5,CE0001,Centurione,,Flérigo,,Flérigo  Centurione ,Flérigo Centurione,,merchants,0,0,,,,,"Brother of Melchor, Esteban Centurione, Gaspar Centurione, and Martín Centurione, soneighbour Termo Centurione, estante in malaga",
CE0017,5,,Centurione,,Jacome,,Jacome  Centurione ,Jacome Centurione,,merchants,0,0,,,,,"estante in granada, part of silk trade",
CE0018,5,CE0001,Centurione,,Carlos,,Carlos  Centurione ,Carlos Centurione,,merchants,0,0,,,,,neighbour of granada,
CE0019,5,,Centurione,,Bartolome,,Bartolome  Centurione ,Bartolome Centurione,,merchants,0,0,,,,,,
CE0020,5,CE0021,Centurione,,Jeronima,,Jeronima  Centurione ,Jeronima Doria,,maritime pilots,0,0,Francisco,Doria,,DO0002,neighbour Genoa albaceas of her husband in Genoa,
CE0021,5,,Centurione,,Luis,,Luis  Centurione ,Luis Centurion,01IT,merchants,0,1508,,,,,"neighbour Genoa, father of Jeronima Doria",
CE0023,5,,Centurione,,Agustin,,Agustin  Centurione ,Agustin Centurione,,merchants,0,0,,,,,"neighbour Genoa, albaceas in Genoa of Francisco Doria",
CE0024,5,CE0025,Centurione,,Batista,,Batista  Centurione ,Batista Centurion,,merchants,0,0,,,,,estante seville soneighbour lucian centurion,
CE0025,5,,Centurione,,lucian,,lucian  Centurione ,lucian Centurion,,merchants,0,1508,,,,,father of batista centurion,
CE0026,5,CE0027,Centurione,,Esteban,,Esteban  Centurione ,Esteban Centurion,,merchants,0,0,,,,,"soneighbour julioan, e in the court of the emperor",
CE0027,5,,Centurione,,Julian,,Julian  Centurione ,Julian Centurion,,merchants,0,0,,,,,father of esteban,
CE0028,5,CE0010,Centurione,,Maria,,Maria  Centurione ,Maria Centurion,,,0,0,,,,,"neighbour seville, owner of over 5 ships in the carrera the indias and only heir of her dads Esteban Centurion",
CE0029,5,,Centurione,,Cristoforo,,Cristoforo  Centurione ,Cristoforo Centurione,,merchants,0,0,,,,,neighbour Valencia,
CE0030,5,,Centurione,,Cosimo,,Cosimo  Centurione ,Cosimo Centurione,,merchants,0,0,,,,,neighbour Seville,
CE0031,5,,Centurione,,Angelo,,Angelo  Centurione ,Angelo Centurione,,merchants,0,0,,,,,estante Seville,
CE0032,5,,Centurione,,Domenico,,Domenico  Centurione ,Domenico Centurione,,merchants,0,0,,,,,estante Valencia,
CG0001,41,,Castiglione,,Marco,,Marco  Castiglione ,Marco di Castiglione,,merchants,0,0,,,,,judge in a law suit between Francisco de Rivarolo and Miguel de Valencia,
CG0002,41,,Castiglione,,Jerónimo,,Jerónimo  Castiglione ,Jerónimo di Castiglione,,apothecaries,0,0,,,,,Genoes estante in Cadiz,
CG0003,41,,Castiglione,,Tomás,,Tomás  Castiglione ,Tomás di Castiglione,,merchants,0,0,Bernadetta,Boccanegra,,,"estante in Cataluña, neighbour of Toledo, 1510 factor of the Centurione circuit in America, brother to Jacome?",
CG0004,41,,Castiglione,,Jacome,,Jacome  Castiglione ,Jacome di Castiglione,,merchants,0,0,,,,,"neighbour of Toledo, 1510 factor of the Centurione circuit in America, brother to Tomas?, and alcaide of the Cumana Fotress",
CG0005,41,,Castiglione,,Galeoto,,Galeoto  Castiglione ,Galeoto di Castiglione,,merchants,0,0,,,,,,
CG0006,41,CG0003,Castiglione,,Bernaldo,,Bernaldo  Castiglione ,Bernaldo di Castiglione,,merchants,0,0,Mariettina,de Sopranis,Rivarolo,RV0019,partner to the rivarolo by marriage,
CG0007,41,CG0003,Castiglione,,Benito,,Benito  Castiglione ,Benito di Castiglione,,merchants,0,0,,,,,estante ineighbour Toledo,
CG0008,41,CG0001,Castiglione,,Marco,,Marco  Castiglione ,Marco de Castellon,,,0,0,,,,,,
CG0009,41,CG0001,Castiglione,,Juan,,Juan  Castiglione ,Juan de Castellon,,,0,0,,,,,,
CG0010,41,,Castiglione,,Mateo,,Mateo  Castiglione ,Mateo de Castellon,,merchants,0,0,,,,,neighbour of seville,
CG0011,41,,Castiglione,,Antonio,,Antonio  Castiglione ,Antonio Castellon,,apothecaries,0,0,,,,,"neighbour of seville c. santa maria, in 1525 neigbour of Jerez c san salvador",
CG0012,41,,Castiglione,,Valerio,,Valerio  Castiglione ,Valerio Calderino,,merchants,0,0,,,,,"seems to be 100 percent spanish, rents from his uncle marco castiglione, the almonadas of balck soap in c san salvador at a value of 140 mrs a year",
CG0013,41,,Castiglione,,Domenigo,,Domenigo  Castiglione ,Domenigo de Castellon,,merchants,0,0,,,,,estante Seville,
CG0014,41,CG0006,Castiglione,,Jacome,,Jacome  Castiglione ,Jacome Castiglione,,merchants,0,0,,,,,estante in indias soneighbour bernaldo,
CG0015,41,,Castiglione,,Bartolomé,,Bartolomé  Castiglione ,Bartolomé Castiglione,,merchants,0,0,,,,,"neighbour Genoa, partner with salvago and fornari",
CG0016,41,,Castiglione,,Francisco,,Francisco  Castiglione ,Francisco de Castellon,,merchants,0,0,,,,,neighbour seville partner with rivarolo,
CG0017,41,,Castiglione,,Quilico,,Quilico  Castiglione ,Quilico di Castiglione,,merchants,0,0,,,,,estante Seville,
CG0018,41,,Castiglione,,Andrea,,Andrea  Castiglione ,Andrea di Castiglione,,merchants,0,0,,,,,estante Valencia,
CH0001,10,,de Clavica,,Guiraldo,,Guiraldo  de Clavica ,Guiraldo de Chiavega,,merchants,0,0,,,,,"estante seville, may be partner with Julian de Cassana, merchant of tin. Appear in documents representing Andrea de Cassana and Jacome de Rivarolo in buisness regarding the hiring of wagons to trasport merchandice in Castille, also known as Guiraldo de Clavica.",
CH0002,10,,de Clavica,,Agustin,,Agustin  de Clavica ,Agustin de la Chavega,,merchants,0,0,,,,,Estante in castile,
CI0001,66,,Camilla,,Mosteo,,Mosteo  Camilla ,Mateo de Camilla,,merchants,0,0,,,,,"estante, the transcription identifies him as Motseo which is probably Mateo but the original has not been checked",
CI0002,66,,Camilla,,Domenigo,,Domenigo  Camilla ,Domenigo de Camilla,,merchants,0,0,,,,,"Nephew of Juan Francisco de Grimaldo, operate in Italy",
CI0003,66,,Camilla,,Cassano,,Cassano  Camilla ,Cassano de Camilla,,merchants,0,0,,,,,"Nephew of Juan Francisco de Grimaldo, operate in Italy",
CI0004,66,,Camilla,,Teodicio,,Teodicio  Camilla ,Teodicio de Camilla,,merchants,0,0,,,,,"Nephew of Juan Francisco de Grimaldo, operate in Italy",
CI0005,66,,Camilla,,Manfredo,,Manfredo  Camilla ,Manfredo de Camilla,,merchants,0,0,,,,,,
CI0006,66,,Camilla,,Agustín,,Agustín  Camilla ,Agustín de Camila,,merchants,0,0,,,,,Estante in castile,
CI0007,66,,Camilla,,Juan,,Juan  Camilla ,Juan Camila,,merchants,0,0,,,,,estante Granada,
CI0008,66,,Camilla,,Ambrosio,,Ambrosio  Camilla ,Ambrosio de Camila,,merchants,0,0,,,,,estante Cadiz,
CL0001,7,CL0098,Calvo,,Julián,,Julián  Calvo ,Julián Calvo,,merchants,0,0,Pelota,Pinelli,,PI0009,"Estante seville, partner with Ximon Centurion, brother in love of Francisco Pinello",
CL0002,7,,Calvo,,Otavián,,Otavián  Calvo ,Otavián Calvo,,merchants,0,0,,,,,"Estante seville, procurador of Francisco de Grimaldo, consul de la lonja 1511",
CL0003,7,CL0100,Calvo,,Cristóbal,,Cristóbal  Calvo ,Cristóbal Calvo,,merchants,0,0,,,,,estante in Valencia,
CL0004,7,CL0100,Calvo,,Juan,,Juan  Calvo ,Juan Calvo,,merchants,0,0,,,,,"estante in Cape Verde, in 1516 neighbour of cabeza de vaca and in charge of Valencia meat supply",
CL0005,7,CL0101,Calvo,,Juan,Anón,Juan Anón Calvo ,Juan Antón Calvo,,merchants,0,0,,,,,Estante in castile,
CL0006,7,,Calvo,,Carlo,,Carlo  Calvo ,Carlo Calvo,,merchants,0,0,,,,,Estante in castile,
CL0007,7,CL0099,de Porta,Calvo,Juan,,Juan  de Porta Calvo,Juan Porte Calvo,,merchants,0,0,,,,,,
CL0008,7,CL0099,Calvo,,Francisco,,Francisco  Calvo ,Francisco Calvo,,maritime pilots,0,0,,,,,"owner of 1/8 nao san critobal, part of the fleat of conquest of castilla del oro lead by pedrarias davila",
CL0009,7,,Calvo,,Domenego,,Domenego  Calvo ,Domenego Calvo,,merchants,0,0,,,,,Estante in castile,
CL0010,7,,Calvo,,Bartolome,,Bartolome  Calvo ,Bartolome Calvo,,merchants,0,0,,,,,estante Cadiz,
CL0011,7,CL0100,Calvo,,Tomas,,Tomas  Calvo ,Tomas Calvo,,merchants,0,0,,,,,estante Valencia,
CL0012,7,,Calvo,,Jorge,,Jorge  Calvo ,Jorge Calvo,,,1485,0,,,,,"former slave of julian calvo, moor",
CL0013,7,,Calvo,,Juan,Batista,Juan Batista Calvo ,Juan Batista Calvo,,merchants,0,0,,,,,estante Seville,
CL0098,7,,Calvo,,Gabriel,,Gabriel  Calvo ,Gabriel Calvo,,merchants,0,1513,,,,,father to julian,
CL0099,7,,Calvo,,nn,,nn  Calvo ,nn,,,0,0,,,,,father to francisco and juan porte,
CL0100,7,,Calvo,,nn,,nn  Calvo ,nn,,,0,0,,,,,father of cristobal and juan,
CM0001,20,,Cataramenlo,,Quirigo,,Quirigo  Cataramenlo ,Quirigo Cataramenlo,,merchants,0,0,,,,,Neighbour of Seville collación de San Miguel probably husband of Ana Centurione,
CN0001,74,,Castronovo,,Bernaldino,,Bernaldino  Castronovo ,Bernaldino de Castronovo,,merchants,0,0,,,,,withness in petiotion against the rivarolo,
CO0001,59,CO0006,Colombo,,Cristoforo,,Cristoforo  Colombo ,Cristoforo Colombo,01IT,public officers,1451,1506,Filipa,Moniz,Perestrelo,,"Almirante de la Mar Ocenao. Cristoforo Colombo è stato un navigatore ed esploratore italiano, cittadino della Repubblica di Genova prima e suddito del Regno di Castiglia poi, famoso soprattutto per i suoi viaggi che portarono alla colonizzazione europea delle Americhe",
CO0002,59,,Colombo,,Juan,Antonio,Juan Antonio Colombo ,Juan Antonio Colombo,,servants,0,0,,,,,criado de Cristobal Colon,
CO0003,59,CO0001,Colombo,,Diego,,Diego  Colombo ,Diego Colon,,public officers,1479,1526,Maria,Toledo,,CO0007,Almirante de la Mar Ocenao. soneighbour Cristobal considered portuguese and or spanish not gen,
CO0004,59,CO0001,Colon,,Hernando,,Hernando  Colon ,Hernando Colon,,merchants,0,0,,,,,estante Santo domingo,
CO0005,59,CO0006,Colombo,,Bartholomew,,Bartholomew  Colombo ,Bartolomé Colón,,public officers,1460,1514,,,,,"Adelantado. explorer and conquistador, younger brother of cristoforo, adelantado of the indies 1497",
CO0006,59,,Colombo,,Domenico,,Domenico  Colombo ,Domenico Colombo,,merchants,0,0,Susanna,Fontanarossa,,,father of Cristoforo and bartolomeu,
CO0007,59,,Toledo,,Maria,,Maria  Toledo ,Maria de Toledo,,public officers,1490,1549,Diego,Colombo,,CO0003,vicereine and regent of the spanish colony of santo domingo.,
CO0008,59,,Colombo,,Andrea,,Andrea  Colombo ,Andrea Colombo,,merchants,0,0,,,,,estante Seville,
CO0009,59,,Colombo,,Ambrosio,,Ambrosio  Colombo ,Ambrosio Colombo,,merchants,0,0,,,,,estante Gran Canaria,
CQ0001,100,,Coccarello,,Juan,Bautista,Juan Bautista Coccarello ,Juan Bautista Cuguerello,01IT,merchants,0,0,,,,,"Merchant, has in his house slaves from the land of the sultan",
CQ0002,100,,Coccarello,,Jeronimo,,Jeronimo  Coccarello ,Jeronimo Cuguerello,,merchants,0,0,,,,,"Merchant, trades slaves in Valencia",
CR0001,70,,Carrega,,Juan,,Juan  Carrega ,Juan Cárrega,,merchants,0,0,,,,,factor of Francisco de Rivarolo in Sanlúcar and Cadiz,
CR0002,70,,Carrega,,Esteban,,Esteban  Carrega ,Esteban Carrega,,merchants,0,0,,,,,"estante seville, slaver",
CT0001,17,CT0028,Cattaneo,,Marco,,Marco  Cattaneo ,Marco Cattaneo,,merchants,0,0,Blanca,Guzmán,,SP01SP001185,"neighbour seville, first wife Mayor ponce de leon, trades in Olive oil",
CT0002,17,,Cattaneo,,Perceval,,Perceval  Cattaneo ,Perceval Cattaneo,,merchants,0,0,,,,,"Estante seville, partner with Pedro Centurion",
CT0003,17,,Cattaneo,,Aselin,,Aselin  Cattaneo ,Selin Cattaneo,,merchants,0,0,,,,,"Estante seville, lends money for the siege of Baza",
CT0004,17,,Cattaneo,,Martin,,Martin  Cattaneo ,Martin Cattaneo,,merchants,0,0,,,,,estante in Madeira,
CT0005,17,CT0010,Cattaneo,,Francisco,,Francisco  Cattaneo ,Francisco Cattaneo,,merchants,0,0,,,,,Estante in castile,
CT0006,17,,Cattaneo,,Alexandre,,Alexandre  Cattaneo ,Alexandre Cattaneo,,merchants,0,0,,,,,Estante in castile,
CT0007,17,,Cattaneo,,Visconte,,Visconte  Cattaneo ,Visconte Cattaneo,,merchants,0,0,,,,,Estante in Cadiz,
CT0008,17,,Cattaneo,,Batista,,Batista  Cattaneo ,Batista Cattaneo,,merchants,0,0,,,,,"Estante in Seville, guarantor for Francisco de Rivarolo against Oberto di Negro, judge of the gradas in 1510",
CT0009,17,,Cattaneo,,Luco,,Luco  Cattaneo ,Luco Cattaneo,,agents,0,0,,,,,"implicated in the lose of shipments coming form the indies, beloging to juan sanchez and rivarolo",
CT0010,17,CT0100,Cattaneo,,Leonardo,,Leonardo  Cattaneo ,Leonardo Cattaneo,,merchants,0,0,,,,,"estante in Seville, parner with Cesaro Barzi",
CT0011,17,CT0012,Spinola,Cattaneo,Clara,,Clara  Spinola Cattaneo,Clara de Spinola Cattaneo,,,0,0,,,,,"buys house in Seville, probably married to a Spinola although the doc that mentions her states she is only 12",
CT0012,17,,Cattaneo,,Juan,Batista,Juan Batista Cattaneo ,Juan Batista Cattaneo,,merchants,0,0,Isabel,Saviñon,,,,
CT0013,17,CT0014,Cattaneo,,Diego,,Diego  Cattaneo ,Diego Cattaneo,,merchants,0,0,,,,,buys sugar from the Rivarolo,
CT0014,17,CT0005,Cattaneo,,Juan,,Juan  Cattaneo ,Juan Cattaneo,,merchants,0,1495,,,,,father of diego,
CT0015,17,,Cattaneo,,Jacome,,Jacome  Cattaneo ,Jacome Catano,,,0,0,,,,,"unknow work, he appears as one of the recipients of a last will in the Canaries",
CT0016,17,,Cattaneo,,Cristobal,,Cristobal  Cattaneo ,Cristobal Cataño,,,0,0,,,,,neighbour collacion san llorente,
CT0017,17,,Cattaneo,,Pedro,,Pedro  Cattaneo ,Pedro Cataño,,spice merchant,0,0,Francisca,Rodríguez,,,N. seville c. San Salvador,
CT0018,17,,Cattaneo,,Jorge,,Jorge  Cattaneo ,Jorge Cataño,,,0,1500,Inés,Mexía,,CT0020,neighbour seville collacionsan martin,
CT0019,17,CT0018,Cattaneo,,Jorge,,Jorge  Cattaneo ,Jorge Cataño,,,0,0,,,,,neighbour seville collacionsan martin,
CT0020,17,,Mexía,,Inés,,Inés  Mexía ,Inés Mexía,,,0,0,Jorge,Cattaneo,,CT0019,neighbour seville collacionsan martin,
CT0021,17,,Cattaneo,,Rodrigo,,Rodrigo  Cattaneo ,Rodrigo Cataño,,,0,0,Beatriz,Cabrera,,,n seville procurador y jurado de sevilla nombrado receptor del servicio votado en cortes de toledo y madrid para la guerra de francia,
CT0022,17,,Cattaneo,,Rafael,,Rafael  Cattaneo ,Rafael Cataneo,,merchants,0,0,,,,,,
CT0023,17,,Cattaneo,,Alexandre,,Alexandre  Cattaneo ,Alexandre Cattaneo,,merchants,0,0,,,,,estante Seville,
CT0024,17,CT0001,Cattaneo,,Andrés,,Andrés  Cattaneo ,Andrés Cattaneo,,,0,0,,,,,neighbour seville soneighbour marco and isabel figueroa,
CT0025,17,,Sorin,,nn,,nn  Sorin ,nn,,,0,1506,,,,,father of andres cataneo,
CT0026,17,,Cattaneo,,Tomás,,Tomás  Cattaneo ,Tomás Cattaneo,,merchants,0,0,,,,,estante lisbon,
CT0027,17,,Cattaneo,,Pascual,,Pascual  Cattaneo ,Pascual Cataño,,merchants,0,0,,,,,Estante in castile,
CT0028,17,,Nyan,Cattaneo,Gabriel,,Gabriel  Nyan Cattaneo,Gabriel de Nyan Cattaneo,,,0,1501,,,,,father of nicoloso marco,
CT0029,17,CT0100,Cattaneo,,Gentil,,Gentil  Cattaneo ,Gentil Cattaneo,,,0,0,,,,,mather of marco and nicoloso,
CT0030,17,CT0100,Cattaneo,,Julian,,Julian  Cattaneo ,Julian Cattaneo,,,0,0,,,,,,
CT0031,17,CT0100,Cattaneo,,Maria,,Maria  Cattaneo ,Maria Cattaneo,,,0,0,,,,,,
CT0032,17,CT0100,Cattaneo,,Ximon,,Ximon  Cattaneo ,Ximon Cattaneo,,,0,0,,,,,,
CT0033,17,CT0028,Cattaneo,,Bastiana,,Bastiana  Cattaneo ,Bastiana Cattaneo,,,0,0,,,,,,
CT0034,17,CT0001,Cattaneo,,Paris,,Paris  Cattaneo ,Paris Cataño,,,0,0,,,,,soneighbour marco and isabela figueroa,
CT0035,17,CT0036,Cattaneo,,Leonardo,,Leonardo  Cattaneo ,Leonardo Cattaneo,,merchants,0,0,,,,,soneighbour Niculao cattaneo,
CT0036,17,,Cattaneo,,Niculao,,Niculao  Cattaneo ,Niculao Cattaneo,,,0,0,,,,,father of leonardo cattaneo,
CT0037,17,,Cattaneo,,Geronimo,,Geronimo  Cattaneo ,Geronimo Catano,,merchants,0,0,,,,,neighbour of puerto de sta maria,
CT0038,17,,Cattaneo,,Niculoso,,Niculoso  Cattaneo ,Niculoso Cataneo,,merchants,0,0,,,,,merchant e in seville nephew of batista cattaneo,
CT0039,17,,Cattaneo,,Rafael,,Rafael  Cattaneo ,Rafael Cattaneo,,merchants,0,1507,,,,,father of Cataneo Cattaneis,
CT0040,17,CT0039,Cattaneo,,Cattaneo,,Cattaneo  Cattaneo ,Cataneo Cattaneo,,merchants,0,0,,,,,estante in Genoa father of Angel Cattaneo,
CT0041,17,CT0040,Cattaneo,,Angel,,Angel  Cattaneo ,Angel Cattaneo,,merchants,0,1507,,,,,dies in Exio in 1507 leaving pending business all over the world,
CT0042,17,CT0100,Cattaneo,,Gregorio,,Gregorio  Cattaneo ,Gregorio Cattaneo,,merchants,0,0,,,,,estante indias,
CT0043,17,CT0026,Cattaneo,,Pedro,,Pedro  Cattaneo ,Pedro Cattaneo,,merchants,0,0,,,,,estante indias,
CT0044,17,,Cattaneo,,Juan,,Juan  Cattaneo ,Juan Cataneo,,merchants,0,0,,,,,estante indias,
CT0045,17,,Cattaneo,,Lorenzo,,Lorenzo  Cattaneo ,Lorenzo Cattaneo,,merchants,0,0,,,,,neighbour Genoa,
CT0046,17,,Cattaneo,,Bartolome,,Bartolome  Cattaneo ,Bartolome Cattaneo,,merchants,0,0,,,,,neighbour Genoa partner with the barca,
CT0047,17,,Cattaneo,,Bartolomeo,,Bartolomeo  Cattaneo ,Bartolomeo de Cattaneo,,merchants,0,0,,,,,"neighbour Lyon, partner with the doria in seville",
CT0048,17,,Cattaneo,,Gaspar,,Gaspar  Cattaneo ,Gaspar Cattaneo,,lawyers,0,0,,,,,neighbour Tenerife lawyer,
CT0049,17,,Cattaneo,,Franco,,Franco  Cattaneo ,Franco Cataneo,,merchants,0,0,,,,,estante  Cadiz,
CT0100,17,,Cattaneo,,Angelo,,Angelo  Cattaneo ,Angelo Cattaneo,,,0,0,,,,,father of julian maria ximon leonardo and gentil,
CZ0001,89,,Cerezo,,Juan,Batista,Juan Batista Cerezo ,Juan Batista Cerezo,,merchants,0,0,,,,,Estante in castile,
CZ0002,89,,Cerezo,,Jeronimo,,Jeronimo  Cerezo ,Jeronimo Cerezo,,captains,0,0,,,,,owner of ship ,
DE01DE0007,,,Welser ,,Henrik ,,Henrik   Welser  ,Enrique Guesler,,bankers,0,0,,,,,merchants,
DE01DE0008,,,Seyler,,Jheronimus,,Jheronimus  Seyler ,Jeronimo Sayler,,bankers,0,0,,,,,slave trader part of the Berenberg Bank,
DE01SP0003,,,Ungundu,,Menardu,,Menardu  Ungundu ,Menardu Ungundu,,printers,0,0,,,,,german estante,
DE01SP0004,,,Colono,,Alvaçaligo,,Alvaçaligo  Colono ,Alvaçaligo Colono,,printers,0,0,,,,,german neighbour in san salvador of libros de molde,
DE01SP0005,,,Plonia,,Lamalao,,Lamalao  Plonia ,Lamalao de Polonia,,printers,0,0,,,,,impresor de letra de molde n. seville c. santa maria,
DE01SP0006,,,Aleman,,Jacome,,Jacome  Aleman ,Jacome Aleman,,printers,0,0,,,,,neighbour seville collacionsan isidro,
DE01SP0009,,,Herver,,Juan,,Juan  Herver ,Johanes Herver,,merchants,0,0,,,,,"neighbour seville collacionsanta maria magdalena, brefly emplyed to the centurion and grimaldi",
DE01SP0010,,,Pozo,,Francisco,Gaspar,Francisco Gaspar Pozo ,Francisco Gaspar del Pozo,,merchants,0,0,,,,,"Estante Seville, nitardo",
DE01SP0011,,,Iñiguez,,Enrique,,Enrique  Iñiguez ,Enrique Iñiguez,,merchants,0,0,,,,,"estante in Seville, partner with Grimaldi",
DE01SP0012,,,Ehinger,,Ambrosius,,Ambrosius  Ehinger ,Ambrosius Ehinger,,merchants,0,0,,,,,"Talfinguero Alfínger in Spanish) Dalfinger, Thalfinger, was conquistador and the first gov of the Welser concession (Klein-Venedig).",
DE01SP0013,,,Nuremberger,,Juan,,Juan  Nuremberger ,Juan Aleman,,merchants,0,0,,,,,neighbour seville collacionsan salvador,
DE01SP0014,,DE01SP0013,Nuremberger,,Lázaro,,Lázaro  Nuremberger ,Lázaro Nuremberger,,merchants,0,0,Catalina,Cromberger,,,"neighbour seville collacionsan salvador, wife Catalina Cromberger with her father of jacome and enrique, then married to isabel pins with her father of ana nicoa=las and maria.",
DE01SP0015,,DE01SP0014,Nuremberger,,Enrique,,Enrique  Nuremberger ,Enrique Nuremberger,,merchants,0,0,,,,,"neighbour seville collacionsan salvador, wife Catalina Cromberger with her father of jacome and enrique, then married to isabel pins with her father of ana nicoa=las and maria.",
DE01SP0016,,DE01SP0006,Cromberger,,Juan,,Juan  Cromberger ,Juan Cromberger,,printers,1500,1540,Brigida,Maldonado,,,"neighbour seville collacionsan isidro, wife brigida maldonado and sons: jacome juan tomas antnio and fernando, daughters catalina ana isabel and francisca.",
DG0001,32,,Goano,,Pelegro,,Pelegro  Goano ,Pelegro di Goano,,merchants,0,0,,,,,"Probably Pelegrino, Estante, lends money for the seige of Baza consul in 1495",
DM0001,81,,Domoculta,,Pedro,Batista,Pedro Batista Domoculta ,Pedro Batista de Domoculta,,merchants,0,0,,,,,Estante in castile,
DM0002,81,,Domoculta,,Manuel,,Manuel  Domoculta ,Manuel de Domoculta,,merchants,0,0,,,,,"estante Seville, in ship agent of the Rivarolo",
DN0001,3,DN0100,di Negro,,Cassano,,Cassano  di Negro ,Cassano di Negro,,merchants,0,0,,,,,"Merchant in Lisbon, brother of Heronimo di Negro and maybe of Paolo di Negro, in portuguesse documents appear as del nigro",
DN0002,3,DN0100,di Negro,,Heronimo,,Heronimo  di Negro ,Heronimo di Negro,,merchants,0,0,,,,,"brother of Cassano and maybe of Paolo, in portuguesse documents appear as del nigro",
DN0003,3,,di Negro,,Polo,,Polo  di Negro ,Polo di Negro,,merchants,0,0,,,,,"Appears in Cadiz 1489, being charged with other Genovese for the siege of Baza. Appears in 1509 estante in Murcia. Estante.",
DN0004,3,,di Negro,,Pietro,,Pietro  di Negro ,Pietro di Negro,,merchants,0,0,,,,,Estante in Murcia,
DN0005,3,DN0100,di Negro,,Paolo,,Paolo  di Negro ,Paolo di Negro,,merchants,0,0,,,,,"appears in the Assereto document at Lisbon in July 1478 at the same time as Cristoforo Colombo, and states that Paolo had a ‘Cazana’ brother.maybe brother of Cassano di Nigro and Heronimo di Negro. Paolo di Nigro is a character closely linked to the Madeiran’s sugar commerce and to Cristoforo Colombo. He was the Lisbon representative of the economic interest of the noble Ludovico Centurione, in charge of securing two thousand four hundred ‘arrobas’ of sugar from Madeira to direct towards Genoa.  in portuguesse documents appear as del nigro.",
DN0006,3,DN0098,di Negro,,Oberto,,Oberto  di Negro ,Oberto di Negro,,merchants,0,0,,,,,Partner with Andrea de Cassana and the Rivarolo Juan and Francisco,
DN0007,3,DN0098,di Negro,,Luigi,,Luigi  di Negro ,Luigi di Negro,,merchants,0,0,,,,,Estante in castile,
DN0008,3,DN0099,di Negro,,Francesco,,Francesco  di Negro ,Francesco di Negro,,merchants,0,0,,,,,Estante in castile,
DN0009,3,,di Negro,,Francesco,,Francesco  di Negro ,Francesco di Negro,,merchants,0,0,,,,,Estante in castile,
DN0010,3,DN0096,di Negro,,Angelo,,Angelo  di Negro ,Angelo di Negro,,merchants,0,0,,,,,"estante seville, Exchanger (cambiador),",
DN0011,3,,di Negro,,Angelo,,Angelo  di Negro ,Angelo di Negro (p),,merchants,0,0,,,,,"appears in Portugal, partner with Domenego de Spinola",
DN0012,3,DN0096,di Negro,,Damiano,,Damiano  di Negro ,Damiano di Negro,,merchants,0,0,,,,,Estante in castile,
DN0013,3,,di Negro,,Antonio,,Antonio  di Negro ,Antonio di Negro,,merchants,0,0,,,,,Estante in castile,
DN0014,3,,di Negro,,Michele,,Michele  di Negro ,Michele di Negro,,merchants,0,0,,,,,Estante in castile,
DN0015,3,DN0099,di Negro,,Tadeo,,Tadeo  di Negro ,Tadeo di Negro,,merchants,0,0,,,,,Neighbour of Genova,
DN0016,3,DN0099,di Negro,,Clérigo,,Clérigo  di Negro ,Clérigo di Negro,,merchants,0,0,,,,,Neighbour of Genova,
DN0017,3,DN0099,di Negro,,Battista,,Battista  di Negro ,Battista di Negro,,merchants,0,0,,,,,"Estante seville, partner with Antón Gentile",
DN0018,3,DN0095,di Negro,,Benito,,Benito  di Negro ,Benito di Negro,,merchants,0,0,,,,,,
DN0019,3,,di Negro,,Polo,Battista,Polo Battista di Negro ,Battista di Negro,,merchants,0,0,,,,,"estante Cadiz, partner with Sebastian Doria and Bartolomeo di Negro in Sanlúcar de Barrameda",
DN0020,3,,di Negro,,Bartolomeo,,Bartolomeo  di Negro ,Bartolomeo di Negro,,merchants,0,0,,,,,"Estante in Sanlúcar de Barrameda, partner with Battista di Negro and Sebastian Doria",
DN0021,3,DN0099,di Negro,,Agustín,,Agustín  di Negro ,Agustín di Negro,,merchants,0,0,,,,,Estante in castile,
DN0022,3,DN0023,di Negro,,Juan Battista,,Juan Battista  di Negro ,Juan Battista di Negro,,merchants,0,0,,,,,"Neighbour of Seville collación de San Andrés, sell slave from Canary Island in 150",
DN0023,3,,di Negro,,Olivero,,Olivero  di Negro ,Olivero di Negro,,merchants,0,1508,,,,,Neighbour of Genoa,
DN0024,3,,di Negro,,Gaspare,,Gaspare  di Negro ,Gaspare di Negro,,merchants,0,1506,,,,,"Partner with Francisco Doria, estante",
DN0025,3,DN0095,di Negro,,Franco,,Franco  di Negro ,Franco di Negro,,merchants,0,0,,,,,"representative in Seville of Agustin Italiano, in front of the Casa de Contratación de Indias",
DN0026,3,,di Negro,,Nicola,,Nicola  di Negro ,Nicola di Negro,,merchants,0,0,,,,,Estante in castile,
DN0027,3,DN0097,di Negro,,Teramo,,Teramo  di Negro ,Teramo di Negro,,merchants,0,0,,,,,"estante, brother of Martín Pinello",
DN0028,3,DN0097,Pinelli,,Martin,,Martin  Pinelli ,Martin Pinello,,merchants,0,0,,,,,"estante in sevilla, borther of Teramo di Negro",
DN0029,3,,di Negro,,Juan,,Juan  di Negro ,Juan Negrín,,,0,0,,,,,"neighbour of la gomera, grows horses",
DN0030,3,,di Negro,,Pedro,,Pedro  di Negro ,Pedro Negrín,,,0,0,,,,,neighbour in tenerife,
DN0031,3,,di Negro,,Polo,,Polo  di Negro ,Polo Negro,,merchants,0,0,,,,,estante cordoba,
DN0032,3,,di Negro,,Polo,,Polo  di Negro ,Polo di Negro,,merchants,0,0,,,,,neighbour jerez,
DN0033,3,,di Negro,,domenigo,,domenigo  di Negro ,Domenigo di Negro,,merchants,0,0,,,,,neighbour jerez,
DN0034,3,,di Negro,,Cosme,,Cosme  di Negro ,Cosme de Negro,,merchants,0,0,,,,,neighbour jerez,
DN0035,3,,di Negro,,Bonifacio,,Bonifacio  di Negro ,Bonifacio di Negro,,merchants,0,0,,,,,,
DN0036,3,,di Negro,,Hilario,,Hilario  di Negro ,Hilario di Negro,,merchants,0,0,,,,,estante genoa,
DN0037,3,,di Negro,,Luis,,Luis  di Negro ,Luis di Negro,,merchants,0,0,,,,,estante Seville,
DN0038,3,,di Negro,,Gaspar,,Gaspar  di Negro ,Gaspar di Negro,,merchants,0,0,,,,,estante Seville,
DN0039,3,,di Negro,,Andrea,,Andrea  di Negro ,Andrea di Negro,,merchants,0,0,,,,,"estante Seville, partner with cataneo",
DN0040,3,,di Negro,,Polo,,Polo  di Negro ,Polo di Negro,,merchants,0,0,,,,,neighbour atwerp,
DN0041,3,,di Negro,,Benito,,Benito  di Negro ,Benito di Negro,,merchants,0,0,,,,,estante Lyon,
DN0042,3,,di Negro,,Sebastiano,,Sebastiano  di Negro ,Sebastiano di Negro,,merchants,0,0,,,,,estante Seville,
DN0043,3,,di Negro,,Alberto,,Alberto  di Negro ,Alberto di Negro,,merchants,0,0,,,,,estante Seville,
DN0095,3,,di Negro,,nn6,,nn6  di Negro ,,,,0,0,,,,,father of Benito y Franco,
DN0096,3,,di Negro,,nn5,,nn5  di Negro ,,,,0,0,,,,,father of damiano and angelo,
DN0097,3,,di Negro,,nn4,,nn4  di Negro ,,,,0,0,,,,,Father of Teramo di Negro and Martin Pinello,
DN0098,3,,di Negro,,nn2,,nn2  di Negro ,,,,0,0,,,,,father of Oberto and Luiggi,
DN0099,3,,di Negro,,gregorio,,gregorio  di Negro ,Gregorio di Negro,,,0,0,,,,,"Father o Agustin, Battista, Clerigo, Tadeo, Francesco",
DN0100,3,,di Negro,,nn1,,nn1  di Negro ,,,,0,0,,,,,"Father of Heronimo, Polo, Cassano",
DO0001,2,,Doria,,Franco,,Franco  Doria ,Franco Doria,,merchants,0,0,,,,,"Estante, at the start ot the sixteen century, seems to be linked to the Lomellini",
DO0002,2,DO0100,Doria,,Francisco,,Francisco  Doria ,Francisco Doria,,merchants,0,0,Jeronima,Centurione,,CE0021,"estante in Seville, partner with Gaspare di Negro, partner with Francisco Doria (m), esteban centurion, neighbours in Genoa in 1510, soneighbour Andrea Doria (death at this time)",
DO0003,2,DO0099,Doria,,Francisco,,Francisco  Doria ,Francisco Doria,,merchants,0,0,,,,,"know as the youngest, estante in Seville, partner with the centurione, soneighbour Alarame Doria (death at this time)",
DO0004,2,,Doria,,Jeronimo,Rufo,Jeronimo Rufo Doria ,Jeronimo Rufo Doria,,merchants,0,0,,,,,"Estante, lend money for the siege of Baza, 1493 linked to antwerp, partner to pedro vincencio, 1494 liked to Bernanrdo Pinello",
DO0005,2,,Doria,Lefranco y,Julian,,Julian  Doria Lefranco y,Julian Doria,,merchants,0,0,,,,,"Estante Seville, lend money for the siege of Baza",
DO0006,2,DO0098,Doria,,Sebastián,,Sebastián  Doria ,Sebastián Doria,,merchants,0,1501,,,,,"Estante in Seville, bussines with English partner with Battista di Negro, bartolomeo di Negro andMarquo de Guerra",
DO0007,2,,Doria,,Duardo,,Duardo  Doria ,Duardo Doria,,merchants,0,0,,,,,"Estante in Seville, trade in Velvet, 1509 recieves a soap fabric from Rivarolo. parner with niculao grimaldo",
DO0008,2,,Doria,,Benito,,Benito  Doria ,Benito Doria,,merchants,0,0,,,,,Related to the Cassana,
DO0009,2,,Doria,,Andrea,Luis,Andrea Luis Doria ,Luis Andrea Doria,,merchants,0,0,,,,,"estate in Seville, partner with the Spinola",
DO0010,2,,Doria,,Melchor,,Melchor  Doria ,Melchor Doria,,merchants,0,0,,,,,compañero de Benito doria,
DO0011,2,,Doria,,Domenego,,Domenego  Doria ,Domenego Doria,,merchants,0,0,,,,,part of the grimaldo circuit,
DO0012,2,,Doria,,Bartolomé,,Bartolomé  Doria ,Bartolomé Doria,,merchants,0,0,,,,,"Soneighbour Nadrián Doria , estante in Palermo",
DO0013,2,,Doria,,Franco,,Franco  Doria ,Franco Doria,,merchants,0,0,,,,,estante in Cadiz,
DO0014,2,DO0098,Doria,,Pedro,Vicencio,Pedro Vicencio Doria ,Pedro Vicencio Doria,,merchants,0,0,,,,,,
DO0015,2,,Doria,,Luis,,Luis  Doria ,Luis Doria,,merchants,0,0,,,,,estante en jerez,
DO0016,2,DO0003,Doria,,Nicolao,,Nicolao  Doria ,Nicolao Doria,,merchants,0,1521,,,,,"estante in seville, soneighbour one of the francisco doria",
DO0017,2,DO0098,Doria,,Gregorio,,Gregorio  Doria ,Gregorio Doria,,merchants,0,0,,,,,estante in cadiz,
DO0018,2,,Doria,,Jerónimo,,Jerónimo  Doria ,Jerónimo Doria,,merchants,0,0,,,,,"I belive this are Francisco Doria elder,  Jeronimo is just their second name, but have no proff",
DO0019,2,,Doria,,Jerónimo,,Jerónimo  Doria ,Jerónimo Doria,,merchants,0,0,,,,,"I belive this are Francisco Doria Younger, Jeronimo is just their second name, but have no proff",
DO0020,2,,Doria,,Antonio,,Antonio  Doria ,Antonio Doro,,merchants,0,0,,,,,estante Seville,
DO0021,2,DO0003,Doria,,Andrea,,Andrea  Doria ,Andrea Doria,,merchants,0,0,,,,,estante Cadiz,
DO0022,2,DO0006,Vargas,,Leonor,,Leonor  Vargas ,Leonor Vargas,,,0,0,Benito,Berlango,,UK0061,daughter of sebastian wife of benito,
DO0023,2,DO0097,Doria,,Pedro,Gaspar,Pedro Gaspar Doria ,Pedro Gaspar Doria,,merchants,0,0,,,,,estante Seville,
DO0024,2,,Doria,,Rafael,,Rafael  Doria ,Rafael Doria,,merchants,0,0,,,,,estante Seville,
DO0025,2,,Doria,,Pedro,Gaspar,Pedro Gaspar Doria ,Pedro Gaspar Doria,,merchants,0,0,,,,,estante Seville,
DO0026,2,,Doria,,Antonio,,Antonio  Doria ,Antonio Doria,,merchants,0,0,,,,,estante Agadir,
DO0027,2,,Doria,,Cosme,,Cosme  Doria ,Cosme Doria,,merchants,0,0,,,,,estante Agadir,
DO0028,2,,Doria,,Jacome,,Jacome  Doria ,Jacome Doria,,merchants,0,0,,,,,estante medina del campo,
DO0029,2,,Doria,,Francisco,,Francisco  Doria ,Francisco Doria,,maritime pilots,0,0,,,,,"neighbour moguer, in cubagua in busines with the segura",
DO0030,2,,Doria,,Tommaso,,Tommaso  Doria ,Tommaso Doria,,merchants,0,0,,,,,estante Seville,
DO0031,2,,Doria,,Girolamo,,Girolamo  Doria ,Girolamo Doria,,merchants,0,0,,,,,estante Seville,
DO0097,2,,Doria,,Pedro,,Pedro  Doria ,Pedro Doria,,merchants,0,1506,,,,,father of pedro gaspar,
DO0098,2,,Doria,,nn,,nn  Doria ,nn,,,0,0,,,,,father to pedro vincenzo and gregorio,
DO0099,2,,Doria,,Alarame,,Alarame  Doria ,Alarame doria,,merchants,0,1509,,,,,father of francisco doria,
DO0100,2,,Doria,,Andrea,,Andrea  Doria ,Andrea doria,,merchants,0,1509,,,,,father of francisco doria,
EM0001,91,,Embrone,,Agustín,,Agustín  Embrone ,Agustín Embron,14IT,,0,1501,,,,,father of juan vincencio and martin,
EM0002,91,EM0001,Embrone,,Juan,,Juan  Embrone ,Juan Embron,14IT,,0,0,,,,,wards of vincecio ferre,
EM0003,91,EM0001,Embrone,,Vincencio,,Vincencio  Embrone ,Vincencio Embron,14IT,,0,0,,,,,wards of vincecio ferre,
EM0004,91,EM0001,Embrone,,Martin,,Martin  Embrone ,Martin Embron,14IT,,0,0,,,,,wards of vincecio ferre,
FA0001,80,,Frajal,,Francisco,,Francisco  Frajal ,Francisco de Frajal,,merchants,0,0,,,,,Estante in castile,
FE0001,43,,Campofregoso,,Otaviano,,Otaviano  Campofregoso ,Otaviano Fregoso,01IT,public officers,1470,1524,,,,,"dodge between 1513-15, and governor from 1515-1522, lead revolts against the french and the adorno",
FE0002,43,,Campofregoso,,Sebastiano,,Sebastiano  Campofregoso ,Sebastiano Fregoso,,merchants,0,0,,,,,"genoese e in funchal, described in documents as portuguese",
FG0001,61,,Foglietta,,Polo,,Polo  Foglietta ,Polo Foglietta,,merchants,0,0,,,,,estante in seville,
FI0001,42,FI0015,de Fornari,,Ximón,,Ximón  de Fornari ,Ximón Fornari,,merchants,0,0,,,,,"Merchant estante in Cadiz, representative of Jacomo de Rivarolo",
FI0002,42,,de Fornari,,Casil,,Casil  de Fornari ,Casil Fornari,,merchants,0,1510,,,,,"Estante seville, also appears as Castán",
FI0003,42,FI0002,de Fornari,,Pedro,,Pedro  de Fornari ,Pedro Fornari,,merchants,0,0,,,,,estante travels to the magreb as factor for the rivarolo,
FI0004,42,,de Fornari,,Marquo,,Marquo  de Fornari ,Marquo Fornari,,merchants,0,0,,,,,neighbour of genoa moves wheat from uk to genoa,
FI0005,42,,de Fornari,Ulldecona,Gabriel,,Gabriel  de Fornari Ulldecona,Gabriel Froner de Ulldecona,,merchants,0,0,,,,,"partner and factor of the tresurer of the casa de indias, seems he is born catalan because of his second lastname",
FI0006,42,,de Fornari,,Juan,Batista,Juan Batista de Fornari ,Juan Batista de Forner,,merchants,0,0,Magdalena,Castro,,,corredor de lonja in tenerife,
FI0007,42,,de Franchi,,Benito,,Benito  de Franchi ,Benito Franchi,,merchants,0,0,,,,,estante Seville,
FI0008,42,,de Franchi,,Agustin,,Agustin  de Franchi ,Agustin FRanchi,,merchants,0,0,,,,,estante Seville,
FI0009,42,,de Fornari,,Tomas,,Tomas  de Fornari ,Tomas Fornari,,merchants,0,0,,,,,estante Seville,
FI0010,42,,de Fornari,,Nicolao,,Nicolao  de Fornari ,Nicolao Forne,,merchants,0,0,,,,,Estante Castile,
FI0011,42,,de Fornari,,Opicio,,Opicio  de Fornari ,Opicio Fornari,,merchants,0,0,,,,,estante seville corredor de lonja,
FI0012,42,,de Fornari,,Domingo,,Domingo  de Fornari ,Domingo Forne,,merchants,0,0,,,,,slave trader from san tome to santo domingo,
FI0013,42,,de Fornari,,Esteban,,Esteban  de Fornari ,Esteban Fornari,,merchants,0,0,,,,,neighbour Toledo,
FI0014,42,FI0015,de Fornari,,Carlo,,Carlo  de Fornari ,Carlo di Fornari,,merchants,0,0,,,,,estante Seville,
FI0015,42,,de Fornari,,nn,,nn  de Fornari ,nn di Fornari,,merchants,0,0,,,,,father of carlo and ximon,
FL0001,50001,,Rondinelli,,Juan,,Juan  Rondinelli ,Juan Rondinelli,,merchants,0,0,,,,,Florentines estantes in Seville trade in soap,
FL0002,50001,,Rondinelli,,Pedro,,Pedro  Rondinelli ,Pedro Rondinelli,,merchants,0,0,,,,,Florentines estantes in Seville trade in soap,
FL0003,50002,,Bardi,,Lázaro,,Lázaro  Bardi ,Lázaro Bardi,,merchants,0,0,,,,,"Florentines estantes in Valencia, transcriptor says it says Barze, but comparing with other similar names and documents, its much more probable that the family name is Bardi, from florence",
FL0004,50002,,Bardi,,Cesaro,,Cesaro  Bardi ,Cesaro Bardi,,merchants,0,0,,,,,"partner with Leonardo Cattaneo, does some strange busyness in valencia and medina del capo, transcriptor says it says Barzi, but comparing with other similar names and documents, its much more probable that the family name is Bardi, from florence",
FL0005,,,Dianti,,Jacome,,Jacome  Dianti ,Jacome Dianti,,merchants,0,0,Leonor,Lugo,SP27SP000350,,letter of exchange with Luis de Rivarolo,
FL0006,,,Berardi,,Juanoto,,Juanoto  Berardi ,Juanoto Berardi,,merchants,0,0,,,,,participant of the conquista of the La Palma death before 1500,
FL0007,,,Escarlati,,Bernaldo,,Bernaldo  Escarlati ,Bernaldo Escarlati,,merchants,0,0,,,,,neighbour of tenerife,
FL0008,,,Guicciardini,,Fernando,,Fernando  Guicciardini ,Fernando de Guirardini,,merchants,0,0,,,,,,
FL0009,,,Guicciardini,,Juan,Alberto,Juan Alberto Guicciardini ,Juan Alberto Guirardini,,merchants,0,0,,,,,,
FL0010,,,Fantoni,,Jacome,,Jacome  Fantoni ,Jacome Fantoni,,merchants,0,0,,,,,,
FL0011,,,Vespucci,,Amerigo,,Amerigo  Vespucci ,Amerigo Despuche,12IT,merchants,0,0,,,,,"Amerigo Vespucci was an Italian merchant, explorer, and navigator from the Republic of Florence. Between 1497 and 1504, Vespucci participated in at least two voyages exploring the coast of the New World, first on behalf of Spain and then for Portugal",
FL0012,,,Guidache,,Zanobi,,Zanobi  Guidache ,Zanobi Guidache,,merchants,0,0,,,,,estante in cadiz,
FL0013,,,Spanocchi,,Ambrosio,,Ambrosio  Spanocchi ,Ambrosio Espanoche,,merchants,0,1488,,,,,estante en Valencia sus herederos componian una compañia mercantil que conectaba valencia y florencia he may not be named in the documents in seville what is named is the family company I am just using him as the reference point,
FL0014,,,Nasi,,Bartolomé,,Bartolomé  Nasi ,Bartolomé Nasy,,merchants,0,0,,,,,has a company and partnership with the rondineli,
FL0015,50002,,Bardi,,Francisco,,Francisco  Bardi ,Francisco de Bardy,,merchants,0,0,,,,,nestante Seville,
FL0016,,,Bonguillermo,,Francisco,,Francisco  Bonguillermo ,Francisco Bonguillermo,,merchants,0,0,,,,,Estante in castile,
FL0017,50003,,Strozzi,,Reynaldo,,Reynaldo  Strozzi ,Reynaldo Strozzi,,merchants,0,0,,,,,estante medina del campo,
FL0018,,,Pitty,,Bernaldo,,Bernaldo  Pitty ,Bernaldo Pitty,,merchants,0,0,,,,,estante Seville,
FL0019,,,Mariachegui,,Juan,,Juan  Mariachegui ,Juan Mariachegui,,merchants,0,0,,,,,estante Seville,
FL0020,,FL0023,Velachi,,Pandolfo,,Pandolfo  Velachi ,Pandolfo Velachi,,merchants,0,0,,,,,partner with sopranis and florentines padolfo velachi and jacome and juanbautista velachi,
FL0021,,FL0023,Velachi,,Juan,Bautista,Juan Bautista Velachi ,Juan Bautista Velachi,,merchants,0,0,,,,,partner with sopranis and florentines padolfo velachi and jacome and juanbautista velachi,
FL0022,,,Gualerote,,Jacome,,Jacome  Gualerote ,Jacome Gualerote,,merchants,0,0,,,,,partner with sopranis and florentines padolfo velachi and jacome and juanbautista velachi,
FL0023,,,Velachi,,nn,,nn  Velachi ,nn Velachi,,merchants,0,0,,,,,father of pandolfo and juanbautista velachi,
FL0024,,,Bonisegni,,Cesar,,Cesar  Bonisegni ,Cesar Bonisegni,,merchants,0,0,,,,,estante Seville,
FL0025,,,Cornoca,,Domingo,,Domingo  Cornoca ,Domingo de Cornoca,,merchants,0,0,,,,,estante Seville,
FL0026,50002,,Bardi,,Bernaldo,,Bernaldo  Bardi ,Bernaldo Bardi,,merchants,0,0,,,,,estante Seville,
FL0027,50002,,Bardi,,Lorenzo,,Lorenzo  Bardi ,Lorenzo Bardi,,merchants,0,1521,,,,,estante Medina del Campo,
FL0028,,,Prato,,Saonius,,Saonius  Prato ,Saonious da Prato,,merchants,0,0,,,,,e in Seville probably a datini agent,
FL0029,50004,,Marchioni,,Juan,Francisco,Juan Francisco Marchioni ,Juan Francisco Marchioni,,merchants,0,0,,,,,estante Cadiz ,
FL0030,,,Spanocchi,,Pietro,,Pietro  Spanocchi ,Pietro Spanocchi,,merchants,0,0,,,,,neighbour Valencia,
FL0031,,,Bianchi,,Antonio,,Antonio  Bianchi ,Antonio di Bianchi,,merchants,0,0,,,,,neighbour Seville,
FL0032,,,Pazzi,,Giovanni,,Giovanni  Pazzi ,Donato di Pazzi,,merchants,0,0,,,,,estante Valencia,
FL0033,,,Cascina,,Paolo,,Paolo  Cascina ,Paolo di Cascina,,merchants,0,0,,,,,estante Seville,
FL0034,,,Bulguerini,,Bandino,,Bandino  Bulguerini ,Bandino Bulguerini,,merchants,0,0,,,,,estante Seville,
FL0035,,,Bongiovanni,,Giovanni,Pietro,Giovanni Pietro Bongiovanni ,Giovanni Pietro Bongiovanni,,merchants,0,0,,,,,estante Seville,
FL0036,,,Guidetti,,Bartolomeo,,Bartolomeo  Guidetti ,Bartolomeo Guidetti,,merchants,0,0,,,,,estante Seville,
FL0037,50005,,Salviati,,Giorgio,,Giorgio  Salviati ,Giorgio Salviati,,merchants,0,0,,,,,estante Seville,
FL0038,50005,,Salviati,,Luca,,Luca  Salviati ,Luca Salviati,,merchants,0,0,,,,,estante Seville,
FL0039,,,Fabrini,,Francesco,,Francesco  Fabrini ,Francesco Fabrini,,merchants,0,0,,,,,estante Seville,
FL0040,,,Ridolfi,,Antonio,,Antonio  Ridolfi ,Antonio Ridolfi,,merchants,0,0,,,,,estante Seville,
FL0041,,,Quaratesi,,Andrea,,Andrea  Quaratesi ,Andrea Quaratesi,,merchants,0,0,,,,,maight be the father of the andrea quarentesi whose Michelangelo did a portrait,
FL0042,,,Uguccioni,,Bernardo,,Bernardo  Uguccioni ,Bernardo Uguccioni,,merchants,0,0,,,,,neighbour Valencia,
FL0043,,,Bulguerini,,Battista,,Battista  Bulguerini ,Battista Bulguerini,,merchants,0,0,,,,,estante Valencia,
FL0044,50004,,Marchioni,,Bartolome,,Bartolome  Marchioni ,Bartolome Marchioni,,merchants,0,0,,,,,neighbour Lisbon,
FL0045,50002,,Bardi,,Juan,,Juan  Bardi ,Juan Bardi,,merchants,0,0,,,,,"estante Valencia, proctor of Cesare bardi",
FL0046,50002,,Bardi,,Conostacia,,Conostacia  Bardi ,Constancia Bardi,,merchants,0,0,,,,,"estante Valencia, proctor of Cesare bardi",
FL0047,,,Borgherini,,Bautista,,Bautista  Borgherini ,Bautista Borgherini,,merchants,0,0,,,,,"estante Valencia, partner with rufaldi, trades in slvae with bonese",
FL0048,,,Rabasa,,Bernardo,,Bernardo  Rabasa ,Bernardo Rabasa,,merchants,0,0,,,,,"estante Venecia, brings slaves from africa",
FL0049,50002,,Verdo,,Leonardo,,Leonardo  Verdo ,Leonardo Verdo,,merchants,0,0,,,,,"estante Venecia, trades slaves from africa, cousineighbour Constancia de bardi",
FL0050,,,Vespuccio,,Juan,,Juan  Vespuccio ,Juan Vespucci,,maritime pilots,0,0,,,,,"maestre, little brother of amerigo ",
FL0051,,,Manuta,,Bernardino,,Bernardino  Manuta ,Bernardino de Mantua,,papermakers,0,0,,,,,"bookmaker, e in Seville",
FL0052,,,Inguirlani,,Silvestre,,Silvestre  Inguirlani ,Silvestre Inguilani,,merchants,0,0,,,,,estante Seville,
FL0053,,,Olain,,Jacome,,Jacome  Olain ,Jacome Olain,,merchants,0,0,,,,,"estante in Seville, also appears as Olvina",
FO0001,52,,de Fornari,,Luis,,Luis  de Fornari ,Luis de Forme,,merchants,0,0,,,,,Estante in Cadiz,
FR0001,40,,de Franchi,,Juan,,Juan  de Franchi ,Juan de Franchi,,merchants,0,0,,,,,lives in Francisco de Rivarolo house in 1495,
FR0002,40,,de Franchi,,Juan,Antonio,Juan Antonio de Franchi ,Juan Antonio de Franchi,,merchants,0,0,,,,,Estante in castile,
FR0003,40,,de Franchi,Juria,Niculoso,,Niculoso  de Franchi Juria,Niculoso de Franchi Juria,,merchants,0,0,,,,,merchants neighbour of Genoa,
FR0004,40,,de Franchi,,Pedro,,Pedro  de Franchi ,Pedro de Franchi,,merchants,0,0,,,,,Estante in castile,
FR0005,40,,de Franchi,,Gregorio,,Gregorio  de Franchi ,Gregorio de Franchi,,merchants,0,0,,,,,estante in palermo,
FR0006,40,,de Franchi,,Francisco,,Francisco  de Franchi ,francisco de Freanchi,,merchants,0,0,,,,,Estante in castile,
FR0007,40,,de Franchi,,Bernaldo,,Bernaldo  de Franchi ,Berlado de Franchi,,merchants,0,0,,,,,Estante in castile,
FR0008,40,,de Franchi,,Cristóbal,,Cristóbal  de Franchi ,Cristóbal de Franchi,,merchants,0,0,,,,,"estante seville, neighbour of genoa, soneighbour orrigo",
FR0009,40,,de Franchi,,Esteban,,Esteban  de Franchi ,Esteban de Franchi,,merchants,0,0,,,,,,
FR0010,40,FR0005,de Franchi,Luxardo,Juan,Batista,Juan Batista de Franchi Luxardo,Juan Batista de Franquis,,merchants,0,0,,,,,estante ineighbour Gran Canaria,
FR0011,40,FR0005,de Franchi,Luxardo,Antonio,,Antonio  de Franchi Luxardo,Antonio Franques,,merchants,0,0,,,,,estante ineighbour Gran Canaria,
FR0012,40,,de Franchi,,Diego,,Diego  de Franchi ,Diego de Franques,,merchants,0,0,,,,,Neighbour of Tenerife,
FR0014,40,,de Franchi,,Domenego,,Domenego  de Franchi ,Domenego de Franques,,merchants,0,0,,,,,Estante in castile,
FR0015,40,,de Franchi,,Rufo,,Rufo  de Franchi ,Rufo de Franques,,,0,1501,,,,,father of domenego,
FR0016,40,SA0005,de Franchi,,Isabel,,Isabel  de Franchi ,Isabel de franquis,,,0,0,,,,,daughter of jeronimo salvago,
FR0017,40,,de Franchi,,Jerónimo,,Jerónimo  de Franchi ,Jerónimo Franquis,,merchants,0,1501,,,,,,
FR0018,40,,de Franchi,,Tomas,,Tomas  de Franchi ,Tomas de Franchi,,merchants,0,0,,,,,estante Jerez,
FR0019,40,FR0023,de Franchi,Luxardo,Juan,Francisco,Juan Francisco de Franchi Luxardo,Juan Francisco de Franchi,,merchants,0,1506,,,,,estante Seville,
FR0020,40,,de Franchi,,Luco,,Luco  de Franchi ,Luco Franquis,,merchants,0,0,,,,,estante Seville,
FR0021,40,FR0017,de Franchi,,Bernaldo,,Bernaldo  de Franchi ,Bernaldo Franchi,,merchants,0,0,,,,,neighbour Genoa,
FR0022,40,FR0023,de Franchi,Luxardo,Juan,Ambrosio,Juan Ambrosio de Franchi Luxardo,Juan Ambrosio Franques Lusardo,,merchants,0,0,,,,,neighbour Cadiz,
FR0023,40,,de Franchi,,Gaspar,,Gaspar  de Franchi ,Gaspar Franchi,,merchants,0,0,,,,,father of ambrosio and francisco,
FR0024,40,,de Franchi,,Rodrigo,,Rodrigo  de Franchi ,Rodrigo Franchi,,merchants,0,0,,,,,neighbour seville collacionsanta maria,
FR0025,40,,de Franchi,,Ximon,,Ximon  de Franchi ,Ximon Franchi,,merchants,0,0,,,,,neighbour Jerez collacion san marcos,
FR0026,40,,de Franchi,,Leonardo,,Leonardo  de Franchi ,Leonardo Franchi,,merchants,0,0,,,,,estante Valencia trading in slave from alcacer,
FR01PG0002,,,Gra,,Blas,,Blas  Gra ,Blas Gra,,merchants,0,0,,,,,estante Lisbon,
FR01SP0004,,,Pompet,,Charles,,Charles  Pompet ,Charles de Pompet,,steward,0,0,,,,,"chambelland de charles quint, ambassadeur aupres du roi de france",
FR02FR0001,,,Vanto,,Jorge,,Jorge  Vanto ,Jorge Vanto,,merchants,0,0,,,,,estante avignon,
FV0001,83,,Fava,,Bartolomé,,Bartolomé  Fava ,Bartolomé Fava,,merchants,0,0,,,,,Estante in castile,
GA0001,76,GA0100,Garibaldo,,Hareta,,Hareta  Garibaldo ,Hareta de Garibaldo,,merchants,0,0,,,,,,
GA0002,76,GA0100,Garibaldo,Caffa,Lorenzo,,Lorenzo  Garibaldo Caffa,Lorenzo de Garibaldo de Caffa,01RU,merchants,0,1511,,,,,"merchant well connected moving jewelss, oil, leather",
GA0003,76,GA0100,Garibaldo,,Abrano,,Abrano  Garibaldo ,Abrano de Garibaldo,,merchants,0,0,,,,,lived in flanders ,
GA0004,76,GA0001,Garibaldo,,Antonio,,Antonio  Garibaldo ,Antonio de Garibaldo,,merchants,0,0,,,,,heir to lorenzo de garibaldo,
GA0005,76,,Garibaldo,,Cebrian,,Cebrian  Garibaldo ,Cebrian Garibaldo,,merchants,0,0,,,,,Estante in castile,
GA0006,76,,Garibaldo,,Bartolome,,Bartolome  Garibaldo ,BArtolome Garibon,,merchants,0,0,,,,,estante gran canaria,
GA0100,76,,Garibaldo,,nn,,nn  Garibaldo ,,,merchants,0,0,,,,,"father to lorenzo, abrano, y hareta",
GE0001,14,,Gentile,,Antón,,Antón  Gentile ,Antón Gentile,,merchants,0,0,,,,,"Estante, partner with Battista di Negro",
GE0002,14,,Gentile,,Juan,Batista,Juan Batista Gentile ,Juan Batista Gentile,,merchants,0,0,,,,,"Estamte, lends money for the siege of Baza",
GE0003,14,GE0100,Gentile,,Pedro,,Pedro  Gentile ,Pedro Gentile,,merchants,0,0,,,,,"Estante, when in seville stays at the house of bernaldo grimaldo",
GE0004,14,,Gentile,,Ambrosio,,Ambrosio  Gentile ,Ambrosio Gentile,,merchants,0,0,,,,,estante en Lyon,
GE0005,14,,Gentile,,Gerónimo,,Gerónimo  Gentile ,Gerónimo Gentile,,merchants,0,0,,,,,estante en Lyon,
GE0006,14,,Gentile,Riccio,Marcos,,Marcos  Gentile Riccio,Marcos Gentile Ricio,,merchants,0,0,,,,,estante Seville,
GE0007,14,GE0008,Gentile,,Esteban,,Esteban  Gentile ,Esteban Gentile,,merchants,0,0,,,,,neighbour Cadiz,
GE0008,14,,Gentile,,Melchor,,Melchor  Gentile ,Melchor Gentile,,,0,0,,,,,father of esteban,
GE0009,14,,Gentile,,Luis,,Luis  Gentile ,Luis Gentile,,merchants,0,0,,,,,Estante in castile,
GE0010,14,,Gentile,,Domenego,,Domenego  Gentile ,Domenego Gentile,,merchants,0,0,,,,,Estante in castile,
GE0011,14,GE0017,Gentile,,Constantin,,Constantin  Gentile ,Constantin Gentil,,merchants,0,0,,,,,Estante in castile,
GE0012,14,GE0100,Gentile,,Jácomo,,Jácomo  Gentile ,Jácomo Gentil,,merchants,0,1504,,,,,Estante in castile,
GE0013,14,,Gentile,,Pedro,,Pedro  Gentile ,Pedro Gentile,,merchants,0,0,,,,,Estante in castile,
GE0014,14,GE0026,Gentile,,Jeronimo,,Jeronimo  Gentile ,Jerónimo de Gentile,,merchants,0,1528,,,,,Estante in castile,
GE0015,14,GE0017,Gentile,,Agustin,,Agustin  Gentile ,Agustin Gentile,,merchants,0,1522,,,,,,
GE0016,14,,Gentile,,Juanoto,,Juanoto  Gentile ,Juanoto Gentile,,merchants,0,0,,,,,estante Jerez,
GE0017,14,,Gentil,,Esteban,,Esteban  Gentil ,Esteban Genitil,,merchants,0,1522,Matina,Gentil,,GE0018,neighbour seville collacionsan salvador,
GE0018,14,,Gentil,,Matina,,Matina  Gentil ,Matina Gentil,,,0,0,Esteban,Gentil,,GE0017,neighbour seville collacionsan salvador,
GE0019,14,,Gentile,,Francesco,,Francesco  Gentile ,Francesco Gentile,,merchants,0,0,,,,,estante Valencia,
GE0020,14,,Gentile,,Cipriano,,Cipriano  Gentile ,Cipriano Gentile,,merchants,0,0,,,,,neighbour Seville,
GE0021,14,,Gentile,,Raffaele,,Raffaele  Gentile ,Raffaele Gentile,,merchants,0,0,,,,,neighbour Seville,
GE0022,14,,Gentile,,Gregorio,,Gregorio  Gentile ,Gregorio Gentile,,merchants,0,0,,,,,neighbour Seville,
GE0023,14,,Gentile,,Giacomo,,Giacomo  Gentile ,Giacomo Gentile,,merchants,0,0,,,,,neighbour Valencia,
GE0024,14,,Gentile,,Andrea,,Andrea  Gentile ,Andrea Gentile,,merchants,0,0,,,,,neighbour Valencia,
GE0025,14,,Gentile,,Nicola,,Nicola  Gentile ,Nicola Gentile,,merchants,0,0,,,,,estante Seville,
GE0026,14,,Gentile,,Francisco,,Francisco  Gentile ,Francisco Gentile,,merchants,0,0,,,,,Father of Jeronimo Gentile,
GE0100,14,,Gentile,,nn,,nn  Gentile ,nn,,,0,0,,,,,father of pedro and jacomo,
GI0001,53,,Giustiniani,,Tomas,,Tomas  Giustiniani ,Tomás Giustiniano,,merchants,0,0,,,,,estante in Tenerife,
GI0002,53,,Giustiniani,,Jerónimo,,Jerónimo  Giustiniani ,Jerónimo Giustiniano,,merchants,0,0,,,,,"partner with Bernaldo Adorno y de Francisco Giustiniani, Juan Baptista de Moneglia. they have a contract to take orchilla to Bruges",
GI0003,53,,Giustiniani,,Francisco,,Francisco  Giustiniani ,Francisco Giustiniano,,merchants,0,0,,,,,"""factor of Bernaldo Adorno y de Jerónimo Giustiniano """,
GI0004,53,,Giustiniani,,Andrea,,Andrea  Giustiniani ,Andrea Giustiniano,,merchants,0,0,,,,,"estante in Seville,part of the lawsuit agains fernando de vejer",
GI0005,53,,Giustiniani,,Bernaldino,,Bernaldino  Giustiniani ,Bernaldino Giustiniano,,merchants,0,0,,,,,Estante in castile,
GI0006,53,GI0021,Giustiniani,,Esteban,,Esteban  Giustiniani ,Esteban Justiniano,,merchants,0,0,,,,,Estante in castile,
GI0007,53,,Giustiniani,,Agustín,,Agustín  Giustiniani ,Agustin Justinian,,merchants,0,0,,,,,father of agustin,
GI0008,53,,Giustiniani,,Bartolomé,,Bartolomé  Giustiniani ,Bartolomé Justinian,,,0,0,,,,,,
GI0009,53,,Giustiniani,,Pedro,,Pedro  Giustiniani ,Pedro Jiustiniani,,merchants,0,0,,,,,estante Toledo,
GI0010,53,,Giustiniani,,Julian,,Julian  Giustiniani ,Julian Justiniani,,merchants,0,0,,,,,,
GI0011,53,,Giustiniani,,Andrea,,Andrea  Giustiniani ,Andrea Giustiniani,,merchants,0,0,,,,,estante chios,
GI0012,53,GI0013,Giustiniani,,Niculoso,,Niculoso  Giustiniani ,Niculoso Justinian,,merchants,0,0,,Scaglia,,,estante Seville,
GI0013,53,,Giustiniani,,Pauli,,Pauli  Giustiniani ,Pauli Justinian,,merchants,0,1513,Bartolomea,Giustiniani,,,father of niculoso,
GI0014,53,,Giustiniani,,Domenigo,,Domenigo  Giustiniani ,Domenigo Giustiniani,,merchants,0,0,,,,,estante Cadiz,
GI0015,53,GI0021,Giustiniani,,Batista,,Batista  Giustiniani ,Batista Jiustinian,,merchants,0,0,,,,,Estante in castile,
GI0016,53,,Giustiniani,,Jacome,,Jacome  Giustiniani ,Jacome Giustiniani,,merchants,0,0,,,,,estante Seville,
GI0017,53,,Giustiniani,,Antonio,,Antonio  Giustiniani ,Antonio Giustiniani,,merchants,0,0,,,,,estante in Santa Cruz de tenerife,
GI0018,53,,Giustiniani,,Bartolome,,Bartolome  Giustiniani ,Bartolome Giustiniani da Domenego,,merchants,0,0,,,,,neighbour Genoa,
GI0019,53,,Giustiniani,,Marco,,Marco  Giustiniani ,Marco Giustiniani,,merchants,0,0,,,,,neighbour Genoa,
GI0020,53,,Giustiniani,,Ambrosio,,Ambrosio  Giustiniani ,Ambrosio Giustiniani,,merchants,0,0,,,,,neighbour Arzila,
GI0021,53,,Giustiniani,,,,  Giustiniani ,Giustiniani,,merchants,0,0,,,,,father of batista and esteban,
GI0100,53,,Giustiniani,,nn,,nn  Giustiniani ,nn,,,0,0,,,,,father of tomas and bernaldino,
GL0001,63,,Grillo,,Carlo,,Carlo  Grillo ,Carlo Grillo,,merchants,0,0,,,,,"estante in Cadiz, factor of Esteban centurione",
GL0002,63,,Grillo,,Lucián,,Lucián  Grillo ,Lucián Grillo,,merchants,0,0,,,,,Estante in Cadiz,
GL0003,63,,Grillo,,Batysta,,Batysta  Grillo ,Batysta Grillo,,merchants,0,0,,,,,estante Jerez,
GL0004,63,,Grillo,,James,,James  Grillo ,James Grillo,,merchants,0,0,,,,,neighbour Lyon,
GM0001,94,,Garbarino,,Bartolome,,Bartolome  Garbarino ,Bartolome Garbarino,,merchants,0,0,,,,,estante Toledo,
GM0002,94,,Garbarino,,Rafael,,Rafael  Garbarino ,Rafael Garbarino,,merchants,0,0,,,,,estante Toledo,
GN0001,88,,Genovese,,Andres,,Andres  Genovese ,Andres Genoves,,maritime pilots,0,0,,,,,maritime pilots,
GN0002,88,,Genovese,,Bartolomé,,Bartolomé  Genovese ,Bartolomé Genoves,,merchants,0,0,,,,,Estante in castile,
GN0003,88,,Genovese,,Rafael,,Rafael  Genovese ,Rafael Genoves,,merchants,0,0,,,,,neighbour c. santa maria,
GN0004,88,,Genovese,,Francisco,,Francisco  Genovese ,Francisco Genoves,,maritime pilots,0,1527,,,,,maestre of carabela san francisco,
GN0005,88,,Genovese,,Pedro,,Pedro  Genovese ,Pedro Genoves,,tanners,0,0,,,,,neighbour seville collacionsan esteban,
GN0006,88,,Genovese,,Domenigo,,Domenigo  Genovese ,Domenigo Genovese,,millers,0,0,,,,,neighbour Jerez collacion san miguel,
GN0007,88,,Rodríguez,Genoves,Juan,,Juan  Rodríguez Genoves,Juan Rodríguez Genoves,,seamen,0,0,,,,,"Comitre de la Reina, maestre nao santa maria del antigua",
GN0008,88,,Genovese,,Lorenzo,,Lorenzo  Genovese ,Lorenzo Ginoves,,seamen,0,0,,,,,cabin boy work in cubagua,
GN0009,88,,Bartolome,Genovese,Juan,Bautista,Juan Bautista Bartolome Genovese,Juan Bautista Bartolome Genovese,,seamen,0,0,,,,,"neighbour Moguer, working in the nao santa cruz in 1525",
GO0001,51,,Gote,,Guerigo,,Guerigo  Gote ,Guerigo de Gote,,merchants,0,0,,,,,partner with Esteban Centurion and Julian Calvo,
GR0001,13,GR0098,Grimaldi,,Bernaldo,,Bernaldo  Grimaldi ,Bernaldo de Grimaldo,,merchants,0,0,,,,,"Merchant estante in Seville collación de San Vicente, Involve in the movement of money form Seville to Genova in service to Francesco di Negro and Tadeo di Negro, 1504 buys meat and oxen, also very much connected with new cristians with genoese last names from Granada",
GR0002,13,,Grimaldi,,Bartolomé,,Bartolomé  Grimaldi ,Bartolomé de Grimaldo,,merchants,0,0,,,,,"estante seville, lives in collación Santa María",
GR0003,13,,Grimaldi,,Margulo,,Margulo  Grimaldi ,Margulo de Grimaldo,,merchants,0,0,,,,,Estante in castile,
GR0004,13,GR0098,Grimaldi,,Agustín,,Agustín  Grimaldi ,Agustín Grimaldo,,merchants,0,0,Francisca,Grimaldi,,,"work for Martin Centurion, neighbour of Genoa",
GR0005,13,GR0098,Grimaldi,,Niculao,,Niculao  Grimaldi ,Niculao de Grimaldo,,merchants,0,0,,,,,"Estante in Seville, trade in Velvet in 1509 recieves a soap fabirc from the rivarolo, consul de la lonja in 1509, part of the lawsuit agains Fernando de Vejer. partner with Duardo Doria",
GR0006,13,,Grimaldi,,Francisco,,Francisco  Grimaldi ,Francisco de Grimaldo,,merchants,0,0,,,,,Estante at the court of the Queen,
GR0007,13,GR0100,Grimaldi,,Jacome,,Jacome  Grimaldi ,Jacome Grimaldo,,merchants,0,0,,,,,"in 1508 procurado de Agustin Italiano, factor of Juan de Gamboa,",
GR0008,13,GR0099,Grimaldi,,Luis,,Luis  Grimaldi ,Luis de Grimaldo,,merchants,0,0,,,,,estante in medina del campo,
GR0009,13,GR0098,Grimaldi,,Juan,Batista,Juan Batista Grimaldi ,Juan Batista de Grimaldo,,merchants,0,0,,,,,merchant estante in seville,
GR0010,13,,Grimaldi,,Juan,Francisco,Juan Francisco Grimaldi ,Juan Francisco de Grimaldo,,merchants,0,0,,,,,"estante in seville, procurador de Teodicio de Camilla y Domenigo de Camilla, y de Cassano de Camilla (sus sobrinos)",
GR0011,13,,Grimaldi,,Ambrosio,,Ambrosio  Grimaldi ,Ambrosio de Grimaldo,,merchants,0,0,,,,,merchants estante in rome,
GR0012,13,,Grimaldi,,Lázaro,,Lázaro  Grimaldi ,Lázaro de Grimaldo,,merchants,0,0,,,,,merchants estante in rome,
GR0013,13,GR0004,Grimaldi,,Jerónimo,,Jerónimo  Grimaldi ,Jerónimo de Grimaldo,,merchants,0,1516,,,,,"procurador de Esteban Centurion, in 1472 partner with Petrochino de Herber, 1510 estante in the indies",
GR0014,13,,Grimaldi,,Cristobal,,Cristobal  Grimaldi ,Cristóbal de Grimaldo,,merchants,0,0,,,,,Estante in castile,
GR0015,13,,Grimaldi,,Perceval,,Perceval  Grimaldi ,Perceval de Grimaldo,,merchants,0,0,,,,,Estante in castile,
GR0016,13,,Grimaldi,,Pedro,,Pedro  Grimaldi ,Pedro de Grimaldo,,merchants,0,0,,,,,Estante in castile,
GR0017,13,,Grimaldi,,Gaspar,,Gaspar  Grimaldi ,Gaspar de Grimald,,merchants,0,0,,,,,estante ineighbour ubeda,
GR0018,13,,Grimaldi,,Andrea,Polo,Andrea Polo Grimaldi ,Andrea Polo de Grimaldo,,merchants,0,0,,,,,estante Valencia,
GR0019,13,,Grimaldi,,Gabriel,,Gabriel  Grimaldi ,Gabriel de Grimaldo,,merchants,0,0,,,,,estante Valencia,
GR0020,13,GR0023,Grimaldi,,Juacome,,Juacome  Grimaldi ,Juacome de Grimaldo,,merchants,0,0,,,,,estante Granada,
GR0021,13,,Fernández,Grimaldi,Francisco,,Francisco  Fernández Grimaldi,Francisco Fernández de Grimaldo,,merchants,0,0,,,,,neighbour seville collacionsanta maria,
GR0022,13,GR0029,Grimaldi,,Jeronimo,,Jeronimo  Grimaldi ,Jeronimo de Grimaldo,,merchants,0,1528,,,,,estante Seville,
GR0023,13,,Grimaldi,,Jorge,,Jorge  Grimaldi ,Jorge de Grimaldo,,merchants,0,1516,,,,,father of jeronimo,
GR0024,13,,Grimaldi,,Bernaldo,,Bernaldo  Grimaldi ,Bernaldo Grimaldo,,merchants,0,0,,,,,neighbour seville,
GR0025,13,,Grimaldi,,Ansaldo,,Ansaldo  Grimaldi ,Ansaldo Grimaldi,,merchants,0,0,,,,,neighbour Rome,
GR0026,13,,Grimaldi,,Esteban,,Esteban  Grimaldi ,Esteban Grimaldo,,merchants,0,0,,,,,estante Leon,
GR0027,13,,Grimaldi,,Julian,,Julian  Grimaldi ,Julian Grimaldo,,merchants,0,0,,,,,estante Leon,
GR0028,13,,Grimaldi,,Bernabe,,Bernabe  Grimaldi ,Bernabe Grimaldi,,merchants,0,0,,,,,estante in valencia partner with usodimare,
GR0029,13,,Grimaldi,,Agustin,,Agustin  Grimaldi ,Agustin Grimaldi,,merchants,0,1528,,,,,"estante Leon, partner with doria, proctor of Beatriz Bobadilla(SP02SP000594), e in Valencia",
GR0030,13,,Grimaldi,,Domenego,,Domenego  Grimaldi ,Domenego Grimaldi,,merchants,0,0,,,,,"estante Leon, partner with Doria",
GR0031,13,,Grimaldi,,Jeronimo,,Jeronimo  Grimaldi ,Jeronimo Grimaldi,04IT,merchants,0,0,,,,,estante Valencia,
GR0032,13,,Grimaldi,,Pedro,,Pedro  Grimaldi ,Pedro Grimaldi,04IT,merchants,0,0,,,,,estante Valencia,
GR0033,13,,Grimaldi,,Julian,,Julian  Grimaldi ,Julian de Grimaldi,,merchants,0,0,,,,,estante Lyon,
GR0034,13,GR0029,Grimaldi,,Maria,,Maria  Grimaldi ,Maria di Grimaldi,,,0,0,,,,,Daughter of Agustin di Grimaldo and heir of Jeronimo di Grimaldi,
GR0035,13,GR0029,Grimaldi,,Niclasina,,Niclasina  Grimaldi ,Niclasina di Grimaldi,,,0,0,,,,,Daughter of Agustin di Grimaldo and heir of Jeronimo di Grimaldi,
GR0098,13,,Grimaldi,,Lucian,,Lucian  Grimaldi ,Lucian de Grimaldo,,,0,0,,,,,father of bernaldo oberto and agustin,
GR0099,13,,Grimaldi,,Lucas,,Lucas  Grimaldi ,Lucas de Grimaldo,,,0,1504,,,,,father of luis de grimaldo,
GR0100,13,GR0098,Grimaldi,,Oberto,,Oberto  Grimaldi ,Oberto de Grimaldo,,,0,0,,,,,father of jacome,
GU0001,48,,de Gualterio,,Juan,,Juan  de Gualterio ,Juan Guialtedo,,merchants,0,0,,,,,Estante in castile,
GU0002,48,,de Gualterio,,Pedro,,Pedro  de Gualterio ,Pedro Guialtedo,,merchants,0,0,,,,,Estante in castile,
IG0001,,,Rodríguez,Fonseca,Juan,,Juan  Rodríguez Fonseca,Juan Rodriguez de Fonseca,,bishops,1452,1524,,,,,"Obispo de Badajos. was a Spanish archbishop, a courtier and bureaucrat, whose position as royal chaplain to Queen Isabella enabled him to become a powerful counsellor to Ferdinand and Isabella, the Catholic Monarchs, serving as the president of the Council of the Indies.",
IG0002,,,Madrigal,,Pedro,,Pedro  Madrigal ,fray Pedro de Madrigal,,friars,0,0,,,,,"vicario del monasterio de Santa María del Rosario de la villa de Bornos, de la orden de San Jerónimo",
IG0003,,,Gil,,,,  Gil ,fray Gil,,friars,0,0,,,,,procurador del monasterio de Santa María del Rosario de la villa de Bornos,
IG0004,,,Fernández,Soria,Luis,,Luis  Fernández Soria,Luis Fernández de Soria,,canons,0,0,,,,,canonigo de la iglesia de sevilla,
IG0005,,,Alondo,,Fernández,,Fernández  Alondo ,Alonso Fernández,,clergy,0,0,,,,,no order specified,
IG0006,,,Spinola,,Juan,,Juan  Spinola ,Juan Roberto de Spinola,,canons,0,0,,,,,canonigo de la iglesia de Toledo,
IG0007,,,Manrique,,Íñigo,,Íñigo  Manrique ,don Íñigo Manrique,,bishops,0,0,,,,,Bishop of Jaén,
IG0008,,,Burgos,,Alfonso,,Alfonso  Burgos ,don Alfonso de Burgos,,bishops,0,0,,,,,Bishop of Córdoba,
IG0009,,,Sánchez,Camacho,Bartolomé,,Bartolomé  Sánchez Camacho,Bartolomé Sánchez Camacho,,priests,0,0,,,,,mayordomo de la iglesia de san miguel en jerez,
IG0010,,,Rojas,,Luis,,Luis  Rojas ,Fray Luis de Rojas,,friars,0,0,,,,,San Miguel of Jerez,
IG0011,,,,,,,   ,Cardeal de Santa Anastasia,,cardinals,0,0,,,,,,
IG0012,,,Rodríguez,Meneses,Alonso,,Alonso  Rodríguez Meneses,Alonso Rodríguez de Meneses,,clergy,0,0,,,,,"presibitero, probably of lepe",
IG0013,,,Salazar,,Luis,,Luis  Salazar ,Luis de Salazar,,clergy,0,0,,,,,"presibitero, neighbour of gran canaria",
IG0014,,,,,Enrique,,Enrique   ,fray Enrique,,friars,0,0,,,,,"prior, convento del espiritu santo tenerife",
IG0015,,,Freitas,,Pedro,,Pedro  Freitas ,fray Pedro de Freitas,,friars,0,0,,,,,convento del espiritu santo tenerife,
IG0016,,,Machado,,Juan,,Juan  Machado ,fray Juan Machado,,friars,0,0,,,,,convento del espiritu santo tenerife,
IG0017,,,Bello,,Miguel,,Miguel  Bello ,fray Miguel Bello,,friars,0,0,,,,,convento del espiritu santo tenerife,
IG0018,,,Belorado,,Pedro,,Pedro  Belorado ,Don Pedro Belorado,,Inquisitor,0,0,,,,,"1497 abad of the monasterio de san pedro de cardeña, 1501 arzobispo de messina, inquisidor de sevilla y su arzobispado",
IG0019,,,Albanches,,Juan,,Juan  Albanches ,Juan de Albanches,,friars,0,0,,,,,1475 prior of san benito seville,
IG0020,,,Syrvendo,,Luis,,Luis  Syrvendo ,Fray luis Syrvendo,,friars,0,0,,,,,"comoendador de almaçao, recibidor del gran maestro de la orden de san juan de jerusalen (hopitaliers) uses rivarolo to transger funds form seville to barcelona",
IG0021,18,,Pinelli,,Pedro,,Pedro  Pinelli ,Pedro Pinello,,canons,0,0,,,,,mayordomo de la fabrica de la dicha santa iglesia,
IG0022,,,Ribera,,Pedro,,Pedro  Ribera ,Don Pedro de RiberA,,bishops,0,0,,,,,bishop of lugo,
IG0023,,,Ramírez,,Diego,,Diego  Ramírez ,Don Diego Ramírez,,bishops,0,0,,,,,bishop of albano,
IG0024,,,Quixada,,PEdro,,PEdro  Quixada ,Pedro Quixada,,clergy,0,0,,,,,neighbour Seville,
IG0025,18,,Pinelli,,Jeronimo,,Jeronimo  Pinelli ,Jeronimo Pinelo,,canons,0,0,,,,,maestrescuela y canonigo,
IG0026,,,Jiménez ,Cisneros,Francisco,,Francisco  Jiménez  Cisneros,Francisco Jiménez de Cisneros,,cardinals,0,0,,,,,"religious reformer, twice regent of Spain, Cardinal, Grand Inquisitor, promoter of the Crusades in North Africa, and founder of the Complutense University, today the Complutense University of Madrid",
IG0027,,,Fonseca,,Antonio,,Antonio  Fonseca ,Antonio de Fonseca,,bishops,1503,1557,,,,, Roman Catholic prelate and statesman who served as Bishop of Pamplona (1545-1557),
IG0028,,,Martínez,,Benito,,Benito  Martínez ,Benito Martinez,,priests,0,0,,,,,N San Salvador in Cuba,
IG0029,,,Días,,Francisco,,Francisco  Días ,Francisco Dias,,clergy,0,0,,,,,neighbout Jerez,
IG0030,,,Lujan,,Diego,,Diego  Lujan ,Don Diego de Lujam,,friars,0,0,,,,,Prior of the monastery of santa maria de las cuevas de la orden de la cartuja.,
IG0031,,,Guerrero,,Bartolome,,Bartolome  Guerrero ,Don Bartolome Guerrero,,priests,0,0,,,,,prist part of the monastery of santa maria de las cuevas de la orden de la cartuja.,
IG0032,,,Despino,,Alonso,,Alonso  Despino ,Don Alonso Despino,,priests,0,0,,,,,prist part of the monastery of santa maria de las cuevas de la orden de la cartuja.,
IG0033,,,Gurricio,,Gaspar,,Gaspar  Gurricio ,Don Gaspar Gurricio,,priests,0,0,,,,,prist part of the monastery of santa maria de las cuevas de la orden de la cartuja.,
IG0034,,,Aguero,,Jeronimo,,Jeronimo  Aguero ,Jeronimo de Aguro,,priests,0,0,,,,,prist part of the monastery of santa maria de las cuevas de la orden de la cartuja.,
IG0035,,,Escobar,,Alonso,,Alonso  Escobar ,Fray Alonso de Escobar,,friars,0,0,,,,,"Belong to the order of Saint Francis, travel to Santa Maria la Antigua del Darien",
IG0036,,,Rodríguez,Morales,Juan,,Juan  Rodríguez Morales,Juan Rodríguez de Morales,,clergy,0,0,,,,,goes to ciudad de mexico in 1540,
IG0037,,SP01SP000039,Isla,,Bernardino,,Bernardino  Isla ,Bernardino de Isla,,clergy,0,0,,,,,soneighbour Bernardino de Isla ,
IM0001,15,,Imperiale,,Pedro,,Pedro  Imperiale ,Pedro Imperiale,,merchants,0,0,,,,,"estante, partner with pietro centurione",
IM0002,15,,Imperiale,,Gaspar,,Gaspar  Imperiale ,Gaspar Imperiale,,merchants,0,0,,,,,rents the centurion nao la trisqueña and then has problems with the maestre but gives power to gaspar centurion to collect his debts,
IM0003,15,IM0005,Imperiale,,Otavian,,Otavian  Imperiale ,Otavian Imperiale,,merchants,0,0,,,,,estante in amberes.,
IM0004,15,IM0005,Imperiale,,Melchor,,Melchor  Imperiale ,Melchor Imperiales,,merchants,0,0,,,,,estante Seville,
IM0005,15,,Imperiale,,,,  Imperiale ,,,,0,0,,,,,father of melchor and otavian,
IM0006,15,,Imperiale,,Jacopo,Antonio,Jacopo Antonio Imperiale ,Jacopo Antonio Imperiale,,merchants,0,0,,,,,estante genoa,
IM0007,15,,Imperial,,Oberto,,Oberto  Imperial ,Oberto Imperial,,merchants,0,1477,,,,,estante Seville,
IN0001,33,,Incali,,Bernabe,,Bernabe  Incali ,Bernabe Incali,,merchants,0,0,,,,,"Estante, lends money for the seige of Baza",
IT0001,16,,Italiano,,Agustín,,Agustín  Italiano ,Agustín Italiano,,merchants,0,0,,,,,"Estante, in 1509 inhabits the court of the catholic kings and has as representative in Seville Franco di Negro, in 1516 regidor of Malaga",
IT0002,16,,Italiano,,Dimitir,,Dimitir  Italiano ,Dimitir Italiano,,merchants,0,0,,,,,Estante in Seville,
IT0003,16,,Italiano,,Juan,,Juan  Italiano ,Juan Italiano,,merchants,0,0,,,,,"father in law of Antonio de Sopranis, neighbour of Genoa",
IT0004,16,,Italiano,,Antonio,,Antonio  Italiano ,Antonio Italiano,,merchants,0,1511,,,,,estante in the Indias,
IT0005,16,,Italiano,,Pantaleon,,Pantaleon  Italiano ,Pantaleon Italiano,,merchants,0,0,,,,,,
IT0006,16,,Italiano,,Blasino,,Blasino  Italiano ,Blasino Italiano,,merchants,0,0,,,,,suported Lugo in the conquest of the canaries in turn got land in Tenerife that reportedly produced 300.000mrs a year,
IT0007,16,,Italiano,,Bonifacio,,Bonifacio  Italiano ,Bonifacio Italiano,,merchants,0,0,,,,,,
IT0008,16,IT0017,Italiano,,Pedro,,Pedro  Italiano ,Pedro Italiano,,merchants,0,0,,,,,estante and partner with pinello,
IT0009,16,,Italiano,,Francisco,,Francisco  Italiano ,Francisco Italian,,merchants,0,0,,,,,Estante in castile,
IT0010,16,IT0013,Italiano,,Dimitri,,Dimitri  Italiano ,Dimitri italian,,merchants,0,0,,,,,estante Cadiz,
IT0011,16,IT0013,Italiano,,Jacome,,Jacome  Italiano ,Jacome Italian,,merchants,0,0,,,,,estante Cadiz,
IT0012,16,,Italiano,,Rafael,,Rafael  Italiano ,Rafael Italiano,,merchants,0,0,,,,,estante Jerez,
IT0013,16,,Italiano,,,,  Italiano ,Ytalian,,merchants,0,0,,,,,father of dimetre and jacome,
IT0014,16,,Italiano,,Oberto,,Oberto  Italiano ,Oberto Ytalian,,merchants,0,0,,,,,estante Seville,
IT0015,16,IT0004,Italiano,,Catalian,,Catalian  Italiano ,Catalian Italian,,,0,0,,,,,"heir of Antonio Italian, her tutor is Balian Salvago",
IT0016,16,,Italiano,,Luis,,Luis  Italiano ,Luis Italian,,merchants,0,0,,,,,estante Lisbon,
IT0017,16,,Italiano,,Pedro,Batista,Pedro Batista Italiano ,Pedro Batista Italian,,merchants,0,1521,,,,,father of francisco,
IT0018,16,,Italiano,,Polite,,Polite  Italiano ,Polite Italiano,,merchants,0,0,,,,,estante Seville,
JA0001,22,,Jaro,,Jeronimo,,Jeronimo  Jaro ,Jeronimo Jaro,,merchants,0,0,,,,,Estante in castile,
JW0001,,,Capes,,Yuicef,,Yuicef  Capes ,Yuicef Capes,,merchants,0,0,,,,,neighbour lebrija,
LA0001,54,,Leardo,,Franco,,Franco  Leardo ,Franco Leardo,,merchants,0,1508,,,,,"Estante in Seville, in 1508 acts in the name of Francisco de Rivarolo. merchant stante in seville, held powere to deal with lawsuits from Batista de Domoculta in 1493, in 1495 gets trusted with the executioneighbour Francisco Sopranis Goods after his deat, along side Bernaldo Pinello. Work entrusted to the Consuls de la Lonja.",
LA0002,54,,Leardo,,Franco,,Franco  Leardo ,Franco Leardo,,merchants,0,0,,,,,Estante in castile,
LA0003,54,,Leardo,,Juan,,Juan  Leardo ,Juan Leardo,,merchants,0,0,,,,,Estante in castile,
LA0004,54,,Leardo,,Francisco,,Francisco  Leardo ,Francisco Leardo,,merchants,0,0,,,,,lost his property in the canary after the expropiation by the queen,
LA0005,54,,Leardo,,Agustín,,Agustín  Leardo ,Agustín Leardo,,merchants,0,0,,,,,Estante in castile,
LA0006,54,,Leardo,,Luco,,Luco  Leardo ,Luco Leardo,,merchants,0,0,,,,,Estante in castile,
LA0007,54,,Leardo,,Pedro,Juan,Pedro Juan Leardo ,Pedro Juan Leardo,,merchants,0,0,,,,,estante  santa cruz de tenerife,
LE0001,39,,Lecari,,Pedro,,Pedro  Lecari ,Pedro de Lercaro,,merchants,0,0,,,,,consul de la lonja 1495,
LE0002,39,,Lecari,,Domenego,,Domenego  Lecari ,Domenego Lercaro,,merchants,0,0,,,,,Estante in castile,
LE0003,39,LE0004,Lecari,,Oton,,Oton  Lecari ,Oton Lecaro,,merchants,0,0,,,,,estante Seville,
LE0004,39,,Lecari,,Andrea,,Andrea  Lecari ,Andrea Lecaro,,merchants,0,0,,,,,neighbour Genoa,
LE0005,39,,Lecari,,Fernando,,Fernando  Lecari ,Fernando de Lecaro,,merchants,0,0,,,,,"neighbour bilbao, 1/3 owner of nao st maria",
LE0006,39,,Lecari,,Juan,,Juan  Lecari ,Juan de Lecaro,,merchants,0,0,,,,,estante Salvatierra,
LE0007,39,,Lecari,,Alejandro,,Alejandro  Lecari ,Alejandro Locar,,merchants,0,0,,,,, trades in  captives,
LI0001,45,,Liñan,,Mateo,,Mateo  Liñan ,Mateo Liñan,,merchants,0,0,,,,,Estante in castile,
LM0001,84,,de Lerma,,Domenego,,Domenego  de Lerma ,Domenego de Lerma,,merchants,0,0,,,,,,
LM0002,84,,de Lerma,,García,,García  de Lerma ,Garcia de Lerma,,,0,0,,,,,contino of the emperor,
LM0003,84,,de Lerma,,Juan,,Juan  de Lerma ,Juan de Lerma,,public officers,0,0,,,,,Accountant of the emperor,
LO0001,9,,Lomellini,,Juan,,Juan  Lomellini ,Juan Lomellini,,merchants,0,0,,,,,"estante. in the late fifteen century known to have aquierd debt with Lucian de Spinola, and to sell leather in Genova, represented Rodrigo de Puebla in a reclamation against the Rivarolo Jacome and Francesco. Know to have been involved in the exchange of Maravedies and Doblas to Francesco di Negro",
LO0002,9,,Lomellini,,Pantaleón,,Pantaleón  Lomellini ,Pantaleón Lomellin,,merchants,0,0,,,,,"Merchant in the sixteen century receved permission to take a Horse to Portugal, and had Jacomo de Cassana endorsment",
LO0003,9,,Lomellini,,Cosme,,Cosme  Lomellini ,Cosme Lomellini,,merchants,0,0,,,,,Estante in castile,
LO0004,9,,Lomellini,,Agustin,,Agustin  Lomellini ,Agustin Lomellini,,merchants,0,1506,,,,,"his heirs recived a letter of exchange in Leon, coming form Martin centurion in Valencia.",
LO0005,9,LO0006,Lomellini,,Cattaneo,,Cattaneo  Lomellini ,Cattaneo Lomellini,,merchants,0,0,,,,,"Neighbour of Genoa, soneighbour micer Batista Lomellini",
LO0006,9,,Lomellini,,Batista,,Batista  Lomellini ,Batista Lomellini,,merchants,0,0,,,,,Father of Cattaneo Lomellini,
LO0007,9,,Lomellini,,Julián,,Julián  Lomellini ,Julián Lomellini,,merchants,0,1508,,,,,Estante in Seville,
LO0008,9,,Lomellini,,Nicolás,,Nicolás  Lomellini ,Nicolás Llomelin,,merchants,0,0,,,,,"appears in what seems like a requirement or dispute from the Doria in Genoa to the centurion in Seville. the problem is that the translation into spanish is very incoherent, wether because of the transcription or the translation. not was made to check the original in Genoa if possible",
LO0009,9,,Lomellini,,Tomás,,Tomás  Lomellini ,Tomás Lomellini,,merchants,0,0,,,,,Neighbour of Genoa,
LO0010,9,,Lomellini,,Juan,Batista,Juan Batista Lomellini ,Juan Batista Lomellini,,merchants,0,0,,,,,part of the centurion trade circuit,
LO0011,9,,Lomellini,,Agustin,,Agustin  Lomellini ,Agustin Lomellini,,merchants,0,0,,,,,part of the centurion trade circuit,
LO0012,9,,Lomellini,,Benito,,Benito  Lomellini ,Benito Lomellini,,merchants,0,0,,,,,Estante in castile,
LO0013,9,,Lomellini,,Leonardo,,Leonardo  Lomellini ,Leonardo Lomellini,,merchants,0,0,,,,,primo del otro leonardo,
LO0014,9,,Lomellini,,Leonardo,,Leonardo  Lomellini ,Leonardo Lomellini,,merchants,0,0,,,,,"primo del otro leonardo, with power to collect from the king of portugal in the casa de la miina city of Zafi",
LO0015,9,,Lomellini,,Antonio,,Antonio  Lomellini ,Antonio nomeli,,merchants,0,0,,,,,Estante in castile,
LO0016,9,LO0099,Lomellini,,Mateo,,Mateo  Lomellini ,Mateo Lomellini,,,0,0,,,,,,
LO0017,9,,Lomellini,,Simon,,Simon  Lomellini ,Simon Lomellini de Lisboa,,merchants,0,0,,,,,,
LO0018,9,,Lomellini,,Lucian,,Lucian  Lomellini ,Lucian Lomelini,,seamen,0,0,,,,, owner and scribe of a carraca,
LO0019,9,,Lomellini,,Melchor,,Melchor  Lomellini ,Melchor Lommelini,,merchants,0,0,,,,,estante medina del campo,
LO0020,9,,Lomellini,,Andrea,,Andrea  Lomellini ,Andrea Lomellini,,merchants,0,0,,,,,estante Cadiz,
LO0021,9,,Lomellini,,Carlo,,Carlo  Lomellini ,Carlo Lomellini,,merchants,0,0,,,,,estante Cadiz,
LO0022,9,,Lomellini,,Bartolomé,,Bartolomé  Lomellini ,Bartolomé Lomellini,,merchants,0,0,,,,,"estante Valencia, partner with Spinola",
LO0023,9,,Lomellini,,Bartolomé,,Bartolomé  Lomellini ,Bartolomé Lomellini,,merchants,0,0,,,,,estante Seville,
LO0024,9,,Lomellini,,Benito,,Benito  Lomellini ,Benito Lomellini,,merchants,0,1506,,,,,father of bernaldo,
LO0025,9,LO0024,Lomellini,,Bernaldo,,Bernaldo  Lomellini ,Bernaldo Lomellini,,merchants,0,0,,,,,neighbour Genoa,
LO0026,9,,Lomellini,,Agostino,,Agostino  Lomellini ,Agostino Lomellini,,merchants,0,1505,,,,,neighbour Lyon,
LO0099,9,,Lomellini,,Jorge,,Jorge  Lomellini ,Jorge Lomellini,,,0,0,,,,,,
LO0100,9,,Lomellini,,nn,,nn  Lomellini ,nn,,,0,0,,,,,father of agustin and juan batista,
LR0001,73,,Lorente,,Luis,,Luis  Lorente ,Luis de Lorente,,merchants,0,0,,,,,recibes power agains antonio de pinello,
LZ0001,92,,Luxardo,,MArcos,,MArcos  Luxardo ,MArcos Luzardo,,merchants,0,0,,,,,estante Seville,
LZ0002,92,,Luxardo,,Andrea,,Andrea  Luxardo ,Andrea Moxardo,,tanners,0,0,,,,,estante Jerez,
LZ0003,92,,Luxardo,,Martin,,Martin  Luxardo ,Martin Luzardo,,merchants,0,0,,,,,neighbour vitoria,
LZ0004,92,,Luxardo,,Martin,,Martin  Luxardo ,Martin Luzardo,,merchants,0,0,,,,,estante indias,
MA0001,public officers,,de Marini,,Bartolomé,,Bartolomé  de Marini ,Bartolomé de Marini,,merchants,0,0,,,,,Estante in castile,
MA0002,public officers,,de Marini,,Luis,,Luis  de Marini ,Luis de Marini,,merchants,0,0,,,,,Estante in castile,
MA0003,public officers,,de Marini,,Donatin,,Donatin  de Marini ,Donatyn de Marin,,merchants,0,0,,,,,neighbour of cordoba,
MA0004,public officers,,de Marini,,Juan,Batista,Juan Batista de Marini ,Juan Batista Marini,,merchants,0,0,,,,,Estante in castile,
MA0005,public officers,,de Marini,,Domingo,,Domingo  de Marini ,Domingo Marin,,merchants,0,0,,,,,estante cordoba,
MA0006,public officers,,de Marini,,Lucas,,Lucas  de Marini ,Lucas Marin,,merchants,0,0,,,,,neighbour cordoba,
MA0007,public officers,,de Marini,,Tomas,,Tomas  de Marini ,Tomas Marin,,merchants,0,0,,,,,neighbour Genoa,
MA0008,public officers,,de Marini,,Juan,,Juan  de Marini ,Juan Marin,,merchants,0,0,,,,,neighbour Genoa,
MA0009,public officers,,de Marini,,Elequi,,Elequi  de Marini ,Elequi MArin,,merchants,0,0,,,,,,
MA0010,public officers,,de Marini,,Alexandre,,Alexandre  de Marini ,Alexandre Marin,,merchants,0,0,,,,,estante malaga,
MA0011,public officers,,de Marini,,Teramo,,Teramo  de Marini ,Teramo di Marinis,,merchants,0,0,,,,,estante Seville,
ME0001,50000,,Medici,,Jerónimo,,Jerónimo  Medici ,Jerónimo de Medici,,merchants,0,0,,,,,"Estante (I am assuming that he may be a Medici, but do not have documental evidence), the document says he is from Genova but may be Florentine, estante en Sanlúcar de Barrameda, partner with Luis de Rivarolo and Antón Martínez de Alarás [Alaraz]",
ME0002,50000,,Medici,,Lorenzo,Julian,Lorenzo Julian Medici ,Lorenzo Giuliano de Medeci,,bankers,0,0,,,,,accepts in theory letters of exchange from the camila family in seville to rome,
MF0001,56,,de Maffeo,,Domenego,,Domenego  de Maffeo ,Domenego de Maffeo,,merchants,0,0,,,,,"Estante in Jerez, factor to esteban centurion",
MI0001,26,,de Merate,,Geronimo,,Geronimo  de Merate ,Geronimo Merito,,merchants,0,0,,,,,Estante lends money to the siege of Baza,
MM0001,71,,Morseo,,Pero,Juani,Pero Juani Morseo ,Pero Juani de Morseo,,merchants,0,0,,,,,"Factor of Luis de Rivarolo, in other documents appeas as Juan de Morteo. the transcriptor is not secure about the spelling of the lastname, he suggests Morfeo wich is a less likley lastname, maybe is an incorrect spelling of the scicilian Orfeo with an ""H"", but its impossible to evaluate without reading the original. partner with Bartolome de Sopranis and Ambrossio Cassana",
MM0002,71,MM0003,Morseo,,Antonio,,Antonio  Morseo ,Antonio de Morteo,14IT,merchants,0,0,,,,,,
MM0003,71,,Morseo,,Luis,,Luis  Morseo ,Luis de Orteo,14IT,merchants,0,0,,,,,,
MM0004,71,,Morseo,,Bartolomé,,Bartolomé  Morseo ,Bartolomé de Morte,,merchants,0,0,,,,, e in gran canraia,
MN0001,43,,de Monelia,,Domenego,,Domenego  de Monelia ,Domenego de Moneglia,,merchants,0,0,,,,,Estante in castile,
MN0002,43,,de Monelia,,Juan,Batista,Juan Batista de Monelia ,Juan Batista de Moneglia,,merchants,0,0,,,,,"estante en seville, partner with Bernaldo Adorno y de Jerónimo Giustiniano, Francisco Giustiniano. have a contract to take orchilla to bruges, judge of the gradas in 1510",
MN0003,43,,de Monelia,,Miguel,,Miguel  de Monelia ,Miguel de Moneglia,,merchants,0,0,,,,,"estante in seville, proctor in charge of the lawsuit against fernando de vejer",
MN0004,43,,de Monelia,,Niculoso,,Niculoso  de Monelia ,Nicoluso di Monardis,,merchants,0,0,,,,,"neighbour collacion santa maria, librero",
MN0005,43,,de Monelia,,Jeronimo,,Jeronimo  de Monelia ,Jeronimo Moneglia,,merchants,0,0,,,,,Estante in castile,
MO0001,28,,de Monte,,Jacome,,Jacome  de Monte ,Jacome da Monte,,merchants,0,0,,,,,Estante lends money to the siege of Baza,
MO0002,28,,de Monte,,Bernardo,,Bernardo  de Monte ,Bernardo da Monte,,merchants,0,0,,,,,Estante in castile,
MO0003,28,,de Monte,,Cibaldo,,Cibaldo  de Monte ,Cibaldo da Monte,,merchants,0,0,,,,,"Estante in Seville, partner with Martín Centurione and Agustín Italiano",
MO0004,28,,de Monte,,Juan,Tomás,Juan Tomás de Monte ,Juan Tomás da Monte,,merchants,0,0,,,,,Estante in castile,
MO0005,28,,de Monte,,Bartolome,,Bartolome  de Monte ,Bartolome da Monte,,merchants,0,0,,,,,estante Cadiz,
MO0006,28,,de Monte,,Pedro,,Pedro  de Monte ,Pere Monte,,merchants,0,0,,,,,neighbour Valencia,
MO01SP00001,,,,,Haguja,,Haguja   ,Maestro Haguja,,tinsmiths,0,0,,,,,"ollero, neighbour of Seville collacion san pedro",
MO01SP00002,,,,,Aguja,,Aguja   ,Maestre Aguja,,tinsmiths,0,0,,,,,"ollero, neighbour of Seville collacion san pedro",
MO01SP00003,,,Valencia,,Juan,,Juan  Valencia ,Juan de Valencia,,captains,0,0,,,,,"arráez, captaineighbour ship buena ventura probably a morisco because of the title awarded in the documentation",
MO01SP00004,,,Martínez,,Diego,,Diego  Martínez ,Diego Martínez,,unskilled workers,0,0,Marina,Sánchez,,,"alhamel, morisco neighbour seville collacionsan martin",
MO07SP00005,,,Calema,,Azmet,,Azmet  Calema ,Azmet Calema,,,0,0,,,,,"slave, from gandia, slave of juan ros",
MO07SP00006,,,Calema,,Fatima,,Fatima  Calema ,Fatima Calema,,,1484,0,,,,,"slave, from gandia, sold to a gen because of a supposed debt his dad has with his master",
MR0001,47,,de Mari,,Niculoso,,Niculoso  de Mari ,Niculoso de Mar,,merchants,0,0,,,,,Estante in castile,
MR0002,47,,de Mari,,Juan,,Juan  de Mari ,Juan de Mar,,scribes,0,0,,,,,,
MT0001,69,,Mataloja,,Niculoso,,Niculoso  Mataloja ,Niculoso Mataloja,,merchants,0,1489,Leonor,Rodríguez,,MT0002,,
MT0002,69,,Rodríguez,,Leonor,,Leonor  Rodríguez ,Leonor Rodríguez,,,0,0,Niculoso,Mataloja,,MT0001,,
MU0001,49,,Mennuto,,Gastón,,Gastón  Mennuto ,Gastón Mennuto,,,0,0,,,,,Longero (manages the lonja) de los genoveses en Sevilla,
NA0001,62,,Nairone,,Antonio,,Antonio  Nairone ,Antonio di Nairone,,merchants,0,0,,,,,Estante in castile,
NA0002,62,,Nairone,,Estefano,,Estefano  Nairone ,Estafano Nairone,,merchants,0,0,,,,,estante in cordoba,
NA0003,62,,Nairone,,Jacome,,Jacome  Nairone ,Jacome Nairone,,maritime pilots,0,0,,,,,nao santa maria de la luz,
NE01BE0005,,,Acosta,,Andrés,,Andrés  Acosta ,Andrés Acosta,01BE,merchants,0,0,,,,,neighbour Bruges,
NE01DE0004,,,Gouvenot,,Laurent ,,Laurent   Gouvenot ,Laurent de Gouvenot,,public officers,0,0,,,,,"barón de Montinay 2 y gobernador de Bresa o Breza, slaver",
NE01SP0001,,,Plobier,,Jos,,Jos  Plobier ,Jos Plobier,,merchants,0,0,,,,,"Flemish, Estante in Seville 1472",
NE01SP0002,,,Vigon,,Jorge,,Jorge  Vigon ,Jorge Vign,,soldiers,0,0,,,,,lombardero (soldier of artillery) colleague of bernaldo Martínez lombardero del rey died in 1497 who dealt and travel to america with Colombus,
NE01SP0003,,,Medel,,juan,,juan  Medel ,Juan Medel,,navigators,0,0,,,,,pilot and part owner of Carabela san sebastian 1524,
NE03BE0006,,,Valobre,,Juan,,Juan  Valobre ,Juan Valobre,,merchants,0,0,,,,,neighbour Antwerp,
NO0055,,,Segura,,Manuel,,Manuel  Segura ,Manuel Segura,,notaries,0,0,,,,,"neighbour seville, notary of the 4 office",
OA0001,86,,Mirón,Coa,Par,,Par  Mirón Coa,Par Mirón Coa,,merchants,0,0,,,,,"estante, conflict witht the sopranis",
OD0001,25,,Odone,,Andrea,,Andrea  Odone ,Andrea de Odone,,merchants,0,0,,,,,arcediano de Reina,
OD0002,25,,Odone,,Luis,,Luis  Odone ,Luis de Odone,,merchants,0,0,,,,,Estante in castile,
OD0003,25,,Odone,,Juan,,Juan  Odone ,Juan de Odone,,merchants,0,0,,,,,"Estante in Seville, in 1511 stante in Lisbon",
OD0004,25,,Odone,,Felipo,,Felipo  Odone ,Felipo Oton,,merchants,0,0,,,,,,
PA0001,64,,de Passano,,Lucas,,Lucas  de Passano ,Lucas de Pasanno,,merchants,0,0,,,,,"won a law suit against FR, in 1511",
PA0002,64,,de Passano,,Juan,,Juan  de Passano ,Juan de Pasanno,,merchants,0,0,,,,,estante en medina del campo,
PA0003,64,,de Passano,,Luis,,Luis  de Passano ,Luis de Pasannois,,merchants,0,0,,,,,factor of FR in medina del campo at the cort of the king for legal disputes,
PA0004,64,,de Passano,,Esteban,,Esteban  de Passano ,Esteban Pasanno,,merchants,0,0,,,,,brokers,
PA0005,64,,de Passano,,Cosme,,Cosme  de Passano ,Cosme Passano,,merchants,0,0,,,,,estante medina del campo,
PE0001,46,,Perresujin,,Juan,,Juan  Perresujin ,Juan Perresujin,,merchants,0,0,,,,,Estante in castile,
PG01PG00003,,,Ferrera,,Diego,,Diego  Ferrera ,Diego de Ferrera,,merchants,0,0,,,,,"Neighbour of Lisbon, conducts buisness with francisco Cassana",
PG01PG00005,,,Corte,Real,Vasco,Anes,Vasco Anes Corte Real,Vasco Anes Corte Real,,agents,0,0,,,,,"veedor del señor rey de Portugal. factor for Francisco cassana, libro das Ilhas f. 163 verso",
PG01PG00013,,,Méndez,,Lope,,Lope  Méndez ,Lope Méndez,,agents,0,0,,,,,factor de la Casa de la Mina del señor rey de Portuga,
PG01PG00022,,,Zaabedra,,Gonzalo,,Gonzalo  Zaabedra ,Gonzalo de Zaabedra,,,0,0,,,,,,
PG01PG00023,,,García,,Juan,,Juan  García ,Juan García,,servants,0,0,,,,,"described as balck, has personeria jurdica to incur in debt",
PG01PG00024,,,Almeida,,Francisco,,Francisco  Almeida ,Francisco de Almeida,,,0,0,,,,,member of the council of the king of portugal don manuel 1,
PG01PG00029,,,Fonseca,,Juan,,Juan  Fonseca ,Juan de Fonseca,,exchangers,0,0,,,,,neighbour Lisbon,
PG01PG00034,,,Álvarez,,Fernando,,Fernando  Álvarez ,Fernando Alvarez,,public officers,0,0,,,,,judge administrator of the house of el Mina,
PG01PG00035,,,Noronha,,Ramon,,Ramon  Noronha ,Ramon de Noronha,,merchants,0,0,,,,,neighbour Lisbon,
PG01PG00039,,,Báez,,Martín,,Martín  Báez ,Martín Báez,,public officers,0,0,,,,,"mozo de la camara del rey, neighbour lisbon",
PG01PG00040,,,Alamego,,Juan,,Juan  Alamego ,Juan de Alamego,,cañaveralero,0,0,,,,,"neighbour of santa cruz, sugar master canaverero, works in the ingenio del realejo which belogns to the adelantado",
PG01PG00041,,,Ribadenegra,,Maria,,Maria  Ribadenegra ,Maria Ribadenegra,,chamberlady,0,0,,,,,chamberlady neighbour lisbon ,
PG01PG00042,,,Seumiya,,Jerónimo,,Jerónimo  Seumiya ,Jerónimo Seumiya,,merchants,0,0,,,,,"neighbour lisbon, slave trade and partner with the Florentines",
PG01PG00043,,,Barreto,,Rodrigo,,Rodrigo  Barreto ,Rodrigo Barreto,,merchants,0,0,,,,,"neighbour lisbon, slave trade and partner with the Florentines",
PG01PG00044,,,Pedreñal,,Alonso,,Alonso  Pedreñal ,Alonso Pedreñal,,merchants,0,0,,,,,"neighbour lisbon, slave trade weast africa",
PG01PG00045,,,Rodríguez,,Juan,,Juan  Rodríguez ,Juan Rodriguez,,navigators,0,0,,,,,"neighbour Lisbon, hired to buy slaves in cape verde and take them to Santo Domingo",
PG01PG00047,,,Magallanes,,Fernando,,Fernando  Magallanes ,Fernando de Magallanes,,navigators,0,1521,Maria,Caldera,,SP01SP002047, Portuguese explorer and a subject of the Hispanic Monarchy from 1518. He is best known for having planned and led the 1519 Spanish expedition to the East Indies.,
PG01SP00008,,,Alfonso,,Juan,,Juan  Alfonso ,Juan Alfonso,,,0,0,,,,,"Portuguese, owner or maestre of the nao santa maria",
PG01SP00010,,,Rodríguez,,Juan,,Juan  Rodríguez ,Juan Rodríguez,,clergy,0,0,,,,,sal and cal,
PG01SP00020,,,Carvalho,,francisco,,francisco  Carvalho ,Pancho de Caravalón,,merchants,0,0,,,,,neighbour of Seville collacion santa lucia,
PG01SP00021,,,,,Gonzalo,Jácomo,Gonzalo Jácomo  ,Gonzalo Jácomo,,,0,0,,,,,,
PG01SP00022,,,Yáñez,,Pedro,,Pedro  Yáñez ,Pedro Yáñez,,,0,0,Maria,Fernández,,,neighbour triana,
PG01SP00025,,,Portugal,,Jorge,,Jorge  Portugal ,Don Jorge de Portugal,,,0,0,,,,,neighbour of seville partners with balian salvago,
PG01SP00027,,,Jacome,,Gonzalo,,Gonzalo  Jacome ,Gonzalo Jacome,,merchants,0,0,,,,,neighbour terceira azorez,
PG01SP00028,,,nn,,Pedro,,Pedro  nn ,Maestro Pedro,,tanners,0,0,,,,,neighbour graciosa azorez,
PG01SP00029,,,Alburquerque,,Rodrigo,,Rodrigo  Alburquerque ,Rodrigo de Alburquerque,33SP,,0,0,,,,,neighbour salamanca c san Benito,
PG01SP00030,,,Sánchez,,Francisco,,Francisco  Sánchez ,Francisco Sánchez,,servants,0,0,,,,,criado del rey don manuel,
PG01SP00031,,,Fernández,,Pedro,,Pedro  Fernández ,Pedro Fernández,,shoemakers,0,0,,,,,neighbour seville c san isidro,
PG01SP00032,,,Rodríguez,,Cristobal,,Cristobal  Rodríguez ,Cristobal Rodríguez,,,0,0,,,,,partner with juan batista pinelo,
PG01SP00038,,,Ribero,,Nuno,,Nuno  Ribero ,Nuno Ribero,,agents,0,0,,,,,factor of the king of portugal,
PG02MA00014,,,Fernández,,Ruy,,Ruy  Fernández ,Ruy Fernandez,,agents,0,0,,,,,hacedor of Safi,
PG02MA00015,,,Acevedo,,Lope,,Lope  Acevedo ,Lope Acevedo,,scribes,0,0,,,,,scribe of Ruy Fernandez,
PG02PG00033,,,Echavarría,,Andrés,,Andrés  Echavarría ,Andrés Echavarria,,merchants,0,0,,,,,"neighbour of vitoria in oporto e in seville, partner with martin luxardo",
PG03PG00002,,,Rodríguez,Zarco,Francisco,,Francisco  Rodríguez Zarco,Francisco Rodríguez Sarco,,maritime pilots,0,0,,,,,"works for cassana in trips to the azores, Zarco",
PG04PG00004,,,Panes,,Pantaleon,,Pantaleon  Panes ,Pantaleón Panes,,merchants,0,0,,,,,Estante in Faro,
PG05PG00026,,,Rodríguez,,Vasco,,Vasco  Rodríguez ,Vasco Rodríguez,,merchants,0,0,,,,,estante Madeira,
PG05PG00044,,,Almeida,,Antonio,,Antonio  Almeida ,Antonio de Almeida,,scribes,0,0,,,,,neighbour Funchal,
PG06PG00006,,,Velázquez,,Juan,,Juan  Velázquez ,Juan Velázquez,,contador,0,0,,,,,contador mayor de la alteza,
PG12PG00001,,,Contreras,,Pedro,,Pedro  Contreras ,Pedro de Contreras,,,0,0,,,,,"neighbour of Tivara Portugal, partner with Cassana and Ximón Fornari",
PG12PG00007,,,Contreras,,Pedro,,Pedro  Contreras ,Pedro de Contreras,,,0,0,,,,,"lives in Tavira, portugal.",
PG12PG00046,,,Díaz,,Francisco,,Francisco  Díaz ,Francisco Díaz,,seamen,0,0,,,,,neighbour Tavira ,
PG14PG00012,,,Lorenzo,,Martín,,Martín  Lorenzo ,Martín Lorenzo,,maritime pilots,0,0,,,,,maestre de Santa Maria de Gracia,
PG15PG00046,,,García,,Alonso,,Alonso  García ,Alonso García,,seamen,0,0,,,,,neighbour Almodovar village,
PG15SP00011,,,González,,Pero,,Pero  González ,Pero González,,,0,0,,,,,estante in santa cruz sells boxes to di negro,
PG15SP00016,,,Díaz,,Sebastián,,Sebastián  Díaz ,Sebastián Díaz,,,0,0,,,,,father in law of Rafael Spinola,
PG15SP00017,,,Pérez,,Antón,,Antón  Pérez ,Antón Pérez,,,0,0,,,,,,
PG15SP00018,,,Alonso,,Rodrigo,,Rodrigo  Alonso ,Rodrigo Alonso,,unskilled workers,0,0,,,,,worker of Pinello,
PG15SP00019,,,Méndez,,Nicolás,,Nicolás  Méndez ,Nicolás Méndez,,merchants,0,0,,,,,Estante in castile,
PG31PG00037,,,Álvarez,,Sebastián,,Sebastián  Álvarez ,Sebastián,,agents,0,0,,,,,"estante in Malaga, factor of the king of portugal",
PG37SP00009,,,López,Lisboa,francisco,,francisco  López Lisboa,Francisco López de Lisboa,,merchants,0,0,,,,,,
PI0001,18,,Pinelli,,Benito,,Benito  Pinelli ,Benito Pinello,,merchants,0,0,,,,,"Estante in Valencia, partner with Martín Centurione",
PI0002,18,,Pinelli,,Gabriel,,Gabriel  Pinelli ,Gabriel Pinello,,merchants,0,0,,,,,"Estante, agrees to create a collaborative trip with the cassana and rivarolo to move merchandice from the ports to Cordoba and Medina del Campo",
PI0003,18,PI0100,Pinelli,,Antonio,,Antonio  Pinelli ,Antonio Pinello,,merchants,0,0,Isabel,Martínez,,,"Estante, lends money for the siege of Baza, also appears as Anton",
PI0004,18,PI0028,Pinelli,,Bernaldo,,Bernaldo  Pinelli ,Bernaldo Pinello,,merchants,0,0,,,,,"Estante, lends money for the siege of Baza",
PI0005,18,PI0028,Pinelli,,Luco,,Luco  Pinelli ,Luco Pinello,,merchants,0,1509,,,,,"estante in seville, factor of Centurion",
PI0006,18,PI0008,Pinelli,,Francisco,,Francisco  Pinelli ,Francisco Pinello,,merchants,0,1509,Maria,de la Torre,,,"receptores y depositarios de las bulas de la Santa Indulgencia de Canaria. jurado y fiel ejecutor de Sevilla, father to Juan Batista Pinello husband of Catalina Farfán (sister to Juan López Farfán, daughter to Antón Farfán). soneighbour Castelín Pinello and Catalina de Grimaldo Cybo neighbours of Genoa. brother of Pelota Pinello (sole benificiary of his testament wife of Julian calvo), Ximoneta y Franquitina Pinelli",
PI0007,18,PI0006,Pinelli,,Juan,Batista,Juan Batista Pinelli ,Juan Batista Pinello,,merchants,0,0,Catalina,Farfán,,SP30SP000165,"husband of Catalina Farfán (sister to Juan López Farfán, daughter to Antón Farfán)",
PI0008,18,,Pinelli,,Castelín,,Castelín  Pinelli ,Castelín Pinello,,merchants,0,1520,Niculosa,Cattaneo,Cybo,,,
PI0009,18,PI0008,Pinelli,,Peolota,,Peolota  Pinelli ,Pelota Pinello,,,0,0,Julian,Calvo,,CL0001,"daughter of Casteli Pinello, sister of Francisco, Ximoneta y Franquitina",
PI0010,18,,Pinelli,,Silvestre,,Silvestre  Pinelli ,Silvestre Pinello,,merchants,0,0,,,,,"estante in Lisbon, and in Tenerife",
PI0011,18,,Pinelli,,Gregorio,,Gregorio  Pinelli ,Gregorio Pynolo,,merchants,0,0,,,,,"Estante ineighbour Toledo, has a company",
PI0012,18,,Pinelli,,Batista,,Batista  Pinelli ,Batista Pinello,,merchants,0,0,,,,,Estante in castile,
PI0013,18,,Pinelli,,Jacomo,,Jacomo  Pinelli ,Jacomo Pinello,,merchants,0,0,,,,,"estante, also appears as Jacome",
PI0014,18,,Pinelli,,Filipo,,Filipo  Pinelli ,Filipo Pinello,,merchants,0,0,,,,,Estante in castile,
PI0015,18,PI0100,Pinelli,,Martin,,Martin  Pinelli ,Martin Pinello,,Monk,0,0,,,,,monk at the monastery of santa maria de cartuja,
PI0016,18,,Pinelli,,Francisco,,Francisco  Pinelli ,Francisco Pinello,,public officers,0,0,,,,,recaudador oficial de diezmos para pagar la conquista de las canarias,
PI0017,18,PI0006,Pinelli,,Luis,,Luis  Pinelli ,Luis Pinello,,public officers,0,0,,,,,"comendador, receives free land in the canaries",
PI0018,18,PI0028,Pinelli,,Agustín,,Agustín  Pinelli ,Agustín Pinello,,,0,0,,,,,,
PI0019,18,,Pinelli,,Diego,,Diego  Pinelli ,Diego Pinello,,public officers,0,0,,,,,,
PI0020,18,,Pinelli,,Juan,,Juan  Pinelli ,Juan Pinelo,,,0,0,,,,,clerigy,
PI0021,18,,Pinelli,,Franco,,Franco  Pinelli ,Franco Pinelo,,merchants,0,0,,,,,,
PI0022,18,PI0004,Pinelli,,Luis,,Luis  Pinelli ,Luis Pinelo,,merchants,0,0,,,,,,
PI0023,18,PI0004,Pinelli,,Jeronimo,,Jeronimo  Pinelli ,Jeronimo Pinelo,,merchants,0,0,,,,,,
PI0024,18,PI0100,Pinelli,,Orentina,,Orentina  Pinelli ,Orentina Pinello,,,0,0,Batista,Duran,,UK0027,wife of batista duran and sister to antonio and martin,
PI0025,18,PI0100,Pinelli,,Fransiqueta,,Fransiqueta  Pinelli ,Fransiqueta Pinello,,,0,0,Batista,Testan,,UK0082,wife of batista de testan and sister to antonio and martin,
PI0026,18,,Pinelli,,Lorenzo,,Lorenzo  Pinelli ,Lorenzo Pinello,,merchants,0,1522,,,,,"neighbour seville collacionSanta Maria, former agluacil of the Casa de Contratación",
PI0027,18,SP0048,Pinelli,,Arguenta,,Arguenta  Pinelli ,Arguenta Pinello,,,0,0,,,,,neighbour puerto Sta Maria,
PI0028,18,,Pinelli,,nn,,nn  Pinelli ,nn Pinelo,,merchants,0,0,,,,,father of bernaldo and agusti,
PI0029,18,PI0005,Pinelli,,Luis,,Luis  Pinelli ,Luis Pinelo,,merchants,0,0,,,,,neighbour seville c san isidro,
PI0030,18,PI0005,Pinelli,,Jerónimo,,Jerónimo  Pinelli ,Jerónimo Pinello,,merchants,0,0,,,,,neighbour seville collacionsanta maria,
PI0031,18,PI0005,Pinelli,,Isabel,,Isabel  Pinelli ,Isabel Pinello,,,0,0,,,,,neighbour seville collacionsanta maria,
PI0032,18,,Pinelli,,Gonzalo,,Gonzalo  Pinelli ,Gonzalo Pinelo,,merchants,0,0,,,,,trades in slaves partner with balck slaves,
PI0033,18,,Pinelli,,Pedro,,Pedro  Pinelli ,Pedro Pinello,,merchants,0,0,,,,,merchant trade in slaves in valencia,
PI0100,18,,Pinelli,Aspiran,Domenego,,Domenego  Pinelli Aspiran,Domenego Aspiran,,merchants,0,0,,,,,father of Martin and Antonio,
PL0001,77,,Palmario,,Agustín,,Agustín  Palmario ,Agustín Palmaro,,merchants,0,0,,,,,trades in orchilla with the rivarolo,
PL0002,77,,Palmario,,Venizio,,Venizio  Palmario ,Venizio Palmaro,,merchants,0,0,,,,,,
PO0001,19,,Pomaro,,Andrea,,Andrea  Pomaro ,Andrea de Pomar,,merchants,0,0,,,,,"Estante in Seville, lives in Francisco de Rivarolo house in 1495",
PO0002,19,,Pomaro,,Benito,,Benito  Pomaro ,Benito de Pomar,,merchants,0,0,,,,,Estante in Seville,
PO0003,19,,Pomaro,,Francisco,,Francisco  Pomaro ,Francisco Pomar,,merchants,0,0,,,,,"neighbour, buys sugar factory, land and a windmill form alonso de lugo",
PO0004,19,,Cerezo,,Antonio,,Antonio  Cerezo ,Antonio de Cerezo,,merchants,0,0,,,,,purchase land in Canaria over the allowed cost with permission,
PO0005,19,,Pomaro,,Alonso,,Alonso  Pomaro ,Alonso de Tomar,,merchants,0,0,,,,,neighbour Malaga,
PO0006,19,,Pomaro,,Felipe,,Felipe  Pomaro ,Felipe Palomar,,merchants,0,0,,,,,estante sicily,
PO0007,19,,Pomaro,,Jerónimo,,Jerónimo  Pomaro ,Jerónimo Pomar,,merchants,0,0,,,,,neighbour Genoa,
PO0008,19,,Pomaro,,Agustin,,Agustin  Pomaro ,Agustin Palomar,,merchants,0,0,,,,,estante Valencia,
PO0009,19,,Pomaro,,Juan,,Juan  Pomaro ,Juan de Pomar,,servants,0,0,,,,,Servant of the Jury Bernardino de Isla in 1519.,
PR0001,35,,Prezenda,,Gregorio,,Gregorio  Prezenda ,Gregorio Presenda,,merchants,0,0,,,,,"Estante, lends money for the seige of Baza",
PR0002,35,PR0003,Prezenda,,Bernaldo,,Bernaldo  Prezenda ,Bernaldo Presenda,,merchants,0,0,,,,,"Merchant estante in Seville, soneighbour Domenego Presenda",
PR0003,35,,Prezenda,,Domenego,,Domenego  Prezenda ,Domenego Presenda,,,0,0,,,,,,
PV0001,90,,Pallavicini,,Francisco,,Francisco  Pallavicini ,Francisco Palavesin,,merchants,0,0,,,,,estante Bruges,
PV0002,90,,Pallavicini,,Andrea,,Andrea  Pallavicini ,Andrea Pallavicino,,merchants,0,0,,,,,estante in seville,
PV0003,90,,Pallavicini,,Juan,,Juan  Pallavicini ,Juan Palavezin,,merchants,0,0,,,,,e seville partner with strotzzi in medina del campo and grimaldo in seville,
PV0004,90,PV0005,Pallvicini,,Juan,Btista,Juan Btista Pallvicini ,Juan Batista Palavesin,,merchants,0,0,,,,,partner with estevan salvago,
PV0005,90,,Pallvicini,,Cosin,,Cosin  Pallvicini ,Cosin Pallavicini,,merchants,0,1504,,,,,father of juan batista,
PV0006,90,,Pallavicini,,Damian,,Damian  Pallavicini ,Damian Pallavicino,,merchants,0,0,,,,,neighbour Antwerp,
RA0001,93,,de Rapallo,,Julian,,Julian  de Rapallo ,Julian de Rapalo,,merchants,0,0,,,,,estante Jerez,
RA0002,93,,de Rapallo,,Agostin,,Agostin  de Rapallo ,Agostin de Rapalo,,merchants,0,0,,,,,estante Jerez,
RA0003,93,,de Rapallo,,Polo,,Polo  de Rapallo ,Polo Rapallo,,merchants,0,0,,,,,e seville partner of lazaro de arba,
RE0001,57,,Requelmo,,Francisco,,Francisco  Requelmo ,Francisco Requelmo,,merchants,0,0,,,,,Estante in Seville,
RE0002,57,,Requelmo,,Anto,,Anto  Requelmo ,Anton Requelmo,,merchants,0,0,,,,,estante in the port of santa maria,
RI0001,82,,Riccio,,Domenego,,Domenego  Riccio ,Domenigo Riço,,merchants,0,0,,,,,"buys a morish slave in order to collect rescue when taken back to north african lands, a.k.a riso",
RI0002,82,,Riccio,,Jácomo,,Jácomo  Riccio ,Jácomo Riço,,apothecaries,0,0,,,,,neighbour of seville barrio la mar,
RI0003,82,,Riccio,,Esteban,,Esteban  Riccio ,Esteban Ricio,,merchants,0,0,,,,,n cort,
RO0001,,,,,Isabel,,Isabel   ,Isabella I,40SP,Queeneighbour Castile,1451,1504,Ferdinando,Aragon,,RO0002,"reigned as Queeneighbour Castile from 1474 until her death. Her marriage to Ferdinand II of Aragon became the basis for the political unificationeighbour Spain under their grandson, Charles V. After a struggle to claim her right to the throne, she reorganized the governmental system, brought the crime rate to the lowest it had been in years, and unburdened the kingdom of the enormous debt her brother had left behind. Her reforms and those she made with her husband had an influence that extended well beyond the borders of their united kingdoms. Isabella and Ferdinand are known for completing the Reconquista, ordering conversion or exile of their Muslim and Jewish subjects, and for supporting and financing Christopher Columbus's 1492 voyage that led to the opening of the New World and to the establishment of Spain as the first global power which dominated Europe and much of the world for more than a century. Isabella, granted together with her husband the title ""the Catholic"" by Pope Alexander VI, was recognized as a Servant of God by the Catholic Church in 1974.",
RO0002,,,,,Ferdinando,,Ferdinando   ,Ferdinand II,38SP,King of Aragon,1452,1516,Isabel,Castilla,,RO0001,"Ferdinand had a role in inaugurating the first European encounters in the future Americas, since he and Isabella sponsored the first voyage of Christopher Columbus (1451–1506), in 1492. That year was the final victory in the war with Granada which defeated the last Muslim state in Iberia and all of Western Europe. This brought to a close the centuries-long Christian reconquest of Iberia. For that Christian victory, Pope Alexander VI, born in the Kingdom of Valencia, awarded the royal couple the title of Catholic Monarchs",
RO0003,,RO0004,d'Aviz,,Manuele,,Manuele  d'Aviz ,D. Manuel,10PG,Duke of Beja/ King of Portugal,1469,1521,Maria,Aragon,,RO0021,"Don Manuel I King of Portugal and the Algarves, was the soneighbour Ferdinand, Duke of Viseu, by his wife, the Infanta Beatrice of Portugal",
RO0004,,,d'Aviz,,Joao,,Joao  d'Aviz ,D. John II,01PG,King of Portugal,1455,1495,Eleanor,Viseu,,,"He is known for re-establishing the power of the Portuguese monarchy, reinvigorating the Portuguese economy, and renewing his country's explorationeighbour Africa and the Orient",
RO0005,,RO0003,d'Aviz,,Joao,,Joao  d'Aviz ,D. John III,01PG,King of Portugal,1502,1557,Catherine,Austria,,,"During his rule, Portuguese possessions were extended in Asia and in the New World through the Portuguese colonizationeighbour Brazil. John III's policy of reinforcing Portugal's bases in India (such as Goa) secured Portugal's monopoly over the spice trade of cloves and nutmeg from the Maluku Islands, as a result of which John III has been called the ""Grocer King"". On the eve of his death in 1557, the Portuguese empire had a global dimension and spanned almost 1 billion acres",
RO0006,,,Díaz,Vivar,Rodrigo,,Rodrigo  Díaz Vivar,Rodrigo Díaz de Vivar y Mendoza,34SP,marqués de Cenete,1466,1523,,,,,"Problem: Otte transcribs el marques de Cañete but the correct transcription is Cenete. Rodrigo Díaz de Vivar y Mendoza, (c. 1466, Guadalajara – February 22, 1523, Valencia) was a Spanish noble of the House of Mendoza. He was the firstborn soneighbour the powerful Cardinal Pedro González de Mendoza and went on to become the 1st Conde del Cid and the 1st Marquis of Cenete, a title he held from 1491 until his death.",
RO0007,,,Sanseverino,,Roberto,,Roberto  Sanseverino ,Roberto de SanSeverino,03IT,Prince of Salerno,1430,1474,,,,,"Roberto II Sanseverino fue hijo de Antonello Sanseverino (1458-1499), gran almirante del Reino de Nápoles y cabecilla de la revuelta antiaragonesa conocida como la Conjura de los barones, y de Costanza di Montefeltro, hija de Federico da Montefeltro, duque de Urbino.",
RO0008,,,Fernández,Córdoba,Diego,,Diego  Fernández Córdoba,Diego Fernández de Córdoba,01AL,marqués de Comares,1463,1518,,,,,"invested 1st marquis of Comares in 1512, was Governor of Oran and Mazalquivir, 1509–1512 and 1516–1518, and first Viceroy of Navarre, 1512-1515",
RO0009,,,Fernández,Córdoba,Pedro,,Pedro  Fernández Córdoba,Pedro Fernández de Córdoba y Pacheco,04SP,Marques de Priego,1470,1517,,,,,"Pedro Fernández de Córdoba y Pacheco (Aguilar de la Frontera, Córdoba, 1470 - Olías del Rey, Toledo, 24 de enero de 1517) fue un noble español, jefe de la Casa de Aguilar como VII señor de Aguilar de la Frontera y X de la Casa y Estado de Córdoba.",
RO0010,,,,,,,   ,conde de palam,,,0,0,,,,,"unknown noble transcribed by Otte, unknown because by 1508 the duque of palma was the king of Aragon thus it does not make sense that the scribe wouldn't have recognized the highest honor of this individual",
RO0011,,,Mendoza,,Rodrigo,,Rodrigo  Mendoza ,don Rodrigo de Mendoza,34SP,marqués de Cenete/ conde del Cid,1466,1523,,,,,"Rodrigo Díaz de Vivar y Mendoza, (c. 1466, Guadalajara – February 22, 1523, Valencia) was a Spanish noble of the House of Mendoza. He was the firstborn soneighbour the powerful Cardinal Pedro González de Mendoza and went on to become the 1st Conde del Cid and the 1st Marquis of Cenete, a title he held from 1491 until his death",
RO0012,,,Ponce,León,Luis,,Luis  Ponce León,don Luis de Ponce de León,,duque de la ciudad de Arcos,0,1526,,,,,"Luis Ponce de León (muerto el 20 de julio de 1526) fue un juez español, gobernador de la Nueva España durante un breve periodo de tiempo (del 4 al 16 julio de 1526).",
RO0013,,,Sanseverino,,Roberto,,Roberto  Sanseverino ,Roberto II Sanseverino,07IT,príncipe de Salerno,1485,1508,,,,,"Roberto II Sanseverino fue hijo de Antonello Sanseverino (1458-1499), gran almirante del Reino de Nápoles y cabecilla de la revuelta antiaragonesa conocida como la Conjura de los barones, y de Costanza di Montefeltro, hija de Federico da Montefeltro, duque de Urbino. Convertido a la muerte de su padre en III príncipe de Salerno, 13° conde de Marsico y barón de Sanseverino, en 1506 contrajo matrimonio en Zaragoza con Marina de Aragón y Sotomayor (1485-1513), hija de Alfonso de Aragón y de Escobar, I duque de Villahermosa y conde de Ribagorza, y de Leonor de Sotomayor, nieta por línea paterna del rey Juan II de Aragón.2​ Del matrimonio nació Fernando Sanseverino de Aragón (1507-1572), con quien se extinguió la familia de los Sanseverino príncipes de Salerno.",
RO0014,,,Ponce,León,Rodrigo,,Rodrigo  Ponce León,Rodrigo Ponce de León,,duque de la ciudad de Arcos,1493,1530,,,,,duque de arcos,
RO0015,,,Pérez,Guzmán,Enrique,,Enrique  Pérez Guzmán,Don Enrique Pérez de Guzmán y Fonseca,,VII señor de Sanlúcar/IV conde de Niebla/ II duque de Medina Sidonia/I marqués de Gibraltar,0,1492,,,,,"Don Enrique Pérez de Guzmán y Fonseca, 2nd Duke of Medina Sidonia (d. 1492), became the second Duke in 1468. Born out of wedlock, his birth was later legitimised by the ""Reyes Católicos"" Ferdinand and Isabella, and consequently he obtained the right to inherit the title from his father, Juan Alonso de Guzmán. He participated in the Conquest of the Emirate of Granada, and was granted in 1478 the title of Marquis of Gibraltar.",
RO0016,,,Moscoso,Osorio,Lope,,Lope  Moscoso Osorio,Lope de Moscoso Osorio y Andrade,69SP,IV Conde de Altamira,1496,1550,Ana,Toledo,Osorio,,"III conde de Altamira, se casó con Ana de Toledo y Osorio (m. 21 de marzo de 1549),2​ hija de Pedro Álvarez de Toledo y Zúñiga, virrey de Nápoles y de María Osorio Pimentel, II marquesa de Villafranca del Bierzo",
RO0017,,,Toledo,Osorio,Ana,,Ana  Toledo Osorio,Ana de Toledo y Osorio,33SP,condesa de altamira,1510,1549,Lope,Moscoso,Osorio,,,
RO0018,,,Silva,Castañeda,Juan,,Juan  Silva Castañeda,Juan de silva y Castañeda,,count,0,0,Catalina,Toledo,,,"III conde de Cifuentes, alférez mayor de Castilla, capitán general de Sevilla y presidente del Consejo de Castilla. Se casó en 1473 con Catalina de Toledo (m. 1525)",
RO0019,,,Fernández,Lugo,Alonso,,Alonso  Fernández Lugo,Alonso Fernández de Lugo,27SP,Adelantado of the Canary Islands Tenerife and La Palma/ Captain General of the coast of Africa,0,1525,,,,,"was a Spanish military man, conquistador, city founder, and administrator. He conquered the islands of La Palma (1492–1493) and Tenerife (1494–1496) for the Castilian Crown; they were the last of the Canary Islands to be conquered by Europeans. He was also the founder of the towns of San Cristóbal de La Laguna, Santa Cruz de Tenerife and Santa Cruz de La Palma. One biographer has written that his personality was a “terrible mixture of cruelty and ambition or greed, on one part, and on the other a great capacity and sense for imposing order and government on conquered lands,” a trait found in the conquistadors of the New World.",
RO0020,,,Álvarez,Toledo,Fadrique,,Fadrique  Álvarez Toledo,Fadrique Álvarez de Toledo y Enríquez,33SP,Duke of Alba,1460,1531,,,,,https://es.wikipedia.org/wiki/Fadrique_%C3%81lvarez_de_Toledo_y_Enr%C3%ADquez,
RO0021,,RO0002,Aragon,,Maria,,Maria  Aragon ,Maria de Aragon,04SP,queeneighbour portugal,1482,1517,Manuel,Viseu,,,"Maria of Aragon (29 June 1482 – 7 March 1517) was a Spanish infanta, and queen consort of Portugal as the second spouse of Portuguese King Manuel I.",
RO0022,,,Téllez-Girón,,Juan,,Juan  Téllez-Girón ,Juan Téllez-Girón,,Señor de Osuna,1456,1528,,,,,"Juan Téllez-Girón, (Moral de Calatrava, 1456-Osuna, 21 de mayo de 1528). Ricohombre castellano, fue el segundo conde de Urueña, notario mayor de Castilla, señor de Osuna, Tiedra, Peñafiel, Briones, Frechilla, Morón de la Frontera, Archidona, Arahal, Cazalla de la Sierra, Gelves, Gumiel de Izán, Olvera y Ortejicar.",
RO0023,,RO0002,Castille,,Juana,,Juana  Castille ,Juana,08SP,Queeneighbour Spain,1479,1555,,,,,"oanna (6 November 1479 – 12 April 1555), known historically as Joanna the Mad (Spanish: Juana la Loca), was Queeneighbour Castile from 1504, and of Aragon from 1516. Modern Spain evolved from the unioneighbour these two crowns. Joanna was married by arrangement to Philip the Handsome, Archduke of the House of Habsburg, on 20 October 1496.[1] Following the deaths of her brother, John, Prince of Asturias, in 1497, her elder sister Isabella in 1498, and her nephew Miguel in 1500, Joanna became the heir presumptive to the crowns of Castile and Aragon. When her mother Queen Isabella I of Castile died in 1504, Joanna became Queeneighbour Castile, while her father, King Ferdinand II of Aragon, proclaimed himself 'Governor and Administrator of Castile'.[2] In 1506 Archduke Philip became King of Castile jure uxoris, initiating the rule of the Habsburgs in the Spanish kingdoms, and died that same year. Despite being the ruling Queeneighbour Castile, she had little effect on national policy during her reign as she was declared insane and imprisoned in Tordesillas under the orders of her father, who ruled as regent until his death in 1516, when she inherited his kingdom as well. From 1516, when her son Charles I ruled as king, she was nominally co-monarch but remained imprisoned until her death.",
RO0024,,,Sotomayor,Portugal,Alonso,Francisco,Alonso Francisco Sotomayor Portugal,Alonso Francisco de Zúñiga y Sotomayor,44SP,Count of Belelacazar,1498,1544,,,,,"Alonso Francisco de Sotomayor y Portugal, luego Alonso Francisco de Zúñiga y Sotomayor (ca. 1498 - Belalcázar, 4 de noviembre de 15441​), III duque consorte de Béjar, Grande consorte de España y III duque consorte de Plasencia, Grande consorte de España, II marqués consorte de Gibraleón, II marqués consorte de Ayamonte y IV conde consorte de Bañares, V conde de Belalcázar, V vizconde de la Puebla de Alcocer y VI señor de las cinco villas de la Puebla e Errera, miembro del Consejo de Hacienda del emperador Carlos V.",
RO0025,,,nn,,nn,,nn  nn ,Inquisition,,Inquisitor,0,0,,,,,Inquisition,
RO0026,,,Aragon,Sotomayor,Alfonso,,Alfonso  Aragon Sotomayor,Alfonso de Aragón y Sotomayor,03SP,duke,1479,1513,,,,,"Hijo legítimo de Alfonso de Aragón y Escobar, I duque de Villahermosa y conde de Ribagorza, y de Leonor de Sotomayor y Portugal, recibió de su padre el ducado que para él había creado Juan II de Aragón, en tanto el condado de Ribagorza pasó a su medio hermano Juan, hijo ilegítimo de su padre y de María Lunques. No contrajo matrimonio, pero tuvo con una mujer desconocida una hija ilegítima llamada Leonor de Aragón.1​ A su muerte, el ducado lo heredó su sobrino, Fernando Sanseverino de Aragón, hijo de su hermana Mariana de Aragón y de Sotomayor (1485-1513), y de Roberto II de Sanseverino, fallecido en 1508, príncipe de Salerno, conde de Marsico y miembro de la Casa de Sanseverino.",
RO0027,,,Moncada,,Guillermo,Ramon,Guillermo Ramon Moncada ,Don Guillermo Ramon de Moncada VI,,Conde de Aderno/ conde de sclafan,0,0,,,,,"V conde de Adernò, V conde de Sclafani, maestre justiciero del reino de Sicilia, contrajo matrimonio con Contessina de Moncada, Condesa de Agosta y Caltanageta. Fue nombrado gobernador general del Reino de Sicilia y peleó en la guerra contra los turcos.",
RO0028,,,Suárez,Figueroa,Lorenzo,,Lorenzo  Suárez Figueroa,Lorenzo Suarez Figueroa III,,Count of Feria,1505,1528,Catalina,Fernández,Cordoba,,"Lorenzo III Suárez de Figueroa fue hijo de Gomes II Suárez de Figueroa, II Conde de Feria y de María Álvarez de Toledo, hija de García Álvarez de Toledo y Carrillo de Toledo, I duque de Alba de Tormes. ",
RO0029,,,Habsburg,,Charles,,Charles  Habsburg ,Charles V of Hasburg,,Holy Roman Emperor,1500,1558,Isabella,Portugal,,,"Charles V[b] (24 February 1500 – 21 September 1558) was Holy Roman Emperor and Archduke of Austria from 1519, King of Spain (Castile and Aragon) from 1516, and Lord of the Netherlands as titular Duke of Burgundy from 1506. As head of the rising House of Habsburg during the first half of the 16th century, his dominions in Europe included the Holy Roman Empire, extending from Germany to northern Italy with direct rule over the Austrian hereditary lands and the Burgundian Low Countries, and a unified Spain with its southern Italian kingdoms of Naples, Sicily, and Sardinia",
RO0030,,,Fernández,Córdoba ,Gonzalo,,Gonzalo  Fernández Córdoba ,Gonzalo Fernández de Córdoba,,El Gran Capitán,1453,1515,Maria,Manrique,Lara,RO0031,"1st Duke of Santángelo (1497), Terranova (1502), Andría, Montalto and Sessa (1507)",
RO0031,,,Manrique,Lara,Maria,,Maria  Manrique Lara,María Manrique de Lara y Espinosa,,maritime pilots,0,0,Gonzalo,Fernández,Córdoba,RO0030,"Lady of Queen Isabel, of the lineage of the Dukes of Nájera",
RO0032,,,Fernández ,Velasco,Íñigo ,,Íñigo   Fernández  Velasco,Íñigo Fernández de Velasco,,duke of frias,0,0,,,,,"Don Íñigo Fernández de Velasco y López de Mendoza, segundo duque de la villa de Frías, cuarto conde de Haro, octavo Condestable de Castilla, mayorazgo y señor de la Casa de Velasco, Caballero del Toisón de Oro",
RO0033,,RO0003,d'Aviz,,Isabella,,Isabella  d'Aviz ,Isabella of Portugal,,Empress,1503,1539,Charles,Habsburg,,RO0029,"Empress of the Carnation, was Holy Roman Empress, Queen consort of Spain, Germany, and Italy, and Lady of the Netherlands",
RO0034,,,Pérez,Osorio,Álvaro ,,Álvaro   Pérez Osorio,Álvaro Pérez Osorio,,marqués de Astorga,1480,1523,,,,,"Grande de Castilla, III duque de Aguiar (último en usar este título), III marqués de Astorga, IV conde de Trastámara y señor del condado de Villalobos.",
RO0035,,,Guzmán,,Manuel,,Manuel  Guzmán ,Manuel de Guzmán,,noble,0,0,,,,,neighbour seville collacionomnium sanctorum,
RO0036,,,ortiz ,zuñiga ,Alfonso,,Alfonso  ortiz  zuñiga ,alfonso ortiz de zuñiga ,,noble,0,0,,,,,neighbour seville collacionsan andres,
RO0037,,,Enríquez,,Enrique,,Enrique  Enríquez ,Enrique Enríquez,,Royal chaplain,0,0,,,,,neighbour Almazan,
RO0038,,,Zúñiga,Pérez de Guzmán,Álvaro,,Álvaro  Zúñiga Pérez de Guzmán,Álvaro de Zúñiga y Pérez de Guzmán,33SP,Duke of Béjar,1450,1531,Teresa,Zúñiga,,,neighbour Salamanca,
RO0039,,,Enríquez,Quiñones,Aldonza,,Aldonza  Enríquez Quiñones,Aldonza Enríquez de Quiñones,,duches,1450,1520,Juan,Folch,Cardona,RO0040,"condesa de Cardona (1486-1491) y luego I duque de Cardona (1491-1513), VI conde de Prades y VI barón de Entenza (1486-1513), vizconde de Villamur (1486-1513) y I marqués de Pallars Sobirá (1491-1513",
RO0040,,,Folch,Cardona,Juan,Ramon,Juan Ramon Folch Cardona,Juan Ramón Folch IV de Cardona,,duke,1446,1513,Aldonza,Enríquez,Quiñones,RO0039,"conde de Cardona (1486-1491) y luego I duque de Cardona (1491-1513), VI conde de Prades y VI barón de Entenza (1486-1513), vizconde de Villamur (1486-1513) y I marqués de Pallars Sobirá (1491-1513",
RO0041,,,Ponce,León,Manuel,,Manuel  Ponce León,Manuel Ponce de Leon,,Knight,0,0,,,,,neighbour Jerez,
RO0042,,,Zúñiga,Pérez de Guzmán,Álvaro,,Álvaro  Zúñiga Pérez de Guzmán,Álvaro de Zúñiga y Pérez de Guzmán,,Duke,1450,1531,Maria,Zúñiga,Pimentel,,Duke of Palencia,
RV0001,4,,Rivarolo,,Jacome,,Jacome  Rivarolo ,Jacome de Rivarolo,,merchants,0,0,,,,,"Merchant in the late fifteen century and early sixteen. He was a Estante in Seville. He was partner with Andrea de Cassana, owner of the Nao Santa Maria contructed in 1501",
RV0002,4,RV0004,de Sopranis,Rivarolo,Jacomo,,Jacomo  de Sopranis Rivarolo,Jacomo de Rivarolo,,merchants,0,0,,,,,"soneighbour Antonio de Rivarolo, may be the same Jacome de Rivarolo",
RV0003,4,RV0100,de Sopranis,Rivarolo,Francisco,,Francisco  de Sopranis Rivarolo,Francisco de Rivarolo,,merchants,0,1514,Giacominetta,Sopranis de Andorra,,,"Merchant in the late fifteen century and early sixteen. He was a Estante in Seville. He was brother to Cosme de Rivarolo and partner, friends of Cristoforo Colombo and Banker in Seville. Own profitable Sugar networ that extended from The Canary Island to Genova and to Antwerp in Bruges.",
RV0004,4,,de Sopranis,Rivarolo,Antonio,,Antonio  de Sopranis Rivarolo,Antonio de Sopranis de Rivarolo,,merchants,0,0,,,,,estante in seville,
RV0005,4,RV0100,Rivarolo,,Cosme,,Cosme  Rivarolo ,Cosme de Rivarolo,,merchants,0,1527,Bendetiina,Sopranis de Andorra,,,"Merchant in the late fifteen century and early sixteen. He is regidor in 1502 of grancanry. He was a Estante in Seville. He was brother to Francisco de Rivarolo. partner with Silvestre de Brine, who's son travels with Gaspar Cassana in",
RV0006,4,,Rivarolo,,Batista,,Batista  Rivarolo ,Batista de Rivarolo,,merchants,0,0,,,,,Merchant and regidor Neighbour of Gran Canaria,
RV0007,4,,Rivarolo,,Juan,Batista,Juan Batista Rivarolo ,Juan Batista de Rivarolo,,merchants,0,0,,,,,Merchant estante in seville,
RV0008,4,RV0010,de Sopranis,Rivarolo,Pero,Juan,Pero Juan de Sopranis Rivarolo,Pero Juan de Rivarolo,,merchants,0,0,,,,,estante in seville,
RV0009,4,,de Sopranis,Rivarolo,Luis,,Luis  de Sopranis Rivarolo,Luis de Rivarolo,,merchants,0,0,,,,,estante in seville,
RV0010,4,RV0100,de Sopranis,Rivarolo,Juanoto,,Juanoto  de Sopranis Rivarolo,Gianotto de Sopranis,,merchants,0,0,,,,,brother of Francisco de Rivarolo,
RV0011,4,RV0003,de Sopranis,Rivarolo,Bartolomé,,Bartolomé  de Sopranis Rivarolo,Bartolomeo de Sopranis,,merchants,0,1512,,,,,"Soneighbour Francisco de Rivarolo, brother of jacome de sopranis",
RV0012,4,,,,Susana,,Susana   ,Susana,,servants,0,0,,,,,ama of Francisco de Rivarolo,
RV0013,4,RV0003,de Sopranis,Rivarolo,Jacome,,Jacome  de Sopranis Rivarolo,Jacome de Sopranis,,merchants,0,0,,,,,,
RV0014,4,RV0004,Rivarolo,,Juan,,Juan  Rivarolo ,Juan Rivarolo,,servants,0,0,,,,,"Free Slave. Alí, su esclavo de color blanco, natural del reino de Túnez, de edad de 50 años",
RV0015,4,RV0005,Rivarolo,Portugal,Gonzalo,,Gonzalo  Rivarolo Portugal,Gonzalo Rivarolo de Portugal,,merchants,0,0,,,,,bought some fishing equipment in seville with help of the comitre de la reina,
RV0016,4,,Constantina,,Benito,,Benito  Constantina ,Benito de Constantina,,servants,0,0,,,,,criado of Pero Juan Rivarolo and factor of Francisco de Rivarolo,
RV0017,4,,Rivarolo,,Lorenzo,,Lorenzo  Rivarolo ,Lorenzo de Rivarolo,,merchants,0,0,,,,,Estante in castile,
RV0018,4,,Rivarolo,NULL,Lucano,,Lucano  Rivarolo NULL,Lucano de Riberol,03IT,merchants,0,0,,,,,neighbour of Gran Canary,
RV0019,4,RV0003,de Sopranis,Rivarolo,Mariettina,,Mariettina  de Sopranis Rivarolo,Mariettina Sopranis de Rivarolo,,,0,0,Berlando,Castiglione,,CG0006,only heir to the FR1 fortune,
RV0020,4,RV0006,Quijada,,Leonor,,Leonor  Quijada ,Leonor Quijada,,,0,0,Pedro,Vera,,SP11SP000011,"daughter of batista, married to pedro vera who was already marriead and because of the conflict that springs out of this he kills her cousin Bartolomeo",
RV0021,4,RV0005,de Sopranis,Rivarolo,Agustin,,Agustin  de Sopranis Rivarolo,Agustin de Rivarolo,,merchants,0,0,,,,,neighbour of gra canary,
RV0022,4,,Rivarolo,,Jerónimo,,Jerónimo  Rivarolo ,Jeroniom Rivarolo,,merchants,0,0,,,,,"after the death of Bartolomeo he is the factor of his interestsin 1523 he lives in america, not sure where but FR1 had houses in 01DR",
RV0023,4,,Rivarolo,,Esteban,,Esteban  Rivarolo ,Esteban Rivarolo,,merchants,0,0,,,,,,
RV0024,4,,Rverol,,Pero,Juan,Pero Juan Rverol ,Pero Juan,,merchants,0,0,,,,,Estante in castile,
RV0100,4,,Rivarolo,,Pietro,Giovanni,Pietro Giovanni Rivarolo ,Pietro Giovanni Rivarolo,,merchants,0,0,,,,,"Head of the Rivarolo commerce in Southampton since 1431. Father of Francisco, Cosme and juanoto, gerolamo (no aparece en Sv)",
SA0001,21,,Salvago,,Lucas,,Lucas  Salvago ,Lucas Salvago,,merchants,0,0,,,,,Estante in castile,
SA0002,21,SA0014,Salvago,,Balian,,Balian  Salvago ,Balian Salvago,,merchants,0,0,,,,,Estante in castile,
SA0003,21,,Salvago,,Alcajame,,Alcajame  Salvago ,Alcajame Salvago,,merchants,0,0,,,,,Estante in castile,
SA0004,21,,Salvago,,Bernaldo,,Bernaldo  Salvago ,Bernaldo Salvago,,merchants,0,0,,,,,"estante in Seville, exchanger for pedro centurion and perceval cattaneo",
SA0005,21,SA0017,Salvago,,Jerónimo,,Jerónimo  Salvago ,Jerónimo Salvago,,merchants,0,0,,,,,"estante in seville, part of the lawsuit against Fernando de Vejer, corredor de lonja 1497",
SA0006,21,SA0021,Salvago,,Domenego,,Domenego  Salvago ,Domenego Salvago,,merchants,0,0,,,,,Estante in castile,
SA0007,21,,Salvago,,Jacomo,Felipo,Jacomo Felipo Salvago ,Jacomo de Felipo Salvago,,merchants,0,0,,,,,"estante, in the buisness of precius metals and stones",
SA0008,21,,Salvago,,Esteban,,Esteban  Salvago ,Esteban Salvago,,merchants,0,0,,,,,holded goods and money for the Garibaldo,
SA0009,21,,Salvago,,Cristobal,,Cristobal  Salvago ,Cristóbal Salvago,,merchants,0,0,,,,,vecino in 1492 alcalde de ejecuciones,
SA0010,21,,Salvago,,Cosme,,Cosme  Salvago ,Cosme Salvago,,merchants,0,0,,,,,Estante in castile,
SA0011,21,,Salvago,,Gaspar,,Gaspar  Salvago ,Gaspar Salvago,,merchants,0,0,,,,,Estante in castile,
SA0012,21,SA0011,Salvago,,Nicoluso,,Nicoluso  Salvago ,Nicoluso Salvago,,merchants,0,0,,,,,Estante in castile,
SA0013,21,SA0014,Salvago,,Antonio,,Antonio  Salvago ,Antonio Salvago,,merchants,0,0,,,,,1495 consul of the genoese in seville,
SA0014,21,,Salvago,,nn,,nn  Salvago ,nn,,,0,0,,,,,father of Balian and Antonio,
SA0015,21,,Salvago,,Juan,Agustín,Juan Agustín Salvago ,Juan Agustín Salvago,,Regent of La Gomera,0,0,,,,,Regente de la Gomera,
SA0016,21,,Salvago,,Pedro,Juan,Pedro Juan Salvago ,Pedro Juan Salvago,,,0,0,,,,,partner with juan batista lomelini doing businenss in leon,
SA0017,21,,Salvago,,Pedro,,Pedro  Salvago ,Pedro Salvago,,,0,1506,,,,,father of jeronimo,
SA0018,21,,Salvago,,Juan,,Juan  Salvago ,Juan Salvago,,lawyers,0,0,,,,,neighbour seville collacionsanta maria,
SA0019,21,SA0020,Salvago,,Luco,,Luco  Salvago ,Luco Salvago,,,0,0,,,,,,
SA0020,21,,Salvago,,Larany,,Larany  Salvago ,Lrany salvago,,,0,0,,,,,,
SA0021,21,,Salvago,,Galeoto,,Galeoto  Salvago ,Galeoto Salvago,,merchants,0,1508,,,,,father of domenego salvago,
SA0022,21,,Salvago,,Lazaro,,Lazaro  Salvago ,Lazaro Salvago,,merchants,0,0,,,,,"neighbour seville, one of the renters of the almojarisfasgo mayor de sevilla in 1526",
SA0023,21,,Salvago,,Ambrosio,,Ambrosio  Salvago ,Ambrosio Salvago,,merchants,0,0,,,,,estante Seville,
SA0024,21,,Salvago,,Batista,,Batista  Salvago ,Batista Salvago,,merchants,0,0,,,,,estante Malaga,
SA0025,21,,Salvago,,Francisco,,Francisco  Salvago ,Francisco Salvago,,lawyers,0,0,,,,,"Lawyer, neighbour seville",
SC0001,38,SC0100,Scaglia,,Duardo,,Duardo  Scaglia ,Duardo Scaglia,,merchants,0,0,,,,,"also known as Eduardo, consul de la lonja 1495",
SC0002,38,,Scaglia,,Sebastián,,Sebastián  Scaglia ,Sebastián Scaglia,,merchants,0,0,,,,,"Merchant estante in Cadiz, representative of Jacomo de Rivarolo",
SC0003,38,,Scaglia,,Felipe,,Felipe  Scaglia ,Felipe Scaglia,,merchants,0,0,,,,,"Estante in Murcia. part of the Centurione network, appears in 1508 collecting money in Murcia,",
SC0004,38,,Scaglia,,Batista,,Batista  Scaglia ,Batista Scaglia,,merchants,0,0,,,,,merchants neighbour of Genoa,
SC0005,38,SC0100,Scaglia,,Polo,,Polo  Scaglia ,Polo Scaglia,,merchants,0,0,,,,,1504 estante in medina del campo,
SC0006,38,,Scaglia,,Franco,,Franco  Scaglia ,Franco Scaglia,,merchants,0,0,,,,,company with castiglione,
SC0007,38,,Scaglia,,Banito,,Banito  Scaglia ,Benito Escalioto,,bookmakers,0,0,,,,,neighbour cordoba,
SC0008,38,,Scaglia,,Andrea,,Andrea  Scaglia ,Andrea Scaglia,,merchants,0,1513,Grimalda,Marrufo,,SC0009,neighbour Genoa,
SC0009,38,,Marrufo,,Grimalda,,Grimalda  Marrufo ,Grimalda Marrufa,,,0,0,Andrea,Scaglia,,SC0008,neighbour Genoa,
SC0010,38,,Scaglia,Otobon,Luco,,Luco  Scaglia Otobon,Luco Scaglia da Otobon,,merchants,0,0,,,,,neighbour Genoa,
SC0100,38,,Scaglia,,nn,,nn  Scaglia ,nn,,,0,0,,,,,father of polo and duardo,
SE0001,67,,Serante,,Lorenzo,,Lorenzo  Serante ,Lorenzo Serante,,merchants,0,0,,,,,"Estante, participates in the appraisal of some jewelsfor the duke of medina",
SE0002,67,,Serra,,Jerónimo,,Jerónimo  Serra ,Jerónimo de Sery,,merchants,0,0,,,,,Estante in castile,
SO0001,31,SO0100,de Sopranis,de Andora,Antonio,,Antonio  de Sopranis de Andora,Antonio de Sopranis,,merchants,0,0,,,,,"Estante in Seville, makes a requerimiento to F. Rivarolo and his son Bartolomé de Sopranis, in 1509 rivarolo leaves for cordoba, he makes a requirement by leter in precense of public notary of all the debts that rivarolo has with him",
SO0002,31,SO0100,de Sopranis,de Andora,Bernaldo,Bernabe,Bernaldo Bernabe de Sopranis de Andora,Bernaldo Sopranis,,merchants,0,0,,,,,"Estante, lends money for the seige of Baza",
SO0003,31,,de Sopranis,,Jeronimo,,Jeronimo  de Sopranis ,Jeronimo Sopranis,,merchants,0,0,,,,,Estante has a criado name niculoso,
SO0004,31,,de Sopranis,,Niculoso,,Niculoso  de Sopranis ,Niculoso Sopranis,,servants,0,0,,,,,not a sopranis but a criado of Jeronimo,
SO0005,31,SO0006,de Sopranis,,Bartolome,,Bartolome  de Sopranis ,Bartolomé de Sopranis,,merchants,0,0,,,,,"estante in medina del campo, factor for bartolome rivarolo",
SO0006,31,,de Sopranis,,Geronimo,,Geronimo  de Sopranis ,Geronimo de Sopranis,,merchants,0,1510,,,,,,
SO0007,31,SO0008,de Sopranis,de Andora,Francisco,,Francisco  de Sopranis de Andora,Francisco de Sopranis,,merchants,0,0,,,,,estante in Santa Cruz de tenerife,
SO0008,31,SO0100,de Sopranis,de Andora,Jacome,,Jacome  de Sopranis de Andora,Jacome de Sopranis,,merchants,0,0,,,,,merchant stante in seville,
SO0009,31,SO0101,de Sopranis,de Andora,Filipo,,Filipo  de Sopranis de Andora,Filipo de Sopranis,,merchants,0,0,,,,,Estante in castile,
SO0010,31,SO0102,de Sopranis,de Andora,Francisco,,Francisco  de Sopranis de Andora,Francisco de Sopranis,,merchants,0,0,,,,,Estante in castile,
SO0011,31,,de Sopranis,,Pedro,,Pedro  de Sopranis ,Pedro Sobranis,,merchants,0,0,,,,,,
SO0012,31,SO0100,de Sopranis,,Visconte,,Visconte  de Sopranis ,Visconete de Sobranis,,merchants,0,0,,,,,Estante in castile,
SO0013,31,,de Sopranis,,Bernaldo,,Bernaldo  de Sopranis ,Bernaldo de Sobranis,,merchants,0,0,,,,,Estante in castile,
SO0014,31,SO0001,de Sopranis,,Oberto,,Oberto  de Sopranis ,Oberto de Sopranis,,merchants,0,0,,,,,neighbour Genoa,
SO0015,31,SO0008,de Sopranis,,Juan,Batista,Juan Batista de Sopranis ,Juan Batista Sobranis,,merchants,0,0,,,,,partner with florentines padolfo velachi and jacome and juanbautista velachi,
SO0016,31,,de Sopranis,,Jacome,,Jacome  de Sopranis ,Jacome Sopranis,,merchants,0,0,,,,,estante veince,
SO0017,31,,de Sopranis,,Bartolome,,Bartolome  de Sopranis ,BArtolome Sopranis,,merchants,0,0,,,,,estante veince,
SO0018,31,,de Sopranis,,Rafael,,Rafael  de Sopranis ,Rafael Sopranis,,merchants,0,0,,,,,estante in Santa Cruz de tenerife,
SO0019,31,,de Sopranis,,Esteban,,Esteban  de Sopranis ,Esteban Sopranis,,merchants,0,0,,,,,estante in Santa Cruz de tenerife,
SO0100,31,,de Sopranis,,nn,,nn  de Sopranis ,,,,0,0,,,,,"father of antonio and jacome, bernaldo",
SP0001,6,SP0018,Spinola,,Ambrosio,,Ambrosio  Spinola ,Ambrosio Spinola,,merchants,0,0,,,,,Estante in castile,
SP0002,6,,,,Catalina,,Catalina   ,Catalina,,servants,0,0,,,,,servant of ambrossio spinola,
SP0003,6,,Spinola,,Ambrosio,,Ambrosio  Spinola ,Ambrosio de Spinola,,merchants,0,0,,,,,"estante, possibly a new christian, former recident in Granada see",
SP0004,6,,Spinola,,Lucián,,Lucián  Spinola ,Lucián de Spinola,,merchants,0,0,,,,,"Estante, also appears as Locia",
SP0005,6,,Spinola,,Juan,,Juan  Spinola ,Juan de Spinola,,merchants,0,0,,,,,Estante in castile,
SP0006,6,,Spinola,,Lefranco,,Lefranco  Spinola ,Lefranco de Spinola,,merchants,0,0,,,,,Estante in castile,
SP0007,6,,Spinola,,Bernaldino,,Bernaldino  Spinola ,Bernaldino de Spinola,,merchants,0,0,,,,,Estante in castile,
SP0008,6,,Spinola,,Corredin,,Corredin  Spinola ,Corredin de Spinola,,merchants,0,0,,,,,Estante in castile,
SP0009,6,,Spinola,,Esteban,,Esteban  Spinola ,Esteban Spinola,,merchants,0,0,,,,,Estante in castile,
SP0010,6,,Spinola,,Niculoso,,Niculoso  Spinola ,Niculoso Spinola,,merchants,0,0,,,,,Estante in castile,
SP0011,6,SP0100,Spinola,,Oberto,,Oberto  Spinola ,Alberto de Spinola,,merchants,0,0,,,,,neighbour in Genoa appears as oberto also,
SP0012,6,SP0100,Spinola,,Jerónimo,,Jerónimo  Spinola ,Jerónimo de Spinola,,merchants,0,0,,,,,Father of Lázaro de Spinola estante en Sanlúcar de barrameda,
SP0013,6,SP0012,Spinola,,Lazaro,,Lazaro  Spinola ,Lázaro de Spinola,,merchants,0,0,,,,,"Merchant Neighbour of Genova, linked with Francesco di Negro. Soneighbour Jerónimo de Spinola.",
SP0014,6,,Spinola,,Vicencio,,Vicencio  Spinola ,Vicencio de Spinola,,merchants,0,0,,,,,"Estante in Seville, bought slave from Jaun Batista di Negro in 1501, partner with Cibaldo de Monte and Martin Centurione",
SP0015,6,,Spinola,,Domenego,,Domenego  Spinola ,Domenego de Spinola,,merchants,0,1504,Catalina,Castillo,,SP0035,"husband of Catalina del Castillo, father of Ana de Spinola. neighbour of Seville collación de San Vicente.",
SP0016,6,,Spinola,,Cristobal,,Cristobal  Spinola ,Cristóbal Spinola,,merchants,0,0,,,,,Merchant estante in Cadiz,
SP0017,6,,Spinola,,Gostrisco,,Gostrisco  Spinola ,Gotrisco Spinola,,merchants,0,0,,,,,Merchant estante in Cadiz,
SP0018,6,,Spinola,,Pedro,,Pedro  Spinola ,Pedro de Spinola,,merchants,0,0,,,,,"estante cadiz, neighbour Seville collacion santa maria",
SP0019,6,,Spinola,,Nocoloso,,Nocoloso  Spinola ,Nocoloso Spinola,,merchants,0,0,,,,,"Merchant estante in Cadiz , appears in the trace of a letter of exchange from Valencia to Leon sent by Martín Centurion",
SP0020,6,,Spinola,,Bernaldo,,Bernaldo  Spinola ,Bernaldo Spinola,,merchants,0,0,,,,,appears in the trace of a letter of exchange from Valencia to Leon sent by Martín Centurion,
SP0021,6,,Spinola,,Gaspar,,Gaspar  Spinola ,Gaspar Spinola,,merchants,0,0,,,,,"Estante in Cadiz (1509), merchants of london cloth. appears in the trace of a letter of exchange from Valencia to Leon sent by Martín Centurion",
SP0022,6,,Spinola,,Gregorio,,Gregorio  Spinola ,Gregorio Spinola,,merchants,0,0,,,,,"Estante in Cadiz, conducted buisness with Bonvicino and Jaros",
SP0023,6,,Spinola,,Jacome,,Jacome  Spinola ,Jacome Spinola,,merchants,0,0,,,,,"estante in sevilla, partner with Batista Centurione",
SP0024,6,,Spinola,,Francisco,,Francisco  Spinola ,Francisco de Spinola,,public officers,0,0,,,,,"alcaide, in jerez de la frontera",
SP0025,6,SP0016,Spinola,,Francisco,,Francisco  Spinola ,Francisco Spinola,,merchants,0,0,,,,,"merchant estante in seville, part of the lawsuit agains Fernando de Vejer",
SP0026,6,,Spinola,,Polo,,Polo  Spinola ,Polo de Spinola,,merchants,0,0,,,,,"Neighbour of Malaga owner of several ships, rent the Santo Antonio to go to Cabo Verde y las Isalas del Atlantico",
SP0027,6,,Spinola,,Juan,Tomás,Juan Tomás Spinola ,Juan Tomás Spinola,,merchants,0,0,,,,,estante Seville,
SP0028,6,SP0026,Spinola,,Francisco,,Francisco  Spinola ,Francisco Espindola,,merchants,0,0,,,,,"creditor of the conquest of the canary, named english",
SP0029,6,,Spinola,,nn,,nn  Spinola ,nn Espindola,,merchants,0,0,,,,,estante in jerez,
SP0030,6,,Spinola,,Rafael,,Rafael  Spinola ,Rafael Espindola,,merchants,0,0,,,,,may not be genoese but an heir from one,
SP0031,6,,Spinola,,Honorato,,Honorato  Spinola ,Honorato Spinola,,merchants,0,0,,,,,estante Valencia,
SP0032,6,,Spinola,,Antonio,,Antonio  Spinola ,Antonio Espindola,,merchants,0,0,,,,,estante Madeira,
SP0033,6,,Spinola,,Ambrosio,,Ambrosio  Spinola ,Ambrosio de Spinola,,servants,0,0,,,,,criado de grimaldo,
SP0034,6,,López,Spinola,Nicolás,,Nicolás  López Spinola,Nicolás López Espindola,,,0,0,,,,,neighbour Granada,
SP0035,6,,Castillo,,Catalina,,Catalina  Castillo ,Catalina del Castillo,,,0,0,Domenego,Spinola,,SP0015,mother of ana and wife of domenego,
SP0036,6,,Spinola,,Juan,,Juan  Spinola ,Juan Spinola,,merchants,0,0,,,,,,
SP0037,6,,Spinola,,Andrea,,Andrea  Spinola ,Andrea Spinola,,merchants,0,0,,,,,Estante in castile,
SP0038,6,,Spinola,,Batista,,Batista  Spinola ,Batista Espinola,,merchants,0,0,,,,,,
SP0039,6,,Spinola,Negron,Pedro,,Pedro  Spinola Negron,Pedro de Espinoa de Negron,,,0,0,,,,,neighbour jerez,
SP0040,6,,Spinola,,Luis,,Luis  Spinola ,Luis de Espinola,,merchants,0,0,,,,,estante Jerez,
SP0041,6,SP0043,Spinola,,Fernando,,Fernando  Spinola ,Fernando Espindola,,merchants,0,0,,,,,neighbour seville collacionsan nicolas,
SP0042,6,SP0043,Audan,,Francisco,,Francisco  Audan ,Francisco Audan,,merchants,0,0,,,,,neighbour seville collacionsan nicolas,
SP0043,6,,Spinola,,,,  Spinola ,,,,0,0,,,,,father of francisco and fernando,
SP0044,6,,Spinola,,Thermo,,Thermo  Spinola ,Thermo Spinola,,merchants,0,0,,,,,Neighbour Genoa partner with Doria and Centurion,
SP0045,6,,Spinola,Leonardo,Agustin,,Agustin  Spinola Leonardo,Agustin Spinola da Leonardo,,merchants,0,0,,,,,Neighbour Genoa partner with Doria and Centurion,
SP0046,6,,Spinola,,Lorenzo,,Lorenzo  Spinola ,Lorenzo de Espinola,,merchants,0,1508,,Fernández,,,neighbour triana,
SP0047,6,SP0046,Fernández,,Catalina,,Catalina  Fernández ,Catalina Fernández,,,0,0,,,,,servant for francisco pinelo and his wife,
SP0048,6,,Spinola,,Yseo,,Yseo  Spinola ,Yseo Spinola,,,0,0,,,,,n in puerto Sta Maria,
SP0049,6,,Spinola,,Ambrosio,,Ambrosio  Spinola ,Ambrosio espindole,,merchants,0,0,,,,,estante Córdoba,
SP0050,6,,Spinola,,Juan,Agustin,Juan Agustin Spinola ,Juan Agustin de Spinola,,merchants,0,0,,,,,estante Jerez,
SP0051,6,,Spinola,,Catalina,,Catalina  Spinola ,Catalina de Espindola,,servants,0,0,,,,,neighbour seville collacionsanta maria,
SP0052,6,,Spinola,,Alvaro,,Alvaro  Spinola ,Alvaro de Espindola,,merchants,0,0,,,,,estante Madiera,
SP0053,6,,Spinola,,Flérigo,,Flérigo  Spinola ,Flérigo Espinola,,merchants,0,0,,,,,"estante Seville, partner with Gentile",
SP0054,6,,Spinola,,Pascual,,Pascual  Spinola ,Pascual Spinola,,merchants,0,0,,,,,neighbour Atwerp,
SP0055,6,,Spinola,,estefano,,estefano  Spinola ,Estefano Spinola,,merchants,0,0,,,,,neighbour Atwerp,
SP0056,6,,Spinola,,Ambrosio,,Ambrosio  Spinola ,Ambrosio Spinola,,merchants,0,0,,,,,neighbour Atwerp,
SP0057,6,,Spinola,,Ambrosio,,Ambrosio  Spinola ,Ambrosio Spinola,,merchants,0,0,,,,,neighbour Atwerp,
SP0058,6,,Spinola,,Ambrosio,,Ambrosio  Spinola ,Ambrosio Espinoce,,merchants,0,1496,,,,,neighbour Valencia,
SP00SP000001,,,Villafranca,,Gaspar,,Gaspar  Villafranca ,Gaspar de Villafranca,,Chamberlain,0,0,,,,,Chamberlaineighbour the Queeneighbour Aragon in 1512 - Germaine of Foix.,
SP00SP000002,,,Argamonte,,Baltazar,,Baltazar  Argamonte ,Baltazar de Argamonte,,Chamberlain,0,0,,,,,Chamberlaineighbour the King of Aragon in 1512 - Ferdinand II,
SP00SP000186,,,Forner,Ulldecona,Gabriel,,Gabriel  Forner Ulldecona,Gabriel Forner de Ulldecona,,merchants,0,0,,,,,estante in Cataluña,
SP00SP000344,,,Rodríguez,,Pedro,,Pedro  Rodríguez ,Pedro Rodríguez,,merchants,0,0,,,,,neighbour of Barcelona,
SP00SP000345,,,Planas,,Pedro,,Pedro  Planas ,Pedro Planas,,merchants,0,0,,,,,neighbour of Barcelona,
SP00SP000630,,,Fonte,,Rafael,,Rafael  Fonte ,Rafael Fonte,00SP,merchants,0,0,,,,,Estante in castile,
SP00SP000631,,,Fonte,,Miguel,,Miguel  Fonte ,Migue Fonte,00SP,merchants,0,0,,,,,"neighbour of cadiz, maestre del nao la Tiscareña",
SP00SP000950,,,Viastrosa,,Pedro,,Pedro  Viastrosa ,Pedro Viastrosa,,merchants,0,0,,,,,neighbour Barcelona,
SP00SP000951,,,Baeza,,Alfon,,Alfon  Baeza ,Alfon de Baeza,,drapers,0,0,,,,,neighbour Utrera,
SP00SP000952,,,Cazorla,,Pedro,,Pedro  Cazorla ,Pedro de Cazorla,,merchants,0,0,,,,,neighbour Utrera,
SP00SP000953,,,Rodríguez,,Juan,,Juan  Rodríguez ,Juan Rodríguez Viscaino,,cañaveralero,0,0,,,,,neighbour seville collacionsan martin farmer of sugar,
SP00SP001726,,,Fonte,,Juan,,Juan  Fonte ,Juan de La Fonte,00SP,merchants,0,0,,,,,estante Seville,
SP00SP001843,,,trías,,Jaime,,Jaime  trías ,Jaime trías,00SP,merchants,0,0,,,,,Catalan e in seville,
SP00SP001954,,,Ferrer,,Jacabo,,Jacabo  Ferrer ,jacabo Ferrer,,merchants,0,0,,,,,partner of the pineli trades in black slaves,
SP0100,6,,Spinola,,nn,,nn  Spinola ,nn,,,0,0,,,,,father of jeronimo and oberto,
SP01CO000001,,,Gámez,,Pedro,,Pedro  Gámez ,Pedro de Gámez,,captains,0,0,,,,,settler of Santa Maria la Antigua del Darien,
SP01CO000002,,,Valderrabano,,Andrés,,Andrés  Valderrabano ,Andrés de Valderrabano,,,0,0,,,,,settler of Santa Maria la Antigua del Darien,
SP01CO000003,,SP136SP000001,Jáurigui,,Pedro,Juan,Pedro Juan Jáurigui ,Pedro Juan de Jáurigui,136SP,merchants,0,0,,,,,merchant at Santa Maria la Antigua del Darien,
SP01CU001630,,,Alonso,,Fernan,,Fernan  Alonso ,Fernan Alonso,,carpenters,0,0,,,,,neighbour santiago de cuba,
SP01CU001723,,,Avila,,Francisco,,Francisco  Avila ,Francisco de Avila,,merchants,0,0,,,,,neighbour isla fernandina which is cuba,
SP01CU001842,,,Guzmán,,Gonzalo,,Gonzalo  Guzmán ,Gonzalo de Guzmán,,public officers,0,0,,,,,Regidor. neighbour santiago de cuba,
SP01DR000001,,,Bastidas,,Juan,,Juan  Bastidas ,Juan de Bastidas,,public officers,0,0,,,,,arcediano de santo domingo,
SP01DR000002,,,Cisneros,,Francisco,,Francisco  Cisneros ,Francisco de Cisneros,,merchants,0,0,,,,,estante in Santo Domingo and in Tierra Firme,
SP01DR000245,,SP01SP000245,Fernández,,Diego,,Diego  Fernández ,Diego Fernández,,merchants,0,0,,,,,"estante in america, soneighbour Bartolomé Sánchez",
SP01DR000261,,,Santacruz,,Francisco,,Francisco  Santacruz ,Francisco de Santacruz,28SP,merchants,0,0,,,,,"estante at la Española, burgales",
SP01DR000278,,,Pérez,Lugo,Juan,,Juan  Pérez Lugo,Juan Pérez de Lugo,,,0,0,,,,,bought bizcocho from the castiglione and centurione in the west indies,
SP01DR000279,,,Pérez,Mateos,Fernán,,Fernán  Pérez Mateos,Fernán Pérez Mateos,,,0,0,,,,,bought flour from the castiglione and centurione in the west indies,
SP01DR000280,,,Vázquez,,Sebastián,,Sebastián  Vázquez ,Sebastián Vázquez,,,0,0,,,,,bought flour from the castiglione and centurione in the west indies,
SP01DR000284,,,Gallego,,Pedro,,Pedro  Gallego ,Pedro Gallego,,,0,0,,,,,neighbour of st domingo,
SP01DR000285,,,Vergara,,Andrés,,Andrés  Vergara ,Andrés de Vergara,,,0,0,,,,,neighbour of st domingo,
SP01DR000461,,,Lope,,Pablo,,Pablo  Lope ,Pablo de Lope,,servants,0,0,,,,,does commerce with the rivarolo,
SP01DR000775,,,Avila,,Alonso,,Alonso  Avila ,Alonso de Avila,,accountant,0,0,,,,,,
SP01DR000776,,,Molina,,Pedro,,Pedro  Molina ,Pedro de Molina,,,0,0,,,,,,
SP01DR000777,,,León,,Juan,,Juan  León ,Juan de Leon,,,0,0,,,,,neighbour Alanis,
SP01DR000778,,,Palma,,Diego,,Diego  Palma ,Diego de Palma,,,0,0,,,,,,
SP01DR000779,,,Villalobos,,Fernando,,Fernando  Villalobos ,Fernando de Villalobos,,public officers,0,0,,,,,Judge of the Real audiencia,
SP01DR000780,,,Vázquez,,Hernán,,Hernán  Vázquez ,Hernán Vázquez,,,0,0,,,,,,
SP01DR000782,,,Ordoñez,,Ordoño,,Ordoño  Ordoñez ,Ordoño Ordoñez,,apothecaries,0,0,,,,,,
SP01DR001517,,,Miranda,,Pedro,,Pedro  Miranda ,Pedro de Miranda,,merchants,0,0,,,,,estante Indias,
SP01DR001548,,,Villasante,,Antonio,,Antonio  Villasante ,Antonio de Villasante,,,0,0,,,,,"neighbour Santo domingo, holds the priviledge of all the drugs and balsm out of santo domingo",
SP01DR001549,,,García,,Francisco,,Francisco  García ,Francisco Garcia,,,0,0,,,,,nao santa ana,
SP01DR001550,,,García,,Juan,,Juan  García ,Juan Garcia,,maritime pilots,0,0,,,,,nao santa ana,
SP01DR001564,,,Muñiz,,Briloanga,,Briloanga  Muñiz ,Briloanga Muñiz,,merchants,0,0,,,,,estante in the house of admiral diego colon,
SP01DR001565,,,Lope,Recalde,Lope,,Lope  Lope Recalde,Lope López Recalde,,servants,0,0,,,,,estante in the house of admiral diego colon,
SP01DR001569,,,Calçada,,Gonzalo,,Gonzalo  Calçada ,Gonzalo de Calsada,,merchants,0,0,,,,,neighbour indies but seems to be portugues in calcut,
SP01DR001570,,,Becerra,,Fernando,,Fernando  Becerra ,Fernando de Becerra,,physicians,0,0,,,,,Fisico. neighbour Indias,
SP01DR001571,,,Lyno,Vergara,Juan,,Juan  Lyno Vergara,Juan Lyno de Vergara,,merchants,0,0,,,,,neighbour Indias,
SP01DR001577,,,Camacho,,Cristobal,,Cristobal  Camacho ,Cristobal Camacho,,,0,1521,,,,,neighbour Santo Domingo,
SP01DR001578,,,Villadiego,,Gaspar,,Gaspar  Villadiego ,Gaspar de Villadiego,,merchants,0,0,,,,,estante Santo Domingo,
SP01DR001583,,,Camacho,,Alonso,,Alonso  Camacho ,Alonso Camacho,,,0,0,Ines,Gómez,,SP01DR001584,neighbour Santo Domingo,
SP01DR001584,,,Gómez,,Ines,,Ines  Gómez ,Ines Gomez,,,0,0,Alosno,Camacho,,SP01DR001583,neighbour Santo Domingo,
SP01DR001596,,,Pérez,,Hernán,,Hernán  Pérez ,Hernán Pérez,,scribes,0,0,,,,,neighbour indies,
SP01DR001597,,,Mendoza,,Jeronimo,,Jeronimo  Mendoza ,Jeronimo de Mendoza,,merchants,0,1523,,,,,neighbour indies,
SP01DR001598,,,Díaz,,Pedro,,Pedro  Díaz ,Pedro Díaz,,,0,0,,,,,neighbour indies,
SP01DR001599,,,Tostado,,Francisco,,Francisco  Tostado ,Francisco Tostado,,scribes,0,0,,,,,neighbour Santo Domingo,
SP01DR001600,,,Santa Clara,,Crístobal,,Crístobal  Santa Clara ,Crístobal de Santa Clara,,,0,0,,,,,neighbour Santo Domingo,
SP01DR001604,,,Almonte,,Pedro,,Pedro  Almonte ,Pedro de Almonte,,merchants,0,0,,,,,neighbour Santiago de santo domingo,
SP01DR001605,,,Villoria,,Juan,,Juan  Villoria ,Juan de Villoria,,bakers,0,0,,,,,"neighbour Tiemblo, in Avila, repostero de la camara del rey",
SP01DR001606,,,Grande,,Pedro,,Pedro  Grande ,Pedro el Grande,,maritime pilots,0,0,,,,,nao santiago,
SP01DR001607,,,Cansino,,Manuel,,Manuel  Cansino ,Manuel Cansino,,maritime pilots,0,0,,,,,nao santiago,
SP01DR001611,,,Robles,,Juan,,Juan  Robles ,Juan de Robles,,merchants,0,0,,,,,estante indies,
SP01DR001612,,,Molina,,Juan,,Juan  Molina ,Juan de Molina,,public officers,0,0,,,,,Sheriff of the Indies,
SP01DR001613,,,Burgos,,Simón,,Simón  Burgos ,Simón de Burgos,,merchants,0,0,,,,,estante indies,
SP01DR001618,,,Chillón,,Juan,,Juan  Chillón ,juan Chillón,,servants,0,0,,,,,Servant of Bernardino de Isla,
SP01DR001619,,,Isla,,Pedro,,Pedro  Isla ,Pedro de Isla,,merchants,0,0,,,,,"Burgales, e in Santo Domingo",
SP01DR001620,,,Bernal,,Diego,,Diego  Bernal ,Diego Bernal,,maritime pilots,0,0,,,,,Nao Sta Catalina 1509,
SP01DR001621,,,Morales,,Juan,,Juan  Morales ,Juan de Morales,,,0,0,,,,,Nao sto domingo 1509,
SP01DR001622,,,Fernández,Oviedo,Gonzalo,,Gonzalo  Fernández Oviedo,Gonzalo Fernández de Oviedo y Valdés,,conquistadors,1478,1557,,,,,"Oviedos chronicle Historia general de las Indias, published in 1535",
SP01DR001638,,,Arraga,,Martin,,Martin  Arraga ,Martin de Arraga,,merchants,0,0,,,,,estante indies,
SP01DR001639,,,Fernández,Enciso,Martin,,Martin  Fernández Enciso,Martin Fernández de Enciso,,lawyers,0,0,,,,,owner of 1/3 of nao st maria,
SP01DR001652,,,Castro,,Alvaro,,Alvaro  Castro ,Alvaro de Castro,,lawyers,0,0,,,,,"neighbour Santo Domingo, dean de la concepion de la isla espanola",
SP01DR001735,,,Santa Clara,,Bernanrdino,,Bernanrdino  Santa Clara ,Bernardino de Santa Clara,,merchants,0,0,,,,,neighbour Santo Domingo,
SP01DR001736,,,Santa Clara,,Antonio,,Antonio  Santa Clara ,Antonio de Santa Clara,,merchants,0,0,,,,,neighbour Santo Domingo,
SP01DR001764,,,Vazquez,Ayllon,Lucas,,Lucas  Vazquez Ayllon,Lucas Vazquez de Ayllon,,public officers,0,0,,,,,Oidor. neighbour Santo Domingo,
SP01DR001765,,,Caballo,,Francisco,,Francisco  Caballo ,Francisco Caballo,,,0,0,,,,,neighbour puerto de la plata in Santo Domingo,
SP01DR001789,,,Medina,,Jeronimo,,Jeronimo  Medina ,Jeronimo de Medina,,,0,0,,,,,neighbour Santo Domingo,
SP01DR001790,,,Gamboa,,Martin,,Martin  Gamboa ,Martin de Gamboa,,,0,0,,,,,neighbour Santo Domingo,
SP01DR001792,,,Alanís,,Jerónimo,,Jerónimo  Alanís ,Jerónimo de Alanís,,scribes,0,0,,,,,neighbour Santo Domingo,
SP01DR001793,,,Villa,,Diego,,Diego  Villa ,Diego de la Villa,,maritime pilots,0,0,,,,,,
SP01DR001794,,,Peña,,García,,García  Peña ,Garcia de la Peña,,,0,0,,,,,neighbour Santo Domingo,
SP01DR001955,,,Ayala,,Juan,,Juan  Ayala ,Juan de Ayala,,,0,0,,,,,"estante indies, son in law of diego de cordoba",
SP01DR001964,,,Manuel,,Antonio,,Antonio  Manuel ,Antonio Manuel,,merchants,0,0,,,,,"estante in Santo Domingo, partner with vivaldi and centurion.",
SP01DR001965,,,Nebrea,,Fernando,,Fernando  Nebrea ,Fernando de Nebrea,,merchants,0,0,,,,,estante Santo Domingo,
SP01DR001973,,,Aguilar,,García,,García  Aguilar ,García de Aguilar,,merchants,0,0,,,,,"estante santo domingo, partner with cattaneo",
SP01DR001974,,,Ugarte,,Gonzalo,,Gonzalo  Ugarte ,Gonzalo de Ugarte,,merchants,0,0,,,,,estante Santo Domingo,
SP01DR001975,,,Panesi,,Tomas,,Tomas  Panesi ,Tomas Panesi,,merchants,0,0,,,,,estante Santo Domingo,
SP01DR001976,,,Valdes,,Fernando,,Fernando  Valdes ,Fernando Valdes,,servants,0,0,,,,,camarero of Digo Colon,
SP01DR002055,,,Almonacir,,Fernando,,Fernando  Almonacir ,Fernando de Almonacir,,merchants,0,0,,,,,estante indies,
SP01IT000207,,,Tarjona,,Julián,,Julián  Tarjona ,Julián de Tarjona,,merchants,0,0,,,,,"estante in Genova, factor of Luco and Francisco Cassana",
SP01IT000263,,SP01SP000267,Pedralves,,Tomás,,Tomás  Pedralves ,Tomás de Pedralves,00SP,merchants,0,0,,,,,"brother of Juan de Pedralves , estante in genova",
SP01JA001587,,,Mazuelo,,Pedro,,Pedro  Mazuelo ,Pedro de Mazuelo,,Contino,0,0,,,,,Contino of the kin in JAmaica,
SP01PA000001,,,Núñez,Balboa,Vasco,,Vasco  Núñez Balboa,Vasco Núñez de Balboa,65SP,public officers,1475,1519,,,,,"Adelantado. Spanish explorer, governor, and conquistador. He is best known for having crossed the Isthmus of Panama to the Pacific Ocean in 1513",
SP01PA001585,,,Arias,Dávila,Pedro,,Pedro  Arias Dávila,Pedrarias Dávila,,conquistadors,0,0,,,,," Spanish soldier and colonial administrator. He led the first great Spanish expedition to the mainland of the New World. There he served as governor of Panama (1514–1526) and Nicaragua (1527–1531), and founded Panama City (1519)",
SP01PR000001,,,Zúñiga,,Yñigo,,Yñigo  Zúñiga ,Yñigo de Zuñiga,,scribes,0,0,,,,,"neighbour San Juan, purchases the scribany of San Juan from Fr. Cobos in 1512.",
SP01PR000002,,,Martínez,Robleda,Alonso,,Alonso  Martínez Robleda,Alonso Martínez de Robleda,,,0,0,,,,,neighbour san juan,
SP01PR000003,,SP01SP001588,Ocampo,,Ximon,,Ximon  Ocampo ,Ximon de Ocampo,,,0,0,,,,,"neighbour San Juan, soneighbour the discover of cuba",
SP01PR000273,,,Cerón,,Juan,,Juan  Cerón ,Juan Cerón,,alcalde mayor,0,0,,,,,alcalde mayor. neighbour san juan,
SP01PR000274,,,Morales,,Diego,,Diego  Morales ,Diego de Morales,,lawyers,0,0,,,,,neighbour san juan,
SP01PR000769,,,Díaz,,Miguel,,Miguel  Díaz ,Miguel Díaz,,,0,0,,,,,,
SP01PR000781,,,Cardona,,Francisco,,Francisco  Cardona ,Francisco Cardona,,,0,0,,,,,,
SP01PR001551,,,Caldera,,Juan,,Juan  Caldera ,Juan Caldera,,,0,0,,,,,neighbour puerto Rico,
SP01PR001552,,,García,Carrion,Pedro,,Pedro  García Carrion,Pedro García de Carrión,,maritime pilots,0,0,,,,,nao santa maria de la indual,
SP01PR001593,,,Beltrán,,Gonzalo,,Gonzalo  Beltrán ,Gonzalo Beltran,,,0,0,,,,,neighbour san juan,
SP01PR001953,,,Carcaxona,,Cristóbal,,Cristóbal  Carcaxona ,Critóbal de Carcxona,,merchants,0,0,,,,,estante San Juan,
SP01SP000001,,,Sánchez,,Juan,,Juan  Sánchez ,Juan Sánchez,,public officers,0,0,,,,,treasurer for the consejo de indias,
SP01SP000002,,,Téllez,,Alonso,,Alonso  Téllez ,Alonso Téllez,,lawyers,0,0,,,,,collects the credit from the genoese in Cadiz and Seville for the sige of Baza,
SP01SP000006,,,Fernández,,Domingo,,Domingo  Fernández ,Domingo Fernández,,veterinarian,0,0,,,,,"veterinarian. bought a salve from the ribarolo, neighbour collacion de San Isidro",
SP01SP000007,,,Ferre,,Rafael,,Rafael  Ferre ,Rafael de Ferre,,drapers,0,0,,,,,"in busyness with Cassana, Rivarolo, and Spinola moving Leather to Genoa",
SP01SP000010,,,Zorita,,Catalina,,Catalina  Zorita ,Catalina de Zorita,,,0,0,Pedro,Vera,,SP11SP000011,wife of Gobernor Pedro de Vera,
SP01SP000012,,,Milles,,Fernando,,Fernando  Milles ,Fernando de Millés,,muleteer,0,0,Maria,Rodríguez,,SP01SP000013,"Mulletier husband to Maria Rodriguez, neighbour in collacion de Santa catalina",
SP01SP000013,,,Rodríguez,,Maria,,Maria  Rodríguez ,Maria Rodriguez,,,0,0,Fernando,Millés,,SP01SP000012,wife to Fernando de Milles,
SP01SP000016,,,nn,,,,  nn ,nn,,,0,0,,,,,father of Pedro and Rodrigo de MEsa,
SP01SP000017,,,Ortiz,,Francisco,,Francisco  Ortiz ,Francisco Ortiz,,merchants,0,0,,,,,"Merchant neighbour in Seville, partner with Angelo di Negro, in 1495 became procurador genera of Francisco de Riverolo for general law disputes",
SP01SP000018,,,Salamanca,,Alonso,,Alonso  Salamanca ,Alonso de Salamanca,,merchants,0,0,,,,,"olive oil seller. Neighbour of Seville collación de San Alfonso,",
SP01SP000019,,,Padilla,,Antón,,Antón  Padilla ,Antón de Padilla,,shoemakers,0,0,Catalina,Pérez,,,"chapinero, husband of Catalina Pérez",
SP01SP000020,,,Menenses,Zapata,Pedro,,Pedro  Menenses Zapata,Pedro de Meneses Zapata,,shoemakers,0,0,,,,,Neighbour of Seville collación de Santa María,
SP01SP000021,,,Tamayo,,Pedro,,Pedro  Tamayo ,Pedro de Tamayo,,merchants,0,0,,,,,Neighbour of Seville collación de Omnium Sanctorum,
SP01SP000022,,,Rodríguez,,Juan,,Juan  Rodríguez ,Juan Rodríguez,,farmers,0,0,,,,,"Farmer, neighbour of Seville collación de Santa Catalina",
SP01SP000023,,,Martínez,Rubio,Antón,,Antón  Martínez Rubio,Antón Martínez Rubio,,,0,0,,,,,Neighbour of Seville collación de San Nicolás,
SP01SP000024,,,Palma,,Alfón,,Alfón  Palma ,Alfón de Palma,,shoemakers,0,0,,,,,"borceguinero, Neighbour of Sevilla collación de Santa María",
SP01SP000025,,,Sánchez,,Gonzalo,,Gonzalo  Sánchez ,Gonzalo Sánchez,,shoemakers,0,0,,,,,"borceguinero, Neighbour of Sevilla collación de Santa María",
SP01SP000026,,,Carbonero,,Fernando,,Fernando  Carbonero ,Fernando Carbonero,,shoemakers,0,0,,,,,"borceguinero, Neighbour of Sevilla collación de Santa María",
SP01SP000027,,,Díaz,,Fernán,,Fernán  Díaz ,Fernán Díaz,,farmers,0,0,,,,,"Catalan, Farmer of chickpeas, Neighbour of Sevilla collación de Santa María",
SP01SP000028,,,Fernández,,Antonio,,Antonio  Fernández ,Antonio Fernández,,belt makers,0,0,,,,,"correero, Neighbour of Sevilla collación de San Salvador",
SP01SP000029,,,Montesinos,,Lorenzo,,Lorenzo  Montesinos ,Lorenzo Montesinos,,belt makers,0,0,,,,,"correero, Neighbour of Sevilla collación de Santa Maria",
SP01SP000033,,,Giralte,,Luis,,Luis  Giralte ,Luis Giralte,,tinsmiths,0,0,,,,,"caldereros, Neighbour of Sevilla collación de San Lloreynte",
SP01SP000034,,,Hernandez,,Cristobal,,Cristobal  Hernandez ,Cristobal Hernandez,,tinsmiths,0,0,,,,,"caldereros, Neighbour of Sevilla collación de San Lloreynte",
SP01SP000035,,,Fernández,,Martín,,Martín  Fernández ,Martín Fernández,,tinsmiths,0,0,,,,,"caldereros, Neighbour of Sevilla collación de San Vicente",
SP01SP000036,,,Docampo,,Juan,,Juan  Docampo ,Juan Bartolomé Docampo,,hosiers,0,0,,,,,bonetero Neighbour of Seville collación de Santa María,
SP01SP000037,,,López,,Diego,,Diego  López ,Diego López,,tinsmiths,0,0,Isabel,Caceres,,,"neighbour of Seville, husband of Isabel de Caceres, made Picheles (tankards)",
SP01SP000038,,,Medina,,Alonso,,Alonso  Medina ,Alonso de Medina,,merchants,0,0,,,,,mercader burgales,
SP01SP000039,,,Isla,,Bernardino,,Bernardino  Isla ,Bernardino de Isla,,public officers,0,1520,Inés,Sánchez,del Fierro,,"neighbour seville collacionsanta maria, Jury, Burgales, father of Canonigo Bernardino, Juana,",
SP01SP000040,,,Comeno,,Lorenzo,,Lorenzo  Comeno ,Lorenzo Comeno,,lawyers,0,0,,,,,"lawyers, teniente de asistente de Sevilla",
SP01SP000041,,,Castilla,,García,,García  Castilla ,Garcia de castilla,,agents,0,0,,,,,"Procurator of Julian de Cassana and Guiraldo Chiavega 1495, factro to esteban centurione 1510",
SP01SP000043,,,Álvarez,,Juan,,Juan  Álvarez ,Juan Álvarez,,tinsmiths,0,0,,,,,"pichelero, neighbour of Sevilla,",
SP01SP000044,,,Fernández,,Alfón,,Alfón  Fernández ,Alfón Fernández,,wagoner,0,0,,,,,muleteer,
SP01SP000046,,,Rodríguez,Goçón,Juan,,Juan  Rodríguez Goçón,Juan Rodríguez de Goçón,,seamen,0,0,,,,,"Seamen, Neighbour of Seville Collación de Santa Maria",
SP01SP000047,,,Ciurán,,Miguel,,Miguel  Ciurán ,Miguel Ciurán,,merchants,0,0,,,,,"Neighbour from Valencia, living in Seville, maybe a merchant",
SP01SP000049,,,Lora,,Diego,,Diego  Lora ,Diego de Lora,,dyers,0,0,,,,,"Tintor, Neighbour of Seville collación de Santa María",
SP01SP000050,,,Cervantes,,Violante,,Violante  Cervantes ,Doña Violante de Cervantes,,merchants,0,0,Sancho,Herrera,,SP01SP000051,"Neighbour of Seville collación de San Llorente, wife of Sancho de Herrera,",
SP01SP000051,,,Herrera,,Sancho,,Sancho  Herrera ,Sancho de Herrera,,merchants,0,0,Violante,Cervantes,,SP01SP000050,"Neighbour of Seville collación de San Llorente, husband of Doña Violante de Cervantes",
SP01SP000052,,,Alfaro,,Francisco,,Francisco  Alfaro ,Francisco de Alfaro,,public officers,0,0,,,,,alcaide de las sacas. in 1501 gives permission to Pantaleon Lomellini to ride a brown horse to Portugal and retourn within a month,
SP01SP000053,,,Giralte,,Luis,,Luis  Giralte ,Luis Giralte,,tinsmiths,0,0,,,,,Neighbout of Sevilla en la collación de San Lloreynte,
SP01SP000054,,,Martínez,Morcillo,Andrés,,Andrés  Martínez Morcillo,Andrés Martín Morcillo,,servants,0,0,,,,,doña Catalina de Ribera's Mayordomo,
SP01SP000057,,,Ribera,,Catalina,,Catalina  Ribera ,doña Catalina de Ribera,,,0,0,Fernando,Almonte,,SP01SP000880,her Mayordomo was Andrés Martín owner of the amonadas of black soap in c san salvador,
SP01SP000061,,,Martínez,Alarás,Antón,,Antón  Martínez Alarás,Antón Martínez de Alarás,,agents,0,0,,,,,"[Alaraz],Neighbour of Seville collación de San Salvador, partner with Jeronimo de Medeici as his general procurador for conflicts",
SP01SP000062,,,Enríquez,,Francisco,,Francisco  Enríquez ,Francisco Enríquez,,,0,0,,,,,linked to Francisco de Rivarolo in a sentence by the two consuls de la lonja genovesa,
SP01SP000063,,,Mayorga,,Fernando,,Fernando  Mayorga ,Fernando de Mayorga,,agents,0,0,,,,,Representative of the duke of Benavente Rodrigo Alonso Pimentel.,
SP01SP000065,,,,,Luis,,Luis   ,Luis Juan,,public officers,0,0,,,,,judge in a dispute between the Rivarolo and a neighbour of Triana,
SP01SP000066,,,Ortiz,,Juan,,Juan  Ortiz ,Juan Ortiz,,agents,0,0,,,,,Representative of Batista de Rivarolo in Seville,
SP01SP000067,,,Mateos,,Antón,,Antón  Mateos ,Antón Mateos,,,0,0,,,,,made buisnes with Jacome de Rivarolo,
SP01SP000068,,,Valladolid,,Álvaro,,Álvaro  Valladolid ,Álvaro de Valladolid,,merchants,0,0,,,,,"Neighbour of Seville, forced to give 300 fanegas of wheat to the bishop of Badajos in 1498 alonside the Genoese",
SP01SP000070,,,García,,Antón,,Antón  García ,Antón García,,spice merchant,0,0,Mencía,Trujillo,,,"especiero, husband of Mencía de Trujillo, neighbour of Seville collación de San Salvador.",
SP01SP000071,,,Segura,,Gonzalo,,Gonzalo  Segura ,Gonzalo de Segura,,merchants,0,0,,,,,"merchant estante in seville, partner with cosme de rivarolo",
SP01SP000072,,,Avellaneda,,Diego,,Diego  Avellaneda ,Diego de Avellaneda,,squire,0,0,,,,,"squire for Francisco de Rivarolo, 1500",
SP01SP000073,,,Porras,,Antón,,Antón  Porras ,Antón de Porras,,apothecaries,0,0,,,,,boticario estante in Seville,
SP01SP000074,,,Benavente,,Francisco,,Francisco  Benavente ,Francisco de Benavente,,merchants,0,0,,,,,"merchant estante in seville, partner with cosme de rivarolo",
SP01SP000077,,,Fernández,Córdoba,Pedro,,Pedro  Fernández Córdoba,Pedro Fernández de Córdoba,,,0,0,Mayor,Barba,,,Sevilla en la collación de San Lloreynte,
SP01SP000078,,,Córdoba,,Bernardino,,Bernardino  Córdoba ,Bernardino de Córdoba,,,0,0,,,,,"Father to the Bishop Pedro Ponce de León,",
SP01SP000081,,,Jerez,,Rodrigo,,Rodrigo  Jerez ,Rodrigo de Jerez,,agents,0,0,,,,,"legal representative of Battista di Negro (m), Antón Gentile in Seville",
SP01SP000082,,,García,,Antonio,,Antonio  García ,Antonio García,,,0,0,,,,,"rents horses, neighbour of Seville colacion santa maria",
SP01SP000084,,,Celesia,,Juan,,Juan  Celesia ,Juan Batista Celesia,,merchants,0,0,,,,,partner of Cosme de Rivarolo and,
SP01SP000085,,,González,Torreja,Alfón,,Alfón  González Torreja,Alfón González Torreja,,brokers,0,0,,,,,corredor neighbour of seville,
SP01SP000086,,,González,Parrado,Ruy,,Ruy  González Parrado,Ruy González Parrado,,brokers,0,0,,,,,corredor neighbour of seville,
SP01SP000087,,,Ruiz,Sevilla,Juan,,Juan  Ruiz Sevilla,Juan Ruiz de Sevilla,,brokers,0,0,,,,,corredor neighbour of seville,
SP01SP000096,,,Llerena,,Alfón,,Alfón  Llerena ,Alfón de Llerena,,merchants,0,0,,,,,"Neighbour of Seville collación de San Salvador, in 1521 neighbour of realejos in tenerife and public scribe",
SP01SP000100,,,Madrigal,,Diego,,Diego  Madrigal ,Diego de Madrigal,,musicians,0,0,,,,,"rents house form Andrea Pomar, neighbour to Agna Centurione",
SP01SP000101,,,Miguel,,Pedro,,Pedro  Miguel ,Pedro Miguel,,merchants,0,0,,,,,Representative of Martín Centurion and Benito Pinnelo in Seville. Merchant of Valencia,
SP01SP000104,,,Suárez,,Gonzalo,,Gonzalo  Suárez ,Gonzalo Suárez,,drapers,0,0,,,,,costurero/tailor,
SP01SP000105,,,Caro,,Francisco,,Francisco  Caro ,Francisco Caro,,drapers,0,0,,,,,costurero/tailor,
SP01SP000107,,,Lora,,Rodrigo,,Rodrigo  Lora ,Rodrigo de Lora,,dyers,0,0,,,,,tanners,
SP01SP000108,,,Enríquez,,Pedro,,Pedro  Enríquez ,Pedro de Enriquez,,public officers,0,0,,,,,Adelantado mayor de andalucia,
SP01SP000109,,,Martínez,Zumaya,Juan,,Juan  Martínez Zumaya,Juan Martínez de Zumaya,,merchants,0,0,,,,,"neighbour of villa de los reyes, one attacked by the prince of contantinopla along side Andrea de Cassana",
SP01SP000110,,,Beltrán,,Alfonso,,Alfonso  Beltrán ,Alfonso Beltrán,,merchants,0,0,,,,,"neighbour of Seville, one attacked by the prince of contantinopla along side Andrea de Cassana",
SP01SP000111,,,Martínez,Baena,Pedro,,Pedro  Martínez Baena,Pedro Martínez de Baena,,public officers,0,0,,,,,Mayor/ Judge/ corregidor. corregidor y Justicia de la villa de tavira alcalde ordinario de sevilla,
SP01SP000115,,,Mondragón,,Antonio,,Antonio  Mondragón ,Antonio de Mondragón,,public officers,0,0,,,,,aposentador de su alteza. in charge of arranging lodging for the king move from city to city,
SP01SP000116,,,Calderón,,Cristóbal,,Cristóbal  Calderón ,Cristóbal Calderón,,public officers,0,0,,,,,aposentador de su alteza. in charge of arranging lodging for the king move from city to city,
SP01SP000121,,,Córdoba,,Gómez,,Gómez  Córdoba ,Gómez de Córdoba,,,0,0,,,,,Neighbour of Seville,
SP01SP000122,,,Carrillo,Castilla,Alonso,,Alonso  Carrillo Castilla,Alonso Carrillo de Castilla,,,0,0,,,,,appear taking over the debt of Gómez de Córdoba in 1508,
SP01SP000125,,,Martínez,Illescas,Alvar,,Alvar  Martínez Illescas,Alvar Martínez de Illescas,,,0,0,,,,,sold an Abala to Pedro Ruiz Loreguillo,
SP01SP000130,,,Fernández,,Gonzalo,,Gonzalo  Fernández ,Gonzalo Fernández,,public officers,0,0,,,,,"Comendador. Soneighbour Alonso de Aguilar, señor de la casa de Aguilar. Nephew of Gonzalo Fernández de Córdoba ""Gran Captain"".",
SP01SP000134,,,Barberá,,Enrique,,Enrique  Barberá ,Enrique Barberá,,,0,0,,,,,"also found as Berbera, Hacedor of the Marqués de Cañete.",
SP01SP000139,,,Alcázar,,Pedro,,Pedro  Alcázar ,Pedro del Alcázar,,,0,0,,,,,"Neighbour of Seville, later tax collector for the canaries",
SP01SP000141,,,Villareal,,Martín,,Martín  Villareal ,Martín Alonso de Villareal,,,0,0,,,,,debt with the centurion,
SP01SP000142,,,Zumel,,Juan,,Juan  Zumel ,Juan de Zumel,,lawyers,0,0,,,,,teniente de asistente,
SP01SP000143,,,Isasaga,,sancho,,sancho  Isasaga ,Sancho de Isasaga,,public officers,0,0,,,,,comendador. official of the casa de contratacion de indias,
SP01SP000144,,,López,Racalde,Juan,,Juan  López Racalde,Juan López de Recalde,,public officers,0,0,,,,,"secretary of the almirant. official of the casa de contratacion de indias, secretario del almirante colon",
SP01SP000145,,,Matienzo,,Sancho,,Sancho  Matienzo ,Sancho de Matienzo,,lawyers,0,0,,,,,official of the casa de contratacion de indias,
SP01SP000147,,,Sanabria,,Diego,,Diego  Sanabria ,Diego Alonso de Sanabria,,,0,0,,,,,procurador of Pablo Mateos to collect money to di Negro and Salvago,
SP01SP000148,,,Isla,,Bernaldino,,Bernaldino  Isla ,Bernaldino de Isla,,merchants,0,0,,,,,"neighbour of Seville, almojarifazgo mayor de esta ciudad de Sevilla",
SP01SP000149,,RO0019,Fernández,,Pedro,,Pedro  Fernández ,Pedro Fernández,,public officers,0,1527,Elvira,Díaz,,SP15SP001857,"Regidor second adelantado of the Canary Islands and governor of Tenerife and La Palma, a title confirmed again by Charles I of Spain, in Barcelona, on August 17, 1519. Pedro Fernández de Lugo was the soneighbour Alonso Fernández de Lugo",
SP01SP000152,,,Jerez,,Rodrigo,,Rodrigo  Jerez ,Rodrigo de Jerez,,agents,0,0,,,,,procurador to collect debts,
SP01SP000156,,,Martínez,Alaraça,Antón,,Antón  Martínez Alaraça,Antón Martínez de Alaraça,,agents,0,0,,,,,"procurador vecino de sevilla, factor of Francisco de Rivarolo",
SP01SP000157,,,Yñiguez,,Rodrigo,,Rodrigo  Yñiguez ,Rodrigo Ýñiguez,,exchangers,0,0,,,,,Cambiador in Seville,
SP01SP000158,,,López,,Baltasar,,Baltasar  López ,Baltasar López,,bakers,0,0,,,,,bizcochero vecino de Sevilla en la collación de Santa María,
SP01SP000159,,,Guadalajara,,Martín,,Martín  Guadalajara ,Martín de Guadalajara,,,0,0,,,,,does buisness with francisco de rivarolo,
SP01SP000160,,,San Esteban,,Fernando,,Fernando  San Esteban ,Fernando de San Esteban,,,0,0,,,,,primo de Martin de guadalajara,
SP01SP000161,,,Arellano,,Elvira,,Elvira  Arellano ,Elvira de Arellano,,,0,0,,,,,hermana de Martin de guadalajara,
SP01SP000162,,,Fernández,Aguanevada,Lope,,Lope  Fernández Aguanevada,Lope Fernández de Aguanevada,,carpenters,0,0,,,,,entallador vecino de Sevilla,
SP01SP000166,,,Sandoval,,Álvaro,,Álvaro  Sandoval ,Álvaro de Sandoval,,merchants,0,0,,,,,"merchant from burgos, in 1508 has power from Jacome de Rivarolo to collect money as his",
SP01SP000177,,,Morillo,,Francisco,,Francisco  Morillo ,Francisco de Morillo,,,0,0,,,,,vecino de sevilla,
SP01SP000178,,,Burre,,Bernardo,,Bernardo  Burre ,Bernardo Burre,,,0,1508,,,,,"Genoese, takes part in the trip of Colombus to America",
SP01SP000179,,,Manrique,,Antonio,,Antonio  Manrique ,Don Antonio Manrique,,,0,0,Ana,Almonte,,,"business with rivarolo, husband of doña Ana de Almonte",
SP01SP000180,,SP01SP000182,Almonte,,Ana,,Ana  Almonte ,Ana de Almonte,,,0,0,Antonio,Manirique,,SP01SP000179,business with rivarolo wife of Don Antonio Manrique and sister of Baltasar de Almonte,
SP01SP000181,,SP01SP000182,Almonte,,Baltasar,,Baltasar  Almonte ,Baltasar de Almonte,,,0,0,,,,,"business with rivarolo, brother of doña Ana de Almonte",
SP01SP000182,,,Almonte,,,,  Almonte ,nn,,,0,0,,,,,father of Ana and baltasar,
SP01SP000183,,,Córdoba,,Diego,,Diego  Córdoba ,Diego de Córdoba,,,0,0,,,,,bought wheat from francisco sopranis,
SP01SP000187,,,Arbolancha,,Pedro,,Pedro  Arbolancha ,Pedro de Arbolancha,,agents,0,0,,,,,"implicated in the lose of shipments coming form the indies, beloging to juan sanchez and rivarolo",
SP01SP000188,,,Lugo,,Fernando,,Fernando  Lugo ,Fernando de Lugo,,agents,0,0,,,,,"implicated in the lose of shipments coming form the indies, beloging to juan sanchez and rivarolo",
SP01SP000189,,,Pas,,Fernando,,Fernando  Pas ,Fernando de Pas,,agents,0,0,,,,,"implicated in the lose of shipments coming form the indies, beloging to juan sanchez and rivarolo",
SP01SP000190,,,Carrillo,,Pedro,,Pedro  Carrillo ,Pedro Carrillo,,agents,0,0,,,,,"implicated in the lose of shipments coming form the indies, beloging to juan sanchez and rivarolo",
SP01SP000191,,,Medina,,Pedro,,Pedro  Medina ,Pedro de Medina,,agents,0,0,,,,,"implicated in the lose of shipments coming form the indies, beloging to juan sanchez and rivarolo",
SP01SP000195,,,Herrera,,Iñés,,Iñés  Herrera ,Doña Inés Herrera,,,0,0,Pedro,Lugo,,SP01SP000196,wife of Pedro de Lugo,
SP01SP000196,,RO0019,Fernández,Lugo,Pedro,,Pedro  Fernández Lugo,Pedro de Lugo,,,0,0,Herrera,Inés,,SP01SP000195,neighbour of Seville collacion de san roman,
SP01SP000197,,,Medina,,Alonso,,Alonso  Medina ,Alonso de Medina,,,0,0,,,,,neigbourh of seville,
SP01SP000198,,,Peraza,,Guillén,,Guillén  Peraza ,Guillén Peraza,,,0,0,,,,,brother toDoña Inés herrera,
SP01SP000199,,,Espital,,Juan,,Juan  Espital ,Juan del Espital,,merchants,0,0,,,,,,
SP01SP000201,,,Martínez,,Antón,,Antón  Martínez ,Antón Martínez,,maritime pilots,0,0,,,,,nao santa maria de luz,
SP01SP000203,,,Díaz,,Pedro,,Pedro  Díaz ,Pedro Díaz,,farmers,0,0,,,,,"oil farmer, neighbour of seville in collacion de santiago",
SP01SP000204,,,Díaz,Gibraleón,Pedro,,Pedro  Díaz Gibraleón,Pedro Díaz de Gibraleón,,farmers,0,0,,,,,"oil farmer, neighbour of seville in collacion de santiago",
SP01SP000205,,,Guzmán,,Esteban,,Esteban  Guzmán ,don Esteban de Guzmán,,public officers,0,0,,,,,alguacil mayor de sevilla,
SP01SP000206,,,Vázquez,,Alonso,,Alonso  Vázquez ,Alonso Vázquez,,sheriff,0,0,,,,,ceased the goods of Francisco rivarolo for unpaid debts,
SP01SP000211,,,Chillón,,Gonzalo,,Gonzalo  Chillón ,Gonzalo de Chillón,,tanners,0,0,,,,,"neighbour of seville, collacioneighbour santiago",
SP01SP000212,,,Velasco,,Bernaldín,,Bernaldín  Velasco ,Bernaldín Velasco,,seamen,0,0,,,,,"part of the crew of nao Santa Maria travelling from Genoa to Cadiz, the transcription says Viscasto, but seems a error and I suggest Velasco altough without seeing the original",
SP01SP000217,,,Medina,,Diego,,Diego  Medina ,Diego de Medina,,swordsmiths,0,0,,,,,"hijo de Francisco de Medina, neighbour of seville collacion de san andres",
SP01SP000218,,,Sánchez,Soto,Ruy,,Ruy  Sánchez Soto,Ruy Sánchez de Soto,,servants,0,0,,,,,criado del conde de palma 1510,
SP01SP000220,,,Vargas,,Juan,,Juan  Vargas ,Juan de Vargas,,public officers,0,0,,,,,teniente de asistente por el muy magnífico señor don Ýñigo de Velasco,
SP01SP000223,,,Patilla,,Francisco,,Francisco  Patilla ,Francisco Martín Patilla,,maritime pilots,0,0,,,,,"maestre del navio San Pedro, vecino de Sevilla en la collación de Santa María, en la Cestería. In 1524 neighbour of Tenerife",
SP01SP000224,,,Pérez,Melgarejo,Francisco,,Francisco  Pérez Melgarejo,Francisco Pérez de Melgarejo,,,0,0,,,,,neighbour of seville in collacion Omnium Sanctorum,
SP01SP000227,,,Suárez,,Cristóbal,,Cristóbal  Suárez ,Cristóbal Suárez,,maritime pilots,0,0,,,,,"maestre de la nao Santa María de Loreto, vecino de Sevilla en la collación de Santa María, en la Cestería",
SP01SP000235,,,Hernandez,,Teresa,,Teresa  Hernandez ,Teresa Hernández,,,0,0,,,,,rents a house in seville to the centurione,
SP01SP000237,,,Donato,,Juan,,Juan  Donato ,Juan Donato,,maritime pilots,0,0,,,,,"nao Santa Maria de la Gracia, vecino de Sevilla en la collación de San Vicente",
SP01SP000240,,,León,,Genalo,,Genalo  León ,Genalo de León,,,0,0,,,,,bought wheat from the centurion,
SP01SP000241,,,Díaz,,Trstán,,Trstán  Díaz ,Tristán Díaz,,,0,0,,,,,bought wheat from the centurion,
SP01SP000245,,,Sánchez,,Bartolomé,,Bartolomé  Sánchez ,Bartolomé Sánchez,,silversmiths,0,0,,,,,sending merchandise to america using centuriones ships,
SP01SP000246,,,Narváez,,Rodrigo,,Rodrigo  Narváez ,Rodrigo Narváez,,maritime pilots,0,0,,,,,"Comitre de la reina/maestre barco nombrado San Cristóbal, vecino de Sevilla en la collación de San Lloreynte",
SP01SP000247,,,Díaz,,Francisco,,Francisco  Díaz ,Francisco Díaz,,coopers,0,0,,,,,"builds pipas for centurione, vecino de Sevilla en la collación de Santa María",
SP01SP000249,,,Sánchez,,Alonso,,Alonso  Sánchez ,Alonso Sánchez,,jewelry merchants,0,0,Inés,Fernández,,SP01SP000250,"merchant, husband of Inés Fernández. vecinos de Sevilla en la collación de Santa María",
SP01SP000250,,,Fernández,,Inés,,Inés  Fernández ,Inés Fernández,,agents,0,0,Alonso,Sánchez,,SP01SP000249,factor of his husband Alonso Sánchez. vecinos de Sevilla en la collación de Santa María,
SP01SP000251,,,Jerez,,Pedro,,Pedro  Jerez ,Pedro de Jerez,,exchangers,0,0,,,,,Cambiador in Seville,
SP01SP000252,,SP52SP001349,Vejer,,Fernando,,Fernando  Vejer ,Fernando de Vejer,,drapers,0,0,,,,,costurero/tailor,
SP01SP000253,,,Varela,Salamanca,Juan,,Juan  Varela Salamanca,Juan Varela de Salamanca,,merchants,0,0,,,,,"neighbour of seville, rents whearhouse to the centurion",
SP01SP000258,,,Pulgar,,Fernando,,Fernando  Pulgar ,Fernando de Pulgar,,,0,0,,,,,"neighbour of Seville, collacion San Llorente, buys houses from the centurion",
SP01SP000260,,,Gamboa,,Juan,,Juan  Gamboa ,Juan de Gamboa,,merchants,0,0,,,,,nieghbour of Seville,
SP01SP000262,,,Saucedo,,Ochoa,,Ochoa  Saucedo ,Ochoa de Saucedo,,merchants,0,0,,,,,procurador principal de Esteban Centurion,
SP01SP000265,,SP01SP000268,Castro,,Baltasar,,Baltasar  Castro ,Baltasar de Castro,28SP,merchants,0,0,,,,,"burgales, estante in seville, hermano de Melchor de Castro refered as genoese sometimes",
SP01SP000266,,SP01SP000268,Castro,,Melchor,,Melchor  Castro ,Melchor de Castro,28SP,merchants,0,0,,,,,"burgales, estante in seville hermano de Baltasar de Castro refered as genoese sometimes",
SP01SP000267,,,Pedralves,,nn,,nn  Pedralves ,nn,,,0,0,,,,,padre de tomas y juan pedralves - maybe related to Francisco quien une la familia catalana al albergo lomellini,
SP01SP000268,,,Castro,,nn,,nn  Castro ,nn,,,0,0,,,,,pasre de baltasar y melchor,
SP01SP000270,,,Vozmediano,,Diego,,Diego  Vozmediano ,Diego de Vozmediano,,silversmiths,0,0,,,,,"sevilla, buying silver in ""tostones""",
SP01SP000271,,,Belluga,,Tomás,,Tomás  Belluga ,Tomás Belluga,,merchants,0,0,,,,,"estante en seville, proctor in charge of the lawsuit against fernando vejer",
SP01SP000276,,,García,,Gonzalo,,Gonzalo  García ,Gonzalo García,,servants,0,0,,,,,criado of gaspar centurione,
SP01SP000281,,,Fuente,,Juan,,Juan  Fuente ,Juan de la Fuente,,silk weaver,0,0,,,,,buught silk from Granada from the the centurione,
SP01SP000282,,,Fuente,,Diego,,Diego  Fuente ,Diego de la Fuente,,silk weaver,0,0,,,,,"buught silk from Granada from the the centurione, neighbour of seville collacion de San Miguel",
SP01SP000286,,,López,Caro,Diego,,Diego  López Caro,Diego López Caro,,drapers,0,0,,,,,"Neighbour of Seville, collacioneighbour Santa Maria",
SP01SP000287,,,Fuente,,Francisco,,Francisco  Fuente ,Francisco de la Fuente,,weavers,0,0,,,,,velvet weaver neighbour of seville collacion de San Miguel,
SP01SP000288,,,Sánchez,Obadía,Pedro,,Pedro  Sánchez Obadía,Pedro Sánchez Obadía,,public officers,0,0,,,,,arrendador del alcabala del oro y plata y piedras preciosas de esta ciudad,
SP01SP000289,,,Córdoba,,Pedro,,Pedro  Córdoba ,Pedro Alfón de Córdoba,,drapers,0,0,,,,,"vecino de Sevilla en la collación de Santa Cruz,",
SP01SP000290,,,Córdoba,,Diego,,Diego  Córdoba ,Diego de Córdoba,,drapers,0,0,,,,,"hijo de Juan Alonso, jurado. vecino en Collacion de San Salvador",
SP01SP000291,,,Fernández,,Pedro,,Pedro  Fernández ,Pedro Fernandez,,armorers,0,0,,,,,vecino en collacion de Santa Maria,
SP01SP000293,,,Algeciras,,Francisco,,Francisco  Algeciras ,Francisco de Algeciras,,exchangers,0,0,,,,,cambiador en Sevilla,
SP01SP000294,,,Muñoz,Trujillo,Antón,,Antón  Muñoz Trujillo,Antón Muñoz de Trujillo,,maritime pilots,0,0,,,,,Vecino de Sevilla en Colacion de Santa Maria,
SP01SP000295,,,Díaz,Rota,Gonzalo,,Gonzalo  Díaz Rota,Gonzalo Díaz de Rota,,merchants,0,0,,,,,lends money to the spinola to do busyness in the islands of the Atlantic,
SP01SP000296,,,Córdoba,,Pedro,,Pedro  Córdoba ,Pedro de Córdoba,,merchants,0,0,,,,,participates in the payment of a debt of an unknown duke to the grimaldo and herber of Milan,
SP01SP000297,,,López,,Catalina,,Catalina  López ,Catalina López,,,0,0,Pedro,González,,,"neighbour of seville in collacion de San Andres, sells house to the cattaneo",
SP01SP000298,,,Marchena,,Diego,,Diego  Marchena ,Diego de Marchena,,exchangers,0,0,,,,,"cambiador en Sevilla, neighbour in collacion de San Alfon",
SP01SP000299,,,González,,Francisco,,Francisco  González ,Francisco González,,shoemakers,0,0,,,,,"borceguinero, neighbour of Seville collacion Santa Maria",
SP01SP000300,,,González,,Pedro,,Pedro  González ,Pedro González,,shoemakers,0,0,,,,,"borceguinero, neighbour of Seville collacion Santa Maria",
SP01SP000301,,,Mairena,,Diego,,Diego  Mairena ,Diego de Mairena,,shoemakers,0,0,,,,,"borceguinero, neighbour of Seville collacion Santa Maria",
SP01SP000302,,,López,,Francisco,,Francisco  López ,Francisco López,,shoemakers,0,0,,,,,"borceguinero, neighbour of Seville collacion Santa Maria",
SP01SP000303,,,Sánchez,Gallegos,Juan,,Juan  Sánchez Gallegos,Juan Sánchez de Gallegos,,public officers,0,0,,,,,"Licenciado, alcaide Mayor de Seville 1472 replacing Diego Cerón alcaide named by the King",
SP01SP000304,,,Cerón,,Diego,,Diego  Cerón ,Diego Cerón,,public officers,0,0,Leonor,Lubina,,,"Licenciado, alcaide Mayor de Seville 1472 named by the King",
SP01SP000305,,,Pérez,,Fernando,,Fernando  Pérez ,Fernando Pérez,,lawyers,0,0,,,,,Officer of the Archbishop of Seville,
SP01SP000306,,,Córdoba,,Diego,,Diego  Córdoba ,Diego de Córdoba,,merchants,0,0,,,,,Neighbour of Seville,
SP01SP000307,,,Caro,,Rodrigo,,Rodrigo  Caro ,Rodrigo Caro,,merchants,0,0,,,,,"Linen Seller, neighbour of Seville",
SP01SP000308,,,Carmona,,Juan,,Juan  Carmona ,Juan de Carmona,,exchangers,0,0,,,,,Neighbour of Seville,
SP01SP000309,,,Valladolid,,Juan,,Juan  Valladolid ,Juan de Valladolid,,,0,0,,,,,neighbour of Seville does cambio for Toledo to a Spinola canonigo de la iglesia,
SP01SP000310,,,Martínez,,Perceval,,Perceval  Martínez ,Perceval Martínez,,,0,0,,,,,"Neighbour of Seville, probably servant of the Duke of Medina",
SP01SP000311,,,Escobar,,Juan,,Juan  Escobar ,Juan de Escobar,,,0,0,,,,,"Neighbour of Seville, probably servant of the Duke of Medina",
SP01SP000312,,,Sevilla,,Juan,,Juan  Sevilla ,Juan de Sevilla,,public officers,0,0,,,,,"Neighbour of Seville, Accountant servant of the Duke of Medina, jurado de sevilla 1498 juan lomellini lives in his house",
SP01SP000313,,,Córdoba,,Francisco,,Francisco  Córdoba ,Francisco de Córdoba,,,0,0,,,,,"Neighbour of Seville, probably servant of the Duke of Medina",
SP01SP000314,,,Ondegardo,,Polo,,Polo  Ondegardo ,Polo Ondegardo,,exchangers,0,0,,,,,"Neighbour of Valladolid, may be related to Juan Polo de Ondegardo y Zárate, or his father Diego López de León de Ondegardo (who were part of the conquest of Peru)",
SP01SP000315,,,Manrique,,Fadrique,,Fadrique  Manrique ,don Fadrique Manrique,,,0,0,,,,,Neighbours of Seville,
SP01SP000316,,,Agular,,Alonso,,Alonso  Agular ,Alonso de Aguilar,,servants,0,0,,,,,Neighbours of Seville,
SP01SP000317,,,Gago,,Fernando,,Fernando  Gago ,Fernando de Gago,,servants,0,0,,,,,Mayordomo del obispo de Jaen,
SP01SP000318,,SP01SP000121,Córdoba,Balanza,Juan,,Juan  Córdoba Balanza,Juan de Córdoba de la Balanza,,merchants,0,0,,,,,"Merchant, maestro de la balanza de la Casa de la Moneda de esta ciudad de Sevilla soneighbour gómez de córdoba",
SP01SP000319,,,Vargas,,Juan,,Juan  Vargas ,Juan de Vargas,,weavers,0,0,,,,,"cestero neighbour of Seville, condemned to death after attempting to rob the royal arc in the Royal Chapel and killing the guard",
SP01SP000320,,,Tallado,,Juan,,Juan  Tallado ,Juan Tallado,,Guard,0,0,,,,,Guard of the Royal Chapel killed by Pedro Toso and Juan de Vargas,
SP01SP000321,,,Coronado,,Francisco,,Francisco  Coronado ,Francisco de Coronado,,,0,0,,,,,Neighbour of Seville,
SP01SP000322,,,Pocasangre,,Alemán,,Alemán  Pocasangre ,Alemán Pocasangre,,servants,0,0,Juana,Díaz,,,mayordomo de la ciudad,
SP01SP000323,,,Marmolejo,,Rodrigo,,Rodrigo  Marmolejo ,Rodrigo Marmolejo,,,0,0,Ana,Santillán,,,Neighbour of Seville,
SP01SP000324,,,González,Torrejón,Alonso,,Alonso  González Torrejón,Alonso González Torrejón,,tanners,0,0,,,,,"estante, probably leather",
SP01SP000325,,,García,,Ruy,,Ruy  García ,Ruy García,,tanners,0,0,,,,,neighbour of Seville collacioneighbour San Llorente,
SP01SP000326,,,Sevilla,,Juan,,Juan  Sevilla ,Juan de Sevilla,,merchants,0,0,,,,,neighbour of Seville collacioneighbour San Llorente,
SP01SP000327,,,Bernal,,Juana,,Juana  Bernal ,Juana Bernal,,,0,0,Juan Bautista,,,,,
SP01SP000328,,,Marchena,,Juan,,Juan  Marchena ,Juan de Marchena,,merchants,0,0,,,,,neighbour of seville collacion San Salvador,
SP01SP000329,,,Marchena,,Fernando,,Fernando  Marchena ,Fernado de Marchena,,merchants,0,0,,,,,neighbour of seville collacion San Salvador,
SP01SP000330,,,Madrid,,Juan,,Juan  Madrid ,Juan de Madrid,,public officers,0,0,,,,,"Secretary vecino de sevilla collación San Bartolomeno, soneighbour Francisco Rodríguez de Madrid",
SP01SP000331,,,,,Diego,,Diego   ,Diego Cristóbal,,public officers,0,0,,,,,officer of señor prior de San Juan,
SP01SP000332,,,Fernández,Sevilla,Juan,,Juan  Fernández Sevilla,Juan Fernández de Sevilla,,public officers,0,1504,Leonor,Fernández,,SP01SP001376,contador mayor del señor duque de Medina Sidonia,
SP01SP000333,,,,,Pedro,,Pedro   ,Pedro,,masons,0,0,,,,,lapidario Perteneciente o relativo a las piedras preciosas,
SP01SP000334,,,Palencia,,Gutierre,,Gutierre  Palencia ,Gutierre de Palencia,,shoemakers,0,0,Maria,García,,,vecino de sevilla collacion de Santa Maria,
SP01SP000335,,,Núñez,,Pedro,,Pedro  Núñez ,Pedro Núñez,,tailors,0,0,Ines,López,,,"tailor, neighbour of Seville collacion Santa Maria",
SP01SP000336,,,Vergara,,Pedro,,Pedro  Vergara ,Pedro de vergara,,servants,0,0,,,,,servant to the bishop of Mondoñedo,
SP01SP000342,,,Fernández,,Luis,,Luis  Fernández ,Luis Fernández,,shoemakers,0,0,,,,,neighbour of seville,
SP01SP000343,,,Bernal,,Antonio,,Antonio  Bernal ,Antonio Bernal,,shoemakers,0,0,,,,,neighbour of seville,
SP01SP000346,,,Montemayor,,Francisco,,Francisco  Montemayor ,Don Francisco de Montemayor,,,0,0,,,,,neighbour of seville collacion Santiago,
SP01SP000347,,,Vadillo,,Diego,,Diego  Vadillo ,Diego de Vadillo,,,0,0,,,,,"owed oil to the sopranis, which was then paid by Rivarolo",
SP01SP000348,,,Mendoza,,Juan,,Juan  Mendoza ,Juan de Mendoza,,,0,0,,,,,"owed oil to the sopranis, which was then paid by Rivarolo",
SP01SP000386,,,Guior,,Bartolomé,,Bartolomé  Guior ,Bartolomé de Guior,,,0,0,,,,,conducts business with Francisco de rivarolo,
SP01SP000391,,,Siero,,Gonzalo,,Gonzalo  Siero ,Gonzalo de Siero,,,0,0,,,,,maybe part of the order of Saint Johneighbour the Sword,
SP01SP000398,,,Paéz,,Francisco,,Francisco  Paéz ,Francisco Paes,,servants,0,0,,,,,servant and factor of Francisco de Rivarolo,
SP01SP000411,,,Fernández,,Francisco,,Francisco  Fernández ,Francisco Fernandez,,wool weaver,0,0,,,,,Salayero,
SP01SP000412,,,Sevilla,,Alonso,,Alonso  Sevilla ,Alonso de Sevilla,,dyers,0,0,,,,,"neighbour seville collacionsanta maria, nephew of francisco moreno",
SP01SP000413,,SP01SP001054,Franco,,Fernando,,Fernando  Franco ,Fernando Franco,,captains,0,0,,,,,travel with colon to america in the early years,
SP01SP000414,,,Jerez,,Juan,,Juan  Jerez ,Juan de Jerez,,captains,0,0,,,,,travel with colon to america in the early years,
SP01SP000418,,,Almonte,,Catalina,,Catalina  Almonte ,Catalina de Almonte,,soap maker,0,0,Alonso,Olivares,,,rents a soap factory from the Rivarolo,
SP01SP000438,,,Jufre,,Alonso,,Alonso  Jufre ,Alonso Jufre,,public officers,0,0,,,,,teniente del almirante del mar en Sevilla,
SP01SP000439,,,Mellado,,Cristóbal,,Cristóbal  Mellado ,Cristóbal Mellado,,,0,0,,,,,bought something from luis rivarolo,
SP01SP000443,,,Vayas,,Fernando,,Fernando  Vayas ,Fernando de Vayas,,soap maker,0,0,,,,,rents a soap factory from the Rivarolo,
SP01SP000444,,,Alonso,,Andrés,,Andrés  Alonso ,Andrés Alonso,,soap maker,0,0,,,,,rents a soap factory from the Rivarolo,
SP01SP000445,,,Sánchez,,Juan,,Juan  Sánchez ,Juan Sánchez,,tinsmiths,0,0,,,,,caldero neighbour of seville,
SP01SP000446,,,Giralte,,Luis,,Luis  Giralte ,Luis Giralte,,tinsmiths,0,0,,,,,caldero neighbour of seville,
SP01SP000447,,,Martín,Guerra,Cristóbal,,Cristóbal  Martín Guerra,Cristóbal Martín Guerra,,soap maker,0,0,,,,,rents a soap factory from the Rivarolo,
SP01SP000449,,,Fernández,,Pedro,,Pedro  Fernández ,Pedro Fernández,,clergy,0,0,,,,,trade in salt with the rivarolo and foglietta,
SP01SP000450,,,Ruiz,,Juan,,Juan  Ruiz ,Juan Ruiz,,clergy,0,0,,,,,trade in salt with the rivarolo and foglietta,
SP01SP000451,,,Gutiérrez,,FRancisco,,FRancisco  Gutiérrez ,Francisco Gutiérrez,,weavers,0,0,,,,,cordonero make fishing nets,
SP01SP000452,,,García,Córdoba,Pedro,,Pedro  García Córdoba,Pedro García,,weavers,0,0,,,,,cordonero neighbour seville collacionsanta maria,
SP01SP000458,,,Ojeda,,Alonso,,Alonso  Ojeda ,Alonso de Ojeda,81SP,public officers,0,0,,,,,"Corredor/Conquistador/ Governor- Mandatario que, como comerciante acreditado, actúa vendiendo o comprando por cuenta de uno o varios. Torrejoncillo del Rey, Cuenca 1468 (some sources state 1466) – Santo Domingo 1515) was a Spanish navigator, governor and conquistador. He travelled through Guyana, Venezuela, Trinidad, Tobago, Curaçao, Aruba and Colombia. He is famous for having named Venezuela, which he explored during his first two expeditions, for having been the first European to visit Guyana, Colombia, and Lake Maracaibo, and later for founding Santa Cruz (La Guairita)",
SP01SP000459,,,Alexandre,,Fernando,,Fernando  Alexandre ,Fernando de Alexandre,,spice merchant,0,0,,,,,"hijo de Gonzalo Alexandre, buys silk and fabrics from the Rivarolo",
SP01SP000473,,,Rodríguez,,Agua,,Agua  Rodríguez ,Agua Rodríguez,,,0,0,García,Alburquerque,,,husband is a yutero,
SP01SP000475,,,Martínez,,Francisco,,Francisco  Martínez ,Francisco Martínez,,soap maker,0,0,,,,,business with di negro,
SP01SP000476,,,Moreno,,Alonso,,Alonso  Moreno ,Alonso Moreno,,bakers,0,0,,,,,,
SP01SP000477,,,Córdoba,,Alonso,,Alonso  Córdoba ,Alonso de Córdoba,,brokers,0,0,,,,,,
SP01SP000478,,,Bernal,,Juan,,Juan  Bernal ,Juan Bernal,,silversmiths,0,0,,,,,neighbour collacioneighbour san alfon,
SP01SP000481,,,Carmona,,Bartolomé,,Bartolomé  Carmona ,Bartolomé de Carmona,,merchants,0,0,Constanza,Gómez,,,busines with pinello and domoculta,
SP01SP000501,,,Jerez,,Sancho,,Sancho  Jerez ,Sancho de Jerez,,agents,0,0,,,,,"neighbour, and factor of LM0001",
SP01SP000502,,,Puebla,,Rodrigo,,Rodrigo  Puebla ,Rodrigo de Puebla,,lawyers,0,0,,,,,tried to exchange 100£ but the rivarolo refused,
SP01SP000514,,,Sánchez,,Antón,,Antón  Sánchez ,Antón Sánchez,,merchants,0,0,Inés,Sánchez,,,,
SP01SP000515,,,Ruiz,Casaverde,Gracía,,Gracía  Ruiz Casaverde,García Ruiz Casaverde,,,0,0,Isabel,Rodríguez,,,drapers,
SP01SP000516,,,Gutiérrez,,Isabel,,Isabel  Gutiérrez ,Isabel Gutiérrez,,,0,0,Rodrigo,Fes,,,,
SP01SP000517,,,Sánchez,Red,Alfón,,Alfón  Sánchez Red,Alfón Sánchez de la Red,,,0,0,Beatriz,Sánchez,,,,
SP01SP000518,,,Jerez,,Antón,,Antón  Jerez ,Antón de Jerez,,merchants,0,0,Beatriz,Sánchez,,,,
SP01SP000521,,,Sánchez,Lobo,Alfón,,Alfón  Sánchez Lobo,Alfón Sánchez Lobo,,tailors,0,0,,,,,,
SP01SP000522,,,Yrrague,,Martín,,Martín  Yrrague ,Martín de Yrrague,,maritime pilots,0,0,,,,,,
SP01SP000526,,,Rodríguez,,Cristóbal,,Cristóbal  Rodríguez ,Cristóbal Rodríguez,,peddler,0,0,,,,,buhonero,
SP01SP000528,,,Fernández,,Manuel,,Manuel  Fernández ,Manuel Fernández,,,0,0,,,,,tanners,
SP01SP000529,,,Corchado,,Juan,,Juan  Corchado ,Juan Corchado,,,0,0,,,,,tanners,
SP01SP000530,,,Medina,,Andrés,,Andrés  Medina ,Andrés de Medina,,merchants,0,0,,,,,,
SP01SP000544,,,Alfaro,,Cristóbal,,Cristóbal  Alfaro ,Cristóbal de Alfaro,,bookmakers,0,0,,,,,neighbour of Seville collacion santa maria,
SP01SP000545,,,Orihuela,,Diego,,Diego  Orihuela ,Diego de Orihuela,,,0,0,,,,,neighbour of Seville collacion santa cruz,
SP01SP000546,,,Orihuela,,Gonzalo,,Gonzalo  Orihuela ,Gonzalo de Orihuela,,public officers,0,0,,,,,acountant of the city of seville,
SP01SP000549,,,Ribera,,bernardo,,bernardo  Ribera ,Bernardo de Ribera,,bakers,0,0,,,,,reposteros de la infanta,
SP01SP000550,,,Aguilera,,Diego,,Diego  Aguilera ,Diego de Aguilera,,bakers,0,0,,,,,reposteros de la infanta,
SP01SP000551,,,Rodríguez,hurtado,Juan,,Juan  Rodríguez hurtado,Juan Rodríguez Hurtado,,,0,0,,,,,,
SP01SP000557,,,Martínez,Pedro de Molina,Juan,,Juan  Martínez Pedro de Molina,Juan Martínez Mollerón,,public officers,0,0,,,,,alguacil de a caballo,
SP01SP000560,,,Avellaneda,,Mayor,,Mayor  Avellaneda ,doña Mayor de Avellaneda,,,0,0,pedro,ortiz,,SP01SP000860,,
SP01SP000561,,,hoyos,,Gómez,,Gómez  hoyos ,Gómez de Hoyos,,,0,0,,,,,,
SP01SP000562,,,García,,Andrés,,Andrés  García ,Andrés García,,merchants,0,0,,,,,,
SP01SP000563,,,Parada,,Pedro,,Pedro  Parada ,Pedro de Parada,,,0,0,,,,,,
SP01SP000564,,,Palencia,,Tomás,,Tomás  Palencia ,Tomás de Palencia,28SP,merchants,0,0,,,,,Estante in castile,
SP01SP000565,,,Fernández,,Diego,,Diego  Fernández ,Diego Fernández,,,0,0,,,,,correro,
SP01SP000567,,,Martel,,Inés,,Inés  Martel ,Inés Martel,,,0,0,,,,,,
SP01SP000575,,SP01SP000139,Alcázar,,Francisco,,Francisco  Alcázar ,Francisco de Alcázar,,,0,0,,,,,24 de Sevilla,
SP01SP000584,,,Villalón,,Andrés,,Andrés  Villalón ,Andres de Villalón,,lawyers,0,0,,,,,officer Consejo y registrador,
SP01SP000595,,,Fernández,Alcoba,Juan,,Juan  Fernández Alcoba,Juan Fernández de Alcoba,,,0,0,,,,,had to pay the flete of some orchilla in santa maria,
SP01SP000602,,,Valladares,,Álvaro,,Álvaro  Valladares ,Álvaro de Valladares,,merchants,0,0,,,,,seems to be a slave trader,
SP01SP000609,,,Pineda,,Francisco,,Francisco  Pineda ,Francisco de Pineda,,,0,0,,,,,neighbour collacion san pedro,
SP01SP000610,,,Escalante,,Juan,,Juan  Escalante ,Juan Escalante,,exchangers,0,0,,,,,public exchanger,
SP01SP000611,,,Herrera,,Jerónimo,,Jerónimo  Herrera ,Jerónimo de Herrera,,merchants,0,0,,,,,merchants,
SP01SP000612,,,García,,Domingo,,Domingo  García ,Domingo García,,shoemakers,0,0,,,,,neighbour of Seville,
SP01SP000613,,,Rodríguez,,Fernando,,Fernando  Rodríguez ,Fernando Rodríguez,,weavers,0,0,,,,,"maker of rigging for boats, collacion santa maria",
SP01SP000614,,,Rodríguez,,Antonio,,Antonio  Rodríguez ,Antonio Rodríguez,,weavers,0,0,,,,,"maker of rigging for boats, collacion santa maria",
SP01SP000615,,,Guerra,,Isabel,,Isabel  Guerra ,Isabel Guerra,,,0,0,,Serrano,,,wife of serrano jurado of seville,
SP01SP000616,,,Ocaña,,Fernando,,Fernando  Ocaña ,Fernando de Ocaña,,bookmakers,0,0,,,,,,
SP01SP000617,,,Ribero,,nn,,nn  Ribero ,Ribero,,,0,0,Catalina,Carmona,,,,
SP01SP000618,,,Rodríguez,,Francisco,,Francisco  Rodríguez ,Francisco Rodríguez,,silversmiths,0,0,Leonor,Rodríguez,,,platero collacion san bartolome,
SP01SP000619,,,nn,,Lope,,Lope  nn ,lope de,,,0,0,,,,,,
SP01SP000620,,,Fernández,alcayde,Gonzalo,,Gonzalo  Fernández alcayde,Gonzalo Fernández,,spice merchant,0,0,,,,,"alcaide, neighbour collacion san salvado",
SP01SP000655,,,González,,Pedro,,Pedro  González ,Pedro González,,,0,0,Mayor,Rodríguez,,,bancalero persona que hace el Tapete o cubierta que se pone sobre el banco para adorno o para cubrir su madera,
SP01SP000656,,,Sevilla,,Alfón,,Alfón  Sevilla ,Alfón de Sevilla,,merchants,0,0,Beatriz,Fernández,,,,
SP01SP000658,,,Sepúlveda,,Francisco,,Francisco  Sepúlveda ,Francisco de Sepúlveda,,,0,0,Beatriz,álvarez,,,"neighbour of Seville collacion santa maria, buys genoevese thread",
SP01SP000659,,,García,,Luis,,Luis  García ,Luis García,,merchants,0,0,,,,,,
SP01SP000660,,,Sánchez,,Diego,,Diego  Sánchez ,Diego Sánchez,,bookmakers,0,0,Juana,Díaz,,SP01SP000661,bookmakers,
SP01SP000661,,,Díaz,,Juana,,Juana  Díaz ,Juana Díaz,,,0,0,,,,,,
SP01SP000662,,,Sevilla,,Pedro,,Pedro  Sevilla ,Pedro de Sevilla,,jewelers,0,0,Beatriz,Franco,,,,
SP01SP000663,,,Ruiz,,Pedro,,Pedro  Ruiz ,Pedro Ruiz,,,0,0,,,,,montero neighbour collacion san alfon,
SP01SP000664,,,Prado,,Cristóbal,,Cristóbal  Prado ,Cristóbal de Prado,,blacksmiths,0,0,,,,,blacksmiths,
SP01SP000665,,,Sánchez,Bueno,Diego,,Diego  Sánchez Bueno,Diego Sánchez Bueno,,spice merchant,0,0,,,,,neighbour collacioneighbour san alfon,
SP01SP000666,,,Rodríguez,,Francisco,,Francisco  Rodríguez ,Francisco Rodríguez,,apothecaries,0,0,,,,,soneighbour Fernando Rodriguez neighbour collacion san bartolome,
SP01SP000667,,,Córdoba,Barchilón,Juan,,Juan  Córdoba Barchilón,Juan de Córdoba Barchilón,,,0,0,,,,,,
SP01SP000668,,,Palacios,,Alfón,,Alfón  Palacios ,Alfón de Palacios,28SP,merchants,0,0,,,,,burgales trades in wax with the grimaldo,
SP01SP000669,,,García,,Fernando,,Fernando  García ,Fernando García,,leatherworkers,0,0,,,,,agujetero neighbour collacion san bartolome,
SP01SP000670,,,González,Moreu,Diego,,Diego  González Moreu,Diego González de Moreu,,shoemakers,0,0,Inés,García,,,neighbour collacioneighbour san alfon,
SP01SP000671,,,Chaves,,Pedro,,Pedro  Chaves ,Pedro de Chaves,,tinsmiths,0,0,,,,,neighbour of triana,
SP01SP000672,,,Ximénez,,Alfón,,Alfón  Ximénez ,Alfón Ximénez,,tinsmiths,0,0,,,,,neighbour of triana,
SP01SP000673,,,Córdoba,,Pedro,,Pedro  Córdoba ,Pedro de Cordoba,,tinsmiths,0,0,,,,,neighbour of triana,
SP01SP000675,,,López,,Andrés,,Andrés  López ,Andrés López,,weavers,0,0,Mari,Fernández,,,"neighbour collacion san bartolome, weaver",
SP01SP000676,,,Jerez,,Juan,,Juan  Jerez ,Juan de Jerez,,weavers,0,0,Beatriz,López,,,"neighbour collacion san bartolome, weaver",
SP01SP000677,,,Herrera,Maluenda,Jerónimo,,Jerónimo  Herrera Maluenda,Jeronimo Herrera Maluenda,,,0,0,,,,,,
SP01SP000678,,,Morales,,Cristóbal,,Cristóbal  Morales ,Cristóbal de Morales,,weaver of velvet,0,0,,,,,neighbour collacioneighbour santa maria,
SP01SP000697,,,Matheos,,Antón,,Antón  Matheos ,Antón Matheos,,apothecaries,0,0,,,,,"boticario, neigh",
SP01SP000698,,,Ortiz,Guzmán,Diego,,Diego  Ortiz Guzmán,Diego Ortiz de Guzmán,,public officers,0,0,,,,,jurado de collación San Andrés,
SP01SP000699,,,Díaz,,Ruy,,Ruy  Díaz ,Ruy Díaz,,swordsmiths,0,0,,,,,swordsmiths,
SP01SP000700,,,González,,Juan,,Juan  González ,Juan González,,silk weaver,0,0,,,,,"neighbour, C. Santa María la Blanca",
SP01SP000701,,,Bosque,,Gabriel,,Gabriel  Bosque ,Gabriel Bosque,,glassmakers,0,0,Antonia,Sanchéz,,,Espejero neighbour c. santa maria,
SP01SP000702,,,Barrasa,,Andrés,,Andrés  Barrasa ,Andres de Barrasa,,,0,0,,,,,arrendador de las rentas de paño,
SP01SP000703,,,Alanís,,Alfón,,Alfón  Alanís ,Alfón de Alanís,,,0,0,Isabel,Alaníns,,,neighbour c. Santa Catalina,
SP01SP000704,,,Mejía,,Diego,,Diego  Mejía ,Diego Mexía,,public officers,0,0,,,,,jurado y contador en esta dicha ciudad,
SP01SP000705,,,Díaz,Ferón,Lorenzo,,Lorenzo  Díaz Ferón,Lorenzo Díaz de Ferón,,,0,0,,,,,neighbour c. santa maria,
SP01SP000706,,,Alfón,,Rodrigo,,Rodrigo  Alfón ,Rodrigo de Alfón,,jewler,0,0,,,,,N. C. Santa Catalina,
SP01SP000707,,,Rodríguez,Chocero,Juan,,Juan  Rodríguez Chocero,Juan Rodríguez Chocero,,maritime pilots,0,0,,,,,Maestre nao Santa María de la Rábida,
SP01SP000708,,,Alarcón,,Pedro,,Pedro  Alarcón ,Pedro de Alarcón,,,0,0,,,,,neighbour of santiago de los caballeros,
SP01SP000710,,,Palencia,,Sancho,,Sancho  Palencia ,Sancho de Palencia,,,0,0,,,,,neighbour of seville,
SP01SP000711,,,Navarro,,Alonso,,Alonso  Navarro ,Alonso Navarro,,public officers,0,0,,,,,neighbour of seville,
SP01SP000712,,,Rodríguez,,Alvar,,Alvar  Rodríguez ,Alvar Rodríguez,,drapers,0,0,,,,,trapero neighbour of c. santa maria,
SP01SP000713,,,Álvarez,,Fernando,,Fernando  Álvarez ,Fernando Alvarez,,lawyers,0,0,,,,,bachiller neighbour from lepe de la diocesis de silves,
SP01SP000714,,,Gómez,,Juan,,Juan  Gómez ,Juan Gómez,,,0,0,,,,,neighbour collacioneighbour santa cruz,
SP01SP000715,,,Ximón,,Diego,,Diego  Ximón ,Diego Alonso Ximon,,,0,0,,,,,,
SP01SP000770,,,Córdoba,,Juan,,Juan  Córdoba ,Juan de Córdoba,,silversmiths,0,0,,,,,,
SP01SP000771,,,Caballero,,Diego,,Diego  Caballero ,Diego Caballero,,,0,0,,,,,"n castuera badajoz, has power to collect moeny in the indies for italiano",
SP01SP000772,,,Rios,,Gonzalo,,Gonzalo  Rios ,Gonzalo de los Rios,,maritime pilots,0,0,,,,,takes and sells merchandise for gentile in the indies,
SP01SP000773,,,Burgos,,Ximón,,Ximón  Burgos ,Ximón de Burgos,28SP,merchants,0,0,,,,,merchants,
SP01SP000774,,,Gelves,,Francisco,,Francisco  Gelves ,Francisco de Gelves,,,0,0,,,,,,
SP01SP000783,,,Díaz,Vargas,Juan,,Juan  Díaz Vargas,Juan díaz de vargas,,,0,0,,,,,neighbour in collacion santa maria,
SP01SP000784,,,Ronda,,Antón,,Antón  Ronda ,Antón de Ronda,,armorers,0,0,,,,,"jubetero neighbour in calle genova, if he is form ronda in malaga in 1498 he may be a morisco",
SP01SP000785,,,Moguel,,Luis,,Luis  Moguel ,Luis de Moguel,,tanners,0,0,,,,,collacion san alfon,
SP01SP000786,,,Guarque,,Juan,,Juan  Guarque ,Juan Guarque,,,0,0,,,,,,
SP01SP000787,,,Bolestar,,Jorge,,Jorge  Bolestar ,Jorge Bolestar,,,0,0,,,,,,
SP01SP000788,,,Suárez,,Gonzalo,,Gonzalo  Suárez ,Gonzalo Suárez,,merchants,0,0,,,,,,
SP01SP000790,,,Jerez,,Fernando,,Fernando  Jerez ,Fernando de Jerez,,merchants,0,0,,,,,seems to make comenda contract with cristian salvago,
SP01SP000791,,,Muñoz,,Gil,,Gil  Muñoz ,Gil Muñoz,,butchers,0,0,,,,,,
SP01SP000792,,,Cabezas,,Juan,,Juan  Cabezas ,Juan de las Cabezas,,weavers,0,0,,,,,maestro de asentar hilo de oro,
SP01SP000793,,,Quesada,,Tristán,,Tristán  Quesada ,Tristán de Quesada,,,0,0,,,,,maestro refrundidor del rey y la reina,
SP01SP000794,,,Benítez,,Juan,,Juan  Benítez ,Juan Benítez,,servants,0,0,,,,,former mayordomo of gonzalo de sahavedra comendador de sevilla,
SP01SP000795,,,Mosquera,,Juan,,Juan  Mosquera ,Juan Mosquera,,scribes,0,0,,,,,escribano mayor de la justicia,
SP01SP000796,,,Ome,,Juan,,Juan  Ome ,Juan Ome,,public officers,0,0,,,,,alcaide  de los alcazares y atarazanas,
SP01SP000797,,,Nájera,,Martin,,Martin  Nájera ,Martin Nájera,,,0,0,,,,,arrendador de la renta de alcabala,
SP01SP000798,,,Porras,,Amaro,,Amaro  Porras ,Amaro Porras,,,0,0,Ana,Díaz,,,,
SP01SP000799,,,Martíez,,Bernaldo,,Bernaldo  Martíez ,bernaldo martínez,,soldiers,0,0,,,,,death by 1497 Lombardero del rey,
SP01SP000800,,,Rodríguez,,Juan,,Juan  Rodríguez ,Juan Rodríguez,,merchants,0,0,,,,,neighbour of seville,
SP01SP000801,,,Malaver,,Beatriz,,Beatriz  Malaver ,Beatriz Malaver,,,0,0,nn,Casas,,,neighbour of seville,
SP01SP000802,,,Casas,,Diego,,Diego  Casas ,Diego de las Casas,,,0,0,,,,,neighbour of seville,
SP01SP000803,,,Ortiz,,Fernando,,Fernando  Ortiz ,Fernando Ortiz,,,0,0,,,,,neighbour of seville,
SP01SP000804,,,Sevilla,,Alonso,,Alonso  Sevilla ,Alonso de Sevilla,,merchants,0,0,Leonor,Fernández,,,works for slavago,
SP01SP000805,,SP01SP000300,Sevilla,,Diego,,Diego  Sevilla ,Diego de Sevilla,,armorers,0,0,Isabel,,,,jubetero neighbour seville collacionsan nicolás,
SP01SP000806,,,Fernández,,Pedro,,Pedro  Fernández ,Pedro Fernández,,weavers,0,0,Ana,Rodríguez,,,neighbour of seville,
SP01SP000807,,,Fernández,,Diego,,Diego  Fernández ,Diego Fernández,,,0,0,Inés,Jerez,,,neighbour of seville,
SP01SP000808,,,Fernández,,Gracía,,Gracía  Fernández ,Gracía Fernández,,weavers,0,0,Isabel,Rodríguez,,,neighbour of seville,
SP01SP000809,,,Plasencia,,Rodrigo,,Rodrigo  Plasencia ,Rodrigo de Plasencia,,agents,0,0,,,,,neighbour of seville,
SP01SP000810,,,Gómez,,Alfonso,,Alfonso  Gómez ,Alfonso Gómez,,,0,0,,,,,neighbour of seville,
SP01SP000811,,,Sánchez,,Alfonso,,Alfonso  Sánchez ,Alfonso Sáznchez,,,0,0,,,,,tornero neighbour of seville,
SP01SP000812,,,Guardía,,Pedro,,Pedro  Guardía ,Pedro de la Guardía,03SP,,0,0,,,,,exchange currency for the prior of san benito,
SP01SP000813,,,Aguilo,,Francisco,,Francisco  Aguilo ,Francisco Aguilo,,,0,0,,,,,exchange currency for the prior of san benito,
SP01SP000814,,,García,,Fernando,,Fernando  García ,Fernando García,,drapers,0,0,Leonor,Bernal,,,neighbour of seville collacion san salvador,
SP01SP000815,,,Peso,,Francisco,,Francisco  Peso ,Francisco del PEso,,,0,0,,,,,neighbour of seville,
SP01SP000816,,,bookmakers,,Urban,,Urban  bookmakers ,Urban Librero,,bookmakers,0,0,Ysabel,Gutierrez,,,c. santa maria,
SP01SP000817,,,bookmakers,,Niculoso,,Niculoso  bookmakers ,Niculoso Librero,,bookmakers,0,0,,,,,c. santa maria,
SP01SP000818,,,Rodríguez,,Alonso,,Alonso  Rodríguez ,Alonso Rodríguez,,tanners,0,1508,,,,,neighbour of seville,
SP01SP000819,,,Sánchez,,Daniel,,Daniel  Sánchez ,Daniel Sánchez,,tanners,0,0,,,,,neighbour of seville,
SP01SP000820,,SP01SP000818,Rodríguez,,Juan,,Juan  Rodríguez ,Juan Rodríguez,,,0,0,,,,,neighbour of seville,
SP01SP000821,,,Frias,,Juan,,Juan  Frias ,juan de frias,,servants,0,0,,,,,neighbour of seville mayordomo of SP01SP000560,
SP01SP000822,,,Avila,,Cristobal,,Cristobal  Avila ,Cristobal de Avila,,,0,0,,,,,neighbour of seville c. san vicente,
SP01SP000823,,,Marchena,,Alfon,,Alfon  Marchena ,Alfon Martin de Marchena,,shoemakers,0,0,,,,,neighbour of seville,
SP01SP000824,,,Martínez,,Alonso,,Alonso  Martínez ,Alonso Martínez,,,0,0,,,,,arrendadores de la renta del alcabala,
SP01SP000825,,,López,,Cristobal,,Cristobal  López ,Cristobal López,,,0,0,,,,,arrendadores de la renta del alcabala,
SP01SP000826,,,Fernández,,Martin,,Martin  Fernández ,Martin Fernández Pacho,,maritime pilots,0,0,,,,,navio san cristobal,
SP01SP000827,,,Roelas,,Pedro,,Pedro  Roelas ,Pedro de las Roelas,,,0,0,,,,,neighbour of seville c. san miguel,
SP01SP000828,,,Fernández,Toledo,Pedro,,Pedro  Fernández Toledo,Pedro Fernández de Toledo,,,0,0,,,,,procurador of bernaldo castiglione,
SP01SP000829,,,Escalante,,Juan,,Juan  Escalante ,Juan de Escalante,,,0,0,,,,,sells olive oil to the rivarolo,
SP01SP000830,,,González,Chillon,Fernando,,Fernando  González Chillon,Fernando González de Chillon,,,0,0,,,,,neighbour of chillon has two brother that make buisiness toghether diego and alvaro,
SP01SP000831,,,Baeza,,Juan,,Juan  Baeza ,Juan de Baeza,,,0,0,,,,,N. Seville c. santa cruz,
SP01SP000832,,,Baeza,,Francisco,,Francisco  Baeza ,Francisco de Baeza,,drapers,0,0,,,,,N. Seville c. santa cruz,
SP01SP000833,,,Rodríguez,Cabezas de Vaca,Francisco,,Francisco  Rodríguez Cabezas de Vaca,Francisco Rodríguez Cabeza de Vaca,,,0,0,,,,,24 de sevilla n. seville,
SP01SP000834,,,Medina,,Alfon,,Alfon  Medina ,Alfon de Medina,,,0,0,,,,,24 de sevilla n. seville,
SP01SP000835,,SP01SP000834,Medina,,Alfon,,Alfon  Medina ,Alfon de Medina,,,0,0,,,,,grandsoneighbour diego de guzman 24 de sevilla SP01SP000698,
SP01SP000836,,,Ynbona,,Diego,,Diego  Ynbona ,Diego de Ynbona,,,0,0,,,,,"N. Seville  his last name could be carmona, or montoya but be sure",
SP01SP000837,,,Jiménez,,Antón,,Antón  Jiménez ,anton jiménez,,weavers,0,0,,,,,n. seville,
SP01SP000838,,,Díaz,,Alfonso,,Alfonso  Díaz ,Alfonso Díaz,,,0,0,,,,,N. Jerez de la frontera,
SP01SP000839,,,nn,,Rodrigo,,Rodrigo  nn ,Rodrigo Alfon,,farmers,0,0,,,,,plowes the land for castiglione later becomes his criado in 1504,
SP01SP000840,,,Tello,,Inés,,Inés  Tello ,Doña Inés de Tello,,,0,0,fernando,mexia,,SP01SP000841,n seville sister of gracia de tello SP01SP000824,
SP01SP000841,,,Mexía,Zamora,Fernando,,Fernando  Mexía Zamora,Fernando de Zamora,,,0,0,ines,tello,,SP01SP000840,neighbour Seville,
SP01SP000842,,,García,,Alvaro,,Alvaro  García ,Alvaro García,,farmers,0,0,elvira,chaves,,SP01SP000844,n. seville c. omnium sanctorum,
SP01SP000843,,SP01SP000842,García,,Sebastian,,Sebastian  García ,Sebastian García,,farmers,0,0,,,,,cogedera people to pick up olives,
SP01SP000844,,,Chaves,,Elvira,,Elvira  Chaves ,Elvira Chaves,,farmers,0,0,Alvaro,García,,SP01SP000842,cogedera people to pick up olives,
SP01SP000845,,,Arana,,Fernando,,Fernando  Arana ,Fernando de Arana,,,0,0,,,,,v seville procurador de baro,
SP01SP000846,,,Méndez,,García,,García  Méndez ,García Méndez de Sotomayor,,,0,0,Inés,Medina,,,v. seville c. santa catalina,
SP01SP000847,,,Vanegas,,Pedro,,Pedro  Vanegas ,Pedro Vanegas,,drapers,0,0,,,,,v. seville c. santa maria,
SP01SP000848,,,Torquemada,,Luis,,Luis  Torquemada ,Luis de Torquemada,,,0,0,,,,,,
SP01SP000849,,,Pérez,,Juan,,Juan  Pérez ,Juan Pérez,,alguacil de caballo,0,0,,,,,v seville,
SP01SP000850,,,Burgos,,Gonzalo,,Gonzalo  Burgos ,Gonzalo de Burgos,,,0,0,,,,,,
SP01SP000851,,,Martínez,Patilla,Antonio,,Antonio  Martínez Patilla,Antonio Martínez Patilla,,maritime pilots,0,0,,,,,v. seville c. san vicente,
SP01SP000852,,,Fernández,Alfaro,Luis,,Luis  Fernández Alfaro,Luis Fernandez de Alfaro,,seamen,0,0,,,,,comitre de la reina,
SP01SP000853,,,Díaz,Cera,Juan,,Juan  Díaz Cera,Juan Díaz Cera,,servants,0,0,,,,,sirviente de Alfaro,
SP01SP000854,,SP01SP000039,Isla,,Juan,,Juan  Isla ,Juan de Isla,,,0,0,,,,,,
SP01SP000855,,,Rueda,,Pedro,,Pedro  Rueda ,Pedro de Rueda,,merchants,0,0,,,,,cousineighbour bernardino de isla,
SP01SP000856,,,Serrano,,Alonso,,Alonso  Serrano ,Alonso Serrano,,,0,0,,,,,comendador,
SP01SP000857,,,Carrion,,Fernando,,Fernando  Carrion ,Fernando de Carrion,,merchants,0,0,,,,,,
SP01SP000858,,,bookmakers,,Gonzalo,,Gonzalo  bookmakers ,Gonzalo Librero,,bookmakers,0,0,,,,,does contract of service with GN0003 in times of war,
SP01SP000859,,,Cerezo,,Fernando,,Fernando  Cerezo ,Fernando Cerezo,,,0,0,,,,,partner of vespucci,
SP01SP000860,,,Ortiz,Jangua,Pedro,,Pedro  Ortiz Jangua,Pedro Ortiz de Jangua,,brooker,0,1500,Mayor,Avellaneda,,SP01SP000560,corredor de lonja n seville c. death in 1500,
SP01SP000861,,,Villareal,,Fernando,,Fernando  Villareal ,Fernando de Villareal,,,0,0,,,,,,
SP01SP000864,,,Gallegos,,Diego,,Diego  Gallegos ,Diego Gallegos,,apprentice,0,0,,,,,apprentice of bookmaker mother is juana muñoz father juan Gallegos death 1500,
SP01SP000865,,,Sánchez,,Anton,,Anton  Sánchez ,Anton Sánchez,,tinsmiths,0,0,,,,,crossbowman n. seville c. san juan,
SP01SP000866,,,Sevilla,,Alfon,,Alfon  Sevilla ,Alfon de Sevilla,,farmers,0,0,inés,alvarez,,,v. seville c san isidro,
SP01SP000867,,,Caldera,,Velerio,,Velerio  Caldera ,Valerio Caldera,,,0,0,,,,,,
SP01SP000871,,,Torralba,,Pedro,,Pedro  Torralba ,Pedro Torralba,,apothecaries,0,0,,,,,n seville c. san miguel,
SP01SP000873,,,Bernal,Sevilla,Juan,,Juan  Bernal Sevilla,Juan de Sevilla,,apothecaries,0,0,leonor,alvarez,,,n seville c. san salvador,
SP01SP000874,,,Nariño,,Pedro,,Pedro  Nariño ,Pedro Nariño,,spice merchant,0,0,francisca,rodriguez,,,n seville c. san salvador,
SP01SP000875,,,lobo,,Alfon,,Alfon  lobo ,Alfon Lobo,,cleregy,0,0,,,,,capellaneighbour the queen,
SP01SP000876,,,Fernández,Villareal,Alfon,,Alfon  Fernández Villareal,Alfon Fernández de Villareal,,cleregy,0,0,,,,,capellaneighbour the bishop of cadiz,
SP01SP000877,,,García,,Antón,,Antón  García ,Antón García,,,0,0,,,,,sillero n. seville c. san alfonso,
SP01SP000878,,,Rodríguez,,Guillen,,Guillen  Rodríguez ,Guillen Rodríguez,,,0,0,,,,,alguacil mayor of the almirante mayor de castilla Fernando Enríquez de Velasco,
SP01SP000879,,,,,Urraca,,Urraca   ,Doña Urraca,,,0,0,Nicolas,Melgarejo,,,n. seville c. san vicente,
SP01SP000880,,,Almonte,,Fernando,,Fernando  Almonte ,Fernando de Almonte,,,0,0,Catalina,Ribera,,SP01SP000057,jurador/ejecutor n seville c. san salvador also 24 de sevilla,
SP01SP000881,,,Almonte,,Martin,,Martin  Almonte ,Martin de Almonte,,,0,0,,,,,n. seville c. san miguel,
SP01SP000882,,,Maldonado,,Cristobal,,Cristobal  Maldonado ,Cristobal Maldonado,,,0,0,,,,,n. seville c. san miguel,
SP01SP000883,,,Melgarejo,,Bartolomé,,Bartolomé  Melgarejo ,Bartolomé Melgarejo,,,0,0,,,,,n. seville c. santa maria,
SP01SP000884,,SP01SP001678,Sevilla,,Rodrigo,,Rodrigo  Sevilla ,Rodrigo de Sevilla,,,0,0,,,,,"alcaide neighbour seville collacionsanta maria, alcaide de la carcel de sevilla",
SP01SP000885,,,Arrieta,,Juan,,Juan  Arrieta ,Juan de Arrieta,,coopers,0,0,Isabel,Sánchez,,,n seville c. santa maria,
SP01SP000886,,,Arrieta,,Martin,,Martin  Arrieta ,Martin de Arrieta,,coopers,0,0,,,,,n seville c. santa maria,
SP01SP000890,,,Moguer,,Gonzalo,,Gonzalo  Moguer ,Gonzalo Moguer,,tanners,0,0,,,,,neighbour Seville,
SP01SP000891,,,Rodríguez,,Diego,,Diego  Rodríguez ,Diego Rodriguez,,clergy,0,0,Brigida,Fernández,,,neighbour seville collacionsan esteban,
SP01SP000892,,,Núñez,,Alfon,,Alfon  Núñez ,Alfon Núñez,,merchants,0,0,,,,,neighbour seville collacionsanta maria,
SP01SP000893,,,Martínez,,Gonzalo,,Gonzalo  Martínez ,Gonzalo Martínez,,millers,0,0,,,,,n seville in aljarefe,
SP01SP000894,,,García,,Alfon,,Alfon  García ,Alfon García,,millers,0,0,,,,,n seville in bormujos,
SP01SP000895,,,Mayorca,,Pedro,,Pedro  Mayorca ,Pedro de Mayorga,,,0,0,,,,,neighbour Seville,
SP01SP000896,,,López,Toledo,Ruy,,Ruy  López Toledo,Ruy López de Toledo,,,0,0,,,,,Tresurer,
SP01SP000897,,,Cárdenas,,Alfon,,Alfon  Cárdenas ,Alfon de Cárdenas,,,0,0,,,,,n seville in pilas lugar de aljarafe,
SP01SP000898,,,Villalán,,Diego,,Diego  Villalán ,Diego de Villalán,,,0,0,,,,,,
SP01SP000899,,,Malgarejo,,Nicolas,,Nicolas  Malgarejo ,Nicolas Malgarejo,,,0,0,,,,,jurado neighbour seville collacionsan martin uncle of marco castiglione,
SP01SP000900,,,Carvajal,,Juan,,Juan  Carvajal ,Juan de Carvajal,,cloth weaver,0,0,,,,,peraile neighbour Seville,
SP01SP000901,,,Sánchez,,Pedro,,Pedro  Sánchez ,Pedro Sánchez,,herbolario,0,0,,,,,neighbour seville collacionsan llorente,
SP01SP000902,,,García,,Ruy,,Ruy  García ,Ruy García,,butchers,0,0,Elvira,Díaz,,,neighbour Umbrete,
SP01SP000903,,,López,,Martin,,Martin  López ,Martin López,,chandlers,0,0,,,,,neighbour Albaida,
SP01SP000904,,,López,Toledo,Pedro,,Pedro  López Toledo,Pedro López,,,0,0,,,,,recaudador de los diezmos de los aceites de sevilla neighbour seville collacion  san miguel,
SP01SP000905,,,Bornego,,Batista,,Batista  Bornego ,Batista Bornego,,,0,0,,,,,,
SP01SP000906,,,García,,Antón,,Antón  García ,Antón García,,,0,0,,,,,neighbour seville collacionsan vicente,
SP01SP000907,,,Martínez,Tirado,Alfon,,Alfon  Martínez Tirado,Alfon Martínez Tirado,,farmers,0,0,Ana,Sánchez,,,neighbour villalba del alcor,
SP01SP000908,,,García,Lagera,Marina,,Marina  García Lagera,Marina García Lagera,,farmers,0,0,Juan,García,,,neighbour seville collacionomnium sanctorum,
SP01SP000909,,,Almonte,,Juan,,Juan  Almonte ,Juan de Almonte,,butchers,0,0,Leonor,González,,,neighbour de las pilas,
SP01SP000910,,,Esteban,,Pedro,,Pedro  Esteban ,Pedro Esteban,,spice merchant,0,0,,,,,neighbour seville collacionsan salvador,
SP01SP000911,,,Villareal,,Sebastian,,Sebastian  Villareal ,Sebastian Villareal,,servants,0,0,,,,,neighbour Seville,
SP01SP000912,,,Martínez,,Pedro,,Pedro  Martínez ,Pedro Martínez,,,0,0,,,,,neighbour hinojales,
SP01SP000913,,,Jiménez,,Francisco,,Francisco  Jiménez ,francisco jiménez,,exchangers,0,0,,,,,neighbour seville collacionsanta maria,
SP01SP000914,,CT0020,Mexía,,Juan,,Juan  Mexía ,Juan Mexía,,,0,0,,,,,neighbour seville collacionsan roman,
SP01SP000915,,,Sevilla,,Gonzalo,,Gonzalo  Sevilla ,Gonzalo de Sevilla,,spice merchant,0,0,,,,,neighbour seville collacionsan salvador,
SP01SP000916,,,Sánchez,,Miguel,,Miguel  Sánchez ,Miguel Sánchez el mozo,,spice merchant,0,0,,,,,neighbour seville collacionsan salvador,
SP01SP000917,,,Bermúdez,Rodríguez,Antona,,Antona  Bermúdez Rodríguez,Antona Bermúdez Rodriguez,,,0,0,Gonzalo,Bermudez,,,neighbour triana,
SP01SP000918,,,Martínez,,Alfon,,Alfon  Martínez ,Alfon Martínez,,,0,0,,,,,neighbour triana,
SP01SP000919,,,Martínez,,Diego,,Diego  Martínez ,Diego Martínez,,,0,0,Francisca,Rodríguez,,,neighbour seville collacionsanta maria,
SP01SP000920,,,Martínez,,Pedro,,Pedro  Martínez ,Pedro Martínez,,,0,0,Juana,Martínez,,,neighbour sobardina,
SP01SP000921,,,Rodríguez,,Juan,,Juan  Rodríguez ,Juan Rodríguez,,,0,0,,,,,neighbour triana,
SP01SP000922,,,Ayala,,Pedro,,Pedro  Ayala ,Pedro de Ayala,,,0,0,,,,,neighbour seville collacionsan roman,
SP01SP000923,,,Morales,,Antonio,,Antonio  Morales ,antonio de morales,,weavers,0,0,,,,,cestero neighbour seville collacionsanta maria,
SP01SP000924,,,Fernández,,Alonso,,Alonso  Fernández ,Alonso Fernández,,metal leaf beaters,0,0,,,,,neighbour seville collacionsanta maria,
SP01SP000925,,,Rodríguez,,Gonzalo,,Gonzalo  Rodríguez ,Gonzalo Rodríguez,,metal leaf beaters,0,0,,,,,neighbour seville collacionsanta maria,
SP01SP000926,,,Morillo,,Tome,,Tome  Morillo ,Tome Morillo,,metal leaf beaters,0,0,,,,,neighbour seville collacionsanta maria,
SP01SP000927,,,Torre,,FRancisco,,FRancisco  Torre ,Francisco de la Torre,,weavers,0,0,,,,,neighbour seville collacionsan esteban,
SP01SP000928,,,Torre,,Juan,,Juan  Torre ,Juan de la Torre,,,0,1506,,,,,,
SP01SP000929,,,Alegre,,Jeronimo,,Jeronimo  Alegre ,Jeronimo Alegre,,merchants,0,0,,,,,neighbour Valencia,
SP01SP000930,,,Garan,,Luis,,Luis  Garan ,Luis Garan,,,0,0,,,,,takes with lomelini the responsibility of paying a letter of exchange from valencia,
SP01SP000931,,,Morales,,Juan,,Juan  Morales ,Juan Morales,,seamen,0,0,Leonor,Fernández,,SP01SP000932,marinero n seville c. san vicente,
SP01SP000932,,,Fernández,,Leonor,,Leonor  Fernández ,Leonor Fernández,,,0,0,Juan,Morales,,SP01SP000931,neighbour seville collacionsan vicente,
SP01SP000933,,,Alarcon,,Pedro,,Pedro  Alarcon ,Pedro de Alarcón,,,0,0,,,,,,
SP01SP000934,,,Ortiz,Zúñiga,Fernando,,Fernando  Ortiz Zúñiga,Fernando Ortiz de Zúñiga,,,0,0,,,,,neighbour seville,
SP01SP000935,,,Verdesoto,,García,,García  Verdesoto ,García de Verdesoto,,,0,0,,,,,neighbour Medina del Campo,
SP01SP000936,,,Martínez,Badajoz,Alfon,,Alfon  Martínez Badajoz,Alfon Martínez de Badajoz,,,0,0,,,,,neighbour seville,
SP01SP000937,,,San Pedro,,Gonzalo,,Gonzalo  San Pedro ,Gonzalo de San Pedro,,,0,0,,,,,neighbour Medina del Campo,
SP01SP000938,,,López,,Fernando,,Fernando  López ,Fernando López,,,0,0,,,,,neighbour Medina del Campo,
SP01SP000939,,,López,,Diego,,Diego  López ,Diego López,,farmers,0,0,,,,,neighbour seville collacionsanta maria,
SP01SP000940,,,Sasedo,,Martin,,Martin  Sasedo ,Martin Sasedo,,,0,0,,,,,neighbour seville,
SP01SP000941,,,Portugal,,Alvaro,,Alvaro  Portugal ,Don Alvaro de Portugal,,,0,1504,Felipa,Melo,,SP01SP000942,presidente del consejo de sus altezas,
SP01SP000942,,,Melo,,Felipa,,Felipa  Melo ,Doña Felipe de Melo,,,0,0,Alvaro,Portugal,,SP01SP000941,,
SP01SP000943,,,Ramos,,Antón,,Antón  Ramos ,Antón Ramos,,,0,0,,,,,tinajero neighbour Bollullos,
SP01SP000944,,,Rodríguez,,Leonor,,Leonor  Rodríguez ,Leonor Rodríguez,,,0,0,,,,,neighbour Bollullos,
SP01SP000945,,,Fernández,Varas,Juan,,Juan  Fernández Varas,Juan Fernández de las Varas,,,0,0,,,,,neighbour seville,
SP01SP000946,,,Iñiguez,,Rodrigo,,Rodrigo  Iñiguez ,Rodrigo de Iñiguez,,exchangers,0,0,,,,,neighbour seville collacionsan pedro,
SP01SP000947,,,Baeza,,Francisco,,Francisco  Baeza ,Francisco de Baeza,,scribes,0,0,,,,,n seville scribe of the king,
SP01SP000948,,SP01SP001496,Guerra,,Cristobal,,Cristobal  Guerra ,Cristobal Guerra,,captains,0,1508,,,,,captaineighbour the caravela san francisco,
SP01SP000949,,,Niño,,Pedro,,Pedro  Niño ,Pedro Niño,,,0,0,,,,,lugarteniento del almirante mayor de castilla,
SP01SP000954,,,Gibraleón,,Juan,,Juan  Gibraleón ,Juan de Gibraleón,,drapers,0,0,,,,,neighbour seville collacionsanta maria,
SP01SP000955,,,Fontana,,Bartolomé,,Bartolomé  Fontana ,Bartolomé de Fontana,,,0,0,,,,,n gran canary arrendador y recaudador mayor de tercias de gc,
SP01SP000956,,,Ocaña,,Diego,,Diego  Ocaña ,Diego de Ocaña,,scribes,0,0,,,,,scribe of the king trades wheat with sanchez and frnari,
SP01SP000957,,,Baeza,,Rodrigo,,Rodrigo  Baeza ,Rodrigo de Baeza,,drapers,0,0,,,,,neighbour seville collacionsanta maria,
SP01SP000958,,,Rodríguez,,Alfon,,Alfon  Rodríguez ,Alfon Rodríguez,,drapers,0,0,,,,,neighbour seville collacionsanta maria,
SP01SP000959,,,Marmolejo,,Diego,,Diego  Marmolejo ,Diego Marmolejo,,public officers,0,1506,Beatriz,Fernández,,SP01SP001802,neighbour seville,
SP01SP000960,,,Núñez,,Fernando,,Fernando  Núñez ,Fernando de Núñez,,tailors,0,0,,,,,neighbour seville collacionsanta maria,
SP01SP000961,,,Córdoba,,Andrés,,Andrés  Córdoba ,Andrés de Córdoba,,drapers,0,0,,,,,neighbour seville collacionsanta cruz,
SP01SP000963,,,Peña,,Juan,,Juan  Peña ,juan de peña,,cowboy,0,0,,,,,neighbour Seville,
SP01SP000964,,,nn,,nn,,nn  nn ,alcaide de tarifa,,cowboy,0,0,,,,,neighbour Seville,
SP01SP000965,,,Sanabria,,Juan,,Juan  Sanabria ,Juan Sanabria,,cowboy,0,0,,,,,neighbour Seville,
SP01SP000966,,,Tajunia,,Juan,,Juan  Tajunia ,Juan Tajunia,,cowboy,0,0,,,,,neighbour Seville,
SP01SP000967,,,Zarco,,Juan,,Juan  Zarco ,Juan Zarco,,cowboy,0,0,,,,,neighbour Seville,
SP01SP000968,,,Martínez,,Pedro,,Pedro  Martínez ,Pedro Martínez de Utrera,,cowboy,0,0,,,,,neighbour Seville,
SP01SP000969,,,Parra,,Juan,,Juan  Parra ,Juan Parra,,cowboy,0,0,,,,,neighbour Seville,
SP01SP000970,,,Domínguez,,Alonso,,Alonso  Domínguez ,Alonso Dominguez,,cowboy,0,0,,,,,neighbour Seville,
SP01SP000971,,,Domínguez,,Bartolomé,,Bartolomé  Domínguez ,Bartolomé Dominguez,,cowboy,0,0,,,,,neighbour Seville,
SP01SP000972,,,Fuentidueña,,Juan,,Juan  Fuentidueña ,Juan de Fuentidueña,,cowboy,0,0,,,,,neighbour Seville,
SP01SP000973,,,Domínguez,,Antón,,Antón  Domínguez ,Antón Dominguez,,cowboy,0,0,,,,,neighbour Seville,
SP01SP000974,,,Monja,,Diego,,Diego  Monja ,Diego Tenorio,,cowboy,0,0,,,,,neighbour Seville,
SP01SP000975,,,Esquivel,,nn,,nn  Esquivel ,de monja,,cowboy,0,0,,,,,neighbour Seville,
SP01SP000976,,,Cota,,Juan,,Juan  Cota ,Juan de Esquivel,,cowboy,0,0,,,,,neighbour Seville,
SP01SP000977,,,Esquivel,,Gabriel,,Gabriel  Esquivel ,Gabriel de Cota,,cowboy,0,0,,,,,neighbour Seville,
SP01SP000978,,,,,Andrés,,Andrés   ,Andres Esquivel,,cowboy,0,0,,,,,neighbour Seville,
SP01SP000979,,,Carrión,,Rodrigo,,Rodrigo  Carrión ,Rodrigo Carrion,,merchants,0,0,,,,,burgales e in seville,
SP01SP000983,,,Briviesca,,Ximeno,,Ximeno  Briviesca ,Ximeno de Briviesca,,public officers,0,0,,,,,oficial de la casa de contratacion,
SP01SP000984,,,Pérez,,Fernando,,Fernando  Pérez ,Fernando Pérez,,,0,0,,,,,n los paolos,
SP01SP000989,,,Sánchez,,Mateo,,Mateo  Sánchez ,Mateo Sánchez,,maritime pilots,0,0,,,,,n triana comitre del rey maestre del barco la gracia de dios,
SP01SP000990,,,Valladolid,,Pedro,,Pedro  Valladolid ,Pedro de Valladolid,,,0,0,,,,,jurado,
SP01SP000991,,,San Juan,,Martin,,Martin  San Juan ,Martin de San Juan,,maritime pilots,0,0,,,,,,
SP01SP000992,,,Lezcano,,Juan,,Juan  Lezcano ,Juan Lezcano,,maritime pilots,0,0,,,,,,
SP01SP000993,,,López,Rayalde,Juan,,Juan  López Rayalde,Juan López Rayalde,,maritime pilots,0,0,,,,,,
SP01SP000994,,,Contreras,,Fernando,,Fernando  Contreras ,Fernando Contreras,,,0,0,,,,,"n merida, apperantly in charge of caretaking the slaves of the king in merida",
SP01SP000995,,,Román,,Pedro,,Pedro  Román ,Pedro Román,,,0,0,,,,,neighbour ubeda pinero,
SP01SP000996,,,Guillen,,Diego,,Diego  Guillen ,Diego Guillen,,,0,0,,,,,neighbour seville collacionsan salvador,
SP01SP000997,,,García,,Gómez,,Gómez  García ,Gómez García,,,0,0,,,,,neighbour seville collacionsan isidro,
SP01SP000998,,,García,,Nicolas,,Nicolas  García ,Nicolas García,,,0,0,,,,,neighbour Seville,
SP01SP000999,,,Romero,,Juan,,Juan  Romero ,Juan Romero,,maritime pilots,0,0,,,,,maestro del barco san telmo,
SP01SP001000,,,Álvarez,,Diego,,Diego  Álvarez ,Diego Alvarez,,,0,0,,,,,n seville and jurado,
SP01SP001001,,,Lepe,,Diego,,Diego  Lepe ,Diego de Lepe el viejo,,,0,0,,,,,neighbour Moguer,
SP01SP001002,,,Gorda,,Alfon,,Alfon  Gorda ,Alfon de la Gorda,,maritime pilots,0,0,,,,,neighbour de los palos maestre nao santa maria de la concepcion,
SP01SP001003,,,Alcazar,,Pedro,,Pedro  Alcazar ,Pedro de Alcazar,,,0,0,,,,,neighbour seville collacionsanta maria,
SP01SP001004,,,Herrera,,Alfon,,Alfon  Herrera ,Alfon de Herrera,,,0,0,,,,,neighbour Seville,
SP01SP001005,,,Díaz,Santacruz,Fernando,,Fernando  Díaz Santacruz,Fernando Díaz de Santa Cruz,,,0,0,,,,,,
SP01SP001006,,,Ponce,Cabrera,Pedro,,Pedro  Ponce Cabrera,Pedro Ponce de Cabrera,,,0,0,,,,,neighbour seville collacionsan alfon,
SP01SP001007,,,Daza,,Alfon,,Alfon  Daza ,Alfon Daza,,,0,0,,,,,neighbour seville collacionsanta maria,
SP01SP001008,,,Buendía,,Juan,,Juan  Buendía ,Juan Buendia,,merchants,0,0,,,,,neighbour seville collacionsantacruz,
SP01SP001009,,,Gavilan,,Martin,,Martin  Gavilan ,Martin Gavilan,,maritime pilots,0,0,,,,,neighbour laredo maestre nao la trinidad,
SP01SP001010,,,Ruiz,Valorado,Juan,,Juan  Ruiz Valorado,Juan Ruiz de Valorado,,,0,0,,,,,sevilla,
SP01SP001011,,,Zamarado,,Gregorio,,Gregorio  Zamarado ,Gregorio Zamarado,,,0,0,,,,,,
SP01SP001012,,SP01SP000832,Aleman,,Alonso,,Alonso  Aleman ,Alonso Aleman,,,0,0,,,,,n seville arrendadore de la alcabala de moros y tartaros,
SP01SP001013,,,Consuegra,,Lope,,Lope  Consuegra ,Lope Consuegra,,,0,0,,,,,n seville arrendadore de la alcabala de moros y tartaros,
SP01SP001014,,,Valtierra,,Juan,,Juan  Valtierra ,Juan de Valtierra,,merchants,0,0,,,,,estante Seville,
SP01SP001015,,,Castro,,Fernando,,Fernando  Castro ,Fernando de Castro,,maritime pilots,0,0,,,,,neighbour viveiro lugo maestre del nao santa maria de valdeflores,
SP01SP001016,,,Delgado,,Cristobal,,Cristobal  Delgado ,Cristobal Delgado,,clergy,0,0,Elvira,Jimenez,,,calero neighbour pf umbrete,
SP01SP001017,,,Garay,,Francisco,,Francisco  Garay ,Francisco de Garay,,maritime pilots,0,0,,,,,neighbour de los palos partner of miguel dias neighbour of 01DR owed half of everything he owed and own,
SP01SP001018,,,Ribera,,Cristobal,,Cristobal  Ribera ,Cristobal Ribera,,,0,0,Maria,Sánchez,,,neighbour Santillana del Mar,
SP01SP001019,,,Rodríguez,,Antón,,Antón  Rodríguez ,Antón Rodríguez,,maritime pilots,0,0,,,,,neighbour triana maestre nao lagracia de dios,
SP01SP001020,,,Rodríguez,Calvo,Antón,,Antón  Rodríguez Calvo,Antón Rodríguez Calvo,,clergy,0,0,,,,,neighbour Umbrete,
SP01SP001021,,,Alonso,,Bartolomé,,Bartolomé  Alonso ,bartolomé alonso,,clergy,0,0,,,,,neighbour Umbrete,
SP01SP001022,,,Morales,,Alfon,,Alfon  Morales ,Alfon de Morales,,public officers,0,0,,,,,neighbour seville collacionomnium sanctorum,
SP01SP001023,,,Guillen,,Juan,,Juan  Guillen ,Juan Guillen,,,0,0,,,,,neighbour Cazalla,
SP01SP001024,,,Fernández,Gallego,Gonzalo,,Gonzalo  Fernández Gallego,Gonzalo Fernández Gallego,,,0,0,,,,,neighbour Cazalla,
SP01SP001025,,,Castillo,,Juan,,Juan  Castillo ,Juan del Castillo,,,0,0,,,,,neighbour Cazalla,
SP01SP001026,,,González,,Alfon,,Alfon  González ,Alfon González,,scribes,0,0,,,,,n seville works for the cabildo and the church of seville,
SP01SP001027,,,Ferrer,,Miguel,,Miguel  Ferrer ,Miguel Ferre,,,0,0,,,,,not sure I have one gen and one portugues with similar last names and he is collecting a lot of money from a letter of exchange form account in Barcelona form Sanchez and Riverol … strange figure,
SP01SP001028,,,Rodríguez,,Juan,,Juan  Rodríguez ,Juan Rodríguez,,weavers,0,0,,,,,neighbour seville collacionsan alfon,
SP01SP001029,,,Ferrer,,Francin,,Francin  Ferrer ,Francin Ferrrer,,,0,0,,,,,recibidor de la orden de san juan de jerusalem,
SP01SP001030,,,González,,Alonso,,Alonso  González ,Alonso Gonzalez,,scribes,0,0,,,,,neighbour seville collacionsanta maria,
SP01SP001031,,,López,Gavilan,Pedro,,Pedro  López Gavilan,Pedro Gavilan,,tanners,0,0,,,,,neighbour seville collacionsan nicolas,
SP01SP001032,,,Campos,,García,,García  Campos ,García de Campos,,conquistadors,0,0,,,,,son in law of Alonso de Ojeda,
SP01SP001033,,,Miguel,,Andrea,,Andrea  Miguel ,Andrea Miguel,07SP,merchants,0,0,,,,,estante Seville,
SP01SP001034,,,Estopiñán,,Pedro,,Pedro  Estopiñán ,Pedro de Estopiñán,,conquistadors,0,0,,,,,"Pedro de Estopiñán, conquistador de Melilla, comendador ",
SP01SP001035,,SP01SP001034,Estopiñán,Cabeza de Vaca,Pedro,,Pedro  Estopiñán Cabeza de Vaca,Pedro de Estopiñán Cabeza de Vaca,,conquistadors,0,0,,,,,"Hijo de Pedro de Estopiñán, conquistador de Melilla, y primo y hombre de confianza de Alvar Núñez Cabeza de Vaca, a quien acompañó en la expedición a Río de la Plata, por la que Cabeza de Vaca, a su regreso a España en 1537, obtuvo el título de gobernador de Río de la Plata, y unos años más tarde, en 1540, de nuevo en América, le dio la misión de conquistar y colonizar Argentina y Paraguay. En esta expedición Pedro Estupiñán Cabeza de Vaca estuvo al mando de Santa Catalina y, posteriormente, en 1542, de la expedición marítima que remontó el Panamá y el Paraguay, por lo que es considerado el descubridor de Paraguay (según Aladro), aunque llegó a Asunción (Paraguay) y se encontró allí a Martínez de Irala. Ese mismo año, Alvar Núñez publicó sus aventuras en un relato autobiográfico que tituló Naufragios.",
SP01SP001036,,,Navarro,,Fernando,,Fernando  Navarro ,Fernando Navarro,,servants,0,0,,,,,criado de gracia de campos partner with francisco fernandez criado de bernaldo grimaldo and have a company to take goods to america,
SP01SP001037,,,Ayala,,Maria,,Maria  Ayala ,doña Maria Ayala,,,0,0,,,,,n seville caballero de fernando de medina de nuncibay 24 de sevilla,
SP01SP001038,,,Medina,,Fernando,,Fernando  Medina ,Fernando de Medina,,silversmiths,0,0,nn,islas,,,neighbour Seville,
SP01SP001039,,,Rodríguez,,Bartolomé,,Bartolomé  Rodríguez ,Bartolomé Rodríguez,,drapers,0,0,Elvira,López,,,neighbour seville collacionsanta maria,
SP01SP001040,,,González,Antequera,Alonso,,Alonso  González Antequera,Alonso González de Antequera,,farmers,0,0,,,,,neighbour Algaba,
SP01SP001041,,,Gaytan,,Gonzalo,,Gonzalo  Gaytan ,Gonzalo Gaytan,,farmers,0,0,,,,,neighbour Algaba,
SP01SP001042,,,Teva,,Diego,,Diego  Teva ,Diego Teva,,farmers,0,0,,,,,neighbour Algaba,
SP01SP001043,,,González,Antequera,Anton,,Anton  González Antequera,Anton González de Antequera,,farmers,0,0,,,,,neighbour Algaba,
SP01SP001044,,,González,Villanueva,Anton,,Anton  González Villanueva,Anton González de Villanueva,,farmers,0,0,,,,,neighbour Algaba,
SP01SP001045,,,Alonso,,Martin,,Martin  Alonso ,Martin Alonso,,farmers,0,0,,,,,neighbour Algaba,
SP01SP001046,,,Martín,Alfaro,Pedro,,Pedro  Martín Alfaro,Pedro Martín de Alfaro,,farmers,0,0,,,,,neighbour palnaraya,
SP01SP001047,,,Fernández,,Baltasar,,Baltasar  Fernández ,Baltasar Fernández,,,0,0,,,,,,
SP01SP001048,,,Carpio,,Juan,,Juan  Carpio ,Juan del Carpio,,spice merchant,0,0,,,,,neighbour seville collacionsan salvador,
SP01SP001049,,,González,Puebla,Ruy,,Ruy  González Puebla,Ruy González de Puebla,,ambassador,0,0,,,,,ambassador in England,
SP01SP001050,,,Palma,,Fernando,,Fernando  Palma ,Fernando de Palma,,apothecaries,0,0,,,,,neighbour seville collacionsan salvador,
SP01SP001051,,,Pineda,,Pedro,,Pedro  Pineda ,Pedro de Pineda,,,0,0,,,,,jurado. neighbour seville collacionsan juan,
SP01SP001052,,,Luna,,Jaime,,Jaime  Luna ,Jayme de Luna,,merchants,0,0,,,,,estante Cadiz,
SP01SP001053,,,Godoy,,Pedro,,Pedro  Godoy ,Pedro de Godoy,,scribes,0,0,,,,,escribano del rey,
SP01SP001054,,,Franco,,Juan,,Juan  Franco ,Juan Franco,,maritime pilots,0,0,,,,,Palos de la Frontera,
SP01SP001055,,,Pinto,,Diego,,Diego  Pinto ,Diego Pinto,,maritime pilots,0,0,,,,,Palos de la Frontera,
SP01SP001058,,,Rodríguez,,Isabel,,Isabel  Rodríguez ,Isabel Rodríguez,,,0,0,Alonso,Rodríguez,,,neighbour seville collacionsanta cruz,
SP01SP001059,,,Peon,,Juan,,Juan  Peon ,Juan de Peon,,blacksmiths,0,0,,,,,son in law of isabel rodriguez,
SP01SP001060,,,Lucero,,Juan,,Juan  Lucero ,Juan Lucero,,,0,0,,,,,neighbour san juan del puerto,
SP01SP001061,,,Gutierrez,,Juan,,Juan  Gutierrez ,Juan Guitierrez,,,0,0,,,,,neighbour san juan del puerto,
SP01SP001062,,,Ortiz,,Pedro,,Pedro  Ortiz ,Pedro Ortiz,,,0,0,,,,,procurador de antonio cerezo,
SP01SP001063,,,Rodríguez,Orihuela,Martin,,Martin  Rodríguez Orihuela,Martín Rodríguez,,merchants,0,0,,,,,partner with niculoso spinola,
SP01SP001064,,,Vinagre,,Juan,,Juan  Vinagre ,Juan Vinagre,,maritime pilots,0,0,,,,,neighbour puerto santa maria,
SP01SP001079,,,Carseo,,Juan,,Juan  Carseo ,Juan Carseo,,,0,0,,,,,neighbour Seville,
SP01SP001080,,,Espinosa,,Pedro,,Pedro  Espinosa ,Pedro de Espinosa,,servants,0,0,,,,,criado de francisco pinello,
SP01SP001082,,,Martínez,,Cristóbal,,Cristóbal  Martínez ,Cristóbal Martínez,,,0,0,Juana,Gutierrez,,,neighbour seville collacionsan juan,
SP01SP001083,,,Vas,,Diego,,Diego  Vas ,Diego de Vas,,haberdashers,0,0,,,,,mercero. neighbour seville collacionsan salvador,
SP01SP001084,,,Moreno,,Francisco,,Francisco  Moreno ,Francisco Moreno,,drapers,0,0,Leonor,Benitez,,,neighbour seville collacionsanta maria,
SP01SP001085,,,Herrera,,Fernando,,Fernando  Herrera ,Fernando de Herrera,,,0,0,,,,,soneighbour alonso de herrera neighbour of ciudad real,
SP01SP001086,,,García,,Diego,,Diego  García ,Diego García,,masons,0,0,Marina,Vazquez,,,neighbour seville collacionsan vicente,
SP01SP001087,,,Fernández,Boniel,Pedro,,Pedro  Fernández Boniel,Pedro Fernández Boniel,,,0,0,,,,,neighbour Seville,
SP01SP001088,,,Cabrera,,Rodrigo,,Rodrigo  Cabrera ,Rodrigo,,,0,0,,,,,neighbour Seville,
SP01SP001089,,,Osorio,,Fernando,,Fernando  Osorio ,Fernando de Osornio,,wine makers,0,0,,,,,neighbour seville collacionsan salvador,
SP01SP001090,,,Vidal,,Anton,,Anton  Vidal ,Anton Vidal,,seamen,0,0,,,,,neighbour Seville,
SP01SP001091,,,Rodríguez,Triscareõ,Juan,,Juan  Rodríguez Triscareõ,Juan Rodríguez triscareño,,maritime pilots,0,0,,,,,maestre nao san pedro martir,
SP01SP001096,,,Maluenda,,Pedro,,Pedro  Maluenda ,Pedro de Manuel,,lawyers,0,0,,,,,n seville part of the cabildo de sevilla,
SP01SP001097,,,Jaen,Roelas,Alonso,,Alonso  Jaen Roelas,Alonso de Jaen Roelas,,,0,1519,,,,,tentinete asistente. n seville part of the cabildo de sevilla,
SP01SP001098,,,Mendez,Sotomayor,Luis,,Luis  Mendez Sotomayor,Luis Mendez de Sotomayor,,,0,0,,,,,n seville part of the cabildo de sevilla,
SP01SP001099,,,Suárez,Cazalla,Pedro,,Pedro  Suárez Cazalla,Pedro Suarez de Cazalla,,,0,0,,,,,24 seville. n seville part of the cabildo de sevilla,
SP01SP001102,,,Rodríguez,Cabeza,Anton,,Anton  Rodríguez Cabeza,Anton Rodríguez Cabeza,,hosiers,0,0,,,,,neighbour seville collacionsanta maria,
SP01SP001103,,SP01SP001102,Martínez,,Alonso,,Alonso  Martínez ,Alonso Martínez,,hosiers,0,0,,,,,neighbour seville collacionsanta maria,
SP01SP001104,,,Novia,,Anton,,Anton  Novia ,Anton de Novia,,merchants,0,0,,,,,e in seville natural de vizcalla,
SP01SP001105,,,Ramos,,Bartolomé,,Bartolomé  Ramos ,Bartolomé Ramos,,scribes,0,0,Ana,Fernández,SP01SP001106,,neighbour Sanlúcar de Barrameda,
SP01SP001106,,,Fernández,,Ana,,Ana  Fernández ,Ana Fernández,,,0,0,Bartolome,Ramos,SP01SP001105,,neighbour Sanlúcar de Barrameda,
SP01SP001107,,,Ortiz,Murga,Fernando,,Fernando  Ortiz Murga,Fernando Ortiz de Murga,,,0,0,,,,,neighbour Seville,
SP01SP001108,,,Jaen,,Gonzalo,,Gonzalo  Jaen ,Gonzalo de Jaen,,,0,0,Isabel,Sánchez,,,bacinador de san lazaro. neighbour seville collacionsanta maria,
SP01SP001109,,,Guzmán,,Alonso,,Alonso  Guzmán ,Alonso de Guzmán,,,0,0,,,,,neighbour seville collacionsan esteban,
SP01SP001110,,,Bueno,,Diego,,Diego  Bueno ,Diego Bueno,,exchangers,0,0,,,,,neighbour Seville,
SP01SP001111,,,Carmona,,Andrés,,Andrés  Carmona ,Andrés de Carmona,,silk weaver,0,0,,,,,neighbour seville collacionsanta cruz,
SP01SP001112,,,Sotiel,,Juan,,Juan  Sotiel ,Juan de Sotiel,,drapers,0,0,maria,fernández,,,neighbour seville collacionsan salvador,
SP01SP001113,,,Bernal,,Bartolomé,,Bartolomé  Bernal ,Bartolomé Bernal,,drapers,0,0,Jeronima,Rodríguez,,,neighbour Seville,
SP01SP001114,,,Avilés,,Fernando,,Fernando  Avilés ,Fernando de Avilés,,muleteer,0,0,mari,rodríguez,,,neighbour seville collacionsanta catalina,
SP01SP001115,,,Martínez,,Juan,,Juan  Martínez ,Juan Martínez,,masons,0,0,,,,,neighbour Coria,
SP01SP001116,,,Morales,,Francisco,,Francisco  Morales ,Francisco Morales,,swordsmiths,0,0,,,,,neighbour seville collacionsan isidro,
SP01SP001117,,,Rua,,Diego,,Diego  Rua ,Diego de Ruas,,merchants,0,0,,,,,neighbour seville collacionsan salvador,
SP01SP001118,,,Lorenzo,,Alfonso,,Alfonso  Lorenzo ,Alfonso Lorenzo,,bookmakers,0,0,,,,,neighbour seville collacionsanta maria,
SP01SP001119,,,Torres,,Fernando,,Fernando  Torres ,Fernando de Torres,,armorers,0,0,,,,,Jubetero neighbour seville collacionsanta maria,
SP01SP001120,,,Franco,,Francisco,,Francisco  Franco ,Francisco Franco,,apothecaries,0,0,,,,,neighbour seville collacionsanta maria,
SP01SP001121,,,Jerez,,Gonzalo,,Gonzalo  Jerez ,Gonzalo de Xerez,,spice merchant,0,0,,,,,neighbour seville collacionsan bartolome,
SP01SP001122,,,Baeza,,Gómez,,Gómez  Baeza ,Gómez de Baeza,,spice merchant,0,0,,,,,neighbour seville collacionsanta maria,
SP01SP001123,,,Adrete,,Jaime,,Jaime  Adrete ,Jayme Adrete,,,0,0,,,,,neighbour Valencia,
SP01SP001124,,,Almenara,,Jaime,,Jaime  Almenara ,Jayme Almenara,,,0,0,,,,,neighbour Valencia,
SP01SP001125,,,Baena,,Juan,,Juan  Baena ,Juan Baena,,hosiers,0,0,,,,,neighbour seville collacionsanta maria,
SP01SP001126,,,Baena,,Pedro,,Pedro  Baena ,Pedro Baena,,hosiers,0,0,,,,,neighbour seville collacionsanta maria,
SP01SP001127,,SP01SP001117,Rua,,Alfon,,Alfon  Rua ,Alfon de Rua,,merchants,0,0,,,,,neighbour seville collacionsan salvador,
SP01SP001128,,SP01SP001117,Rua,,Melchor,,Melchor  Rua ,Melchor de Rua,,merchants,0,0,,,,,neighbour seville collacionsan salvador,
SP01SP001129,,,Orejuela,,Juan,,Juan  Orejuela ,Juan de Origuela,,secretary,0,0,,,,,neighbour seville collacionsan bartolome,
SP01SP001130,,,Lorenzo,,Juan,,Juan  Lorenzo ,Juan Lorenzo,,bookmakers,0,0,,,,,neighbour seville collacionsanta maria,
SP01SP001131,,,López,,Elvira,,Elvira  López ,Elvira López,,,0,0,Francisco,López,Chamizo,SP01SP001133,neighbour Malaga,
SP01SP001132,,SP01SP001133,López,,Blas,,Blas  López ,Blas López,,,0,0,,,,,"neighbour malaga, turns moor after being capture",
SP01SP001133,,,López,Chamizo,Francisco,,Francisco  López Chamizo,Francisco López Chamizo,,,0,0,Elvira,López,,SP01SP001131,neighbour Malaga,
SP01SP001134,,,Tarifa,,Juan,,Juan  Tarifa ,Juan de Tarifa,,scribes,0,0,,,,,neighbour seville collacionsanta maria,
SP01SP001135,,,Morga,,Pedro,,Pedro  Morga ,Pedro de Morga,,agents,0,0,,,,,neighbour Seville,
SP01SP001136,,,Herrera,,Francisco,,Francisco  Herrera ,Francisco de Herrera,,,0,0,,,,,neighbour seville collacionsan nicolas,
SP01SP001137,,,Marroquín,,Juan,,Juan  Marroquín ,Juan Marroquín,,drapers,0,0,,,,,neighbour seville collacionsanta maria,
SP01SP001138,,,Escaño,,Batista,,Batista  Escaño ,Batista Escaño,,,0,0,,,,,regidor neighbour Cadiz,
SP01SP001139,,,Carreño,,Pedro,,Pedro  Carreño ,Pedro Careño,,spice merchant,0,0,,,,,neighbour seville collacionsan salvador,
SP01SP001140,,,Barrio,,Francisco,,Francisco  Barrio ,Francisco Barrio,,agents,0,0,,,,,factor of juan sanchez,
SP01SP001141,,,Quirós,,Francisco,,Francisco  Quirós ,Francisco de Quirós,,,0,0,,,,,neighbour seville collacionsanta maria,
SP01SP001142,,,Marmolejo,,Francisco,,Francisco  Marmolejo ,Francisco Marmolejo,,,0,0,,,,,jurado neighbour Seville,
SP01SP001143,,,Fernández,Gallego,Francia,,Francia  Fernández Gallego,Francia Fernández Gallegos,,,0,0,,,,,licenciado alcaide de la casa y corte de reyes,
SP01SP001144,,,Díaz,,Eugenio,,Eugenio  Díaz ,Ogenio Díaz,,,0,0,,,,,neighbour Villa de Alanís,
SP01SP001145,,,Alanís,,Rodrigo,,Rodrigo  Alanís ,Rodrigo de Alanís,,,0,0,,,,,neighbour seville collacionsan alfon,
SP01SP001146,,,Ximón,,Juan,,Juan  Ximón ,Juan Ximón,,farmers,0,0,ines,pérez,,,neighbour seville collacionsan roman,
SP01SP001147,,,Vázquez,,Juan,,Juan  Vázquez ,Juan Vázquez,,swordsmiths,0,0,,,,,neighbour seville collacionsanta maria,
SP01SP001148,,,Rodríguez,,Antón,,Antón  Rodríguez ,Antón Rodríguez,,swordsmiths,0,0,,,,,neighbour seville collacionsanta maria,
SP01SP001149,,,Tordesillas,,Francisco,,Francisco  Tordesillas ,Francisco de Tordesillas,,swordsmiths,0,0,,,,,neighbour seville collacionsanta maria,
SP01SP001150,,,Aleman,,Juan,,Juan  Aleman ,Juan Aleman,,drapers,0,0,,,,,neighbour Seville,
SP01SP001151,,,Palencia,,Rodrigo,,Rodrigo  Palencia ,Rodrigo de Palencia,,agents,0,0,,,,,neighbour Seville,
SP01SP001152,,,Ruiz,Porras,Fernando,,Fernando  Ruiz Porras,Fernando Ruiz de Porras,,scribes,0,0,,,,,mayordomo de los señores del cabildo y santa iglesia de sevilla,
SP01SP001153,,,Surgano,,Juan,,Juan  Surgano ,Juan Surgano,,maritime pilots,0,0,,,,,neighbour seville collacionsan salvador,
SP01SP001154,,,Perona,,Alonso,,Alonso  Perona ,Alonso de Perona,,merchants,0,0,,,,,neighbour seville collacionsan bartolome,
SP01SP001156,,,Vergara,,Cristóbal,,Cristóbal  Vergara ,Cristóbal de Vergara,,,0,0,,,,,neighbour Seville,
SP01SP001157,,,toledo,,Gonzalo,,Gonzalo  toledo ,Gonzalo de Toledo,,spice merchant,0,0,isabel,toledo,,,neighbour seville collacionsan bartolome,
SP01SP001158,,,Carvajal,,Fernando,,Fernando  Carvajal ,Fernando de Carvajal,,drapers,0,0,,,,,neighbour seville collacionsan andres,
SP01SP001160,,,Escudero,,Alonso,,Alonso  Escudero ,Alonso Escudero,,,0,0,,,,,neighbour seville collacionsan pedro,
SP01SP001161,,SP08SP001160,Escudero,,Isabel,,Isabel  Escudero ,Isabel Escudero,,,0,0,,,,,neighbour seville collacionsan pedro,
SP01SP001162,,,Rio,,Cristóbal,,Cristóbal  Rio ,Cristóbal del Rio,,tinsmiths,0,0,,,,,neighbour Triana,
SP01SP001163,,,Franco,,Rodrigo,,Rodrigo  Franco ,Rodrigo Franco,,merchants,0,0,,,,,neighbour seville collacionsan salvador,
SP01SP001164,,,Ruiz,,Rodrigo,,Rodrigo  Ruiz ,Rodrigo Ruiz,,,0,0,Guimar,López,La Franca,,neighbour triana,
SP01SP001165,,,Moguer,,Luis,,Luis  Moguer ,Luis de Moguer,,tanners,0,0,Marina,Moguer,,,neighbour seville collacionsan alfon,
SP01SP001166,,,Bermúdez,,Francisco,,Francisco  Bermúdez ,Francisco Bermúdez,,servants,0,0,,,,,"mayordomo del conde de ureña, same señor de Osuna",
SP01SP001167,,,Martínez,Albarazado,Juan,,Juan  Martínez Albarazado,Juan Martínez Albarazodo,,,0,0,,,,,jurado neighbour seville collacionsan juan,
SP01SP001168,,,Zorro,,Marcos,,Marcos  Zorro ,Marcos Zorro,,butchers,0,0,,,,,neighbour seville collacionsan salvador,
SP01SP001169,,,Molina,,Francisco,,Francisco  Molina ,Francisco de Molina,,brokers,0,0,,,,,hacedor neighbour Vejer,
SP01SP001170,,,Gómez,Bolifante,Diego,,Diego  Gómez Bolifante,Diego Gómez Bolifante,,,0,0,,,,,toguero neighbour seville collacionsan nicolas,
SP01SP001171,,,Rodríguez,,Pedro,,Pedro  Rodríguez ,Pedro Rodríguez,,weavers,0,0,,,,,neighbour seville collacionsan nicolas,
SP01SP001172,,,León,,Francisco,,Francisco  León ,Francisco de León,,maritime pilots,0,0,,,,,neighbour triana maestre de carabela santa ana,
SP01SP001173,,,Gaeta,,Pedro,,Pedro  Gaeta ,Pedro de Gaeta,,maritime pilots,0,0,,,,,neighbour triana meastre carabela la trinidad,
SP01SP001174,,,nn,,Bartolomé,,Bartolomé  nn ,Bartolomé,,,0,0,,,,,neighbour rianzuela,
SP01SP001177,,,Aguilera,,Cristóbal,,Cristóbal  Aguilera ,Cristóbal de Aguilera,,chandlers,0,0,,,,,neighbour seville collacionsan salvador,
SP01SP001178,,,Rodríguez,,Juan,,Juan  Rodríguez ,Juan Rodríguez,,blacksmiths,0,0,,,,,neighbour Utrera,
SP01SP001179,,,Iñiguez,,Francisco,,Francisco  Iñiguez ,Francisco Iñiguez,,swordsmiths,0,0,,,,,neighbour Utrera,
SP01SP001180,,,González,,Cristóbal,,Cristóbal  González ,Cristóbal González,,,0,0,Catalina,Martin,,,frutero neighbour Coria,
SP01SP001181,,,Baeza,,Diego,,Diego  Baeza ,Diego de Baeza,,,0,0,,,,,neighbour seville collacionsan roman,
SP01SP001182,,,Soria,,Juan,,Juan  Soria ,Juan de Soria,,muleteer,0,0,,,,,neighbour seville collacionsanta maria,
SP01SP001183,,,Ortiz,,Alonso,,Alonso  Ortiz ,Alonso Ortiz,,merchants,0,0,,,,,neighbour seville collacionsan alfon,
SP01SP001184,,,Guzmán,,Maria,,Maria  Guzmán ,Maria de Guzmán,,,0,0,Pedro,Fuentes,,,neighbour seville collacionsan juan,
SP01SP001185,,SP01SP001184,Guzmán,,Blanca,,Blanca  Guzmán ,Blanca de Guzmán,,,0,0,Marco,Cattaneo,,CT0001,neighbour seville collacionsan juan,
SP01SP001186,,,Toledo,,Luis,,Luis  Toledo ,Luis de Toledo,,spice merchant,0,0,,,,,neighbour seville collacionsanta cruz,
SP01SP001188,,,Urrea,,Gonzalo,,Gonzalo  Urrea ,Gonzalo de Urrea,,drapers,0,0,,,,,neighbour seville collacionsan salvador,
SP01SP001189,,,Marmolejo,,Gracía,,Gracía  Marmolejo ,Gracía Marmolejo,,,0,0,,,,,neighbour seville collacionsan vicente,
SP01SP001190,,,Mayorga,,Antón,,Antón  Mayorga ,Antón Mayorga,,agents,0,0,,,,,neighbour Seville,
SP01SP001191,,,Álvarez,Toledo,Gracía,,Gracía  Álvarez Toledo,Gracía Alvarez de toledo,,,0,0,,,,,,
SP01SP001192,,,Puebla,,Juan,,Juan  Puebla ,Juan de Puebla,,,0,0,,,,,neighbour Triana owner of the carabela santo domingo,
SP01SP001193,,,Villasante,,Diego,,Diego  Villasante ,Diego de Villasante,,merchants,0,0,,,,,Estante in castile,
SP01SP001195,,,Rodríguez,,Alfonso,,Alfonso  Rodríguez ,Alfonso Rodríguez,,apothecaries,0,0,Mencía,Rodríguez,,,neighbour seville collacionsan bartolome,
SP01SP001196,,,Ervás,,Diego,,Diego  Ervás ,Diego de Ervás,,haberdashers,0,0,,,,,neighbour seville collacionsan salvador,
SP01SP001197,,,Cea,,Juan,,Juan  Cea ,Juan de Cea,,merchants,0,0,,,,,neighbour seville collacionsan salvador,
SP01SP001198,,,Castro,,Juan,,Juan  Castro ,Juan de Castro,,merchants,0,0,,,,,neighbour seville collacionsan isidro,
SP01SP001199,,,Suárez,,Diego,,Diego  Suárez ,Diego Suárez,,,0,0,,,,,neighbour Seville,
SP01SP001200,,,Escacena,,Rodrigo,,Rodrigo  Escacena ,Rodrigo de Escacena,,agents,0,0,,,,,neighbour Seville,
SP01SP001201,,,Sánchez,Toro,Antón,,Antón  Sánchez Toro,Antón Sánchez de Toro,,shoemakers,0,0,,,,,chapinero neighbour seville collacionsanta maria,
SP01SP001202,,,Sánchez,Bastidas,Alfonso,,Alfonso  Sánchez Bastidas,Alfonso Sánchez de Bastidas,,barbers,0,0,,,,,neighbour seville collacionsan salvador,
SP01SP001203,,,Rodríguez,,Cristóbal,,Cristóbal  Rodríguez ,Cristóbal Rodríguez,,haberdashers,0,0,,,,,neighbour seville collacionsan salvador,
SP01SP001204,,SP01SP001196,Hervas,,Alonso,,Alonso  Hervas ,Alonso de Hervas,,lawyers,0,0,,,,,,
SP01SP001205,,CT0031,Melgarejo,,Diego,,Diego  Melgarejo ,Diego Melgarejo,,,0,0,,,,,cousing of Marco Cattaneo,
SP01SP001206,,,Figuero,,Isabel,,Isabel  Figuero ,Isabel Figueroa,,,0,0,,,,,woman who gave marco cattaneo 3 sons,
SP01SP001207,,,Cueto,,Juan,,Juan  Cueto ,Juan Cueto,,merchants,0,0,,,,,neighbour seville collacionsantiago,
SP01SP001208,,,Lorca,,Manuel,,Manuel  Lorca ,Manuel de Loya,,agents,0,0,,,,,neighbour seville collacionsan esteban,
SP01SP001209,,,Díaz,,Fernando,,Fernando  Díaz ,Fernando Díaz,,drapers,0,0,,,,,neighbour seville collacionsanta maria,
SP01SP001210,,,Díaz,Cantico,Diego,,Diego  Díaz Cantico,Diego Díaz Cantico,,spice merchant,0,0,Isabel,Díaz,,,neighbour Seville,
SP01SP001211,,,Flores,,Alfon,,Alfon  Flores ,Alfon de Flores,,swordsmiths,0,0,,,,,neighbour seville collacionsan salvador,
SP01SP001214,,,Lepe,,Juan,,Juan  Lepe ,Juan de Lepe,,unskilled workers,0,0,,,,,neighbour Huevar,
SP01SP001216,,,Sánchez,,Alonso,,Alonso  Sánchez ,Alonso de Sánchez,04SP,tanners,0,0,,,,,"n cordoba, e seville",
SP01SP001217,,,Acosta,,Diego,,Diego  Acosta ,Diego de Acosta,,millers,0,0,,,,,atahonero neighbour seville collacionsanta maria,
SP01SP001218,,,fernández,Castro,Juan,,Juan  fernández Castro,Juan Fernández de Castro,,,0,0,,,,,neighbour Seville,
SP01SP001221,,,García,Hidalgo,Francisco,,Francisco  García Hidalgo,Francisco García Hidaldo,,farmers,0,0,leonor,Díaz,,,neighbour Huevar,
SP01SP001222,,,Cáceres,,Diego,,Diego  Cáceres ,Diego de Cáceres,,shoemakers,0,0,,,,,neighbour seville collacion  san salvador,
SP01SP001223,,,Sánchez,,Ruy,,Ruy  Sánchez ,Ruy Sánchez,,tanners,0,0,,,,,n seville san bartolome,
SP01SP001224,,,Díaz,Huevar,Juan,,Juan  Díaz Huevar,Juan Díaz de Huevar,,farmers,0,0,,,,,neighbour Huevar,
SP01SP001225,,,Díaz,Arnao,Francisco,,Francisco  Díaz Arnao,Francisco Díaz Arnao,,farmers,0,0,,,,,neighbour Huevar,
SP01SP001226,,,Pérez,,Diego,,Diego  Pérez ,Diego Pérez,,drapers,0,0,,,,,neighbour seville collacionsan salvador,
SP01SP001227,,SP01SP001226,Ruiz,,Pedro,,Pedro  Ruiz ,Pedro Ruiz,,drapers,0,0,,,,,neighbour seville collacionsan salvador,
SP01SP001228,,,Rodríguez,Almonte,Juan,,Juan  Rodríguez Almonte,Juan Rodríguez de Almonte,,farmers,0,0,Juana,López,,,neighbour Huevar,
SP01SP001229,,,Martin,,Alfonso,,Alfonso  Martin ,Alfonso Martin,,carpenters,0,0,,,,,neighbour seville collacionsanta maria,
SP01SP00123,,,Almansa,,Juan,,Juan  Almansa ,Juan de Almansa,,,0,0,,,,,jurado neighbour seville collacionsan bartolome,
SP01SP001230,,,Fernández,,Gonzalo,,Gonzalo  Fernández ,Gonzalo Fernández,,carpenters,0,0,,,,,neighbour seville collacionsanta maria,
SP01SP001231,,,Espina,,Francisco,,Francisco  Espina ,Francisco de Espina,,farmers,0,0,Marina,Díaz,,,neighbour Bullullos,
SP01SP001232,,,Benitez,,Francisco,,Francisco  Benitez ,Francisco Benitez,,farmers,0,0,Violante,López,,,neighbour Palacios,
SP01SP001233,,,Martin,Medellin,Fernando,,Fernando  Martin Medellin,Fernando Martin Medellin,,farmers,0,0,Elvira,Gracía,,,neighbour villafranca de la marisma,
SP01SP001234,,,Montes,Doca,Juan,Alonso,Juan Alonso Montes Doca,Juan Alonso Montes Doca,,farmers,0,0,,,,,neighbour villafranca de la marisma,
SP01SP001235,,,López,Dalva,Alonso,,Alonso  López Dalva,Alonso López Dalva,,farmers,0,0,Elvira,López,,,neighbour villafranca de la marisma,
SP01SP001236,,,Medina,,Luis,,Luis  Medina ,Luis de Medina,,armorers,0,0,,,,,hijo de juan de molina neighbour seville collacionsanta maria la blanca,
SP01SP001237,,,Sevilla,Tellez,Juan,,Juan  Sevilla Tellez,Juan de Sevilla Tellez,,,0,0,,,,,neighbour seville collacionsan nicolas,
SP01SP001238,,,Bernal,,Alfonso,,Alfonso  Bernal ,Alfonso Bernal,,servants,0,0,,,,,mayordomo del luis ponce de leon señor de villagarcia.,
sp01sp001240,,,Martin,,Cristobal,,Cristobal  Martin ,Cristobal Martin,,farmers,0,0,Catalina,,García,,neighbour lebrija,
sp01sp001241,,,Martin,,Pedro,,Pedro  Martin ,Pedro Martin,,farmers,0,0,,,,,neighbour lebrija,
sp01sp001242,,,Ramírez,Cabrito,Alfonso,,Alfonso  Ramírez Cabrito,Alfonso Ramírez Cabrito,,farmers,0,0,Ana,,García,,neighbour lebrija,
SP01SP001243,,,Zamora,,Antonio,,Antonio  Zamora ,Antonio de Zamora,,fruit merchant,0,0,,,,,neighbour seville collacionsan salvador,
SP01SP001244,,,Garrido,,Juan,,Juan  Garrido ,Juan Garrido,,shoemakers,0,0,,,,,neighbour Utrera,
SP01SP001245,,,Rodríguez,,Francisco,,Francisco  Rodríguez ,Francisco Rodríguez,,haberdashers,0,0,Elvira,Rodríguez,,,neighbour seville collacionsan salvador,
SP01SP001246,,,Madaleno,,Pedro,,Pedro  Madaleno ,pedro madaleno,,,0,0,,,,,neighbour seville collacionsan salvador,
SP01SP001247,,,Sandoval,,urban,,urban  Sandoval ,Urban de Sandoval,,fruit merchant,0,0,,,,,Frutero neighbour seville collacionsan salvador,
SP01SP001248,,,Guillén,,Felipe,,Felipe  Guillén ,Felipe Guillén,,apothecaries,0,0,,,,,neighbour seville collacionsanta maria,
SP01SP001249,,,Bernal,,Anton,,Anton  Bernal ,Anton Bernal,,farmers,0,0,,,,,neighbour seville collacionommnium sanctorum,
SP01SP001250,,,Jaymes,,Luis,,Luis  Jaymes ,Luis Jaymes,,brokers,0,0,,,,,corredor de caballo neighbour seville collacion santa maria,
SP01SP001251,,,Baeaz,,Gonzalo,,Gonzalo  Baeaz ,Gonzalo de Baeza,,drapers,0,0,,,,,neighbour Baeza,
SP01SP001252,,,Molina,,Gonzalo,,Gonzalo  Molina ,Gonzalo de Molina,,drapers,0,0,,,,,neighbour Baeza,
SP01SP001253,,,Baeza,,Alfonso,,Alfonso  Baeza ,Alfonso de Vargas,,,0,0,,,,,neighbour Medina del Campo,
SP01SP001254,,,Vargas,,Francisco,,Francisco  Vargas ,Francisco de Vargas,,,0,0,,,,,Tesorero de sus altezas,
SP01SP001255,,,ortiz,cuellar,Gonzalo,,Gonzalo  ortiz cuellar,Gonzalo ortiz de cuellar,,,0,0,,,,,neighbour medina del campo hermano de juan ortiz,
SP01SP001256,,,López,,Gonzalo,,Gonzalo  López ,Gonzalo López,,,0,0,,,,,tesorero de la cruzada,
SP01SP001257,,,López,,Silvestre,,Silvestre  López ,Silvestre López,,shoemakers,0,0,,,,,neighbour seville collacionsan isidro,
SP01SP001258,,,López,,Juan,,Juan  López ,Juan López,,tanners,0,0,,,,,neighbour seville collacionsan llorente,
SP01SP001259,,,López,,Luis,,Luis  López ,Luis López,,tanners,0,0,,,,,neighbour seville collacionsan bartolome,
SP01SP001260,,,Álvarez,,Juan,,Juan  Álvarez ,Juan Alvarez,,merchants,0,0,,,,,neighbour Seville,
SP01SP001261,,,Aguita,,Esteban,,Esteban  Aguita ,Esteban de Aguita,,agents,0,0,,,,,factor of the king of portugal,
SP01SP001262,,,Rodríguez,,Nicolás,,Nicolás  Rodríguez ,Nicolás Rodríguez,,carpenters,0,0,,,,,neighbour Seville,
SP01SP001263,,,,,Cristobal,,Cristobal   ,Cristobal,,shoemakers,0,0,Maria,Ojeda,,,n seville analfabeto,
SP01SP001264,,,,,Francisco,,Francisco   ,Francisco,,cañaveralero,0,0,,,,,n seville san martin analfabeto,
SP01SP001265,,,Martínez,Danguas,Juan,,Juan  Martínez Danguas,Juan Martinez danguas,,farmers,0,0,,,,,neighbour Huevar,
SP01SP001266,,,Salcedo,,Alonso,,Alonso  Salcedo ,Alonso de Salcedo,,agents,0,0,,,,,neighbour Seville,
SP01SP001267,,,nn,,nn,,nn  nn ,nn,,,0,0,,,,,neighbour Seville,
SP01SP001271,,,Escobar,,Francisco,,Francisco  Escobar ,Francisco de Escobar,,silk weaver,0,0,,,,,neighbour seville collacionsan román,
SP01SP001272,,,Vergara,,Francisco,,Francisco  Vergara ,Francisco de Vergara,,,0,0,,,,,tesorero del consejo de su majestad,
SP01SP001273,,,Santa Cruz,,Francisco,,Francisco  Santa Cruz ,Francisco de Santa Cruz,,,0,0,,,,,n Seville ofical of the casa de contracion,
SP01SP001274,,,Alcalde,,Antón,,Antón  Alcalde ,Antón Alcalde,,drapers,0,0,,,,,"e Seville,  partner of alfonso de baeza",
SP01SP001275,,,Chacon,,Pedro,,Pedro  Chacon ,Pedro Chacon,,agents,0,0,,,,,"e Seville, partner of alfonso de baeza",
SP01SP001281,,,Martínez,,Juan,,Juan  Martínez ,Juan Martínez,,seamen,0,0,,,,,neighbour seville collacionsan vicente,
SP01SP001282,,,Rodríguez,,Gonzalo,,Gonzalo  Rodríguez ,Gonzalo Rodríguez,,merchants,0,0,,,,,neighbour of triana,
SP01SP001283,,,Jimenez,,Francisco,,Francisco  Jimenez ,Francisco Jimenez,,farmers,0,0,Catlina,García,,,neighbour seville collacionsana maria,
SP01SP001284,,,Ruiz,,Juan,,Juan  Ruiz ,Juan Ruiz,,weavers,0,0,Catalina,Jimenez,,,neighbour seville collacionsan andres,
SP01SP001285,,,Jaen,,Pedro,,Pedro  Jaen ,Pedro de Jaen,,tanners,0,0,Catalina,Álvarez,,,neighbour seville collacionsanta maria,
SP01SP001286,,,Martin,,Cristobal,,Cristobal  Martin ,Cristobal MArtin,,tanners,0,0,Beatriz,Ruiz,,,neighbour seville collacionsan esteban,
SP01SP001287,,,Dueñas,,Francisco,,Francisco  Dueñas ,Francisco Dueñas,,,0,0,,,,,neighbour Medina del Campo,
SP01SP001288,,,Andrada,,Pedro,,Pedro  Andrada ,Pedro de Adrada,,,0,0,,,,,neighbour Medina del Campo,
SP01SP001289,,,Palencia,,Andres,,Andres  Palencia ,Andres de Palencia,,hosiers,0,0,Beatriz,Moreno,,,neighbour seville collacionsanta maria,
SP01SP001290,,,Alcalá,,Bernardino,,Bernardino  Alcalá ,Bernardino de Alcalá,,merchants,0,0,,,,,neighbour seville collacionsan salvador,
SP01SP001291,,,Almera,,Miguel,,Miguel  Almera ,Miguel de Almera,,merchants,0,0,,,,,partner with ricio franchi and vivaldo,
SP01SP001292,,,Melgar,,Alfonso,,Alfonso  Melgar ,Alfondo de Melgar,,bankers,0,0,,,,,banker holds accounts of the genoese cattaneo and vivaldo,
SP01SP001293,,,Jimenéz,,Juan,,Juan  Jimenéz ,Juan Jimenéz,,blacksmiths,0,0,Isabel,García,,,lebrija,
SP01SP001294,,,Sánchez,,Juan,,Juan  Sánchez ,Juan Sánchez,,carpenters,0,0,,,,,neighbour seville collacionsanta maria,
SP01SP001295,,,Atienza,,Diego,,Diego  Atienza ,Diego de Atienza,,silk weaver,0,0,,,,,neighbour seville collacionsantiago,
SP01SP001296,,,Sánchez,,Lorenzo,,Lorenzo  Sánchez ,Lorenzo Sánchez,,minter,0,0,,,,,"neighbour seville collacionsanta maria, ensayador de la casa de la moneda",
SP01SP001297,,,Baena,,Francisco,,Francisco  Baena ,Francisco de Baena,,merchat,0,0,,,,,neighbour seville collacionsan salvador,
SP01SP001298,,,López,Caro,Diego,,Diego  López Caro,Diego López Caro,,drapers,0,0,,,,,neighbour seville collacionsanta maria,
SP01SP001312,,,Córdoba,,Andrés,,Andrés  Córdoba ,Andrés de Córdoba,,drapers,0,0,,,,,neighbour seville collacionsanta cruz,
SP01SP001313,,,Jerez,,Gonzalo,,Gonzalo  Jerez ,Gonzalo de Jerez,,spice merchant,0,0,,,,,neighbour seville collacionsan bartolome,
SP01SP001314,,,Gyarza,,Juan,,Juan  Gyarza ,Juan de Gayarza,,maritime pilots,0,0,,,,,"neighbour bilbao, nao santo domingo",
SP01SP001315,,,Salazar,,Lope,,Lope  Salazar ,Lope de Salazar,,,0,0,,,,,neighbour portugalete,
SP01SP001316,,,Esquivel,,Antonio,,Antonio  Esquivel ,Antonio de Esquivel,,,0,0,,,,,neighbour Vitoria,
SP01SP001317,,,Santucha,,Ochoa,,Ochoa  Santucha ,Ochoa de Santucha,,maritime pilots,0,0,,,,,"neighbour bilbao, nao santa trinidad",
SP01SP001318,,,Franco,,Diego,,Diego  Franco ,Diego Franco,,merchants,0,0,,,,,neighbour seville collacionsan salvador,
SP01SP001319,,,Lobo,,Alfonso,,Alfonso  Lobo ,Alfonso Lobo,,tailors,0,0,,,,,neighbour seville collacionsanta maria,
SP01SP001320,,,Sánchez,,Francisco,,Francisco  Sánchez ,Francisco Sánchez,,chandlers,0,0,,,,,neighbour seville collacionsan salvador,
SP01SP001321,,,Sánchez,,Francisco,,Francisco  Sánchez ,Francisco Sánchez,,apothecaries,0,0,,,,,neighbour Seville,
SP01SP001322,,,López,,Juan,,Juan  López ,Juan López,,,0,0,,,,,Naipero neighbour seville collacionsan pedro ,
SP01SP001323,,,Cea,,Bartolomé,,Bartolomé  Cea ,Bartolomé de Cea,,Confectioner,0,0,,,,,Confitero neighbour seville collacionsan pedro,
SP01SP001324,,,Carrillo,Vanegas,Juan,,Juan  Carrillo Vanegas,Juan Carrillo Vanegas,,merchants,0,0,,,,,neighbour cordoba,
SP01SP001325,,,Mantilla,,García,,García  Mantilla ,Garcia de Mantylla,,agents,0,0,,,,,neighbour Seville,
SP01SP001326,,,Madrid,,Pedro,,Pedro  Madrid ,Pedro Madrid,,tanners,0,0,,,,,neighbour seville collacionsanta maria,
SP01SP001327,,,Madrid,,Diego,,Diego  Madrid ,Diego Madrid,,tanners,0,0,,,,,neighbour seville collacionsanta maria,
SP01SP001328,,,Ortega,,Rodrigo,,Rodrigo  Ortega ,Rodrigo de Ortega,,,0,0,,,,,,
SP01SP001329,,,Mesa,,Fernando,,Fernando  Mesa ,Fernando de Mesa,,shoemakers,0,0,,,,,neighbour seville collacionsan salvador,
SP01SP001331,,,Bueno,,Juan,,Juan  Bueno ,Juan Bueno,,muleteer,0,0,,,,,neighbour marchena,
SP01SP001332,,,Guijarro,,Alfon,,Alfon  Guijarro ,Alfon Guijarro,,muleteer,0,0,,,,,neighbour marchena,
SP01SP001333,,,Gómez,,Juan,,Juan  Gómez ,Juan Gómez,,bookmakers,0,0,,,,,neighbour seville collacionsanta maria,
SP01SP001334,,,Pravia,,Juan,,Juan  Pravia ,Juan de Pravia,,wine makers,0,0,,,,,neighbour seville collacionsan marcos,
SP01SP001335,,,Fernández,,Diego,,Diego  Fernández ,Diego Fernández,,spice merchant,0,0,,,,,neighbour seville collacionsan esteban,
SP01SP001336,,,Fernández,Alcántara,García,,García  Fernández Alcántara,García Fernández Alcántara,,,0,0,,,,,neighbour seville collacionsantiago,
SP01SP001345,,,Fernández,,Francisco,,Francisco  Fernández ,Francisco Fernández,,armorers,0,0,,,,,neighbour seville collacionsanta maria,
SP01SP001346,,,Castro,,Pedro,,Pedro  Castro ,Pedro de Castro,,shoemakers,0,0,,,,,neighbour seville collacionsanta maria,
SP01SP001353,,,Palencia,,Francisco,,Francisco  Palencia ,Francisco de Palencia,,merchants,0,0,,,,,neighbour seville collacionsanta maria,
SP01SP001354,,,Pita,,Juan,,Juan  Pita ,Juan Pita,,maritime pilots,0,0,,,,,"neighbour vivero, nao santa maria de valdeflores",
SP01SP001356,,,Rodríguez,,Francisco,,Francisco  Rodríguez ,Francisco Rodríguez,,painters,0,0,,,,,neighbour seville collacionsan salvador,
SP01SP001360,,,Fernández,,Diego,,Diego  Fernández ,Diego Fernández,,armorers,0,0,,,,,neighbour seville collacionsanta maria,
SP01SP001361,,,Ximénez,,Antón,,Antón  Ximénez ,Antón Ximénes,,scribes,0,0,,,,,neighbour Seville,
SP01SP001362,,,Ximénez,,Francisco,,Francisco  Ximénez ,Francisco Ximénez,,merchants,0,0,,,,,neighbour seville collacionsan isidro,
SP01SP001363,,,Sevilla,,Francisco,,Francisco  Sevilla ,Francisco de Sevilla,,silk weaver,0,0,,,,,neighbour seville collacionsan bartolome,
SP01SP001364,,,Morales,,Cristobal,,Cristobal  Morales ,Cristobal de Morales,,velvet weaer,0,0,,,,,neighbour seville collacionsanta maria,
SP01SP001365,,,Bueno,,Pedro,,Pedro  Bueno ,Pedro (el viejo) Bueno,,boatman,0,0,,,,,neighbour seville collacionomnioun sactorum,
SP01SP001366,,,Ponferrada,,Alonso,,Alonso  Ponferrada ,Alonso de Ponferrada,,silk weaver,0,0,,,,,neighbour seville collacionsan vicente,
SP01SP001367,,,Mayorga,,Francisco,,Francisco  Mayorga ,Francisco de ayorga,,,0,0,,,,,marino mayor del principado de asturias oviedo,
SP01SP001368,,,Fernández,Parnal,García,,García  Fernández Parnal,García Fernández de la Parnal,,scribes,0,0,,,,,neighbour Villavisiosa,
SP01SP001369,,,Candaz,,Juan,,Juan  Candaz ,Juan de Candaz,,maritime pilots,0,0,,,,,Neighbour puerto de Astrazones (maybe gijon in Asturias de oviedo,
SP01SP001370,,,González,,Pedro,,Pedro  González ,Pedro González,,drapers,0,0,,,,,neighbour seville collacion  santa cruz,
SP01SP001371,,,Urrea,,Lope,,Lope  Urrea ,Lope de Urrea,,drapers,0,0,,,,,neighbour seville collacion  san salvador,
SP01SP001372,,SP87SP000537,Sánchez,,Juan,,Juan  Sánchez ,Juan Sánchez,,shoemakers,0,0,,,,,neighbour seville collacion  santa Maria,
SP01SP001373,,,Salero,,Pedro,,Pedro  Salero ,Pedro Salero,,shoemakers,0,0,,,,,neighbour seville collacion  santa Maria,
SP01SP001374,,SP01SP000332,Fernández,Sevilla,Pedro,,Pedro  Fernández Sevilla,Pedro Fernández de Sevilla,,,0,0,,,,,neighbour seville collacion  santa Maria,
SP01SP001375,,SP01SP000332,Fernández,Sevilla,Francisco,,Francisco  Fernández Sevilla,Francisco Fernández de Sevilla,,,0,0,,,,,neighbour seville collacion  san miguel,
SP01SP001376,,,Fernández,,Leonor,,Leonor  Fernández ,Leonor Fernández,,,0,0,Juan,Fernández,Sevilla,SP01SP000332,neighbour seville collacion  san miguel,
SP01SP001378,,,Hernánde,,Luis,,Luis  Hernánde ,Luis Hernández,,shoemakers,0,0,,,,,guadamacilero neighbour seville collacion santa maria,
SP01SP001379,,,González,,Diego,,Diego  González ,Diego González,,tinsmiths,0,0,,,,,neighbour seville collacionsan salvador,
SP01SP001380,,,Alonso,,Oliver,,Oliver  Alonso ,Oliver Alonso,,butchers,0,0,,,,,neighbour seville collacionsan andrés,
SP01SP001381,,,Cuadra,,Juan,,Juan  Cuadra ,Juan de la Cuadra,,lawyers,0,0,,,,,neighbour seville lawyer,
SP01SP001382,,,González,,Luis,,Luis  González ,Luis González,,butchers,0,0,,,,,neighbour benacazon,
SP01SP001383,,,Ruiz,Cardona,Juan,,Juan  Ruiz Cardona,Juan Ruiz de Cardona,,,0,0,,,,,neighbour seville collacionomnium sanctorum,
SP01SP001384,,,Rodríguez,,Fernando,,Fernando  Rodríguez ,Fernando Rodriguez,,hosiers,0,0,Catalina,Cazalla,,,"neighbour seville collacionSanta Cruz, brother of alonso rodriguez de la vyga",
SP01SP001385,,,Rodríguez,Vyga,Alonso,,Alonso  Rodríguez Vyga,Alonso Rodriguez de la Vyga,,hosiers,0,0,,,,,"neighbour seville, brother of fernando rodriguez ",
SP01SP001386,,,Toro,,Diego,,Diego  Toro ,Diego de Toro,,merchants,0,0,,,,,neighbour seville collacionsanta catalina,
SP01SP001387,,,Díaz,,Cristóbal,,Cristóbal  Díaz ,Cristóbal Díaz,,servants,0,0,,,,,"neighbour seville collacionsan marcos, mayordomo of Rodrigo Ponce de Leon ",
SP01SP001388,,,,,,,   ,,,servants,0,0,,,,,licenciado de Leon ,
SP01SP001389,,,López,,Bartolomé,,Bartolomé  López ,Bartolomé López,,weavers,0,0,,,,,neighbour seville collacionsanta maria,
SP01SP001391,,,Pérez,Vivero,Alonso,,Alonso  Pérez Vivero,Alonso Péerez de Vivero,,coopers,0,0,,,,,neighbour seville  renter of the wood alcabala,
SP01SP001392,,,Martínez,Cuéllar,Juan,,Juan  Martínez Cuéllar,Juan Martinez de Cuéllar,,coopers,0,0,,,,,neighbour seville  renter of the wood alcabala,
SP01SP001393,,,Fernández,,Francisco,,Francisco  Fernández ,Francisco Fernández,,servants,0,0,,,,,criado of bernaldo grimaldo,
SP01SP001394,,,Fernández,,Diego,,Diego  Fernández ,Diego Fernández,,,0,0,,,,,neighbour seville collacionsan juan,
SP01SP001395,,,Castro,,Juan,,Juan  Castro ,Juan de Castro,,merchants,0,0,,,,,neighbour seville collacionsan isidro,
SP01SP001396,,,Martínez,,Antón,,Antón  Martínez ,Anton Martinez,,winemaker,0,0,,,,,neighbour seville collacionsan llorente,
SP01SP001397,,,Pérez,,Bartolomé,,Bartolomé  Pérez , Bartolome Perez,,fishermen,0,0,,,,,neighbour seville collacionomnium sanctorum,
SP01SP001398,,,Bueno,,Pedro,,Pedro  Bueno ,Pedro Bueno,,boatman,0,0,,,,,neighbour seville collacionomnium sanctorum,
SP01SP001399,,,Madrid,,Pedro,,Pedro  Madrid ,Pedro de Madrid,,merchants,0,0,,,,,neighbour seville collacionsantiago,
SP01SP001400,,,santillana,,fernando,,fernando  santillana ,fernando santillana,,armorers,0,0,,,,,neighbour seville collacionsanta maria,
SP01SP001401,,,talavera,,silvestre,,silvestre  talavera ,Pedro Fernández,,silk weaver,0,0,,,,,neighbour seville collacionsanta cruz,
SP01SP001402,,,Sánchez,,Francisca,,Francisca  Sánchez ,Francisca Sánchez,,,0,0,Lope,Albanis,,,neighbour seville collacionsan alfon,
SP01SP001403,,,Solórzano,,Pedro,,Pedro  Solórzano ,Pedro de Solorzano,,apothecaries,0,0,,,,,neighbour seville collacionsanta maria,
SP01SP001404,,,García,Valdés,Diego,,Diego  García Valdés,Diego García de Valdés,,,0,0,,,,,neighbour seville collacionsan roman,
SP01SP001405,,,Bueno,,Bartolomé,,Bartolomé  Bueno ,BArtolomé Bueno,,boatman,0,0,,,,,neighbour seville collacionsan gil,
SP01SP001406,,,Morales,,Francisco,,Francisco  Morales ,Francisco Morales,,agents,0,0,,,,,"neighbour seville collacionsan isidro, factor of francisco riverol",
SP01SP001408,,,Estanco,,Francisco,,Francisco  Estanco ,Francisco Estanco,,merchants,0,0,,,,,neighbour seville collacionsanta maria,
SP01SP001409,,,Gómez,,Tomas,,Tomas  Gómez ,Tomas Gómez,,metal leaf beaters,0,0,,,,,neighbour seville collacionsan salvador,
SP01SP001410,,,Rodríguez,Genovese,juan,,juan  Rodríguez Genovese,Juan rodriguez ginoves,,maritime pilots,0,0,,,,,neighbour seville collacionsanta maria,
SP01SP001411,,,San Martin,,Andrés,,Andrés  San Martin ,Andrés de San Martin,,servants,0,0,,,,,Criado de Francisco Pinelo,
SP01SP001412,,,Plasencia,,Alvaro,,Alvaro  Plasencia ,Alvaro de Plasencia,,merchants,0,0,,,,,neighbour seville collacionsan isidro,
SP01SP001413,,,Sánchez,,Lope,,Lope  Sánchez ,Lope Sánchez,,maritime pilots,0,0,,,,,"neighbour seville collacionsan alfon, maestre nao santa maria",
SP01SP001414,,,Cabrera,,Cristobal,,Cristobal  Cabrera ,Cristobal Cabrera,,,0,0,,,,,Calderero neighbour seville collacionsan Llorente,
SP01SP001415,,,Rosero,,Sebastian,,Sebastian  Rosero ,Sebastian Rosero,,maritime pilots,0,0,,,,,"neighbour triana, maestre nao san francisco",
SP01SP001416,,,Sevilla,,hernando,,hernando  Sevilla ,Hernando de Sevilla,,exchangers,0,0,,,,,neighbour seville collacion  santa cruz,
SP01SP001417,,,Quintero,,Alfonso,,Alfonso  Quintero ,Alfonso Quintero,,maritime pilots,0,0,,,,,"neighbour villa de los palos, maestre nao santa trinidad",
SP01SP001420,,,Velazquez,,Alonso,,Alonso  Velazquez ,Alonso Velazquez,,tinsmiths,0,0,,,,,neighbour triana,
SP01SP001423,,,Barrera,,Alonso,,Alonso  Barrera ,Alonso de la Barrera,,lawyers,0,0,,,,,"neighbour seville collacionsan nicolas, soneighbour licenciado francisco de la barrera",
SP01SP001424,,,Cardona,,Andrés,,Andrés  Cardona ,Andrés de Cardona,,drapers,0,0,,,,,neighbour seville collacionsanta cruz,
SP01SP001425,,,Ximenes,Cuadrado,Pero,,Pero  Ximenes Cuadrado,Pero Ximenes Cuadrado,,farmers,0,0,,,,,neighbour seville collacionsan martin,
SP01SP001426,,,Faraz,,Alfonso,,Alfonso  Faraz ,Aldonso Faraz,,,0,0,,,,,neighbour seville collacionsanta maria de la blanca,
SP01SP001431,,,Pedrosa,,Diego,,Diego  Pedrosa ,Diego de Pedrosa,,maritime pilots,0,0,,,,,"neighbour seville collacionsanta maria, also librero",
SP01SP001432,,,Bernal,,Alonso,,Alonso  Bernal ,Alonso Bernal,,clergy,0,0,,,,,neighbour seville collacionsan esteban,
SP01SP001433,,,Ocaña,,Pedro,,Pedro  Ocaña ,Pedro de Ocaña,,armorers,0,0,,,,,neighbour seville collacionsanta Maria calle Genova,
SP01SP001434,,,Donis,,Pedro,,Pedro  Donis ,Pedro Donis,,armorers,0,0,,,,,neighbour seville collacionsanta Maria calle Genova,
SP01SP001435,,,Jaen,,Gonzalo,,Gonzalo  Jaen ,Gonzalo de Jaen,,armorers,0,0,,,,,neighbour seville collacionsanta Maria calle Genova,
SP01SP001436,,,Chillas,,Diego,,Diego  Chillas ,Diego de Chillas,,drapers,0,0,,,,,neighbour seville collacionsanta Catalina,
SP01SP001437,,,Alcocer,,Diego,,Diego  Alcocer ,Diego de Alcocer,,,0,0,,,,,neighbour seville collacionsan bartolome,
SP01SP001438,,,Roelas,,Gonzalo,,Gonzalo  Roelas ,Gonzalo de Roelas,,armorers,0,0,,,,,neighbour seville collacionsanta maria,
SP01SP001439,,,Loya,,Juan,,Juan  Loya ,Juan de Loya el viejo,,drapers,0,0,,,,,neighbour seville collacionsan bartolome,
SP01SP001440,,SP01SP001439,Loya,,Juan,,Juan  Loya ,Juan de Loya el mozo,,drapers,0,0,,,,,neighbour seville collacionsan bartolome,
SP01SP001441,,,Lana,,Ruberto,,Ruberto  Lana ,Ruberto de la Lana,,maritime pilots,0,0,,,,,"neighbour fuenterrabia lipuzcoa, maestre nao santa catalina",
SP01SP001442,,,Alcocer,,Diego,,Diego  Alcocer ,Diego de Alcocer,,,0,0,,,,,neighbour seville collacionsan bartolome,
SP01SP001443,,,Mejía,,Diego,,Diego  Mejía ,Diego Mexía,,maritime pilots,0,0,,,,,"neighbour seville collacionsanta maria magdalena,maestre carabela san juan",
SP01SP001444,,,Rodríguez,,Cristobal,,Cristobal  Rodríguez ,Cristobal Rodríguez,,chandlers,0,0,Francisca,Rodríguez,,,neighbour seville collacionsan salvador,
SP01SP001445,,,Hernández,,Pedro,,Pedro  Hernández ,Pedro Hernández,,lawyers,0,0,,,,,neighbour Seville,
SP01SP001450,,,Díaz,,Anton,,Anton  Díaz ,Anton Díaz,,armorers,0,0,,,,,neighbour seville collacionsanta maria calle de genova,
SP01SP001451,,,Molina,,Diego,,Diego  Molina ,Diego de Molina,,,0,0,,,,,camarero conde de cifuentes,
SP01SP001452,,,Abrio,,Pedro,,Pedro  Abrio ,Pedro de Abrio,,,0,0,,,,, transport money for adorno to flanders,
SP01SP001453,,,Baena,,Alfonso,,Alfonso  Baena ,Alfonso de Baena,,seamen,0,0,,,,,neighbour seville collacionsanta maria magdalena. soneighbour martin de baena,
SP01SP001454,,,Valladares,,Juan,,Juan  Valladares ,Juan de Valladares,,,0,0,,,,,neighbour Seville,
SP01SP001455,,,Díaz,,Alfonso,,Alfonso  Díaz ,Alfonso Díaz,,scribes,0,0,,,,,"neighbour seville collacionsan llorente, soneighbour antonio rodriguez scribe in the nao san salvador ",
SP01SP001456,,,Rodríguez,,Cristobal,,Cristobal  Rodríguez ,Cristobal Rodríguez,,,0,0,,,,,"neighbour seville collacionsanta maria, possibly owner of the nao san salvador and uncle of alfonso diaz ",
SP01SP001457,,,Martin,,Alfonso,,Alfonso  Martin ,Alfonso Martin,,clergy,0,0,,,,,neighbour seville collacionsanta Lucia,
SP01SP001458,,,Sánchez,Rasero,Juan,,Juan  Sánchez Rasero,Juan Sánchez Rasero,,,0,0,,,,,neighbour villa de la fuente del maestro,
SP01SP001459,,,Farfán,,Alonso,,Alonso  Farfán ,Alonso Farfan,,chandlers,0,0,,,,,neighbour seville collacionsan salvador,
SP01SP001460,,,Baeza,,Fernando,,Fernando  Baeza ,Fernando de Baeza,,brokers,0,0,,,,,neighbour seville collacionsanta maria,
SP01SP001461,,,Bejer,,Hernando,,Hernando  Bejer ,Hernando de Bejer,,drapers,0,0,,,,,neighbour seville collacionsanta maria,
SP01SP001463,,,Niño,,Francisco,,Francisco  Niño ,Francisco Niño,,navigators,0,0,,,,,"pilot of the nao santa cruz, soneighbour alonso niño dead",
SP01SP001464,,,Mahurasa,,Juan,,Juan  Mahurasa ,Juan de Mahurasa,,maritime pilots,0,0,,,,,neighbour bilbao,
SP01SP001465,,,Dios,,Juan,,Juan  Dios ,Juan de Dios,,drapers,0,0,,,,,neighbour seville collacionsanta maria,
SP01SP001466,,,Pineda,,Cristobal,,Cristobal  Pineda ,Cristobal de Pineda,,,0,0,,,,,neighbour seville collacionsanta catalina,
SP01SP001467,,,Valderrama,,Pedro,,Pedro  Valderrama ,Pedro de Valderrama,,lawyers,0,0,,,,,teniente assistente of the 2 duke of frias,
SP01SP001468,,,Hernández,,Diego,,Diego  Hernández ,Diego Hernández,,brokers,0,0,,,,,neighbour seville collacionsanta maria,
SP01SP001469,,,Grajeda,,Pedro,,Pedro  Grajeda ,Pedro de la Galguera,,maritime pilots,0,0,,,,,neighbour palos maestre nao la magdalena,
SP01SP001470,,SP01SP000545,Castillo,,Hernando,,Hernando  Castillo ,Hernando del Castillo,,,0,0,,,,,"neighbour seville collacionsan bartolome, co owner of nao san salvador",
SP01SP001471,,,Rodríguez,,Cristobal,,Cristobal  Rodríguez ,Cristobal Rodriguez,,maritime pilots,0,0,,,,,"viscaino, neighbour seville collacionsanta maria, co owner of nao san salvador",
SP01SP001472,,SP01SP001982,Alcazar,,Francisco,,Francisco  Alcazar ,Francisco del Alcazar,,,0,0,,,,,"1526 24 of seville, jurado y fiel ejecutor n seville co owner of nao san salvador",
SP01SP001474,,,Fuentes,,Pedro,,Pedro  Fuentes ,Pedro de Fuentes,,,0,0,,,,,neighbour Seville,
SP01SP001475,,,Fernández,Torres,Gonzalo,,Gonzalo  Fernández Torres,Gonzalo Fernández de Torres,,merchants,0,0,,,,,neighbour seville collacionsanta maria,
SP01SP001476,,,Gallego,,Benito,,Benito  Gallego ,Benito Gallego,,merchants,0,0,,,,,neighbour seville collacionsanta maria,
SP01SP001477,,,Gonzalez,Boninfante,Diego,,Diego  Gonzalez Boninfante,Diego González Boninfante,,weavers,0,1508,,,,,neighbour seville collacionsan nicolas,
SP01SP001478,,SP01SP001477,Fernández,Boninfante,Pedro,,Pedro  Fernández Boninfante,Pedro Fernández Boninfante,,weavers,0,0,,,,,neighbour seville collacionsan nicolas,
SP01SP001479,,,Llerena,,Pedro,,Pedro  Llerena ,Pedro de Llerena,,silk weaver,0,0,,,,,neighbour seville collacionsan Alfonso,
SP01SP001480,,,Bermúdez,,Diego,,Diego  Bermúdez ,Diego Bermúdez,,navigators,0,0,,,,,neighbour villa de los palos,
SP01SP001481,,,Morillo,,Alfonso,,Alfonso  Morillo ,Alfonso Morillo,,lawyers,0,0,,,,,estante Santo Domingo,
SP01SP001482,,,Rodríguez,Pepino,Diego,,Diego  Rodríguez Pepino,Diego Rodríguez,,seamen,0,0,Beatriz,Fernández,Alfaro,,"neighbour triana comitre de la reina, maestre nao santa maria la antigua",
SP01SP001485,,,Sánchez,,Pedro,,Pedro  Sánchez ,Pedro Sánchez,,coopers,0,0,,,,,neighbour seville collacionsanta maria,
SP01SP001486,,,Vallecillo,,Alvaro,,Alvaro  Vallecillo ,Alvaro de Vallecillo,,clergy,0,0,,,,,neighbour osuna,
SP01SP001487,,,Santacelay,,Esteban,,Esteban  Santacelay ,Esteban Santacelay,,maritime pilots,0,0,,,,,maestre del nao de la reina,
SP01SP001488,,,Quintero,Rosas,Diego,,Diego  Quintero Rosas,Diego Quintero de Rosas,,,0,0,,,,,not known the name of the nao,
SP01SP001489,,,Pano,,Diego,,Diego  Pano ,Diego Pano,,maritime pilots,0,0,,,,,"neighbour triana, maestre de la nao santa maria la antigua",
SP01SP001490,,,Grande,,Pedro,,Pedro  Grande ,Pedro Grande,,maritime pilots,0,0,,,,,"neighbour Palos, maestre de la nao Santiago",
SP01SP001491,,,Alexos,,Miguel,,Miguel  Alexos ,Miguel Alexos,,scribes,0,0,,,,,"neighbour Escacena, soneighbour gonzalo marquez",
SP01SP001492,,,Guzmán,,Juan,,Juan  Guzmán ,Juan de Guzman,,,0,0,,,,,neighbour seville collacionsan miguel,
SP01SP001493,,,Martin,,Bartolomé,,Bartolomé  Martin ,Bartolomé Martin,,farmers,0,0,Isabel,Gonazalez,,,neighbour  villanueva del aliscar,
SP01SP001494,,,Ivañez,,Martin,,Martin  Ivañez ,Martin Ivañez,,maritime pilots,0,0,,,,,"neighbour mundaca, in vizacaya",
SP01SP001495,,,Díaz,,Diego,,Diego  Díaz ,Diego Díaz,,maritime pilots,0,1523,,,,,"neighbour seville collacionsanta maria, nao la magdalena",
SP01SP001496,,,Fernández,Mexía,Mari,,Mari  Fernández Mexía,Mari Fernández Mexía,,,0,0,Juan,Guerra,,,"neighbour seville collacionsanta maria, husban is dead by 1508",
SP01SP001497,,,Serrano,,Cristobal,,Cristobal  Serrano ,Cristobal Serrano,,,0,0,,,,,neighbour indias of mar oceano,
SP01SP001498,,,Segura,,Ramiro,,Ramiro  Segura ,Ramiro de Segura,,,0,0,,,,,neighbour seville collacionsan roman,
SP01SP001499,,,Martin,,Anton,,Anton  Martin ,Anton Martin,,maritime pilots,0,0,,,,,"neighbour triana, maestre nao santa maria de la luz",
SP01SP001501,,,Castilla,,Gracía,,Gracía  Castilla ,Gracía de Castilla,,agents,0,0,,,,,neighbour Seville,
SP01SP001502,,,Ortiz,,Pedro,,Pedro  Ortiz ,Pedro Ortiz,,silk weaver,0,0,,,,,neighbour seville collacionsan isidro,
SP01SP001503,,,Alfaro,,Bartolomé,,Bartolomé  Alfaro ,Bartolomé Alfaro,,,0,0,,,,,neighbour seville collacionsan vicente,
SP01SP001504,,,Díaz,Fernández,Arias,,Arias  Díaz Fernández,Arias Díaz Fernández,,,0,0,,,,,neighbour seville collacionsan vicente,
SP01SP001505,,,Martínez,Nieto,Juan,,Juan  Martínez Nieto,Juan Martínez Nieto,,servants,0,0,,,,,mayordomo de don fadrique de ribera adelantado mayor de andalucia,
SP01SP001506,,,Valles,,Pedro,,Pedro  Valles ,Pedro Valles,,maritime pilots,0,0,,,,,nao san juan,
SP01SP001507,,,Desguel,,Diego,,Diego  Desguel ,Diego Desguel,,maritime pilots,0,0,,,,,nao santa maria del espino,
SP01SP001509,,,Loreto,,Luis,,Luis  Loreto ,Luis de Loreto,,,0,0,,,,,commerce of tuna,
SP01SP001510,,,Llanos,,Pedro,,Pedro  Llanos ,Pedro del Llanos,,maritime pilots,0,0,,,,,nao san juan bautista,
SP01SP001511,,,Triana,,Francisco,,Francisco  Triana ,Francisco de Triana,,maritime pilots,0,0,,,,,nao santa maria de la rabida,
SP01SP001512,,,Urrubarri,,Fernando,,Fernando  Urrubarri ,Fernando de Urrubarri,,part owneer,0,0,,,,,nao santa maria de gracia,
SP01SP001513,,,Gonzalez,,Sancho,,Sancho  Gonzalez ,Sancho Gonzalez,,maritime pilots,0,0,,,,,carabela santa maria ,
SP01SP001514,,,Hermosa,,Pedro,,Pedro  Hermosa ,Pedro de Hermosa,,,0,0,,,,,owneer carabela santa maria ,
SP01SP001515,,,Bono,,Juan,,Juan  Bono ,Juan Bono,,maritime pilots,0,0,,,,,Nao santa maria ,
SP01SP001516,,,Sánchez,,Ambrosio,,Ambrosio  Sánchez ,Ambrosio de Sánchez,,maritime pilots,0,0,,,,,Nao santa maria de guia,
SP01SP001518,,,Ferrara,,Bartolomé,,Bartolomé  Ferrara ,Bartolomé de Ferrara,,maritime pilots,0,0,,,,,Nao santa maria de consolacion,
SP01SP001519,,,Viñeta,,Sebastian,,Sebastian  Viñeta ,Sebastian de Viñeta,,maritime pilots,0,0,,,,,"Nao san nicolas, also known as Urbieta, guipuzcoano, neighbour san sebastian",
SP01SP001520,,,Gante,,Esteban,,Esteban  Gante ,Esteban de Agante,,maritime pilots,0,0,,,,,Nao magdalena,
SP01SP001521,,,Alqueza,,Martin,,Martin  Alqueza ,Martin de Alqueza,,scribes,0,0,,,,,Nao magdalena,
SP01SP001522,,,Ayspa,,Miguel,,Miguel  Ayspa ,Miguel de Ayspa,,,0,0,,,,,ContraAlmirante Nao magdalena,
SP01SP001523,,,Serna,,Rodrigo,,Rodrigo  Serna ,rodrigo de la Serna,,,0,0,,,,,owner of ship Nao santa maria de guadalupe,
SP01SP001524,,,Umbria,,Pedro,,Pedro  Umbria ,Pedro de Umbria,,maritime pilots,0,0,,,,,Nao santa maria de guadalupe,
SP01SP001525,,,Martínez,,Domingo,,Domingo  Martínez ,Domingo Martinez,,maritime pilots,0,0,,,,,Nao santa maria de guadalupe,
SP01SP001526,,,Vicente,,Diego,,Diego  Vicente ,Diego Vicente,,maritime pilots,0,0,,,,,Nao san Telmo,
SP01SP001527,,,Ferrol,,Juan,,Juan  Ferrol ,Juan de Ferrol,,maritime pilots,0,0,Vélez,,,,"neighbour villa de los palos, maestre Nao santa maria de gracia",
SP01SP001528,,,González,,Pedro,,Pedro  González ,Pedro González,,seamen,0,0,,,,,Nao santa trinidad,
SP01SP001529,,,San Martin,,Andres,,Andres  San Martin ,Andres de San Martin,,servants,0,0,,,,,"servant of francisco pinelo, possibly the same pilot of magallanes",
SP01SP001530,,,Farfán,,Juan,,Juan  Farfán ,Juan Farfan,,maritime pilots,0,0,,,,,Nao santa trinidad,
SP01SP001531,,,Nicuesa,,Diego,,Diego  Nicuesa ,Diego de Nicuesa,,,0,1523,,,,,Nao santa trinidad,
SP01SP001532,,,Pérez,,Cristobal,,Cristobal  Pérez ,Cristobal Pérez,,seamen,0,0,,,,,neighbour triana,
SP01SP001533,,,Sevilla,,García,,García  Sevilla ,Garcia de Sevilla,,,0,0,,,,,nao santa cruz  1/3,
SP01SP001534,,,González,,Martín,,Martín  González ,Martín González,,,0,0,,,,,nao santa cruz  2/3,
SP01SP0015340,,,Vargas,,Lope,,Lope  Vargas ,Lope de Vargas,,merchants,0,0,,,,,neighbour seville collacionsta maria,
SP01SP001535,,,Vargas,,Alonso,,Alonso  Vargas ,Alonso de Vargas,,lawyers,0,0,,,,,neighbour seville collacionsta maria magdalena,
SP01SP001536,,,Cabrera,,Jeronimo,,Jeronimo  Cabrera ,Jeronimo de Cabrera,,,0,0,,,,,neighbour seville collacionsta maria la blanca,
SP01SP001537,,,Valdés,,Diego,,Diego  Valdés ,Diego de Valdés,,swordsmiths,0,0,,,,,neighbour seville collacionsan salvador,
SP01SP001539,,,Serrano,,Bernaldino,,Bernaldino  Serrano ,Bernaldino Serrano,,merchants,0,0,,,,,neighbour seville collacionsta maria,
SP01SP001540,,,Montero,,Juan,,Juan  Montero ,Juan Montero,,merchants,0,0,,,,,partner of brine and leardo,
SP01SP001541,,,Pavon,,Francisco,,Francisco  Pavon ,Francisco Pavon,,maritime pilots,0,0,,,,,nao santa maria coronada,
SP01SP001542,,,Espinosa,Carrion,Juan,,Juan  Espinosa Carrion,Juan de Espinosa de Carrion,,maritime pilots,0,0,,,,,nao santa maria del isola,
SP01SP001545,,,Alvarado,,Domingo,,Domingo  Alvarado ,Domingo de Alvarado,,maritime pilots,0,0,,,,,owner of nao santa maria de onis,
SP01SP001546,,,Cobos,,Francisco,,Francisco  Cobos ,Francisco de Cobos,,,0,0,,,,,"1512- 24 de Granada, contador mayor de la ciudad. later secretary of the emperor.",
SP01SP001547,,,Torre,,Gracia,,Gracia  Torre ,Gracia de la Torre,,,0,0,,,,,neighbour seville collacionsan bartolome,
SP01SP001550,,,García,,Juan,,Juan  García ,Juan Garcia,,maritime pilots,0,0,,,,,nao santa ana,
SP01SP001553,,,Castillo,,Rodrigo,,Rodrigo  Castillo ,Rodrigo del Castillo,,public officers,0,0,,,,,,
SP01SP001554,,,Saucedo,,Miguel,,Miguel  Saucedo ,Miguel de Saucedo,,merchants,0,0,,,,,estante indias,
SP01SP001555,,,Teva,,Bartolomé,,Bartolomé  Teva ,Bartolomé de Teva,,maritime pilots,0,0,,,,,owner of half of nao santa maria del carmen,
SP01SP001556,,,Carreno,,Bartolomé,,Bartolomé  Carreno ,Bartolomé Carreno,,,0,0,,,,,owner of half of nao santa maria del carmen,
SP01SP001561,,,Paz,,Pedro,,Pedro  Paz ,Pedro de Paz,,public officers,0,0,,,,,"neighbour cuba, accountant of SM",
SP01SP001562,,,Avila,,Vicente,,Vicente  Avila ,Vicente de Avila,,merchants,0,0,,,,,"neighbour Avila, servant of pero benito basinana",
SP01SP001563,,,Rodríguez,,Isabel,,Isabel  Rodríguez ,Isabel Rodríguez,,,0,0,Rodrigo,Bastidas,,SP02CO000277,neighbour Seville,
SP01SP001566,,,Sánchez,,Ambrosio,,Ambrosio  Sánchez ,Ambrosio Sánchez,,maritime pilots,0,0,,,,,neighbour triana ,
SP01SP001567,,,García,,Andres,,Andres  García ,Andrés Garcia,,maritime pilots,0,0,,,,,neighbour villa de los palos ,
SP01SP001568,,,MAyorga,,Juan,,Juan  MAyorga ,Juan de Marga,,merchants,0,0,,,,,neighbour Seville,
SP01SP001573,,,Moreno,,Niculoso,,Niculoso  Moreno ,Niculoso Moreno,,merchants,0,0,,,,,partner with salvago in the import of brasil 1513 ,
SP01SP001574,,,Soria,,Antón,,Antón  Soria ,Antón de Soria,,,0,0,,,,,neighbour Seville,
SP01SP001575,,,Gansino,,Manuel,,Manuel  Gansino ,Manuel Gansino,,maritime pilots,0,0,,,,,neighbour huelva owner of 1/4 of nao san miguel and maestre,
SP01SP001576,,,Fernández,Magarejo,Juan,,Juan  Fernández Magarejo,Juan Fernández Magarejo,,,0,0,,,,,neighbour sevilla owner of 1/4 of nao san miguel and 24 de Sevilla,
SP01SP001579,,,Azumar,,Leonor,,Leonor  Azumar ,Leonor de Azumar,,,0,0,,,,,neighbour seville collacionsanta maria,
SP01SP001580,,,Rodríguez,Bezos,Cristobal,,Cristobal  Rodríguez Bezos,Cristobal Rodríguez Besos,,maritime pilots,0,0,,,,,neighbour santa maria de gracia,
SP01SP001581,,,Villadiego,,Pedro,,Pedro  Villadiego ,Pedro de Villadiego,,,0,0,,,,,"neighbour seville collacionst maria, partner with luis fernandez de alfaro",
SP01SP001582,,,Villadiego,,Rodrigo,,Rodrigo  Villadiego ,Rodrigo de Villadiego,,merchants,0,0,,,,,"estante puerto rico, partner with luis fernandez de alfaro",
SP01SP001586,,,Fernández,blacksmiths,Alfonso,,Alfonso  Fernández blacksmiths,Alfonso Fernández Herrera,,maritime pilots,0,0,,,,,maestre nao san cristobal and part owner,
SP01SP001588,,,Ocampo,Tui,Sebastian,,Sebastian  Ocampo Tui,Sebastian Ocampo,,conquistadors,0,0,,,,,"born in tui galicia, soneighbour pedro fernandez de tui. was a Spanish navigator and explorer. He is believed to have been the first navigator to have circumnavigated the island of Cuba in 1508",
SP01SP001589,,,Soria,,Pedro,,Pedro  Soria ,Pedro de Soria,,,0,0,,,,,,
SP01SP001592,,,González,Puebla,Pedro,,Pedro  González Puebla,Pedro González de la Puebla,,merchants,0,0,,,,,"neighbour triana, owner of 1/2 of nao santa maria  with pero juan riberol",
SP01SP001594,,,Castillo,,Alfonso,,Alfonso  Castillo ,Alfonso del Castillo,,glassmakers,0,0,,,,,neighbour seville collacionsan salvador,
SP01SP001595,,,Alzola,,Juan,,Juan  Alzola ,Juan de Alzola,,bankers,0,0,,,,,neighbour Seville,
SP01SP001601,,,Narváez,,Rodrigo,,Rodrigo  Narváez ,Rodrigo de Narváez,,maritime pilots,0,0,,,,,"neighbour seville collacion  San Lorenzo, maestre nao santa maria",
SP01SP001602,,,Montalván,,Lope,,Lope  Montalván ,Lope de Montalván,,merchants,0,0,,,,,neighbour seville collacion  san isidro,
SP01SP001603,,,Fernández,,Gonzalo,,Gonzalo  Fernández ,Gonzalo Fernández,,merchants,0,0,,,,,"neighbour seville collacion  san bartolomé, servant of luke bridges",
SP01SP001608,,,Burgos,,Alonso,,Alonso  Burgos ,Alonso de Burgos,,merchants,0,0,,,,,neighbour Santiago c san bartolome,
SP01SP001609,,,Sotomayor,,Cristobal,,Cristobal  Sotomayor ,Cristobal de Sotomayor,,,0,0,,,,,secretary of the queen,
SP01SP001610,,,Gómez,,Catalina,,Catalina  Gómez ,Catalina Robles,,,0,0,Sebastián,Jiménez,,,"wife of a sugar cane farmer, he died in santo domingo, mother of constanza, maria, ana, and luisa",
SP01SP001614,,,Quijada,,Inés,,Inés  Quijada ,Inés de Quijada,,,0,0,Juan,Lugo,,SP01SP001616,"neighbour seville collacionsanta maria, daughter in law of Alonso Fernandez de lugo, mother of Alonso de Lugo, grandmother of Alonso de Lugo and Ines",
SP01SP001615,,SP01SP001616,Lugo,,Alonso,,Alonso  Lugo ,Alonso de Lugo,,merchants,0,0,,,,,"neighbour seville collacionsanta maria,mother of Alonso de Lugo, grandmother of Alonso de Lugo and Ines",
SP01SP001616,,,Lugo,,juan,,juan  Lugo ,Juan de Lugo,,merchants,0,1509,Inés,Quijada,,SP01SP001614,"neighbour seville collacionsanta maria, soneighbour of Alonso Fernandez de lugo, Father of Alonso de Lugo, grandfather of Alonso de Lugo and Ines",
SP01SP001617,,,Herrera,,Bartolomé,,Bartolomé  Herrera ,Bartolomé de Herrera,,merchants,0,0,,,,,neighbour santamder,
SP01SP001623,,,Gómez,Rado,Luis,,Luis  Gómez Rado,Luis Gómez de Rado,,,0,0,,,,,neighbour seville collacionsanta cruz,
SP01SP001626,,,Díaz,Segura,Ruy,,Ruy  Díaz Segura,Ruy Díaz de Segura,,,0,0,,,,,neighbour seville collacionsta maria,
SP01SP001627,,,Fernández,Medina,Gonzalo,,Gonzalo  Fernández Medina,Gonzalo Fernández de Medina,,merchants,0,0,,,,,factor of gaspar centurion,
SP01SP001628,,,Rosado,,Juan,,Juan  Rosado ,Juan Rosado,,merchants,0,0,,,,,owner of the nao sta maria de tudia,
SP01SP001629,,,Medina,,Guillen,,Guillen  Medina ,Guillen de Medina,,merchants,0,0,,,,,owner of the nao sta maria de tudia,
SP01SP001631,,,León,,Fernando,,Fernando  León ,Fernando Leon,,merchants,0,0,,,,,neighbour zafra extremadura,
SP01SP001632,,,Vizcaino,,Juan,,Juan  Vizcaino ,Juan Vizcaino,,maritime pilots,0,0,,,,,nao la victoria,
SP01SP001633,,,Guadix,,Alonso,,Alonso  Guadix ,Alonso de Guadix,,,0,0,,,,, half of nao la victoria,
SP01SP001634,,,Jaen,,Hernando,,Hernando  Jaen ,Hernando de Jaen,,,0,0,,,,,neighbour seville collacionsanta cruz,
SP01SP001635,,,Polanco,Maluenda,Juan,,Juan  Polanco Maluenda,Juan Polanco Maluenda,,,0,0,,,,,neighbour Seville,
SP01SP001636,,,Soto,,Diego,,Diego  Soto ,Hernando de Jaen,,merchants,0,0,,,,,estante America,
SP01SP001637,,,Cano,,García,,García  Cano ,Garcia Cano,,merchants,0,0,,,,,estante America,
SP01SP001640,,,Jorge,,Alonso,,Alonso  Jorge ,Alonso Jorge,,merchants,0,0,,,,,neighbour seville collacionsan isidro,
SP01SP001641,,,Rodríguez,Colorado,juan,,juan  Rodríguez Colorado,Juan Rodriguez Colorado,,merchants,0,0,,,,,neighbour Seville,
SP01SP001642,,,Pasamonte,,Esteban,,Esteban  Pasamonte ,Esteban de Pasamonte,,,0,0,,,,,Tresurer of the HRE,
SP01SP001644,,,Arango,,Fernando,,Fernando  Arango ,Fernando Arango,,servants,0,0,,,,,Servant of Esteban Centurione,
SP01SP001646,,,Muñiz,,Pedro,,Pedro  Muñiz ,Pedro Muñiz,,maritime pilots,0,0,,,,,maestre nao ,
SP01SP001647,,,Díaz,Shagun,Francisco,,Francisco  Díaz Shagun,Francisco Díaz de Shagun,,,0,0,,,,,neighbour seville collacion santa maria,
SP01SP001648,,,Díaz,,Gonzalo,,Gonzalo  Díaz ,Gonzalo Díaz,,agents,0,0,,,,,neighbour seville procurador de causas,
SP01SP001649,,,Urquiza,,Martin,,Martin  Urquiza ,Martin de Urquiza,,maritime pilots,0,0,,,,,maestre nao Santa Maria de la Isola,
SP01SP001650,,,Corona,,Francisco,,Francisco  Corona ,Francisco de la Corona,,public officers,0,0,,,,,neighbour seville collacionsanta maria,
SP01SP001651,,,Vereci,,Lope,,Lope  Vereci ,Lope de Verdeci,,,0,0,,,,,neighbour Santo Domingo,
SP01SP001653,,,Rodríguez,,Inés,,Inés  Rodríguez ,Inés Rodríguez,,,0,0,,,,,neighbour seville collacionsanta maria,
SP01SP001655,,,Bonilla,,Fernando,,Fernando  Bonilla ,Fernando Bonilla,,maritime pilots,0,0,,,,,"neighbour triana, maestre nao santa maria de luz",
SP01SP001656,,,Martín,,Diego,,Diego  Martín ,Diego Martín,,unskilled workers,0,0,Teresa,Martín,,,neighbour seville collacionsan roman,
SP01SP001657,,,Niras,,Ana,,Ana  Niras ,Doña Ana Niras,,,0,0,,,,,"heir of jurado denando de torre, ward of Bernaldo Grimaldo",
SP01SP001658,,,Morillo,,Juan,,Juan  Morillo ,Juan de Morillo,,servants,0,0,,,,,criado del duque de median sidonia,
SP01SP001659,,,Soriano,,Cristobal,Alonso,Cristobal Alonso Soriano ,Cristobal Alonso Soriano,,farmers,0,0,,,,,neighbour Sanlúcar la mayor,
SP01SP001660,,,Martín,Alamo,Diego,,Diego  Martín Alamo,Diego Martín del Alamo,,farmers,0,0,,,,,neighbour Sanlúcar la mayor,
SP01SP001661,,,Ruiz,,Alonso,,Alonso  Ruiz ,Alonso Ruiz,,weavers,0,0,,,,,"a.k.a. el rico, neighbour seville collacionsta maria",
SP01SP001662,,,Tinar,,Bartolomé,,Bartolomé  Tinar ,Bartolomé Tinar,,,0,0,,,,,neighbour seville collacionsta maria magdalena,
SP01SP001663,,,Ojeda,,Juan,,Juan  Ojeda ,Juan de Ojeda,,physicians,0,0,,,,,neighbour Seville,
SP01SP001664,,,Morillo,,Pedro,,Pedro  Morillo ,Pedro de Morillo,,,0,0,,,,,"neighbour seville, Alcalde Ordinario ",
SP01SP001666,,,Martínez,,Diego,,Diego  Martínez ,Diego Martínez,,glassmakers,0,0,,,,,neighbour seville collacionsan salvador,
SP01SP001667,,,Álvarez,,Rodrigo,,Rodrigo  Álvarez ,Rodrigo Alvarez,,glassmakers,0,0,,,,,neighbour Aznalcazar,
SP01SP001668,,,Cabeza,,Pedro,,Pedro  Cabeza ,Pedro Cabeza,,hosiers,0,0,,,,,neighbour seville collacionsan esteban,
SP01SP001671,,,Ximénez,,Diego,,Diego  Ximénez ,Diego Ximénez,,silk weaver,0,0,,,,,neighbour seville collacionsanta cruz,
SP01SP001672,,,Rodríguez,,García,,García  Rodríguez ,García Rodríguez,,fruit merchant,0,0,,,,,neighbour seville collacionsanta Maria,
SP01SP001673,,,López,,Fernando,,Fernando  López ,Fernando López,,fruit merchant,0,0,,,,,neighbour seville collacionsanta Maria,
SP01SP001674,,,Quixada,,Gómez,,Gómez  Quixada ,Gómez Quixada,,,0,0,,,,,neighbour seville collacionsan vicente,
SP01SP001675,,,Sánchez,,Cristobal,,Cristobal  Sánchez ,Cristobal Sánchez,,,0,0,,,,,neighbour seville collacionsan vicente,
SP01SP001676,,,Alonso,,Jerónimo,,Jerónimo  Alonso ,Jerónimo Alonso,,chandlers,0,0,,,,,neighbour villa carmona,
SP01SP001677,,,Molina,,Lope,,Lope  Molina ,Lope de Molina,,drapers,0,0,,,,,neighbour seville collacionSan Salvador,
SP01SP001678,,,González,Sevilla,Pedro,,Pedro  González Sevilla,Pedro González de Sevilla,,,0,0,,,,,neighbour seville collacionSanta maria,
SP01SP001679,,,Morillo,,Gonzalo,,Gonzalo  Morillo ,Gonzalo Morillo,,,0,0,,,,,neighbour Seville,
SP01SP001680,,,Godoy,,Alonso,,Alonso  Godoy ,Alonso de Godoy,,carpenters,0,0,,,,,neighbour Moguer,
SP01SP001682,,,Quesada,,Alonso,,Alonso  Quesada ,Alonso de Quesada,,brokers,0,0,,,,,"Corredor de Lonja, neighbour seville collacionsan nicolas",
SP01SP001683,,,Zúñiga,,Maria,,Maria  Zúñiga ,Maria de Zuñiga,,,0,0,Gaston,Castro,,,"widow of don gaston de castro, neighbour seville collacionsan salvador",
SP01SP001684,,,Herrera,,Toribio,,Toribio  Herrera ,Toribio de Herrera,,swordsmiths,0,0,,,,,neighbour seville collacionsanta maria,
SP01SP001687,,,Sánchez,,Gabriel,,Gabriel  Sánchez ,Gabriel Sánchez,,merchants,0,0,,,,,neighbour seville collacionsan pedro,
SP01SP001688,,,Carmona,,Pedro,,Pedro  Carmona ,Pedro de Carmona,,spice merchant,0,0,,,,,neighbour seville collacionsan pedro,
SP01SP001689,,,Sánchez,,Bartolome,,Bartolome  Sánchez ,Bartolome Sánchez,,tanners,0,0,,,,,neighbour seville collacionsan maria,
SP01SP001699,,,Cea,,Rodrigo,,Rodrigo  Cea ,Rodrigo de cea,,,0,0,,,,,neighbour seville renter of the rents of the coal tithe in 1505,
SP01SP001700,,,Ribera,,Luis,,Luis  Ribera ,Luis de Ribera,,,0,0,,,,,neighbour seville collacion  san esteban,
SP01SP001701,,,Herrera,,Juan,,Juan  Herrera ,Juan Herrera,,maritime pilots,0,0,,,,,nao san francisco,
SP01SP001702,,,Aguilar,,Pedro,,Pedro  Aguilar ,Pedro de Aguilar,,merchants,0,1519,,,,,Portuguese neighbour seville knight of the house of the king don manuel,
SP01SP001703,,,Gutierrez,,Francisco,,Francisco  Gutierrez ,Francisco Gutierrez,,weavers,0,0,,,,,neighbour seville collacionsanta maria,
SP01SP001709,,,Rodríguez,,Gaspar,,Gaspar  Rodríguez ,Gaspar Rodríguez,,maritime pilots,0,0,,,,,Nao santa Maria del Carmen,
SP01SP001710,,,López,Morzillo,Fernando,,Fernando  López Morzillo,Fernando López Morzillo,,tanners,0,0,,,,,neighbour seville collacionsan llorente,
SP01SP001711,,,Valladolid,,Fernando,,Fernando  Valladolid ,Fernando de Valladolid,,merchants,0,0,,,,,estante in the court of the queen,
SP01SP001712,,,Cuvarrubias,,Luis,,Luis  Cuvarrubias ,Luis de Cuvarrubias,,maritime pilots,0,0,,,,,"neighbour Triana, maestre nao sant anton",
SP01SP001713,,,Llanera,,García,,García  Llanera ,Garcia de Llanera,,merchants,0,0,,,,,"burgales, e seville ",
SP01SP001714,,,Dávila,,Miguel,,Miguel  Dávila ,Miguel Dávila,,merchants,0,0,,,,,neighbour Seville,
SP01SP001715,,,Martín,,Alejo,,Alejo  Martín ,Alejo Martín,,farmers,0,0,,,,,neighbour Coria,
SP01SP001716,,SP01SP001715,Martín,,Juan,,Juan  Martín ,Juan Martín,,farmers,0,0,,,,,neighbour Coria,
SP01SP001717,,,Martínez,Oliva,Juan,,Juan  Martínez Oliva,Juan Martínez del Oliva,,farmers,0,0,,,,,neighbour seville collacion  san isidrio ,
SP01SP001718,,,Beas,,Diego,,Diego  Beas ,Diego Beas,,tinsmiths,0,0,,,,,olleros neighbour triana,
SP01SP001719,,,Olmedo,,Fernando,,Fernando  Olmedo ,Fernando Olmedo,,tinsmiths,0,0,,,,,olleros neighbour triana,
SP01SP001720,,,Portocarrero,,Pedro,,Pedro  Portocarrero ,Pedro Portocarrero,,,0,0,,,,,neighbour Valladolid,
SP01SP001721,,,Jimenes,,Alfonso,,Alfonso  Jimenes ,Alfonso Ximenes,,neighbouer,0,0,,,,,neighbour Seville,
SP01SP001722,,,Gallego,,Fernando,,Fernando  Gallego ,Fernando Gallego,,maritime pilots,0,0,,,,,"n Triana, maestre nao santa maria del antigua",
SP01SP001724,,,Díaz,,Juan,,Juan  Díaz ,Juan Díaz el mozo,,seamen,0,0,,,,,n comitre del emperador works with the centurion and grimaldi,
SP01SP001725,,,Carrion,,Ginés,,Ginés  Carrion ,Ginés Carrión,,maritime pilots,0,0,,,,,Burgales neighbour seville collacionsanta maria,
SP01SP001728,,,Fernández,Jerez,Alfonso,,Alfonso  Fernández Jerez,Alfonso Fernández de Jerez,,merchants,0,0,Costanza,Fernández,,,neighbour seville collacionsata maria ,
SP01SP001729,,,Collados,,Rodrigo,,Rodrigo  Collados ,Rodrigo Collados,,merchants,0,0,,,,,neighbour Seville,
SP01SP001730,,,Encina,,García,,García  Encina ,Garcia de Encina,,merchants,0,0,,,,,neighbour Seville,
SP01SP001731,,,Vega,,Andrés,,Andrés  Vega ,Andrés de Vega,,merchants,0,0,,,,,neighbour Seville,
SP01SP001732,,,Pardo,,Juan,,Juan  Pardo ,Juan Pardo,,merchants,0,0,,,,,neighbour Seville,
SP01SP001733,,,García,,Bartolomé,,Bartolomé  García ,Bartolomé Garcia,,drapers,0,0,,,,,neighbour seville collacionSan Nicolas,
SP01SP001734,,,Arias,,Gaspar,,Gaspar  Arias ,Gaspar Arias,,merchants,0,0,,,,,neighbour seville collacionSan Nicolas,
SP01SP001737,,,Álvarez,,Alejo,,Alejo  Álvarez ,Alejo Alvarez,,merchants,0,0,,,,,estante Seville,
SP01SP001738,,,Carrillo,,Francisco,,Francisco  Carrillo ,Francisco Carrillo,,,0,0,,,,,"neighbour seville collacionsan miguel, knight of the house of medina sidonia",
SP01SP001739,,,Pérez,,Francisco,,Francisco  Pérez ,Francisco Pérez,,seamen,0,0,,,,,"neighbour seville collacionsanta Maria, maestre nao santa catalina",
SP01SP001740,,,López,,Martin,,Martin  López ,Martin López,,blacksmiths,0,0,,,,,neighbour seville collacionsanta Maria,
SP01SP001741,,,Vázquez,,Catalina,,Catalina  Vázquez ,Catalina Vázquez,,,0,0,,,,,neighbour seville collacionsanta Maria,
SP01SP001742,,,Rodríguez,,Martin,,Martin  Rodríguez ,Martin Rodriguez,,silversmiths,0,0,,,,,neighbour seville collacionsanta Maria,
SP01SP001743,,,Ramos,,Juan,,Juan  Ramos ,Juan Ramos,,maritime pilots,0,0,,,,,"neighbour in Ondárroa, maestre nao la magdalena",
SP01SP001748,,,Villegas,,Antonio,,Antonio  Villegas ,Antonio Villegas,,,0,0,,,,,secretary of the emperors,
SP01SP001749,,,,Beços,Cristobal,,Cristobal   Beços,Cristobal Beços,,maritime pilots,0,0,,,,,"neighbour seville collacionSan Vicente, nao andres",
SP01SP001750,,,Avente,,Batista,,Batista  Avente ,Batista de Avente,,merchants,0,0,,,,,,
SP01SP001752,,,Núñez,,Francisco,,Francisco  Núñez ,Francisco Nuñez,,,0,0,,,,,neighbour Granada,
SP01SP001753,,,Fernández,,Cristóbal,,Cristóbal  Fernández ,Cristóbal Fernández,,seamen,0,0,,,,,neighbour seville collacionsanta maria,
SP01SP001754,,,Suárez,,Juan,,Juan  Suárez ,Juan Suárez,,shoemakers,0,0,,,,,neighbour seville collacionsanta maria la blanca,
SP01SP001755,,,Suárez,,Juan,,Juan  Suárez ,Juan Suárez,,shoemakers,0,0,,,,,neighbour seville collacionsanta maria la blanca,
SP01SP001756,,,Morcillo,,Gonzalo,,Gonzalo  Morcillo ,Gonzalo Morcillo,,haberdashers,0,0,,,,,"neighbour seville collacionsanta maria, hijo de fernando morcillo calcetero",
SP01SP001757,,,Morcillo,,Bartolomé,,Bartolomé  Morcillo ,Bartolomé Morcillo,,haberdashers,0,0,,,,,"neighbour seville collacionsanta maria, hijo de fernando morcillo calcetero",
SP01SP001758,,,Gómez,Santurrán,Francisco,,Francisco  Gómez Santurrán,Francisco Gómez Santurrán,,scribes,0,0,,,,,"neighbour Lebrija, scribe of the council",
SP01SP001759,,,Alcocer,,Alvaro,,Alvaro  Alcocer ,Alvaro de Alcocer,,,0,0,,,,,secretary of the king,
SP01SP001760,,,González,merchants,Pedro,,Pedro  González merchants,Pedro González Merchant,,,0,0,,,,,neighbour badajoz,
SP01SP001761,,,Gómez,,Gonzalo,,Gonzalo  Gómez ,Gonzalo Gómez,,,0,0,,,,,neighbour villa de azuaga,
SP01SP001762,,,Díaz,Alfaro,Juan,,Juan  Díaz Alfaro,Juan Díaz de Alfaro,,,0,0,,,,,"neighbour seville collacionsan salvador, also exchanger.",
SP01SP001766,,,Uceda,,Tomas,,Tomas  Uceda ,Tomas de Uceda,,lawyers,0,0,,,,,neighbour Seville,
SP01SP001767,,,Haro,,Juan,,Juan  Haro ,Juan Haro,,,0,0,,,,,neighbour Seville,
SP01SP001768,,,López,Archuleta,Juan,,Juan  López Archuleta,Juan López Archuleta,,captains,0,0,,,,,neighbour seville collacionsanta maria. captaineighbour his magesty founder of San Pedro de Coche 1526,
SP01SP001769,,,Sanabria,,Critobal,,Critobal  Sanabria ,Cristobal de Sanabria,,merchants,0,0,,,,,neighbour seville collacionsan Salvador,
SP01SP001770,,,Basauri,,Pedro,,Pedro  Basauri ,Pedro de Bausari,,merchants,0,0,,,,,neighbour Durango,
SP01SP001771,,,Martin,Gacito,Pedro,,Pedro  Martin Gacito,Pedro de Bausari,,merchants,0,0,,,,,neighbour Villa de Bermeo,
SP01SP001772,,,Pisueta,,Martin,,Martin  Pisueta ,Martin Pisueta,,,0,0,,,,, viscaino,
SP01SP001774,,,Aranda,,Luis,,Luis  Aranda ,Luis de Aranda,,merchants,0,0,,,,,neighbour seville collacionsan omnium sanctorum. soneighbour pedro de aranda,
SP01SP001775,,,Salaya,,Juan,,Juan  Salaya ,Juan de Salaya,,merchants,0,0,,,,,estante Santo Domingo,
SP01SP001776,,,Ampies,,Juan,,Juan  Ampies ,Juam de Ampies,,agents,0,0,,,,,estante santo domingo factor of the king,
SP01SP001777,,,Eguino,,,,  Eguino ,Eguino,,weavers,0,0,,,,,neighbour seville collacionsanta catalina,
SP01SP001778,,,Escaño,,Francisco,,Francisco  Escaño ,Francisco  Escaño,,weavers,0,0,,,,,neighbour seville collacionsanta catalina,
SP01SP001779,,,Téllez,,Francisco,,Francisco  Téllez ,Francisco Téllez,,merchants,0,0,,,,,neighbour seville collacionsanta Maria brother of rodrigo,
SP01SP001780,,,Téllez,,Rodrigo,,Rodrigo  Téllez ,Rodrigo Téllez,,merchants,0,0,,,,,neighbour seville collacionsanta Maria la balnca. brother of Francisco,
SP01SP001781,,,Tenorio,,Pedro,,Pedro  Tenorio ,Pedro Tenorio,,farmers,0,0,,,,,neighbour seville collacionsanta Maria,
SP01SP001782,,,Pareja,,Alvaro,,Alvaro  Pareja ,Alvaro Pareja,,tanners,0,0,,,,,neighbour belalcazar villa del senor de benarcars,
SP01SP001783,,,Morcillo,,Juan,,Juan  Morcillo ,Juan Morcillo,,hosiers,0,0,,,,,neighbour seville collacionsanta maria,
SP01SP001784,,,Morcillo,,Gonzalo,,Gonzalo  Morcillo ,Gonzalo Morcillo,,hosiers,0,0,,,,,neighbour seville collacionsanta maria,
SP01SP001785,,,Castro,,Alfonso,,Alfonso  Castro ,Alfonso de Castro,,merchants,0,0,,,,,neighbour seville collacionsan salvador,
SP01SP001786,,,Díaz,Toledo,Fernando,,Fernando  Díaz Toledo,Fernando Díaz de Toledo,,merchants,0,0,,,,,neighbour seville collacionsan Pedro,
SP01SP001787,,SP01SP001786,Díaz,Toledo,Luis,,Luis  Díaz Toledo,Luis Díaz de Toledo,,merchants,0,0,,,,,neighbour seville collacionsan Pedro,
SP01SP001788,,,Quesada,,Juan,,Juan  Quesada ,Juan de quesada,,merchants,0,0,,,,,,
SP01SP001791,,,Ortiz,,Ana,,Ana  Ortiz ,Ana Ortiz,,,0,0,,,,,Tabernera,
SP01SP001795,,,Carbon,,García,,García  Carbon ,Garcia Carbon,,unskilled workers,0,0,,,,,neighbour los palacios,
SP01SP001796,,,Robiras,,Alonso,,Alonso  Robiras ,Alonso de Robiras,,,0,0,,,,,,
SP01SP001797,,,Riquel,,Pedro,,Pedro  Riquel ,Pedro Riquel,,,0,0,,,,,neighbour seville collacionsan alfonso,
SP01SP001798,,,Talavera,,Manuel,,Manuel  Talavera ,Manuel Talavera,,hosiers,0,0,,,,,neighbour seville collacionsanta maria,
SP01SP001799,,,Carmona,,Juan,,Juan  Carmona ,Juan de Carmona,,butchers,0,0,,,,,neighbour alcala de guadira,
SP01SP001800,,,Martin,Jaen,Alonso,,Alonso  Martin Jaen,Alonso Martin de Jaen,,butchers,0,0,,,,,neighbour alcala de guadira,
SP01SP001801,,,Martin,Prieto,Fernando,,Fernando  Martin Prieto,Fernando Martin Prieto,,farmers,0,0,,,,,neighbour santiponce,
SP01SP001802,,,Fernández,,Beatriz,,Beatriz  Fernández ,Beatriz Fernández,,,0,0,Diego,Marmolejo,,SP01SP000959,neighbour seville collacionsan isisdro,
SP01SP001803,,,García,,Alonso,,Alonso  García ,Alonso Garcia,,,0,0,,,,,neighbour Baeza,
SP01SP001833,,,Rodríguez,Zarco,Juan,,Juan  Rodríguez Zarco,Juan Rodríguez Zarco,,maritime pilots,0,0,,,,,neighbour triana maestre nao san pedro,
SP01SP001834,,,Marchena,,Rodrigo,,Rodrigo  Marchena ,Rodrigo de Marchena,,,0,0,,,,,neighbour Seville,
SP01SP001835,,,Ojeda,,Cristóbal,,Cristóbal  Ojeda ,Cristobal de Ojeda,,merchants,0,0,,,,,neighbour Seville,
SP01SP001836,,,López,Archuleta,Juan,,Juan  López Archuleta,Juan López de Archuleta,,maritime pilots,0,0,,,,,neighbour seville maestre nao san andres,
SP01SP001837,,,Quijada,,Antonio,,Antonio  Quijada ,Antonio Quijada,,maritime pilots,0,0,,,,,neighbour seville maestre nao santa maria del antigua,
SP01SP001838,,,Sallo,,Rodrigo,,Rodrigo  Sallo ,Rodrigo de Sallo,,,0,0,,,,,,
SP01SP001839,,,Fernández,Varas,Alfonso,,Alfonso  Fernández Varas,Juan Fernández de las Varas,,,0,0,,,,,,
SP01SP001841,,,Algaba,,Alonso,,Alonso  Algaba ,Alonso del Algaba,,maritime pilots,0,0,,,,,"neighbour Algaba, maestre nao santa maria de los remedios",
SP01SP001844,,,Segura,,Diego,,Diego  Segura ,Diego Segura,,,0,0,,,,,neighbour alcala de guadira,
SP01SP001845,,SP01SP001844,Segura,,Diego,,Diego  Segura ,Diego Segura,,,0,1519,,,,,neighbour alcala de guadira,
SP01SP001846,,,Benítez,,Alonso,,Alonso  Benítez ,Alonso Benítez,,seamen,0,0,,,,,neighbour puerto de santa maria,
SP01SP001847,,,Duero,,Andrés,,Andrés  Duero ,Andrés Duero,,,0,0,,,,,"Regidor, neighbour santiago de cuba",
SP01SP001864,,,Martínez,Rentería,Juan,,Juan  Martínez Rentería,Juan Martínez Rentería,,merchants,0,0,,,,,neighbour Ondarroa,
SP01SP001871,,,Castillo,,Gabriel,,Gabriel  Castillo ,Gabriel del Castillo,,merchants,0,0,,,,,neighbour Seville,
SP01SP001880,,,Casal,,Fernando,,Fernando  Casal ,Fernando de Casal,,,0,0,,,,,neighbour Seville,
SP01SP001882,,,Orduña,,Juan,,Juan  Orduña ,Juan de Orduña,,,0,0,,,,,neighbour Seville,
SP01SP001883,,,Saavedra,,Gonzalo,,Gonzalo  Saavedra ,Gonzalo de Saavedra,,,0,0,,,,,neighbour Valencia,
SP01SP001884,,,Abenzameno,,Isaac,,Isaac  Abenzameno ,Isaac Abenzameno,,,0,0,,,,,neighbour Seville,
SP01SP001890,,,Escrivá,,Joan,,Joan  Escrivá ,Joan Escriva,,,0,0,,,,,neighbour Seville,
SP01SP001892,,,Yanes,,Pedro,,Pedro  Yanes ,Pedro de Yanes,,,0,0,,,,,neighbour Seville,
SP01SP001894,,,Ballesteros,,Rodrigo,,Rodrigo  Ballesteros ,Rodrigo de Ballesteros,,,0,0,,,,,neighbour Seville,
SP01SP001899,,,Viate,,Juan,,Juan  Viate ,Juan Viate,,,0,0,,,,,estante Seville,
SP01SP001900,,,Viate,,Juan,Manuel,Juan Manuel Viate ,Juan Manuel Viate,,,0,0,,,,,estante Seville,
SP01SP001901,,,Miguel,,Pere,,Pere  Miguel ,Pere Monet,,,0,0,,,,,estante Valencia,
SP01SP001902,,,Gumiel,,Pedro,,Pedro  Gumiel ,Pedro de Gumiel,,,0,0,,,,,estante Seville,
SP01SP001904,,,Peñal,,Francisco,,Francisco  Peñal ,Francisco Peñal,,,0,0,,,,,estante Seville,
SP01SP001917,,,Góngora,,Rodrigo,,Rodrigo  Góngora ,Rodrigo de Góngora,,,0,0,,,,,neighbour Seville,
SP01SP001930,,,Blanco,,Guillermo,,Guillermo  Blanco ,Guillermo de Blanco,,,0,0,,,,,neighbour Seville,
SP01SP001932,,,Bernat,,Miguel,,Miguel  Bernat ,Miguel Bernat,,,0,0,,,,,estante Seville,
SP01SP001934,,,,,,,   ,vicario,,friars,0,0,,,,,vicar  of the monastery of Santa Maria de Cortes,
SP01SP001935,,,Góngora,,Fernando,,Fernando  Góngora ,Fernando de Góngora,,,0,0,,,,,neighbour Seville,
SP01SP001937,,,Vergara,,Martín,,Martín  Vergara ,Martín de Vergara,,,0,0,,,,,neighbour Seville,
SP01SP001938,,,Gomara,,Fernando,,Fernando  Gomara ,fernando de Gomara,,,0,0,,,,,neighbour Seville,
SP01SP001941,,,Pérez,,Juan,,Juan  Pérez ,Juan Perez,,,0,0,,,,,neighbour Sevilla,
SP01SP001944,,,Bravo,,Alfonso,,Alfonso  Bravo ,Alfonso Bravo,,,0,0,,,,,,
SP01SP001951,,,Fernández,Serrano,Diego,,Diego  Fernández Serrano,Diego Fernández Serrano,,,0,0,,,,,relationship with diego diaz comitre,
SP01SP001952,,,Pérez,Landa,Martín,,Martín  Pérez Landa,Martín Pérez de Landa,,,0,0,Ana,Castro,,,servant of the emperor,
SP01SP001954,,,López,,Pedro,,Pedro  López ,Pedro López,,silversmiths,0,0,,,,,neighbour Seville,
SP01SP001956,,,Liduena,,Antonio,,Antonio  Liduena ,Antonio de Liduena,,,0,0,,,,,"proctor of maria de toledo alcalde de medina de las torres, neighbour seville collacionsanta maria",
SP01SP001957,,,Aguilar,,Francisco,,Francisco  Aguilar ,Francisco Aguilar,,merchants,0,0,,,,,"proctor of maria de toledo alcalde de medina de las torres, neighbour seville collacionsanta maria",
SP01SP001958,,,Briones,,Alvaro,,Alvaro  Briones ,Alvaro de Briones,,,0,0,,,,,neighbour seville collacionsan bartolome,
SP01SP001959,,,Espinosa,,Gaspar,,Gaspar  Espinosa ,Gaspar Espinosa,,,0,0,,,,,"n seville, oidor de la audiencia de santo domingo, I belive is Gaspar Spinola (SP0021)from Cadiz.",
SP01SP001960,,,Espinosa,,Antonio,,Antonio  Espinosa ,Antonio Espinosa,,servants,0,0,,,,,"Posible slave, said to be Gaspar (E)Spino(s)la employee.",
SP01SP001961,,,Carcassonne ,,Cristobal,,Cristobal  Carcassonne  ,Cristobal de Carcassonne,,lawyers,0,0,,,,,e in San Juan.,
SP01SP001962,,,Toledo,,Gonzalo,,Gonzalo  Toledo ,Gonzalo de Toledo,,silversmiths,0,0,,,,,neighbour seville collacionSanta Maria.,
SP01SP001966,,,Torre,,García,,García  Torre ,Garcia de Torre,,merchants,0,0,,,,,neighbour seville collacionsan bartolome.,
SP01SP001967,,,Rodríguez,,Juan,,Juan  Rodríguez ,Juan Rodríguez,,servants,0,0,,,,,servant of bachiller francisco salvago SA0025.,
SP01SP001968,,,Sedeño,,Amtonio,,Amtonio  Sedeño ,Antonio Sedeño,,,0,0,,,,,accountant of the island of san juan and later of santo domingo.,
SP01SP001970,,,Fernández,,Pedro,,Pedro  Fernández ,Pedro Fernández,,scribes,0,0,,,,,scribe of Seville. in notary entries under NO0062,
SP01SP001971,,,García,Alcocer,Francisco,,Francisco  García Alcocer,Francisco García Alcocer,,scribes,0,0,,,,,scribe.,
SP01SP001972,,,Chavez,,Benito,,Benito  Chavez ,Benito Chavez,,,0,0,,,,,alcalde ordinario de sevila.,
SP01SP001977,,,Bernal,,Anton,,Anton  Bernal ,Anton Bernal,,,0,0,,,,,neighbour seville collacionSan Isidro,
SP01SP001978,,,Vergara,,Diego,,Diego  Vergara ,Diego de Vergara,,merchants,0,0,,,,,estante Santo Domingo,
SP01SP001979,,,Almonacir,,Juan,,Juan  Almonacir ,Juan de Almonacir,,merchants,0,0,,,,,estante Santo Domingo,
SP01SP001980,,,Idiagui,,Alonso,,Alonso  Idiagui ,Alonso de Idiagui,,servants,0,0,,,,,servant of comendador francisco de los cobos,
SP01SP001981,,,Zarate,,Diego,,Diego  Zarate ,Diego de Zarate,,servants,0,0,,,,,servant of comendador francisco de los cobos,
SP01SP001982,,,Alcazar,,,,  Alcazar ,del Alcazar,,,0,0,,,,,father of francicso and luis,
SP01SP001983,,SP01SP001982,Alcazar,,Luis,,Luis  Alcazar ,Luis del Alcazar,,,0,0,,,,,neighbour Seville,
SP01SP001984,,,Ardinguelis,,Pedro,,Pedro  Ardinguelis ,Pedro Ardinguelis,,,0,0,,,,,trade with fabrics,
SP01SP001985,,,Ardinguelis,,Rafael,,Rafael  Ardinguelis ,Rafael Ardinguelis,,merchants,0,0,,,,,"estante in Medina del Campo, trade with fabrics",
SP01SP001989,,,García,,Pedro,,Pedro  García ,Pedro Garcia,,maritime pilots,0,0,,,,,"neighbour triana, maestre nao santa maria de la merced",
SP01SP001990,,,Baeza,,Tomas,,Tomas  Baeza ,Tomas de Baeza,,merchants,0,0,,,,,neighbour Seville c. San Alfonso.,
SP01SP001991,,,Escobar,,Alonso,,Alonso  Escobar ,Alonso de Escobar,,,0,0,,,,,neighbour Seville c. Santa cruz.,
SP01SP001992,,,Oso,,Francisco,,Francisco  Oso ,Francisco del Oso,,servants,0,0,,,,,servant of silvestre inguirlani FL0052,
SP01SP001993,,,Saravia,,Juan,,Juan  Saravia ,Juan de Sarivia,,public officers,0,0,,,,,soneighbour Francisco de Sarivia,
SP01SP001994,,,Quecedo,,Juan,,Juan  Quecedo ,Juan de Quecedo,,,0,0,,,,,armador of juan de la cosa armada,
SP01SP001995,,,Pérez,Cabrera,García,,García  Pérez Cabrera,García Perez de Cabrera,,,0,0,,,,,armador of juan de la cosa armada,
SP01SP001996,,,de la Cosa,,Juan,,Juan  de la Cosa ,Juan de la Cosa,,navigator,0,0,,,,,"Castilian navigator and cartographer, known for designing the earliest European world map that incorporated the territories of the Americas that were discovered in the 15th century.",
SP01SP001997,,,Barbosa,,Diego,,Diego  Barbosa ,Diego de Barbosa,,,0,0,,,,,Alcaide de los Alcazares by Don Jorge de Portugal.,
SP01SP001998,,,Almagro,,Diego,,Diego  Almagro ,Diego de Barbosa,,,0,0,,,,,Alcaide de los Alcazares by Don Jorge de Portugal.,
SP01SP001999,,,García,Pagazanez,Juan,,Juan  García Pagazanez,Juan Garcia de Pagazanez,,,0,0,,,,,"Highlander natural del valle de los pielagos, del duque del infantado",
SP01SP002000,,,Cereroles,,Antonio,,Antonio  Cereroles ,Antonio de Cereroles,,merchants,0,0,,,,,Catalan,
SP01SP002001,,,Alvarado,,Diego,,Diego  Alvarado ,Diego de Alvarado,,conquistadors,0,1540,,,,,"born in Badajoz, known as the refunder of San Salvador, sided with Diego de Almagro in Peru. ",
SP01SP002002,,,Hortigoza,,Pedro,,Pedro  Hortigoza ,Pedro de Hortigoza,,unskilled workers,0,0,,,,,worker of cataneo and alvarado in santo domingo,
SP01SP002003,,,Rodríguez,,Alonso,,Alonso  Rodríguez ,Alonso Rodriguez,,unskilled workers,0,0,,,,,worker of cataneo and alvarado in santo domingo,
SP01SP002004,,,Díaz,,Ruy,,Ruy  Díaz ,Ruy Díaz,,carpenters,0,0,Isabel,Vera,,,worker of cataneo and alvarado in santo domingo,
SP01SP002005,,,Bastidas,,Pedro,,Pedro  Bastidas ,Pedro Bastidas,,conquistadors,0,0,,,,,conqueror partner with almagro and cattaneo,
SP01SP002006,,,Escobar,,Diego,,Diego  Escobar ,Diego Escobar,,merchants,0,0,,,,,neighbour Seville collacion santa maria,
SP01SP002008,,,Ruiz,,Cristobal,,Cristobal  Ruiz ,Cristobal Ruiz,,merchants,0,0,,,,,neighbour Seville collacion santa cruz,
SP01SP002009,,,López,,Francisco,,Francisco  López ,Francisco López,,maritime pilots,0,0,,,,,"neighbour Triana, maestre nao San Pedro",
SP01SP002010,,,Uriarte,,Juan,,Juan  Uriarte ,Juan de Uriarte,,maritime pilots,0,0,,,,,"neighbour ateiglesia de san vicente de baracaldo, maestre nao Santa Maria de Guia",
SP01SP002011,,,Fernández,Bonares,Anton,,Anton  Fernández Bonares,Antón Fernández de Bonares,,maritime pilots,0,0,,,,,"neighbour Seville collacion san salvador, maestre nao Trinidad",
SP01SP002012,,,González,,Fernando,,Fernando  González ,Fernando González,,navigators,0,0,,,,,neighbour los Palos,
SP01SP002013,,,Daza,,Gonzalo,,Gonzalo  Daza ,Gonzalo Daza,,maritime pilots,0,0,,,,,neighbour Gibraleon,
SP01SP002014,,,Sánchez,,Diego,,Diego  Sánchez ,Diego Sánchez,,seamen,0,0,,,,,"neighbour  triana, maestre nao san anton. comitre of the queen",
SP01SP002015,,,Fernández,,Pedro,Luis,Pedro Luis Fernández ,Pedro Luis Fernández,,bakers,0,0,,,,,neighbour Seville collacion santa maria en el barrio de la carreteria,
SP01SP002017,,,Roa,,Juan,,Juan  Roa ,Juan de Roa,,maritime pilots,0,0,,,,,"neighbour villa del puerto de Santa Maria, maestre nao Santa Barbara",
SP01SP002018,,,Romero,,Andrés,,Andrés  Romero ,Andrés Romero,,,0,0,,,,,neighbour villa del puerto de Santa Maria,
SP01SP002019,,,Pasamonte,,Miguel,,Miguel  Pasamonte ,Miguel de Pasamonte,,treasurer,0,0,,,,,neighbour Santo Domingo,
SP01SP002020,,,Zaraza,,Jaime,,Jaime  Zaraza ,Jaime de Zaraza,,merchants,0,0,,,,,estante Santo Domingo,
SP01SP002021,,,Rosa,,Tomas,,Tomas  Rosa ,Tomas Rosa,,merchants,0,0,,,,,"e of Seville, slave trader",
SP01SP002022,,,Riaño,,Francisco,,Francisco  Riaño ,Francisco Riaño,,,0,0,,,,,neighbour seville collacionsan idelfonso,
SP01SP002023,,,Fernández,Ibar,Lope,,Lope  Fernández Ibar,Lope Fernández de Ibar,,merchants,0,0,,,,,"vizcaino, neighbour Sevilla c Santa Maria",
SP01SP002024,,,España,,Juan,,Juan  España ,Juan de España,,servants,0,0,,,,,criado of Alfonso Sanchez,
SP01SP002026,,,Zubizarreta,,Martin,,Martin  Zubizarreta ,Martin de Zubizarreta,,merchants,0,0,,,,,Guipuzcoano,
SP01SP002027,,,Ruiz,,Pedro,,Pedro  Ruiz ,Pedro Ruiz,,merchants,0,0,,,,,Guipuzcoano,
SP01SP002028,,,Jaimes,,Diego,,Diego  Jaimes ,Diego Jaimes,,merchants,0,0,,,,,Neighbour Burgos,
SP01SP002029,,,Miranda,,Miguel,,Miguel  Miranda ,Miguel de Miranda,,merchants,0,0,,,,,Neighbour Burgos,
SP01SP002030,,,Arexita,,Juan,,Juan  Arexita ,Juan de Arexita,,merchants,0,0,,,,,neighbour Ibar,
SP01SP002031,,,Martínez,Sacartequieta,Juan,,Juan  Martínez Sacartequieta,Juan Martinez de Sacartequieta,,merchants,0,0,,,,,neighbour Lequeitio,
SP01SP002032,,,Aguilera,,Bernardo,,Bernardo  Aguilera ,Bernardo de Aguilera,,,0,0,,,,,secretary of the marquess of villareal,
SP01SP002033,,,Jaen,,Alvaro,,Alvaro  Jaen ,Alvaro de Jaen,,teachers,0,0,,,,,"neighbour seville collacionSanta Maria, tutor of the heirs of Lorenzo Pineli",
SP01SP002034,,,Hernández,,Juan,,Juan  Hernández ,Juan Hernández,,,0,0,,,,,neighbour Seville procurador de causas,
SP01SP002035,,,Anda,,Jorge,,Jorge  Anda ,Jorge de Anda,,servants,0,0,,,,,"vizcaino, servant of Esteban centurion",
SP01SP002036,,,Sotelo,,Alonso,,Alonso  Sotelo ,Alonso de Sotelo,,maritime pilots,0,0,,,,,ship owner of the carabela sta maria la blanca,
SP01SP002037,,,González,,Diego,,Diego  González ,Diego González,,maritime pilots,0,0,,,,,"papelero, neighbour Puerto de Santa Maria, maestre of nao maria miguel",
SP01SP002038,,,Ara,,Alfonso,,Alfonso  Ara ,Alfonso de Ara,,agents,0,0,,,,,Hacedor of the Almirant of the indies,
SP01SP002039,,,Fernández,Soria,Diego,,Diego  Fernández Soria,Diego Fernández de Soria,,seamen,0,0,,,,,"Neighbour triana, maestre of Santa Maria de Piel de oro",
SP01SP002040,,,Medrano,,Catalina,,Catalina  Medrano ,Catalina Medrano,,,0,0,Sebastian,Caboto,,UK01SP0024,neighbour seville wife of Sebastian Caboto,
SP01SP002041,,,Suárez,,Luis,,Luis  Suárez ,Luis Suarez,,physicians,0,0,,,,,neighbour seville collacionsan bartolome,
SP01SP002042,,,Daza,,Alonso,,Alonso  Daza ,Alonso Daza,,,0,0,,,,,business with Diego Colon,
SP01SP002043,,,Huerta,,Juan,,Juan  Huerta ,Juan de la Huerta,,seamen,0,0,,,,,working in the nao santa cruz in 1525,
SP01SP002044,,,San Martin,,Juan,,Juan  San Martin ,Juan de San Martin,,seamen,0,0,,,,,working in the nao santa cruz in 1525,
SP01SP002045,,,Beltran,,Alonso,,Alonso  Beltran ,Alonso Beltran,,seamen,0,0,,,,,"neighbour Moguer, working in the nao santa cruz in 1525",
SP01SP002046,,SP01SP001997,Barbosa,,James,,James  Barbosa ,James Barbosa,,,0,0,,,,,n seville alcaide de los alcazarez y atarazanas reales de sevilla and rep of Maria Caldera,
SP01SP002047,,SP01SP001997,Barbosa,,Beatriz,,Beatriz  Barbosa ,Beatriz Barbosa,,,0,0,Fernando,Magallanes,,PG01PG00047,neighbour of seville wife of Magallanes,
SP01SP002048,,,Abreu,,Pedro,,Pedro  Abreu ,Pedro de Abreu,,servants,0,0,,,,,servant of the spanish king.,
SP01SP002049,,,Azcotia,,Martin,,Martin  Azcotia ,Martin de Azcoitia,,,0,1525,Francisca,Sánchez,,SP01SP002050,neighbour Seville collacion Santa Maria,
SP01SP002050,,,Sánchez,,Francisca,,Francisca  Sánchez ,Francisca Sánchez,,,0,0,Martin,Azcotia,,SP01SP002049,neighbour Seville collacion Santa Maria,
SP01SP002051,,SP01SP002049,Azcotia,,Cristobal,,Cristobal  Azcotia ,Cristobal de Azcoitia,,,0,0,,,,,ward of S Caboto,
SP01SP002054,,,Cervantes,,Pedro,,Pedro  Cervantes ,Pedro de Cervantes,,merchants,0,0,,,,,neighbour Seville,
SP01SP002056,,,Yanes,,Francisco,,Francisco  Yanes ,Francisco Yanes,,merchants,0,0,,,,,"Burgales, estante in Seville",
SP01SP002057,,,Ribas,,Antonio,,Antonio  Ribas ,Antonio de Ribas,,merchants,0,0,,,,,"Burgales, estante in Seville",
SP01SP002058,,,Avila,,Blas,,Blas  Avila ,Blas de Avila,,weavers,0,0,,,,,"weaver of gold tread, neighbour seville collacionSanta maria la blanca",
SP01SP002059,,,Segovia,,Martin,,Martin  Segovia ,Martin de Segovia,,weavers,0,0,,,,,"weaver of gold tread, neighbour seville collacionSanta maria la blanca",
SP01SP002060,,SP01SP000841,Mexía,,Sancho,,Sancho  Mexía ,Sancho Mexía,,,0,0,,,,,"neighbour seville collacionsan andres, son and heir of Fernando Mexia 24 of seville and Ines Tello.",
SP01SP002061,,,Malaga,,Francisco,,Francisco  Malaga ,Francisco de Malaga,,tanners,0,0,,,,,"Estante - former servant of Alonso López tanner, works in Santo domingo for Cristobal Rodriguez",
SP01SP002062,,,Rodríguez,,Cristobal,,Cristobal  Rodríguez ,Cristobal Rodriguez,,tanners,0,0,Astrid,López,,SP01SP002064,"neighbour seville collacionSan Lorenzo. moves to Santo Domingo in 1505. Father of of Juan, Sebastian, and Isabel",
SP01SP002063,,,López,,Alonso,,Alonso  López ,Alonso López,,tanners,0,0,,,,,neighbour Seville,
SP01SP002064,,SP01SP002063,López,,Astrid,,Astrid  López ,Astrid López,,,0,0,Cristobal,Rodríguez,Cordoba,SP01SP002062,"neighbour seville collacionSan Lorenzo. mother of Juan, Sebastian, and Isabel",
SP01SP002065,,SP01SP002062,Rodríguez,,Sebastian,,Sebastian  Rodríguez ,Sebastian Rodríguez,,,0,0,,,,,soneighbour Cristobal Rodriguez and Astrid lopez.,
SP01SP002066,,SP01SP002062,Rodríguez,,Juan,,Juan  Rodríguez ,Juan Rodríguez,,,0,0,,,,,soneighbour Cristobal Rodriguez and Astrid lopez.,
SP01SP002067,,SP01SP002062,Rodríguez,,Isabel,,Isabel  Rodríguez ,Isabel Rodríguez,,,0,0,,,,,soneighbour Cristobal Rodriguez and Astrid lopez.,
SP01SP002068,,,Fernández,Mendoza,Juan,,Juan  Fernández Mendoza,Juan Fernández de Mendoza,,,0,0,,,,,honorado caballero neighbour seville collacionsan marcos.,
SP01SP002069,,SP01SP002068,Mendoza,,Alonso,,Alonso  Mendoza ,Alonso de Mendoza,,,0,0,,,,,"soneighbour Juan Fernandez de mendoza, neighbour seville collacionsan marcos.",
SP01SP002070,,,Montero,,Gonzalo,,Gonzalo  Montero ,Gonzalo de Montero,,merchants,0,0,,,,,neighbour Seville,
SP01SP002071,,,Sevilla,,Gracia,,Gracia  Sevilla ,Gracia de Sevilla,,exchangers,0,0,,,,,neighbour Seville,
SP01SP002072,,,Coruña,,Fernando,,Fernando  Coruña ,Fernando de la Coruña,,merchants,0,0,,,,,neighbour Seville,
SP01SP002073,,,Luna,,Francisco,,Francisco  Luna ,Francisco Luna,,,0,0,,,,,estante indies,
SP01SP002074,,,Bernal,Ribera,Rodrigo,,Rodrigo  Bernal Ribera,Rodrigo Bernal de la Ribera,,merchants,0,0,,,,,neighbour Seville. estante in the Indies,
SP01SP002075,,,Fernández,Madrigal,Ana,,Ana  Fernández Madrigal,Ana Fernández de Madrigal,,,0,0,Diego,Nava,,SP134SP000002,neighbour Seville,
SP01SP002076,,,Oñate,,Juan,,Juan  Oñate ,Juan de Oñate,,silversmiths,0,0,,,,,neighbour Seville,
SP01SP002077,,,Suárez,,Francisco,,Francisco  Suárez ,Francisco Suarez,,silversmiths,0,0,,,,,neighbour Seville,
SP01SP002078,,,Ledesma,,Juan,,Juan  Ledesma ,Juan de Ledesma,,,0,0,,,,,neighbour seville collacionSan Vicente,
SP01SP002079,,,Ximénez,,Diego,,Diego  Ximénez ,Diego Ximénez,,,0,0,,,,,neighbour seville collacionSan Salvador,
SP01SP002080,,,Ibañez,Hernani,Juan,,Juan  Ibañez Hernani,Juan Ibañez de Hernani,,merchants,0,0,,,,,"Vizcaino, neighbour seville collacionSanta Maria",
SP01SP002081,,,López,Avila,Hernando,,Hernando  López Avila,Hernando López de Avila,,,0,1534,,,,,"unknown story, he had bussines with germans after his dead there were trouble with the heirs ",
SP01SP002082,,,Barrera,,Juan,,Juan  Barrera ,Juan de la Barrera,,,0,0,,,,,neighbour seville collacionsan nicolas,
SP01SP002083,,,Martín,,Manuel,,Manuel  Martín ,Manuel Martín,,navigators,0,0,,,,,"neighbour seville collacionsanta maria, in 1534 pilot of santa maria de la ayuda ",
SP01SP002084,,,Llana,,Francisco,,Francisco  Llana ,Francisco de la Llana,,merchants,0,0,,,,,estante Seville,
SP01SP002085,,,Llana,,Alonso,,Alonso  Llana ,Alonso de la Llana,,merchants,0,0,,,,,estante Seville,
SP01SP002086,,,Vitoria,,Martín,,Martín  Vitoria ,Martín de Vitoria,,merchants,0,0,,,,,estante Seville,
SP01SP002087,,,Sanchin,,Cristobal,,Cristobal  Sanchin ,Cristobal de Sanchin,,,0,0,,,,,"nineighbour seville collacionsan salvador, maybe sanchez",
SP01SP002088,,,Yanes,,Juan,,Juan  Yanes ,Juan de Yanes,,,0,0,,,,,estante Seville,
SP01SP002089,,,Pérez,,Esteban,,Esteban  Pérez ,Esteban Pérez,,,0,0,,,,,estante Seville,
SP01SP002090,,SP01SP002089,Pérez,,Isabel,,Isabel  Pérez ,Isabel Pérez,,,0,0,,,,,estante Gomera - maybe,
SP01SP002091,,SP01SP002092,Gómez,,Inés,,Inés  Gómez ,Inés Gómez,,,0,0,Alonso,Noya,,,neighbour Seville,
SP01SP002092,,,Gómez,,Juan,,Juan  Gómez ,Juan Gómez,,tanners,0,0,,,,,neighbour seville collacion san llorente,
SP01SP002093,,,Noya,,Alonso,,Alonso  Noya ,Alonso Noya,,,0,0,Inés,Gómez,,SP01SP002091,neighbour Seville,
SP01SP002094,,,Alfaro,,Juan,,Juan  Alfaro ,Juan de Alfaro,,,0,0,,,,,neighbour Seville,
SP01SP002095,,,Tohino,,Alonso,,Alonso  Tohino ,Alonso Tohino,,,0,0,,,,,neighbour Seville,
SP01SP002096,,,Farias,,Cristobal,,Cristobal  Farias ,Cristobal de Farias,,seamen,0,0,,,,,neighbour Seville,
SP01SP002097,,,Ascencio,,Francisco,,Francisco  Ascencio ,Francisco Ascencio,,,0,0,,,,,neighbour Seville collacion san llorente ,
SP01SP002098,,,Alonso,,Maria,,Maria  Alonso ,Maria Alonso Pepina,,,0,0,,,,,neighbour Triana,
SP01SP002099,,,Fernández,Alfaro,Beatriz,,Beatriz  Fernández Alfaro,Beatriz Fernández de Alfaro,,,0,0,Diego,Rodríguez,,SP01SP001482,neighbour Triana,
SP01SP002100,,SP01SP000039,Isla,,Juana,,Juana  Isla ,Juana de Isla,,,0,0,,,,,neighbour Seville,
SP01SP002101,,,Pardo,Daeza,Diego,,Diego  Pardo Daeza,Diego Pardo de Daeza,,merchants,0,1519,,,,,neighbour Seville,
SP01SP002102,,,Rosales,,Francisco,,Francisco  Rosales ,Francisco de Rosales,,servants,0,0,,,,,"estante Sevlle, servant of bernardino de isla",
SP01SP002103,,,Hierro,,Juan,,Juan  Hierro ,Juan del Hierro,,servants,0,0,,,,,"estante Sevlle, servant of bernardino de isla",
SP01VZ000001,,,López,Arechuleta,Juan,,Juan  López Arechuleta,Juan López de Arechuleta,,,0,0,,,,,veedor of the monarchs at Cubagua,
SP01VZ000002,,,Casas,,Hernando,,Hernando  Casas ,Hernando de las Casas,,,0,0,,,,,"neighbour of new cadiz, in cubagua",
SP02CO000277,,,Bastidas,,Rodrigo,,Rodrigo  Bastidas ,Rodrigo de Bastidas,,conquistadors,0,0,,,,,"After sailing with Christopher Columbus during his second voyage to the New World in 1493, De Bastidas petitioned the Spanish Crown to start his own quest to be financed totally with his own money. In exchange for granting De Bastidas the right to explore various territories in the New World, the Crown required him to give them one fourth of the net profits he would acquire. The King and Queen issued a charter that is still preserved in the National Archives in Spain. He sailed to the New World from Cádiz in October 1499 with two ships; the San Antón and the Santa Maria de Gracia. He was accompanied on this voyage by Juan de la Cosa and Vasco Núñez de Balboa. At the South American coast he sailed westward from Cabo de la Vela, Colombia, in an attempt to explore the coastline of the Caribbean basin. He discovered the mouth of a river he named the Magdalena River and the Gulf of Urabá on the Colombian coast. He reached La Punta de Manzanillo on Panama's upper Caribbean coast before having to abandon his effort. He is acknowledged to be the first European to have claimed that part of the isthmus, and therefore is credited with the discovery of Panama which includes the San Blas regioneighbour the indigenous Kuna. However, the poor conditioneighbour his ships, caused by shipworm that ate the wooden hull, forced him to turn back and head to Santo Domingo to effect repairs. Despite repeated repairs, the ships eventually sank in port at Jacaragua, leaving most of the indigenous slaves to drown, while some gold and pearls were saved. De Bastidas was forced to return overland to Santo Domingo, trading trinkets for food and supplies with Taino natives along the way. On arrival in Santo Domingo he was placed under arrest by Governor Francisco de Bobadilla,[3] and sent back to Spain for allegedly trading with the indigenous people without permission. He was acquitted of these charges by the Spanish Crown, and rewarded with a pension. He returned to Santo Domingo with his family, and became ""rich in cattle, at one time possessing 8000 head"".[4][5] In 1504 he undertook another expedition to Tierra Firme, raiding 600 slaves for sale in Hispaniola.",
SP02CO001963,,,Villegas,,Juan,,Juan  Villegas ,Juan Villegas,,merchants,0,0,,,,,"estante in Santa Marta, partner with vicente de avila to sell stuff.",
SP02CU001219,,,Fernández,,Gómez,,Gómez  Fernández ,Gómez Fernández,,agents,0,0,,,,,neighbour Cuba,
SP02CU001220,,,Díaz,Piñon,Juan,,Juan  Díaz Piñon,Juan Díaz Piñon,,agents,0,0,,,,,neighbour Cuba,
SP02CU001544,,,Hurtado,,Lope,,Lope  Hurtado ,Lope Hurtado,,public officers,0,0,,,,,estante in cuba for the business of the empress,
SP02CU001559,,,Narvaes,,Panfilio,,Panfilio  Narvaes ,Panfilio Narvaes,,,0,0,,,,,neighbour Cuba,
SP02SP000106,,,García,Saltabarra,Pedro,,Pedro  García Saltabarra,Pedro García Saltabarrancos,,bankers,0,0,,,,,banker of Cadiz,
SP02SP000225,,,Guarnizo,,Sancho,,Sancho  Guarnizo ,Sancho de Guarnizo,46SP,bankers,0,0,,,,,in 1510 lent money to the genoese nation in seville and cadiz to pay agains requirements made by the queen,
SP02SP000226,,,Pérez,Riabalis,Martín,,Martín  Pérez Riabalis,Martín Pérez de Riabalis,46SP,bankers,0,0,,,,,in 1510 lent money to the genoese nation in seville and cadiz to pay agains requirements made by the queen,
SP02SP000228,,,Pasara,,Gregorio,,Gregorio  Pasara ,Gregorio Pasara,,merchants,0,0,,,,,Factor of Niculoso y Gaspar Spinola,
SP02SP000230,,,García,,Juan,,Juan  García ,Juan García,,maritime pilots,0,0,,,,,"neighbour of Cadiz, maestre del nao la Tiscareña",
SP02SP000231,,,Cherino,,Cristóbal,,Cristóbal  Cherino ,Cristóbal Cherino,,seamen,0,0,,,,,part of the tripulationeighbour the nao la tiscareña,
SP02SP000232,,,Tiscareño,,Bartolomé,,Bartolomé  Tiscareño ,Bartolomé Tiscareño,,maritime pilots,0,0,,,,,maestre del nao la tiscareña,
SP02SP000236,,,Burgos,,Juan,,Juan  Burgos ,Juan de Burgos,28SP,merchants,0,0,,,,,form Burgo,
SP02SP000248,,,Bermejo,,Rodrigo,,Rodrigo  Bermejo ,Rodrigo Bermejo,,maritime pilots,0,0,,,,,nao spinola,
SP02SP000264,,SP01SP000267,Pedralves,,Juan,,Juan  Pedralves ,Juan de Pedralves,,merchants,0,0,,,,,estante in cadiz,
SP02SP000591,,,Frías,,Francisco,,Francisco  Frías ,Francisco de Frías,,,0,0,,,,,alcalde y regidor de cadiz,
SP02SP000592,,,Coronado,,Pedro,,Pedro  Coronado ,Pedro Coronado,,brokers,0,0,,,,,,
SP02SP000593,,,Campos,,Sebastián,,Sebastián  Campos ,Sebastián de Campos,,brokers,0,0,,,,,,
SP02SP000594,,,Bobadilla,,Beatriz,,Beatriz  Bobadilla ,Beatriz de Bobadilla,,,0,0,,,,,doña,
SP02SP000674,,,Gravijas,,Rodrigo,,Rodrigo  Gravijas ,Rodrigo de Gravijas,103SP,maritime pilots,0,0,,,,,neighbour of santoña maestre of nao santa maria,
SP02SP000888,,,Álvarez,,Pedro,,Pedro  Álvarez ,Pedro Alvarez,,farmers,0,0,,,,,,
SP02SP000981,,,Alcocer,,Alfon,,Alfon  Alcocer ,Alfon de Alcocer,,,0,0,,,,,neighbour Cadiz,
SP02SP000982,,,Segura,,Antón,,Antón  Segura ,Antón de Segura,,drapers,0,0,,,,,neighbour seville collacionsan isidro,
SP02SP001280,,,Paninguirola,,Juan,Luis,Juan Luis Paninguirola ,Juan Luis Pananguirola,,merchants,0,0,,,,,estante Cadiz,
SP02SP001500,,,Torre,,Pedro,,Pedro  Torre ,Pedro de la Torre,,merchants,0,0,,,,,neighbour Cadiz,
SP02SP001508,,,Erdeja,,Sebastian,,Sebastian  Erdeja ,Sebastian Erdeja,,,0,0,,,,,commerce of tuna,
SP02SP001969,,,González,,Diego,,Diego  González ,Diego González,,scribes,0,0,,,,,scribe of cadiz.,
SP03CU000001,,,Ordaz,,,,  Ordaz ,Ordaz,,conquistadors,0,0,,,,,"in cuba in 1514, may be diego de ordaz",
SP03CU000002,,,Texada,,Serrano,,Serrano  Texada ,Serrao de Texada,,conquistadors,0,0,,,,,"in cuba in 1514, brother of Bernardino de Tejada neighbour toledo, maybe related to alonso de tejada",
SP03CU000003,,,Haro,,Andrés,,Andrés  Haro ,Andrés Haro,,merchants,0,0,,,,,in cuba in 1514,
SP03SP000003,,,Martínez,,Diego,,Diego  Martínez ,Diego Martínez,,wagoner,0,0,,,,,"Carretero, working for the cassana rivarolo and Pinello",
SP03SP000004,,,Ximénez,,Miguel,,Miguel  Ximénez ,Miguel Ximénez,,wagoner,0,0,,,,,"Carretero, working for the cassana rivarolo and Pinello",
SP03SP000005,,,Muñoz,,Juan,,Juan  Muñoz ,Juan Muñoz,,wagoner,0,0,,,,,"Carretero, working for the cassana rivarolo and Pinello",
SP03SP000008,,,Sánchez,,Miguel,,Miguel  Sánchez ,Miguel Sánchez,,wagoner,0,0,,,,,"Carretero, working for the cassana rivarolo and Pinello",
SP03SP000009,,,Blázquez,,Juan,,Juan  Blázquez ,Juan Blázquez,,wagoner,0,0,,,,,"Carretero, working for the cassana rivarolo and Pinello",
SP03SP000120,,,Meneses,Bobadilla,Antonio,,Antonio  Meneses Bobadilla,Antonio Meneses de Bobadilla,,,0,0,,,,,noble ofsprings that lived and served the king and queen in their teenage years.,
SP03SP000135,,,Carmona,,Fernando,,Fernando  Carmona ,Fernando de Carmona,,servants,0,0,,,,,servant to the alcaide de los donceles (pages of the king and later distinguish milita group).,
SP03SP000138,,,Porras,,Antonio,,Antonio  Porras ,Antonio de Porras,,,0,0,,,,,"Aposentador de su Alteza, pastry chef",
SP03SP000596,,,Valladolid,,Hernando,,Hernando  Valladolid ,Hernando de Valladolid,,agents,0,0,,,,,factor of the heirs of FR and Fernando de lugo,
SP03SP000872,,,Dueñas,,Gracía,,Gracía  Dueñas ,García de Dueñas,,,0,0,,,,,neighbour Valladolid,
SP03SP001484,,,Verdesoto,,Gonzalo,,Gonzalo  Verdesoto ,Gonzalo de Verdesoto,,,0,0,,,,,neighbour Valladolid,
SP03SP001727,,,Fernández,Ybar,Lope,,Lope  Fernández Ybar,Lope Fernández de Ybar,03SP,merchants,0,0,,,,,estante Seville,
SP03SP001848,,,San Pedro,,Jerónimo,,Jerónimo  San Pedro ,Jerónimo de San Pedro,03SP,,0,0,,,,,neighbour Valladolid,
SP03SP001865,,,Ramírez,Villaescusa,Alonso,,Alonso  Ramírez Villaescusa,Alonso Ramírez Villaescusa,,,0,0,,,,,neighbour Valladolid,
SP04SP000175,,,Osorio,,Diego,,Diego  Osorio ,Don Diego Osorio,,,0,0,,,,,"corregidor of Cordoba, bought wheat from francisco sopranis",
SP04SP000176,,,Pacheco,,Francisco,,Francisco  Pacheco ,don Francisco Pacheco,,,0,0,,,,,bought wheat from francisco sopranis,
SP04SP000208,,,Martín,,Diego,,Diego  Martín ,Diego Martín,,tanners,0,0,,,,,"Tintor, Neighbour of Cordoba collación de Santiago",
SP04SP000209,,,Córdoba,,Diego,,Diego  Córdoba ,Diego de Córdoba,,tanners,0,0,,,,,"neighbour of Cordoba collacioneighbour santiago, soneighbour Luis Sánchez de las Ganas",
SP04SP000210,,,Lora,,Juan,,Juan  Lora ,Juan de Lora,,tanners,0,0,,,,,factor of diego de cordoba,
SP04SP000417,,,Aguayo,,Fernando,,Fernando  Aguayo ,Fernando de Aguayo,,lawyers,0,0,,,,,jurado y vecino de la ciudad de Córdoba,
SP04SP000536,,,García,,Alonso,,Alonso  García ,Alonso García,,masons,0,0,,,,,,
SP04SP001215,,,Lora,,Juan,,Juan  Lora ,Juan de Lora,,,0,0,,,,,neighbour Cordoba collacionsantiago,
SP04SP001473,,,Cordoba,,Diego,,Diego  Cordoba ,Diego de Cordoba,,,0,0,,,,,24 de Cordoba,
SP04SP001669,,,Díaz,,Alonso,,Alonso  Díaz ,Alonso Díaz,04SP,Boatman,0,0,,,,,neighbour seville collacionsan miguel,
SP04SP001691,,,Santangel,,Jaume,,Jaume  Santangel ,jaume de santangel,,scribes,0,0,,,,,scribe of the king,
SP05SP000089,,,Sánchez,,Miguel,,Miguel  Sánchez ,Miguel Sánchez,,weavers,0,0,,,,,Neighbour of Alcaicería de Granada,
SP05SP000090,,,Marján,,Alonso,,Alonso  Marján ,Alonso Marján,,weavers,0,0,,,,,Neighbour of Alcaicería de Granada,
SP05SP000091,,,Carmona,,Miguel,,Miguel  Carmona ,Miguel de Carmona,,farmers,0,0,,,,,Neighbour of Alcaicería de Granada,
SP05SP000092,,,Alhojayas,,Pedro,,Pedro  Alhojayas ,Pedro Alhojayas,,,0,0,,,,,Neighbour of Alcaicería de Granada,
SP05SP000093,,,Albastyn,,Alonso,,Alonso  Albastyn ,Alonso de Albastyn,,spice merchant,0,0,,,,,"neighbour of Granada, seller of spices",
SP05SP000094,,,Fernández,Aljavali,Alonso,,Alonso  Fernández Aljavali,Alonso Fernández Aljavali,,merchants,0,0,,,,,"Neighbour of Alcaicería de Granada, father of Fernando Aljavali",
SP05SP000095,,SP01SP94,Aljavali,,Fernando,,Fernando  Aljavali ,Fernando Aljavali,,merchants,0,0,,,,,"Neighbour of Alcaicería de Granada, soneighbour Alonso Fernández Aljavali",
SP05SP000119,,,Toledo,,García,,García  Toledo ,García de Toledo,,,0,0,,,,,Arrendador Neighbour of Granada,
SP05SP000242,,,Córdoba,,Gonzalo,,Gonzalo  Córdoba ,Gonzalo de Córdoba,,public officers,0,0,,,,,"contador del marques de Priego, participates as figurehead to bypass the prohibitioneighbour nobels selling wheat to genovese",
SP05SP000410,,,López,Valladolid,Andrés,,Andrés  López Valladolid,Andrés López de Valladolid,,,0,0,,,,,neighbour of granada,
SP05SP001276,,,Escoto,,Nicolas,,Nicolas  Escoto ,Nicolas Escoto,,merchants,0,0,,,,,"estante granada, partner of spinola",
SP05SP001277,,,Lorca,,Pedro,,Pedro  Lorca ,Pedro Lorca,,,0,0,Catalina,Fernández,,,neighbour villafranca de la marisma,
SP05SP001449,,,Buitrago,,Juan,,Juan  Buitrago ,Juan de Buitrago,,,0,0,,,,,"neighbour granada, recaudador de las almonas de granada 1508",
SP06SP000571,,,Tello,,Fernando,,Fernando  Tello ,Fernando Tello,,,0,0,,,,,general fiscal solicitor,
SP06SP001624,,,Sánchez,Almoacid,Fernando,,Fernando  Sánchez Almoacid,Fernando Sánchez de Almonacid ,,merchants,0,0,,,,,soneighbour gonzalo sanchez de almonacid in madrid,
SP06SP001625,,,Baena,,Domingo,,Domingo  Baena ,Domingo Baena,,maritime pilots,0,0,,,,,"maestre nao santa cruz, part of the pearl exploitation in cubagua",
SP07SP000048,,,Valenciano,,Valentín,,Valentín  Valenciano ,Valentín Valenciano,,merchants,0,0,,,,,"Neighbour from Valencia, living in Seville, maybe a merchant",
SP07SP000098,,,Gomela,,Jacome,,Jacome  Gomela ,Jacome Gomela,,,0,0,,,,,carrier or a mail man,
SP07SP000102,,,Forés,,Baltasar,,Baltasar  Forés ,Baltasar Forés,,merchants,0,0,,,,,estante in valencia,
SP07SP000103,,,Torres,,Jerónimo,,Jerónimo  Torres ,Jerónimo Torres,,merchants,0,0,,,,,estante in valencia,
SP07SP000137,,,Sánchez,,Luis,,Luis  Sánchez ,Luis Sánchez,,,0,0,,,,,tesorero general de la reina de aragon,
SP07SP000259,,,Tárraga,,Luis,,Luis  Tárraga ,Luis Tárraga,,merchants,0,0,,,,,vecino de valencia parte del circuito centurion,
SP07SP000474,,,Segura,,bernaldo,,bernaldo  Segura ,Bernaldo de Segura,,,0,0,,,,,alguacil del almirante,
SP07SP000535,,,Mirón,,francisco,,francisco  Mirón ,Francisco Mirón,,merchants,0,0,,,,,,
SP07SP000962,,,Crespi,,Francin,,Francin  Crespi ,Mosen Francisn Crespi,,,0,0,,,,,"neighbour  velencia, el y sus compañeros arrendadores del capitulo de carnes de dicha ciudad",
SP07SP001419,,,Fernández,,Luis,,Luis  Fernández ,Luis Fernández,,bakers,0,0,Catalina,Fernández,,SP0045,valenciano of parents from almeria,
SP07SP001462,,,Fuente,,Juan,,Juan  Fuente ,Juan de la Fuente,07SP,merchants,0,0,,,,,mercadero valenciano,
SP07SP001665,,,Casanova,,Juan,,Juan  Casanova ,Juan de Casanova,,scribes,0,0,,,,,neighbour Valencia,
SP07SP001878,,,Pintor,,Bernat,,Bernat  Pintor ,Bernat Pintor,,,0,0,,,,,,
SP07SP001879,,,Pintor,,Asias,,Asias  Pintor ,Ausias Pintor,,,0,0,,,,,,
SP07SP001881,,,Sirixio,,Diego,,Diego  Sirixio ,Diego de Sirixio,,,0,0,,,,,neighbour Valencia,
SP07SP001885,,,Indes,,Battista,,Battista  Indes ,Battista Indes,,,0,0,,,,,neighbour Seville,
SP07SP001886,,,Ruiz,,Martí,,Martí  Ruiz ,Martí Ruiz,,,0,1484,,,,,neighbour Valecia,
SP07SP001887,,,Santangel,,Lluis,,Lluis  Santangel ,Lluis de Santangel,,,0,0,,,,,neighbour Valecia,
SP07SP001888,,,Rey,,Luigi,,Luigi  Rey ,Luigi Rey,,,0,0,,,,,neighbour Valecia,
SP07SP001889,,,Pellicer,,Lluis,,Lluis  Pellicer ,Lluis Pellicer,,,0,0,,,,,neighbour Valecia,
SP07SP001891,,,Gil,,Pere,,Pere  Gil ,Pere Gil,,,0,0,,,,,neighbour Valecia,
SP07SP001893,,,Lucena,,Juan,,Juan  Lucena ,Juan de Lucena,,,0,0,,,,,neighbour Valecia,
SP07SP001895,,,Riusec,,Jofre,,Jofre  Riusec ,Jofre de Riusec,,,0,0,,,,,neighbour Valencia,
SP07SP001896,,,Maria,,Jaume,,Jaume  Maria ,Jaume Maria,,,0,0,,,,,neighbour Valencia,
SP07SP001897,,,More,,Jofre,,Jofre  More ,Jofre More,,,0,0,,,,,neighbour Valencia,
SP07SP001898,,,Lita,,Giovanni,,Giovanni  Lita ,Giovanni Lita,,,0,0,,,,,neighbour Valencia,
SP07SP001903,,,Ortiz,,Sancho,,Sancho  Ortiz ,Sancho Ortiz,,,0,0,,,,,estante Valencia,
SP07SP001905,,,Bellmunt,,Martí,,Martí  Bellmunt ,Martí Ballmunt,,,0,0,,,,,"estante Valencia, catalan",
SP07SP001906,,,Despés,,Ramón,,Ramón  Despés ,Ramón Despés,,,0,0,,,,,estante Seville,
SP07SP001907,,,Espital,,Miguel,,Miguel  Espital ,Miguel Espital,,,0,0,,,,,estante Valencia,
SP07SP001908,,,Ramon,,Pere,,Pere  Ramon ,Pere Ramon,,,0,0,,,,,estante Valencia,
SP07SP001909,,,Montoliu,,Francesc,,Francesc  Montoliu ,Francesc de Montoliu,,,0,0,,,,,estante Valencia,
SP07SP001910,,,Menaguerra,,Ponc,,Ponc  Menaguerra ,Ponc de Menaguerra,,,0,0,,,,,estante Valencia,
SP07SP001911,,,Pau,,Jaume,,Jaume  Pau ,Jaume Pau,,,0,0,,,,,estante Valencia,
SP07SP001912,,,Pau,,Lliís,,Lliís  Pau ,Lluís Pau,,,0,0,,,,,estante Valencia,
SP07SP001913,,,Ardet,,Galceran,,Galceran  Ardet ,Galceran Adret,,,0,0,,,,,estante Valencia,
SP07SP001914,,,Anglada,,Miguel,,Miguel  Anglada ,Miguel Anglada,,,0,0,,,,,estante Valencia,
SP07SP001915,,,Pinós,,Bartolomeu,,Bartolomeu  Pinós ,Bartolomeu Pinós,,,0,0,,,,,estante Valencia,
SP07SP001916,,,Sánchez,,Alfonso,,Alfonso  Sánchez ,Alfonso Sánchez,,,0,0,,,,,neighbour Valencia,
SP07SP001918,,,Castroverde,,Alfonso,,Alfonso  Castroverde ,Alfonso de Castroverde,,,0,0,,,,,neighbour Valencia,
SP07SP001919,,,Cabanyelles,,Lluis,,Lluis  Cabanyelles ,Lluis de Cabanyelles,,,0,0,,,,,neighbour Valencia,
SP07SP001920,,,Foys,,Diego,,Diego  Foys ,Diego de Foys,,,0,0,,,,,neighbour Valencia,
SP07SP001921,,,de Lerma,,Alfonso,,Alfonso  de Lerma ,Alfonso de Lerma,,,0,0,,,,,neighbour Valencia,
SP07SP001922,,,Castro,,Diego,,Diego  Castro ,Diego de Castro,,brokers,0,0,,,,,"hacedor of diego de lerma, n Valencia",
SP07SP001923,,,Perandreu,,Joan,,Joan  Perandreu ,Joan Perandreu,,,0,0,,,,,neighbour Valencia,
SP07SP001924,,,Perandreu,,Domenec,,Domenec  Perandreu ,Domenec Perandreu,,,0,0,,,,,neighbour Valencia,
SP07SP001925,,,Salvador,,Miquel,,Miquel  Salvador ,Miquel Salvador,,,0,0,,,,,neighbour Valencia,
SP07SP001926,,,Soler,,Tomás,,Tomás  Soler ,Tomás Soler,,,0,0,,,,,neighbour Valencia,
SP07SP001927,,,Navarro,,Guillen,,Guillen  Navarro ,Guillen Navarro,,,0,0,,,,,neighbour Valencia,
SP07SP001928,,,Sanç,,Gaspar,,Gaspar  Sanç ,Gaspar Sanç,,,0,0,,,,,neighbour Valencia,
SP07SP001929,,,Setién,,Joan,,Joan  Setién ,Joan de Setién,,,0,0,,,,,neighbour Valencia,
SP07SP001931,,,Ralfas,,Berenguer,,Berenguer  Ralfas ,Berenguer de Ralfas,,,0,0,,,,,neighbour Valencia,
SP07SP001933,,,Perpinian,,Gabriel,,Gabriel  Perpinian ,Gabriel Perpinya,,,0,0,,,,,estante Seville,
SP07SP001934,,,Mas,,Pere,,Pere  Mas ,Pere Mas,,,0,0,,,,,neighbour Valencia,
SP07SP001936,,,Parets,,Amador,,Amador  Parets ,Amador Parets,,,0,0,,,,,neighbour Valencia,
SP07SP001939,,,Miquel,,Joan,,Joan  Miquel ,Joan Miquel,,,0,0,,,,,neighbour Valencia,
SP07SP001940,,,Allepús,,Francesc,,Francesc  Allepús ,Joan Miquel,,,0,0,,,,,neighbour Valencia,
SP07SP001942,,,Torres,,Iñigo,,Iñigo  Torres ,Iñigo de Torres,,,0,0,,,,,neighbour Valencia,
SP07SP001945,,,Racional,,maritime pilots,,maritime pilots  Racional ,Maestre Racional,,,0,0,,,,,"Valencia,  encargado de fiscalizar las cuentas que le presentaba el batle general y remitirlas al rey. Ambos, junto con otros oficiales reales, formaban la Junta Patrimonial. ",
SP07SP001946,,,Volun,,Andiia,,Andiia  Volun ,Andiia Volun,,,0,0,,,,,"Valencia, buys a slave from the florentines",
SP07SP001947,,,Doménech,,Andrés,,Andrés  Doménech ,Andrés Doménech,,,0,0,,,,,"Explorer, trades slave with the florentines, brings slaves from brasil",
SP07SP001948,,,Morell,,Lui,,Lui  Morell ,Luis Morell,,merchants,0,0,,,,,"Valencia, trades slave with the florentines",
SP07SP001949,,,Ramón,,Guillen,,Guillen  Ramón ,Guillem Ramón,,brokers,0,0,,,,,"Valencia, trades slave from granada to Genoese, corredor de orella",
SP07SP001950,,,,,Catalina,,Catalina   ,Catalina,,,0,0,,,,,"Noble women from the Kings court, owner of a slave named isabel from granada sold to Calvo",
SP07SP001951,,,Aliaga,,Antonio,,Antonio  Aliaga ,Antonio Aliaga,,merchants,0,0,,,,,merchant ineighbour Venecia,
SP07SP001952,,,Ros,,Juan,,Juan  Ros ,Juan Ros,,,0,0,,,,,neighbour Venecia,
SP07SP001953,,,Requena,,Espejo,,Espejo  Requena ,Espejo de Requena,,merchants,0,0,,,,, trades in black slaves,
SP07SP001955,,,Magaluf,,Cristóbal,,Cristóbal  Magaluf ,Cristóbal Magaluf,,merchants,0,0,,,,,proctor of Polo gentile,
SP08SP000001,,,Texada,,Bernadino,,Bernadino  Texada ,Bernardino de Texada,,,0,0,,,,,"neighbour Toledo, brother of Serrano de Tejada, maybe related to alonso de tejada",
SP08SP000123,,,Fuente,,Diego,,Diego  Fuente ,Diego de la Fuente,,,0,0,,,,,"Neighbour of Toledo, appear owing silk to the centurione in 1508",
SP08SP000124,,,Fuente,,Juan,,Juan  Fuente ,Juan de la Fuente,,,0,0,,,,,"Neighbour of Toledo, appear owing silk to the centurione in 1508",
SP08SP000126,,,Gutiérrez,Madrid,Alonso,,Alonso  Gutiérrez Madrid,Alonso Gutiérrez de Madrid,,,0,0,,,,,Regidor and neighbour of Toledo,
SP08SP000128,,,Torrejón,,Pedro,,Pedro  Torrejón ,Pedro de Torrejón,,,0,0,,,,,arrendador ineighbour Toledo,
SP08SP000136,,,Castro,,Alonso,,Alonso  Castro ,Alonso de Castro,,clergy,0,0,,,,,"Neighbour of Toledo,",
SP08SP000233,,,Ortiz,,Fernando,,Fernando  Ortiz ,Fernando Ortiz,,,0,0,,,,,neighbour of toledo,
SP08SP000275,,,Ribas,,Bernaldo,,Bernaldo  Ribas ,Bernaldo de Ribas,,drapers,0,0,,,,,"trapero estante en la corete de los reyes, owes money to the Doria, and its collected by the centuriones branch ineighbour Toledo",
SP08SP000339,,,Ortiz,,Juan,,Juan  Ortiz ,Juan Ortiz,,merchants,0,0,,,,,vecino de toledo,
SP08SP000340,,,San Pedro,,Juan,,Juan  San Pedro ,Juan de San Pedro,,merchants,0,0,,,,,vecino de toledo,
SP08SP000416,,,Montalbán,,Alonso,,Alonso  Montalbán ,Alonso de Montalbán,,merchants,0,0,,,,,"borther in law of Rodrigo Vázquez, neighbour of Toledo",
SP08SP000532,,,Setién,,Pedro,,Pedro  Setién ,Pedro de Setién,,,0,0,,,,,tesorero general de dicha Indulgencia,
SP08SP000533,,,Adeje,,Francisco,,Francisco  Adeje ,Francisco de Adeje,,soldiers,0,0,,,,,received land in Gran Canary as part of their participation in the conquest,
SP08SP000582,,,Ortega,,Juan,,Juan  Ortega ,don Juan de Ortega,,,0,0,,,,,provisor de Villafranca y diputado general de la Hermandad,
SP08SP000862,,,Fuente,,Alfonso,,Alfonso  Fuente ,Alfonso de la Fuente,,,0,0,,,,,neighbour Toledo,
SP08SP001159,,,Oviedo,,Diego,,Diego  Oviedo ,Diego de Oviedo,,,0,0,,,,,neighbour Toledo arrendador y recaudador mayor de la s alcabalas del partido de los señorios de la ciudad de sevilla,
SP08SP001348,,,Fernández,Toledo,Alvaro,,Alvaro  Fernández Toledo,Alvaro Ferández de Toledo,,merchants,0,0,,,,,neighbour Toledo,
SP08SP001543,,,Vazques,,Fernando,,Fernando  Vazques ,Fernando Vazques,,,0,0,,,,,"slave trader from sao tome to santo domingo, regidor of toledo",
SP08SP001986,,SP08SP001987,Vazquez,Lodeña,Mateo,,Mateo  Vazquez Lodeña,Mateo Vazquez de Lodeña,08SP,Slaver,0,0,,,,,partner with vivaldi and fornari in the trade of 600 slaves from Guinea,
SP08SP001987,,,Vazquez,Lodeña,Fernando,,Fernando  Vazquez Lodeña,Fernando Vazquez de Lodeña,08SP,,0,0,,,,,regidor de toledo,
SP08SP002087,,,Mesa,,Fernando,,Fernando  Mesa ,Fernando de Mesa,,,0,0,,,,,"neighbour Buenaventura, province of Toledo",
SP105SP000684,,,Mena,,Juan,,Juan  Mena ,Juan de Mena,,merchants,0,0,,,,,,
SP105SP000685,,,Frexenal,,Hernando,,Hernando  Frexenal ,Hernando de Frexenal,,merchants,0,0,,,,,,
SP107SP000889,,,Alfon,,Miguel,,Miguel  Alfon ,Miguel Alfon,,captains,0,0,,,,,neighbour Palos de la Frontera,
SP107SP001377,,,Farias,,Alonso,,Alonso  Farias ,Alonso de Farias,,,0,0,,,,,neighbour san juan del puerto,
SP107SP002053,,,López,,Juan,,Juan  López ,Juan López,,navigators,0,0,,,,,neighbour Moguer. pilot of the nao santa maria de la luz,
SP10SP000146,,,Mateos,,Pablo,,Pablo  Mateos ,Pablo Mateos,,,0,0,,,,,neighbour of fuerteventura,
SP110SP000863,,,Núñez,,Alfon,,Alfon  Núñez ,Alfon Núñez,,shoemakers,0,0,,,,,neighbour ubeda,
SP115SP001091,,,Mexia,,Juan,,Juan  Mexia ,Juan Mexía,,,0,0,,,,,neighbour Guadix,
SP115SP001092,,,Arana,,García,,García  Arana ,García de Arana,,,0,0,,,,,neighbour Guadix,
SP115SP001093,,,Avila,,Fernando,,Fernando  Avila ,Fernando de Avila,,,0,0,,,,,neighbour Guadix,
SP115SP001094,,,Isla,,Fernando,,Fernando  Isla ,Fernando de Isla,,,0,0,,,,,neighbour Guadix,
SP115SP001095,,,Quesada,,Pedro,,Pedro  Quesada ,Pedro de Quesada,,,0,0,,,,,neighbour Guadix,
SP115SP001096,,,Molina,,Lope,,Lope  Molina ,Lope de Molina,,,0,0,,,,,neighbour Guadix,
SP11SP000000,,,nn,,nn,,nn  nn ,nn,,un-named official,0,0,,,,,un-named official,
SP11SP000011,,SP11SP000184,Vera,,Pedro,,Pedro  Vera ,Pedro de Vera,,,0,0,Catalina,Zorita,,SP01SP000010,"soneighbour Martín Vera, neighbour of Canary island and parner with Rivarolo",
SP11SP000075,,,Sánchez,Palenzuela,Lope,,Lope  Sánchez Palenzuela,Lope Sánchez de Palenzuela,,,0,0,,,,,Gobernor of Gran Canary Island,
SP11SP000184,,,Vera,,Martín,,Martín  Vera ,Martín de Vera,,,0,0,,,,,neighbour of Canary island and parner with Rivarolo,
SP11SP000192,,,Robleda,,Alfonso,,Alfonso  Robleda ,Alfonso de Robleda,,,0,0,,,,,neighbour of gran canaria,
SP11SP000193,,,Lugo,,Francisco,,Francisco  Lugo ,Francisco de Lugo,,,0,0,,,,,"found in gran canry, in business with rivarolo",
SP11SP000194,,,Lugo,,Juan,,Juan  Lugo ,Juan de Lugo,,servants,0,0,,,,,Servant of Francisco de Rivarolo,
SP11SP000195,,,Sánchez,Espinosa,Diego,,Diego  Sánchez Espinosa,Diego Sánchez de Espinosa,,coopers,0,0,,,,,n seville c. santa maria,
SP11SP000409,,,González,Verde,Ruy,,Ruy  González Verde,Ruy González Verde,,,0,0,,,,,"neighbour of gran canaria, the rivarolos are his factor in granada",
SP11SP000462,,,Bivas,,Cristóbal,,Cristóbal  Bivas ,Cristóbal Bivas,,,0,0,,,,,regidor de gran canaria,
SP11SP000469,,,Herrera,,Diego,,Diego  Herrera ,Diego de Herrera,,merchants,0,0,,,,,"estante ineighbour Gran Canaria, in 1504 bought a pice of land in azorez",
SP11SP000487,,,Franco,,Marcos,,Marcos  Franco ,Marcos Franco,,merchants,0,0,,,,,Estante in castile,
SP11SP000488,,,Jiménez,,Luis,,Luis  Jiménez ,Luis jimenez,,,0,0,,,,,,
SP11SP000540,,,Cabrera,,Diego,,Diego  Cabrera ,Diego de Cabrera,,,0,0,,,,,regidor,
SP11SP000541,,,Robles,,Juan,,Juan  Robles ,Juan de Robles,,agents,0,0,,,,,factor in the canaries of Sopranis,
SP11SP000542,,,Boniel,,Francisco,,Francisco  Boniel ,Francisco Boniel,,,0,0,,,,,ows sugar to sopranis,
SP11SP000543,,,Escalona,,Pedro,,Pedro  Escalona ,Pedro de Escalona,,,0,0,,,,,ows sugar to sopranis,
SP11SP000552,,,blacksmiths,,Lope,,Lope  blacksmiths ,Lope Herrero,,,0,0,,,,,"neighbour, killed his wife after discovering her adultery sugar cultivator",
SP11SP000554,,,Bemavete,,Pedro,,Pedro  Bemavete ,Pedro de Benavente,00SP,,0,0,,,,,"Catalan, received from lugo land",
SP11SP000556,,,Sosa,,Lope,,Lope  Sosa ,Lope de Sosa,,,0,0,,,,,governor of gran canaria in 1509,
SP11SP000559,,,Ornas,,Pedro,,Pedro  Ornas ,Pedro de Ornas,,,0,0,,,,,,
SP11SP000570,,,Enríquez,,teresa,,teresa  Enríquez ,Teresa Enríquez,,,0,0,Gutierre,Cardenaz,,,"wife of the late comendador mayor de leon, and owner of the rights to exploit orchilla in the canaries",
SP11SP000572,,,Galíndez,Carvajal,Lorenzo,,Lorenzo  Galíndez Carvajal,Lorenzo Galíndez de Carvajal,,lawyers,0,0,,,,,sells poperty to the rivarolo with higher cost that the allowed by the law,
SP11SP000573,,SP11SP000184,Vera,,Diego,,Diego  Vera ,Diego de Vera,,,0,0,,,,,"murderor of Bartolomeo de sopranis de rivarolo, soneighbour the governor pedro de vera",
SP11SP000574,,,Velázquez,,Alonso,,Alonso  Velázquez ,Alonso Velázquez,,,0,0,,,,,procurado de causas,
SP11SP000576,,,Torres,,Antonio,,Antonio  Torres ,Antonio de Torres,,,0,0,,,,,governor of gran canaria in 1502,
SP11SP000577,,,Mayor,,Juan,,Juan  Mayor ,Juan Mayor,,,0,0,,,,,alguacil mayor de sevilla,
SP11SP000578,,,Aday,,Pedro,,Pedro  Aday ,Pedro Aday,,,0,0,,,,,,
SP11SP000579,,,Cabrera,,Francisco,,Francisco  Cabrera ,Francisco Cabrera,,,0,0,,,,,receptor de las islas canarias,
SP11SP000580,,,Muxica,,Miguel,,Miguel  Muxica ,Miguel Muxica,,,0,0,,,,,receptor de las islas canarias,
SP11SP000581,,,Nuez,,Pedro,,Pedro  Nuez ,Pedro de la Nuez,,agents,0,0,,,,,factor of fr in canary said to be genoese,
SP11SP000585,,,Zarate,,,,  Zarate ,Licenciado Zarate,,lawyers,0,0,,,,,licenciado reformador en canaria gets charged with corruption,
SP11SP000586,,,Sánchez,,Pedro,,Pedro  Sánchez ,Pedro Sánchez,,,0,0,,,,,"neighbour of great canary, places the lawsuit against pedro de vera for double marriage",
SP11SP000587,,,Guerra,,Catalina,,Catalina  Guerra ,Catalina Guerra,,,0,0,,,,,,
SP11SP000588,,,Armas,,Luis,,Luis  Armas ,Luis de Armas,,,0,0,,,,,,
SP11SP000589,,,Betancour,,Diego,,Diego  Betancour ,Diego de Betancor,,soldiers,0,0,,,,,former soldier in Italy asks and kinda independent vigilant,
SP11SP000590,,,Aguilar,,Jerónimo,,Jerónimo  Aguilar ,Jerónimo de Aguilar,,lawyers,0,0,,,,,bachiller alcalde de la justicia de la citada ciudad,
SP11SP000686,,,Valcácel,,Cristóbal,,Cristóbal  Valcácel ,Cristóbal de Valcárcel,,,0,0,Isabel,Fernández,Lugo,SP15SP001849,Regidor,
SP11SP000687,,,Gutiérrez,,Hernán,,Hernán  Gutiérrez ,Hemán Gutiérrez,,,0,0,,,,,,
SP11SP000688,,,Pérez,,Gonzalo,,Gonzalo  Pérez ,Gonzalo Pérez,,shoemakers,0,0,,,,,,
SP11SP000689,,,Calzadilla,,Juan,,Juan  Calzadilla ,Juan Martín de Calzadilla,,,0,0,,,,,,
SP11SP000690,,,Castellano,,Alonso,,Alonso  Castellano ,Alonso Castellano,,weavers,0,0,,,,,espartero ,
SP11SP000691,,,Díaz,,Cristóbal,,Cristóbal  Díaz ,Cristóbal Díaz,,locksmiths,0,0,,,,,,
SP11SP000692,,,González,,Pedro,,Pedro  González ,Pedro González,,sawyers,0,0,,,,,,
SP11SP000693,,,Betancor,,Juan,,Juan  Betancor ,Juan de Betancor,,,0,0,,,,,,
SP11SP000694,,,Placer,,Francisco,,Francisco  Placer ,Francisco de Placer,,,0,0,,,,,,
SP11SP000695,,,Malina,,Antón,,Antón  Malina ,Antón de Malina,,shoemakers,0,0,,,,,,
SP11SP000696,,,León,,Diego,,Diego  León ,Diego de Leon,,maritime pilots,0,0,,,,,,
SP11SP000868,,,Salazar,,Juan,,Juan  Salazar ,Juan de Salazar,,,0,0,,,,,n. gran canaria,
SP11SP001065,,,Barneto,,Antonio,,Antonio  Barneto ,Antonio Barneto,,,0,0,,,,,probably trader of wheat and yeast to the canaries no idea actual origin,
SP11SP001066,,,Runasche,,Batista,,Batista  Runasche ,Batista Runasche,,,0,0,,,,,probably trader of wheat and yeast to the canaries no idea actual origin,
SP11SP001067,,SP01SP000712,Rodríguez,,Juan,,Juan  Rodríguez ,Juan Rodríguez,,drapers,0,0,,,,,neighbour seville collacionsanta maria,
SP11SP001068,,,Barrera,,Pedro,,Pedro  Barrera ,Pedro Barrera,07Sp,merchants,0,0,,,,,estante Gran Canaria,
SP11SP001081,,,Utrera,,Juan,,Juan  Utrera ,Juan de Utrera,,,0,0,,,,,neighbour Gran Canaria,
SP11SP001355,,,López,,Vasco,,Vasco  López ,Vasco López,,,0,0,,,,,partner with doria clavo and grimaldo,
SP11SP001390,,,Tenorio,,Juan,,Juan  Tenorio ,Juan Tenorio,,scribes,0,0,,,,,neighbour Gran Canaria,
SP11SP001428,,,Bilbao,,Diego,,Diego  Bilbao ,Diego de Bilbao,,merchants,0,0,,,,,neighbour Gran Canaria,
SP11SP001681,,,Paez,,Bartolomé,,Bartolomé  Paez ,Bartolomé Paez,,merchants,0,0,,,,,estante Gran Canaria partner with guiraldo de chavega,
SP11SP001814,,,Márquez,,Miguel,,Miguel  Márquez ,Miguel Márquez,,,0,0,,,,,neighbour los Realejos,
SP11SP001815,,,Verde,,Melchor,,Melchor  Verde ,Melchor Verde,,,0,0,,,,,neighbour los Realejos,
SP11SP001816,,,Romero,,Francisco,,Francisco  Romero ,Francisco Romero,,,0,0,,,,,neighbour los Realejos,
SP124SP001773,,,Baço,,Alfonso,,Alfonso  Baço ,Alfonso Baço,124SP,merchants,0,0,,,,,neighbour seville collacionsan isidro. Navarres,
SP125SP001840,,,Aguirre,,Martin,,Martin  Aguirre ,Martin Aguirre,125SP,maritime pilots,0,0,,,,,"neighbour Azcoitia, maestre nao san juan",
SP125SP002016,,,Salde,,Orduño,,Orduño  Salde ,Orduño de la Salde,125SP,maritime pilots,0,0,,,,,"neighbour Azcoitia, maestre nao Santa Maria",
SP129SP001943,,,,,,,   ,Council of neighbours,,council,0,0,,,,,"council, Salvatierra",
SP12PG000112,,,Váez,,Hernán,,Hernán  Váez ,Hernán Váez,,maritime pilots,0,0,,,,,"Maestre de nao, vecino de Tavira",
SP133SP002025,,,Ortiz,,Martin,,Martin  Ortiz ,Martin Ortiz,,merchants,0,1522,,,,,neighbour villa de Hernani,
SP134SP000001,,,Fernández,Acaves,Alonso,,Alonso  Fernández Acaves,Alonso Fernández de Acaves,,silversmiths,0,1512,Ana,Nava,,,neighbour Talara,
SP134SP000002,,SP134SP000001,Nava,,Diego,,Diego  Nava ,Diego de Nava,,silversmiths,0,0,Ana,Fernández,Madrigal,,"neighbour seville collacionSanta Maria, travels to America in 1512.",
SP134SP000003,,SP134SP000001,Nava,,Pedro,,Pedro  Nava ,Pedro de Nava,,silversmiths,0,0,,,,,neighbour Talara,
SP134SP000004,,SP134SP000002,Nava,,Alonso,,Alonso  Nava ,Alonso de Nava,,,0,0,,,,,"kid. estante Talara, soneighbour Mary de Gutiérrez",
SP136SP000001,,,Martínez,Jáurangui,Martín,,Martín  Martínez Jáurangui,Martín Martínez de Jáurangui,136SP,merchants,0,0,,,,,"Vizcaino, n villa de Bergara",
SP137SP000001,,,Saavedra,,Gutierre,,Gutierre  Saavedra ,Gutierre de Saavedra,,,0,1534,Tereza,Saldaña,,SP137SP000002,neighbour Alncantara,
SP137SP000002,,,Saldaña,,Tereza,,Tereza  Saldaña ,Tereza de Saldaña,,,0,0,Gutierre,Saavedra,,SP137SP000001,neighbour Alncantara,
SP137SP000003,,SP137SP000001,Saavedra,,Lucas,,Lucas  Saavedra ,Lucas de Saavedra,,,0,1534,,,,,neighbour san juan,
SP138SP000001,,,Martín,,Pedro,,Pedro  Martín ,Pedro Martín,,maritime pilots,0,0,,,,,"neighbour Moguer, maestre in 1534 of the ship santa maria de ayuda",
SP139SP000001,,,Gonzalez,,Orencia,,Orencia  Gonzalez ,Orencia Gonzalez,,,0,0,,,,,neighbour Medina del Pumar,
SP13SP000153,,,Herrera,,Inés,,Inés  Herrera ,doña Inés de Herrera,,,0,0,,,,,"owns farms in la gomera and hierro where Francisco Rivarolo extracts Orchilla, also known as ines peraza",
SP13SP000154,,,Peraza,,Guillén,,Guillén  Peraza ,Guillén de Peraza,,,0,0,,,,,receives money from her brother Fernando de Peraza for the commerce of Orchilla,
SP14SP000001,,SP01SP001588,Ocampo,,Gonzalo,,Gonzalo  Ocampo ,Gonzalo de Ocampo,,,0,0,,,,,"neighbour Gomera, soneighbour the discover of cuba, with land in the valley of great king",
SP14SP000002,,,Ocampo,,Alonso,,Alonso  Ocampo ,Alonso de Ocampo,,public officers,0,0,,,,,"neighbour Gomera, with land in the valley of great king",
SP14SP000460,,,Peraza,,Fernando,,Fernando  Peraza ,Fernando Peraza,,,0,0,,,,,"he was a famous conquistador of the Canaries, i am not sure if the mention (1511) is of the same individual or a relative",
SP14SP001590,,,Palma,,Alonso,,Alonso  Palma ,Alosno de Palma,,drapers,0,0,,,,,"neighbour gomera, sends balck slaves to america to be sold, in 1519 neighbour of seville c san salvador",
SP15SP000113,,,Páez,,Bartolomé,,Bartolomé  Páez ,Bartolomé de Páez,,merchants,0,0,,,,,factor of francisco rivarolo,
SP15SP000466,,,García,,Pero,,Pero  García ,Pero García,,,0,0,,,,,business with negron,
SP15SP000467,,,Vergara,,Juan,,Juan  Vergara ,Juan Vergara,,,0,0,,,,,business with negron,
SP15SP000468,,,Niebla,,Alonso,,Alonso  Niebla ,Alonso de Niebla,,servants,0,0,,,,,mayordomo de la asienda azucarera de NEgron,
SP15SP000471,,,Espinal,,Hernán,,Hernán  Espinal ,Hemán Martín de Espinal,,,0,0,,,,,,
SP15SP000472,,,Pinto,,Antón,,Antón  Pinto ,Antón Pinto,,,0,0,,,,,,
SP15SP000482,,,Suárez,,Andrés,,Andrés  Suárez ,Andrés Suárez,,,0,0,,,,,el mozo,
SP15SP000483,,,Ramírez,,Gonzalo,,Gonzalo  Ramírez ,Gonzalo Ramírez,,,0,0,,,,,clacetero,
SP15SP000484,,,Becal,,Batista,,Batista  Becal ,Batista Becal,,hosiers,0,0,,,,,clacetero,
SP15SP000485,,,Pérez,,Alonso,,Alonso  Pérez ,Alonso Pérez,,,0,0,,,,,chapinero brother of Rodrigo Álvarez,
SP15SP000486,,,álvarez,,Rodrigo,,Rodrigo  álvarez ,Rodrigo Álvarez,,,0,0,,,,,brother of Alonso Pérez,
SP15SP000489,,,Castillo,,Francisca,,Francisca  Castillo ,Francisca del Castillo,,,0,0,Gonzalo,Castillo,,,,
SP15SP000490,,,Vergara,,Juan,,Juan  Vergara ,Juan de Vergara,,,0,0,,,,,,
SP15SP000491,,,Báez,,Jordán,,Jordán  Báez ,Jordán Báez,,,0,0,,,,,,
SP15SP000492,,,Báez,,Esteban,,Esteban  Báez ,Esteban Báez,,,0,0,,,,,,
SP15SP000493,,,González,,Lanzarote,,Lanzarote  González ,Lanzarote González,,carpenters,0,0,,,,,,
SP15SP000496,,,Martin,Despinal,Diego,,Diego  Martin Despinal,Diego Martín Despinal,,,0,0,,,,,,
SP15SP000497,,,Darce,,Diego,,Diego  Darce ,Diego Darce,,,0,0,,,,,neighbour Arce,
SP15SP000498,,,Gutiérrez,,Lucas,,Lucas  Gutiérrez ,Lucas Gutiérrez,,,0,0,,,,,Estante in castile,
SP15SP000500,,,Villar,,Juan,,Juan  Villar ,Juan del Villar,,,0,0,,,,,,
SP15SP000504,,,Herrera,,Pero,,Pero  Herrera ,Pero de Herrera,,merchants,0,0,,,,,,
SP15SP000506,,,Domínguez,,Juan,,Juan  Domínguez ,Juan Domínguez,,,0,0,,,,,"Neighbour Orotava,",
SP15SP000507,,,Fernández,,Batistian,,Batistian  Fernández ,Bastián Fernández,,,0,0,,,,,,
SP15SP000508,,,Fernández,,Jerónimo,,Jerónimo  Fernández ,Jerónimo Fernández,,,0,0,,,,,,
SP15SP000509,,,Berriel,,Juan,,Juan  Berriel ,Juan Berriel,,,0,0,,,,,,
SP15SP000510,,,Navarrete,,Francisco,,Francisco  Navarrete ,Francisco Navarrete,,,0,0,,,,,,
SP15SP000511,,,Portillo,,Lope,,Lope  Portillo ,Lope de Portillo,,merchants,0,0,,,,,Estante in castile,
SP15SP000512,,,Vargas,,Diego,,Diego  Vargas ,Diego de Vargas,,agents,0,0,,,,,"neighbour, procurador for francisco and cosme rivarolo, and francisco pomar, also wheat growe for Rafael Espinola",
SP15SP000513,,,Ortega,,Juan,,Juan  Ortega ,Juan de Ortega,,,0,0,,,,,,
SP15SP000523,,,Rodríguez,,Bartolomé,,Bartolomé  Rodríguez ,Bartolomé Rodríguez,,shoemakers,0,0,,,,,"Neighbour Orotava,",
SP15SP000524,,,Dayuse,,Agustin,,Agustin  Dayuse ,Agustín Dayuse,,merchants,0,0,,,,,Estante in castile,
SP15SP000525,,,Lugo,,Hernando,,Hernando  Lugo ,Hernando de Lugo,,,0,0,,,,,,
SP15SP000553,,,Osorio,,Juan,,Juan  Osorio ,Juan Osorio,,bakers,0,0,,,,,"repostero de la plata, received from lugo land with anual revenue of 200.000mrs",
SP15SP000583,,,Romano,,Juan,,Juan  Romano ,Juan Romano,,,0,0,,,,,,
SP15SP000597,,,Yanes,,Gonzalo,,Gonzalo  Yanes ,Gonzalo Yanes,,farmers,0,0,,,,,vecino de tenerife,
SP15SP000598,,,Godón,,Tomasin,,Tomasin  Godón ,Tomasin Gordon,,merchants,0,0,,,,,sugar trader,
SP15SP000601,,,Benites,,Bartolomé,,Bartolomé  Benites ,Bartolomé Benites,,,0,0,,,,,neighbour of tenerife,
SP15SP000603,,,Fuente,,Rodrigo,,Rodrigo  Fuente ,Rodrigo de la Fuente,,,0,0,,,,,,
SP15SP000604,,,Herrera,,Juan,,Juan  Herrera ,Juan de Herrera,,,0,0,,,,,almojarife of gran canaria,
SP15SP000605,,,Herrera,,Álvaro,,Álvaro  Herrera ,Álvaro de Herrera,,,0,0,,,,,almojarife of gran canaria,
SP15SP000606,,,Jaén,,Alonso,,Alonso  Jaén ,Alonso de Jaén,,,0,0,,,,,,
SP15SP000607,,,Joven,,Juan,,Juan  Joven ,Juan Joven,,,0,0,,,,,,
SP15SP000608,,,Yanes,,Rodrigo,,Rodrigo  Yanes ,Rodrigo Yanes,,maestro de azucar,0,0,,,,,maestro de azucar in the plantationeighbour Tomas Giustinnini,
SP15SP000624,,,Paéz,,Bartolomé,,Bartolomé  Paéz ,Bartolomé Paéz,,,0,0,,,,,neighbour of gran canaria,
SP15SP000625,,,Machado,,Pedro,,Pedro  Machado ,Pero Machado,,,0,0,,,,,,
SP15SP000626,,,Baños,,Toribio,,Toribio  Baños ,Toribio de Baños,,,0,0,,,,,,
SP15SP000628,,,Herrera,,Alonso,,Alonso  Herrera ,Alonso de Herrera,,merchants,0,1506,,,,,partner with almonte,
SP15SP000629,,,Gibraleón,,Alonso,,Alonso  Gibraleón ,Alonso Manuel Gibraleón,,merchants,0,0,,,,,partner with almonte,
SP15SP000632,,,Jiménez,,Francisco,,Francisco  Jiménez ,Francisco Jiménez,,haberdashers,0,0,,,,,sombrerero neighbour seville collacionsan isidro,
SP15SP000633,,,Núñez,,Juan,,Juan  Núñez ,Juan Núñez,,,0,0,,,,,collects debt of sugar in canary for leardo,
SP15SP000634,,,Isasaga,,Pedro,,Pedro  Isasaga ,Pedro Isasaga,,public officers,0,0,,,,,judge of the casa de contratacion.,
SP15SP000635,,,Saya,,Diego,,Diego  Saya ,Diego de Saya,,,0,0,,,,,,
SP15SP000636,,,yanes,,Fernando,,Fernando  yanes ,Fernando Yanes,,maritime pilots,0,0,,,,,maestre nao santo espirtu,
SP15SP000637,,,Rodríguez,,álvaro,,álvaro  Rodríguez ,Alvaro Rodrígue,,maestro de azucar,0,0,,,,,maestro de azucar in the plantationeighbour Tomas Giustinnini,
SP15SP000638,,,Pérez,Marchena,Miguel,,Miguel  Pérez Marchena,Miguel Pérez de Marchena,,,0,0,,,,,,
SP15SP000639,,,Alfonso,,Domingo,,Domingo  Alfonso ,Domingo Afonso,,coopers,0,0,,,,,,
SP15SP000640,,,López,,Juan,,Juan  López ,Juan López,,locksmiths,0,0,,,,,locksmiths,
SP15SP000641,,,Fernández,,Diego,,Diego  Fernández ,Diego Fernández,,unskilled workers,0,0,,,,,works as peguero and builder,
SP15SP000642,,,Suárez,,Fernán,,Fernán  Suárez ,Fernán Suárez,,,0,0,,,,,,
SP15SP000643,,,Paéz,,García,,García  Paéz ,García Páez,,,0,0,,,,,,
SP15SP000644,,,Méndez,,Juan,,Juan  Méndez ,Juan Méndez,,,0,0,,,,,,
SP15SP000645,,,Castillo,,Gonzalo,,Gonzalo  Castillo ,Gonzalo del Castillo,,merchants,0,0,Francisca,Castillo,,SP15SP000489,orchilla,
SP15SP000646,,,Yanes,,Álvaro,,Álvaro  Yanes ,álvaro Yanes,,,0,0,,,,,,
SP15SP000647,,,Yanes,,Juan,,Juan  Yanes ,Juan Yanes,,clergy,0,0,,,,,,
SP15SP000648,,,López,,Álvaro,,Álvaro  López ,álvaro López,,unskilled workers,0,0,,,,,,
SP15SP000649,,,Aranda,,Diego,,Diego  Aranda ,Diego de Aranda,,cowboy,0,0,,,,,,
SP15SP000650,,,Estéves,,Pero,,Pero  Estéves ,Pero Estéves,,,0,0,,,,,,
SP15SP000651,,,Tabordo,,Gregorio,,Gregorio  Tabordo ,Gregorio Tabordo,,,0,0,,,,,,
SP15SP000652,,,Torres,,Fernando,,Fernando  Torres ,Fernando Torres,,,0,0,,,,,,
SP15SP000653,,,Guanche,,Alonso,,Alonso  Guanche ,Alonso,,,0,0,,,,,neighbour and guanche,
SP15SP000654,,,Bordón,,Juan,,Juan  Bordón ,Juan Bordón,,,0,0,,,,,,
SP15SP000679,,,,,Juan,,Juan   ,Juan Pancho,,merchants,0,0,,,,,neighbour of tenerife,
SP15SP000680,,,Rodríguez,Malpaís,Martín,,Martín  Rodríguez Malpaís,Martín Rodríguez del Malpaís,,,0,0,,,,,,
SP15SP000716,,,Ruiz,,Antón,,Antón  Ruiz ,Antón Ruiz,,merchants,0,0,,,,,neighbour of san cristobal de gran canaria,
SP15SP000717,,,Ascanio,,Juan,,Juan  Ascanio ,Juan de Ascanio,,,0,0,,,,,,
SP15SP000718,,,Andrada,,Diego,,Diego  Andrada ,Diego de Andrada,,scribes,0,0,,,,,escribano de su majestad,
SP15SP000719,,,Guirardín,,Juan,,Juan  Guirardín ,Juan Alberto Guirardín,,,0,0,,,,,neighbour of tenerife trades sugar and fish with gen.,
SP15SP000720,,,González,,Juan,,Juan  González ,Juan González,,,0,0,,,,,,
SP15SP000721,,,Ribera,,Beatriz,,Beatriz  Ribera ,Beatriz de Ribera,,,0,0,Alonso,Cabrera,,,wife of alonso de cabrera and debtor to Jacome cassana,
SP15SP000722,,,Pérez,,Catalina,,Catalina  Pérez ,Catalina Pérez,,,0,0,,,,,neighbout,
SP15SP000723,,,Santa Fe,,Jaime,,Jaime  Santa Fe ,Jaime de Santa Fe,,,0,0,,,,,procurador de causas vecino de tenerife,
SP15SP000724,,,Ochoa,Olazábal,Juan,,Juan  Ochoa Olazábal,Juan de Ochoa de Olazábal,,,0,0,,,,,,
SP15SP000725,,,Burgos,,Luis,,Luis  Burgos ,Luis de Burgos,,merchants,0,0,,,,,Estante in castile,
SP15SP000726,,,Merando,,Sancho,,Sancho  Merando ,Sancho Merando,106SP,merchants,0,0,,,,,Estante in castile,
SP15SP000727,,,Álvarez,,Nuño,,Nuño  Álvarez ,Nuño Alvarez,,farmers,0,0,,,,,used to work in perpetuity to Rafael Spinola,
SP15SP000728,,,Luis,,Regel,,Regel  Luis ,Regel Luis,,farmers,0,0,,,,,factor of rafael spinola and farmer of his land,
SP15SP000729,,,Zapata,,Juan,,Juan  Zapata ,Juan Zapata,,,0,0,,,,,,
SP15SP000730,,,,,Cristóbal,,Cristóbal   ,Cristóbal,,farmers,0,0,,,,,takes party in the caretaking of the lands of Rafael Spinola,
SP15SP000731,,,Fernández,,Pero,,Pero  Fernández ,Pero Fernández,,,0,0,,,,,Regidor de Tenerife,
SP15SP000732,,,Carmona,,Diego,,Diego  Carmona ,Diego de Carmona,,armorers,0,0,Leonor,Carmona,,,,
SP15SP000733,,,Carmona,,Juan,,Juan  Carmona ,Juan de Carmona,,,0,0,,,,,,
SP15SP000734,,,Calzadilla,,Bartolomé,,Bartolomé  Calzadilla ,Bartolomé Calzadilla,,,0,0,,,,,,
SP15SP000735,,,Fernández,,Gaspar,,Gaspar  Fernández ,Gaspar Fernández,,,0,0,,,,,,
SP15SP000736,,,fernández,Montañes,Diego,,Diego  fernández Montañes,Diego Fernández Montañés,,,0,0,,,,,,
SP15SP000737,,,Escobar,,Fernando,,Fernando  Escobar ,Fernando de Escobar,,,0,0,,,,,,
SP15SP000738,,,Fernández,,Andrea,,Andrea  Fernández ,Andrea Fernández,,sawyers,0,0,,,,,,
SP15SP000739,,,Zaldívar,,Diego,,Diego  Zaldívar ,Diego de Zaldívar,,merchants,0,0,,,,,,
SP15SP000740,,,Ascanio,,Anton,,Anton  Ascanio ,Antonio Ascandio,,,0,0,,,,,,
SP15SP000741,,,Valdés,,Jerónimo,,Jerónimo  Valdés ,Jerónimo de Valdés,,,0,0,,,,,,
SP15SP000742,,,Mendieta,,Diego,,Diego  Mendieta ,Diego Mendieta,,,0,0,,,,,,
SP15SP000743,,,Prieto,,Alonso,,Alonso  Prieto ,Alonso Prieto,,,0,0,,,,,,
SP15SP000744,,,Gallegos,,Catalina,,Catalina  Gallegos ,Catalina Gallegos,,,0,0,Mateo,Vigna,,VN0001,wife of mateo viña death in 1524,
SP15SP000745,,,Fernández,Fuente,Juan,,Juan  Fernández Fuente,Juan Fernández de la Fuente,,,0,0,,,,,rents land to Franquis,
SP15SP000746,,,Saavedra,,Hernando,,Hernando  Saavedra ,Hernando de Sayavedra,,,0,0,,,,,rents land to Franquis,
SP15SP000747,,,Lucena,,Francisco,,Francisco  Lucena ,Francisco de Lucena,,agents,0,0,,,,,procurado de causas,
SP15SP000748,,,Almonte,,Hernando,,Hernando  Almonte ,Hernando de Almonte,,,0,0,,,,,,
SP15SP000749,,,Domínguez,Barroso,Martín,,Martín  Domínguez Barroso,Martín Domínguez Barroso,,,0,0,,,,,,
SP15SP000750,,,Fonte,,Antón,,Antón  Fonte ,Antón Fonte,,,0,0,,,,,merchants,
SP15SP000751,,,Jorba,,Gaspar,,Gaspar  Jorba ,Gaspar Jorba,,,0,0,,,,,,
SP15SP000752,,,Díaz,,Antonio,,Antonio  Díaz ,Antonio Díaz,,unskilled workers,0,0,,,,,,
SP15SP000753,,,González,Santaella,Juan,,Juan  González Santaella,Juan González de Santaella,,,0,0,,,,,,
SP15SP000754,,,Ribera,,Alonso,,Alonso  Ribera ,Alonso de Ribera,,servants,0,0,,,,,servant of pedro de sopranis,
SP15SP000755,,,Gómez,Rodríguez,,,  Gómez Rodríguez,Gómez Rodríguez,,,0,0,,,,,,
SP15SP000756,,,Aguaberco,,Fernando,,Fernando  Aguaberco ,Fernando Aguaberco,,,0,0,,,,,,
SP15SP000757,,,Pérez,,Juan,,Juan  Pérez ,Juan Pérez,,shoemakers,0,0,,,,,,
SP15SP000758,,,García,,Diego,,Diego  García ,Diego García,,,0,0,,,,,,
SP15SP000759,,,López,,Esteban,,Esteban  López ,Esteban López,,unskilled workers,0,0,,,,,takes care of the pigs,
SP15SP000760,,,González,,Vicente,,Vicente  González ,Vicente González,,muleteer,0,0,,,,,muleteer,
SP15SP000761,,,Álvarez,,Francisco,,Francisco  Álvarez ,Francisco Alvarez,,unskilled workers,0,0,,,,,takes care of the pigs,
SP15SP000762,,,Giraldín,,Juan,,Juan  Giraldín ,Juan Alberto Giraldín,,,0,0,,,,,,
SP15SP000763,,,González,Mejía,Juan,,Juan  González Mejía,Juan González Mejía,,,0,0,,,,,,
SP15SP000764,,,Cabrera,,Alonso,,Alonso  Cabrera ,Alonso de Cabrera,,,0,0,Beatriz,Ribera,,SP15SP000721,,
SP15SP000765,,,Martín,,Pedro,,Pedro  Martín ,Pedro Martín,,unskilled workers,0,0,,,,,,
SP15SP000766,,,Barbadillo,,Andrés,,Andrés  Barbadillo ,andrés martín Barbadillo,,,0,0,,,,,,
SP15SP000767,,,Díaz,,Francisco,,Francisco  Díaz ,Francisco Díaz,,,0,0,,,,,"has a parral in rent from the friers of santo espiritu, soneighbour domingo diaz",
SP15SP000768,,,Pérez,Turel,Diego,,Diego  Pérez Turel,Diego Pérez Turel,,,0,0,,,,,,
SP15SP001817,,,Fernández,,Sebastián,,Sebastián  Fernández ,Sebastián Fernández,,farmers,0,0,,,,,neighbour los Realejos,
SP15SP001818,,,Hernández,Fuente,Alonso,,Alonso  Hernández Fuente,Alonso Hernández de la Fuente,,,0,0,,,,,neighbour los Realejos,
SP15SP001819,,,Castellano,,Guillén,,Guillén  Castellano ,Guillén Castellano,,,0,0,,,,,neighbour and regidor los Realejos,
SP15SP001820,,,Hijas,,Alonso,,Alonso  Hijas ,Alonso de las Hijas,,,0,0,,,,,neighbour and regidor los Realejos,
SP15SP001821,,,Treviño,,Juan,,Juan  Treviño ,Juan de Treviño,,,0,0,,,,,neighbour Oroatrava,
SP15SP001822,,,Bernal,,Frutos,,Frutos  Bernal ,Frutos Bernal,,,0,0,,,,,neighbour los Realejos,
SP15SP001823,,,Rodríguez,,Juan,,Juan  Rodríguez ,Juan Rodríguez,,,0,0,,,,,"neighbour puerto de santa cruz, cherife of the port",
SP15SP001824,,,Álvarez,,Diego,,Diego  Álvarez ,Diego Álvarez,,,0,0,,,,,neighbour los Realejos,
SP15SP001825,,,Trigueros,,Hernando,,Hernando  Trigueros ,Hernando de Trigueros,,shoemakers,0,0,,,,,neighbour los Realejos,
SP15SP001826,,,López,,Íñigo,,Íñigo  López ,Íñigo López,,,0,0,,,,,neighbour los Realejos,
SP15SP001827,,,Santaella,,Juan,,Juan  Santaella ,Juande Santaella,,,0,0,,,,,neighbour los Realejos,
SP15SP001828,,,Rodríguez,Malpaís,Martín,,Martín  Rodríguez Malpaís,Martín Rodríguez de Malpaís,,,0,0,,,,,neighbour los Realejos,
SP15SP001829,,,Fernández,Valle,Cristóbal,,Cristóbal  Fernández Valle,Cristóbal Fernández del Valle,,,0,0,,,,,neighbour los Realejos,
SP15SP001830,,,Talavera,,Hernando,,Hernando  Talavera ,Hernando de Talavera,,,0,0,,,,,neighbour los Realejos,
SP15SP001831,,,Llanera,,Juan,,Juan  Llanera ,juan de LLanera,,,0,0,,,,,neighbour los Realejos,
SP15SP001832,,,Gutiérrez,,Alonso,,Alonso  Gutiérrez ,Alonso Gutiérrez,,,0,0,,,,,neighbour los Realejos,
SP15SP001849,,SP01SP000149,Fernández,Lugo,Isabel,,Isabel  Fernández Lugo,Isabel Fernández de Lugo,,,0,0,Cristóbal,Valcárcel,,SP11SP000686,neighbour Santa Cruz de Tenerife,
SP15SP001850,,,Cortés,,Pedro,,Pedro  Cortés ,Pedro de Cortés,,,0,0,,,,,neighbour Santa Cruz de Tenerife,
SP15SP001851,,,Ruiz,,Vicente,,Vicente  Ruiz ,Vicente Ruiz,,maritime pilots,0,0,,,,,nao la piedad,
SP15SP001852,,,Benítez,Lugo,Pero,,Pero  Benítez Lugo,Pero Benítez de Lugo,,,0,0,,,,,neighbour Santa Cruz de Tenerife,
SP15SP001853,,,Fernández,,Pero,,Pero  Fernández ,Pero Fernández,,unskilled workers,0,0,,,,,estante Santa Cruz de Tenerife,
SP15SP001854,,,Velasco,,Cristóbal,,Cristóbal  Velasco ,Cristóbal Velasco,,,0,0,,,,,neighbour Santa Cruz de Tenerife,
SP15SP001855,,,Gutiérrez,,Gil,,Gil  Gutiérrez ,Gil Gutiérrez,,hosiers,0,0,,,,,neighbour Santa Cruz de Tenerife,
SP15SP001856,,,Álvarez,,Juan,,Juan  Álvarez ,Juan Alvarez,,,0,0,,,,,neighbour Santa Cruz de Tenerife,
SP15SP001857,,,Díaz,,Elvira,,Elvira  Díaz ,Elvira Díaz,,,0,0,Pedro,Fernández,Lugo,SP01SP000149,neighbour Santa Cruz de Tenerife,
SP15SP001858,,,Vinaes,,Rodrigo,,Rodrigo  Vinaes ,Rodrigo de Vinaes,,,0,0,,,,,neighbour Santa Cruz de Tenerife,
SP15SP001859,,,Beltrán,,Diego,,Diego  Beltrán ,Diego Beltrán,,,0,0,,,,,neighbour Santa Cruz de Tenerife,
SP15SP001860,,,Ome,,Diego,,Diego  Ome ,Diego Ome,,unskilled workers,0,0,,,,,estante Santa Cruz de Tenerife,
SP15SP001861,,,Báez,,Juan,,Juan  Báez ,Juan Báez,,unskilled workers,0,0,,,,,estante Santa Cruz de Tenerife,
SP15SP001862,,,Dumpiérrez,,Luis,,Luis  Dumpiérrez ,Luis Dumpiérrez,,,0,0,,,,,neighbour Santa Cruz de Tenerife,
SP16SP000097,,,Palma,,Luis,,Luis  Palma ,Luis de Palma,,public officers,0,0,,,,,Neighbour of Alcalá de Guadaíra,
SP17SP000150,,,Fernández,Huevar,Juan,,Juan  Fernández Huevar,Juan Fernández de Huévar,,,0,0,,,,,"24 of seville neighbour of Aznalcázar,",
SP17SP000151,,,Torres,,Juan,,Juan  Torres ,Juan de Torres,,,0,0,,,,,"neighbour of Aznalcázar, in 1518 24 of seville",
SP17SP000422,,,González,,Pedro,,Pedro  González ,Pedro González,,soap maker,0,0,Inés,Jiménez,,,rents a soap factory from the Rivarolo,
SP17SP000566,,,Alonso,,Fernando,,Fernando  Alonso ,Fernando Alonso,,soap maker,0,0,,,,,,
SP18SP000030,,,Costa,,Francisco,,Francisco  Costa ,Francisco Costa,,farmers,0,0,,,,,"Chickpeas farmer, labradores, Neighbour of de puebla cerca de coria",
SP18SP000031,,,Catalá,,Francisco,,Francisco  Catalá ,Francisco Catalá,,farmers,0,0,,,,,"Chickpeas farmer, labradores, Neighbour of de puebla cerca de coria",
SP18SP000032,,,Pérez,,Alfón,,Alfón  Pérez ,Alfón Pérez,,farmers,0,0,,,,,"Chickpeas farmer, labradores, Neighbour of de puebla cerca de coria",
SP18SP000547,,,Astucio,,Cristóbal,,Cristóbal  Astucio ,Cristóbal Astucio,,,0,0,Juana,Martínez,,,,
SP18SP000548,,,Martínez,Astucio,Juan,,Juan  Martínez Astucio,Juan Martínez Astucio,,,0,0,,Velazquez,,,,
SP19SP000058,,,Rodríguez,,Constanza,,Constanza  Rodríguez ,Constanza Rodríguez,,oven worker,0,0,,,,,"hornera, Jewish, Neighbour of Seville took the debt of Francisco de Balbuena y Fernando de Balbuena against Oberto di Negro",
SP19SP000059,,,Balbuena,,Francisco,,Francisco  Balbuena ,Francisco de Balbuena,,,0,0,,,,,owed money to Oberto di Negro,
SP19SP000060,,,Balbuena,,Fernando,,Fernando  Balbuena ,Fernando de Balbuena,,,0,0,,,,,owed money to Oberto di Negro,
SP21SP000168,,,Daza,,Diego,,Diego  Daza ,Diego Alonso Daza,,farmers,0,0,Ines,Gonzalez,,,"conducts business with Francisco de rivarolo. husband of Inés González, neighbour of huevar",
SP21SP000169,,,López,,García,,García  López ,García López,,farmers,0,0,Antona,Gonzalez,,,husband of conducts business with Francisco de rivarolo. husband of Antona González,
SP21SP000170,,,Daza,,Cristóbal,,Cristóbal  Daza ,Cristóbal Daza,,farmers,0,0,Catalina,Alonso,,,husband of conducts business with Francisco de rivarolo. husband of Catalina Alonso,
SP21SP000171,,SP21SP000168,Daza,,Álvaro,,Álvaro  Daza ,Álvaro Martín Daza,,farmers,0,0,,,,,conducts business with Francisco de rivarolo,
SP21SP000172,,,Hernández,Maldonado,Diego,,Diego  Hernández Maldonado,Diego Hernández Maldonado,,farmers,0,0,,,,,husband of conducts business with Francisco de rivarolo,
SP21SP000173,,,Valera,,Bartolomé,,Bartolomé  Valera ,Bartolomé Alfonso de Valera,,farmers,0,0,Antona,Martínez,,,husband of conducts business with Francisco de rivarolo. husband of Antona Martínez,
SP21SP000174,,,Martínez,Anguas,Juan,,Juan  Martínez Anguas,Juan Martínez de Anguas,,farmers,0,0,,,,,husband of conducts business with Francisco de rivarolo,
SP21SP000351,,,Hidalgo,,Gonzalo,,Gonzalo  Hidalgo ,Gonzalo García Hidalgo,,farmers,0,0,,,,,conducts business with Francisco de rivarolo,
SP21SP000352,,,Hidalgo,,Diego,,Diego  Hidalgo ,Diego Alonso Hidalgo,,farmers,0,0,,,,,conducts business with Francisco de rivarolo,
SP21SP000353,,,Méndez,,Pero,,Pero  Méndez ,Pero Méndez,,farmers,0,0,,,,,conducts business with Francisco de rivarolo,
SP21SP000354,,,Domínguez,,Juan,,Juan  Domínguez ,Juan Domínguez,,farmers,0,0,Beatriz,Fernández,,,conducts business with Francisco de rivarolo,
SP21SP000355,,,Anguera,,Juan,,Juan  Anguera ,Juan de Anguera,,farmers,0,0,Juana,Fernández,,,conducts business with Francisco de rivarolo- el mozo,
SP21SP000356,,,Anguera,,Juan,,Juan  Anguera ,Juan de Anguera,,farmers,0,0,Juana,Bernal,,,conducts business with Francisco de rivarolo- el viejo,
SP21SP000357,,,Domínguez,,Francisco,,Francisco  Domínguez ,Francisco Domínguez,,farmers,0,0,Inéz,Fernández,,,conducts business with Francisco de rivarolo,
SP21SP000358,,,Fernández,Llerena,,,  Fernández Llerena,Fernández de Llerena,,farmers,0,0,Catalina,Gonzalez,,,conducts business with Francisco de rivarolo,
SP21SP000359,,,Romero,,Pedro,,Pedro  Romero ,Pedro Romero,,farmers,0,0,Beatriz,Martín,,,conducts business with Francisco de rivarolo- el mozo,
SP21SP000360,,,Martín,del Rio,Alonso,,Alonso  Martín del Rio,Alonso Martín del Río,,farmers,0,0,Catalina,Martín,,,conducts business with Francisco de rivarolo- el mozo,
SP21SP000361,,,López,Salazar,Pero,,Pero  López Salazar,Pero López Salazar,,farmers,0,0,,,,,conducts business with Francisco de rivarolo- el mozo,
SP21SP000362,,,tinsmiths,,Diego,,Diego  tinsmiths ,Diego Ollero,,farmers,0,0,,,,,conducts business with Francisco de rivarolo- el mozo,
SP21SP000363,,,Martín,del Rio,Cristóbal,,Cristóbal  Martín del Rio,Cristóbal Martín del Río,,farmers,0,0,,,,,conducts business with Francisco de rivarol,
SP21SP000364,,,Moreno,,Cristóbal,,Cristóbal  Moreno ,Cristóbal Alonso Moreno,,farmers,0,0,,,,,conducts business with Francisco de rivarolo,
SP21SP000365,,,Daza,,Alonso,,Alonso  Daza ,Alonso Daza,,farmers,0,0,Juana,Fernández,,,conducts business with Francisco de rivarolo,
SP21SP000366,,,Díaz,,Juan,,Juan  Díaz ,Juan Díaz,,farmers,0,0,Ana,Fernández,,,conducts business with Francisco de rivarolo,
SP21SP000367,,,Adame,,Alonso,,Alonso  Adame ,Alonso Adame,,farmers,0,0,Ana,Sánchez,,,conducts business with Francisco de rivarolo,
SP21SP000368,,SP21SP000360,Alonso,,Ximón,,Ximón  Alonso ,Ximón Alonso,,farmers,0,0,,,,,conducts business with Francisco de rivarolo,
SP21SP000369,,,Toro,,Francisco,,Francisco  Toro ,Francisco de Toro,,farmers,0,0,Catalina,Paz,,,conducts business with Francisco de rivarolo,
SP21SP000370,,,González,,Fernando,,Fernando  González ,Fernando González,,farmers,0,0,Catalina,López,,,conducts business with Francisco de rivarolo,
SP21SP000371,,,Sánchez,,Bernal,,Bernal  Sánchez ,Bernal Sánchez,,farmers,0,0,Catalina,Martín,,,conducts business with Francisco de rivarolo,
SP21SP000372,,,Gómez,Heredeia,Alonso,,Alonso  Gómez Heredeia,Alonso Gómez de Heredia,,farmers,0,0,Leonor,Daza,,,conducts business with Francisco de rivarolo,
SP21SP000373,,,Franco,,Juan,,Juan  Franco ,Juan Franco,,farmers,0,0,Mari,Gonzalez,,,conducts business with Francisco de rivarolo,
SP21SP000374,,,Ximénez,,Alonso,,Alonso  Ximénez ,Alonso Ximénez,,farmers,0,0,Isabel,Fernández,,,conducts business with Francisco de rivarolo,
SP21SP000375,,,Martín,,Elvira,,Elvira  Martín ,Elvira Martín,,farmers,0,0,Rodrigo,Martín,,,conducts business with Francisco de rivarolo,
SP21SP000376,,,Morillo,,Cristóbal,,Cristóbal  Morillo ,Cristóbal Morillo,,farmers,0,0,Antona,Martín,,,conducts business with Francisco de rivarolo,
SP21SP000377,,,Alcalá,,Bartolomé,,Bartolomé  Alcalá ,Bartolomé de Alcalá,,farmers,0,0,Catalina,Sánchez,,,conducts business with Francisco de rivarolo,
SP21SP000378,,,González,,Bartolomé,,Bartolomé  González ,Bartolomé González,,farmers,0,0,Isabel,Ortiz,,,conducts business with Francisco de rivarolo,
SP21SP000379,,,,,Gonzalo,,Gonzalo   ,Gonzalo,,farmers,0,0,Leonor,Fernández,,,conducts business with Francisco de rivarolo,
SP21SP000380,,,Gómez,,Juan,,Juan  Gómez ,Juan Gómez,,farmers,0,0,Ana,Velázquez,,,conducts business with Francisco de rivarolo,
SP21SP000381,,,Cabrera,,Francisco,,Francisco  Cabrera ,Francisco de Cabrera,,farmers,0,0,,,,,conducts business with Francisco de rivarolo,
SP21SP000382,,,Miguel,,Juan,,Juan  Miguel ,Juan Miguel,,farmers,0,0,,,,,conducts business with Francisco de rivarolo,
SP21SP000383,,,Miguel,,Alonso,,Alonso  Miguel ,Alonso Miguel,,farmers,0,0,Catalina,Fernández,,,conducts business with Francisco de rivarolo,
SP21SP000384,,,González,Hidalgo,Pero,,Pero  González Hidalgo,Pero González Hidalgo,,farmers,0,0,Aparicia,Gonzalez,,,conducts business with Francisco de rivarolo,
SP21SP000387,,,Fernández,Cofeyso,Diego,,Diego  Fernández Cofeyso,Diego Fernández de Cofeyso,,farmers,0,0,,,,,conducts business with Francisco de rivarolo,
SP21SP000389,,,Fernández,,Juana,,Juana  Fernández ,Juana Fernández,,farmers,0,0,Alonso,Gil,,,conducts business with Francisco de rivarolo,
SP21SP000390,,,Gil,,Francisco,,Francisco  Gil ,Francisco Gil,,farmers,0,0,,,,,"conducts business with Francisco de rivarolo, soneighbour Juana Fernandez and Alonso gil",
SP21SP000392,,,Moran,,Alfonso,,Alfonso  Moran ,Alfonso de Morán,,farmers,0,0,Catalina,Ximenez,,,conducts business with Francisco de rivarolo,
SP21SP000393,,,López,Bicano,García,,García  López Bicano,García López del Bicano,,farmers,0,0,Leonor,Díaz,,,conducts business with Francisco de rivarolo,
SP21SP000399,,,Martínez,Anguas,Pedro,,Pedro  Martínez Anguas,Pedro Martínez de Anguas,,farmers,0,0,Isabel,Martines,,,conducts business with Francisco de rivarolo,
SP21SP000400,,,Martín,,García,,García  Martín ,García Martín,,soldiers,0,0,Beatriz,Gonzalez,,,conducts business with Francisco de rivarolo,
SP21SP000401,,,Martín,Anguas,Cristóbal,,Cristóbal  Martín Anguas,Cristóbal Martín de Anguas,,,0,0,,,,,conducts business with Francisco de rivarolo,
SP21SP000402,,,Fernández,,Benito,,Benito  Fernández ,Benito Fernández,,,0,0,Juana,Martínez,,,conducts business with Francisco de rivarolo,
SP21SP000403,,,Fernández,Azofaifo,Juan,,Juan  Fernández Azofaifo,Juan Fernández Azofeyfo [Azofaifo],,,0,0,Juana,Muñoz,,,conducts business with Francisco de rivarolo,
SP21SP000404,,,Gómez,,Fernán,,Fernán  Gómez ,Fernán Gómez,,,0,0,Catalina,González,,,conducts business with Francisco de rivarolo,
SP21SP000405,,,Sánchez,Paniagua,Antón,,Antón  Sánchez Paniagua,Antón Sánchez Paniagua,,,0,0,Antona,Benitez,,,conducts business with Francisco de rivarolo,
SP21SP000406,,,Miranda,,Alonso,,Alonso  Miranda ,Alonso de Miranda,,,0,0,,,,,conducts business with Francisco de rivarolo,
SP21SP000408,,,Timor,,Bartolomé,,Bartolomé  Timor ,Bartolomé Timor,,,0,0,,,,,conducts business with Francisco de rivarolo,
SP21SP000420,,SP21SP000406,Miranda,,Cristóbal,,Cristóbal  Miranda ,Cristóbal de Miranda,,,0,0,,,,,conducts business with Francisco de rivarolo,
SP21SP000423,,,Cea,,Diego,,Diego  Cea ,Diego Alonso de Cea,,,0,0,,,,,"conducts business with Francisco de rivarolo, soneighbour Diego de Cea",
SP21SP000424,,,Martínez,Anguas,Francisco,,Francisco  Martínez Anguas,Francisco Martínez de Anguas,,farmers,0,0,Francisca,Gínes,,,conducts business with Francisco de rivarolo,
SP21SP000430,,,Rodríguez,Caballero,Alonso,,Alonso  Rodríguez Caballero,Alonso Rodríguez Caballero,,,0,0,,,,,conducts business with Francisco de rivarolo,
SP21SP000431,,,Migas,,Alonso,,Alonso  Migas ,Alonso Migas,,,0,0,,,,,conducts business with Francisco de rivarolo,
SP21SP000432,,,González,Siero,Pedro,,Pedro  González Siero,Pedro González de Syero,,,0,0,,,,,conducts business with Francisco de rivarolo,
SP21SP000434,,,Jiménez,,Alonso,,Alonso  Jiménez ,Alonso Jiménez,,,0,0,,,,,conducts business with Francisco de rivarolo,
SP21SP000435,,,Martínez,Espinosa,Bartolomé,,Bartolomé  Martínez Espinosa,Bartolomé Martínez Espinosa,,,0,0,,,,,conducts business with Francisco de rivarolo,
SP21SP000436,,,Gracía,,Tristán,,Tristán  Gracía ,Tristán García,,servants,0,0,,,,,conducts business with Francisco de rivarolo,
SP21SP000437,,,Tello,,Gracía,,Gracía  Tello ,García Tello,,,0,0,,,,,,
SP21SP000456,,,Gallego,,Alonso,,Alonso  Gallego ,Alonso Gallego,,tailors,0,0,,,,,sells soap to the rivarolo,
SP21SP001538,,,Jiménez,Corchon,Alfonso,,Alfonso  Jiménez Corchon,Alfonso Ximénez Corchon,,farmers,0,0,Isabel,Fernández,,,neighbour Huevar,
SP21SP001744,,,Gómez,,Fernando,,Fernando  Gómez ,Fernando Gómez,,farmers,0,0,Catalina,Martin,,,neighbour Huevar,
SP22SP000056,,,Maldonado,,Fernando,,Fernando  Maldonado ,Fernando Maldonado,,,0,0,,,,,"Neighbour of Lebrija, lendede money to Andrés Martí to pay Oberto di Negro",
SP22SP000385,,,Martín,Portillo,Diego,,Diego  Martín Portillo,Diego Martín Portillo,,,0,0,Catalina,Gonzalez,,,conducts business with Francisco de rivarolo,
SP22SP000682,,,Capes,,Yuiçef,,Yuiçef  Capes ,Yuiçef Capes,,merchants,0,0,,,,,trades in leather,
SP22SP000887,,,Contero,,Juan,,Juan  Contero ,Juan Contero,,farmers,0,0,,,,,n. lebrija,
SP23SP000079,,,Fernández,,Alfón,,Alfón  Fernández ,Alfón Fernández,,servants,0,0,,,,,employee of Cosme de Rivarolo,
SP23SP000083,,,Grajeda,,Diego,,Diego  Grajeda ,Diego de Grajeda,,maritime pilots,0,0,,,,,Persona que en las galeras vigilaba y dirigía la boga y otras maniobras y a cuyo cargo estaba el castigo de remeros y forzados. co-owner and maestre of the Santa Maria Nao in partnership with Jacome de Rivarolo,
SP24SP000045,,,Jiménez,,Juan,,Juan  Jiménez ,Juan Jiménez,,farmers,0,0,,,,,Neighbour of Triana,
SP24SP000055,,,Albani,,Rodrigo,,Rodrigo  Albani ,Rodrigo Alfonso Albani,,,0,0,,,,,"Neighbour of Triana, took debt from Andrés Martín mayordomo de doña Catalina de Ribera",
SP24SP000064,,,Matosas,,Andrés,,Andrés  Matosas ,Andrés Matosas,,,0,0,,,,,Soneighbour Miguel de Valencia Matosas,
SP24SP000200,,,Díaz,,Bartolomé,,Bartolomé  Díaz ,Bartolomé Díaz,,maritime pilots,0,0,,,,,"nao Santa María de Luz, de que es maestre Antón Martínez, neighbour of triana",
SP24SP000229,,,Rodríguez,,Juan,,Juan  Rodríguez ,Juan Rodríguez,,maritime pilots,0,0,,,,,"neighbour of triana, maestre del barco la Gracia de Dios, genoese and maestre also of the ship Santa María de Loreto in 1511",
SP24SP000239,,,Sánchez,Ramos,Diego,,Diego  Sánchez Ramos,Diego Sánchez Ramos,,maritime pilots,0,0,,,,,navío Santa María de Rosebrinço,
SP24SP000349,,,Puebla,,Pedro,,Pedro  Puebla ,Pedro de la Puebla,,maritime pilots,0,0,,,,,"maestre del nao Santa Maria, vecino de triana",
SP24SP000388,,,Figueroa,,Manuel,,Manuel  Figueroa ,Manuel de Figueroa,,servants,0,0,,,,,Mayordomo of the Soap Factories in Santiponce.,
SP24SP000407,,,Sánchez,,Martín,,Martín  Sánchez ,Martín Sánchez,,,0,0,,,,,collectioneighbour olives,
SP24SP000448,,,Ramírez,Nieto,francisco,,francisco  Ramírez Nieto,Francisco Ramírez,,servants,0,0,,,,,criado de juan de lugo,
SP24SP000621,,,Morón,,Fernando,,Fernando  Morón ,Fernando de Morón,,tinsmiths,0,0,,,,,ollero in triana,
SP24SP000622,,,Morón,,Pedro,,Pedro  Morón ,Pedro de Morón,,tinsmiths,0,0,,,,,ollero in triana,
SP24SP000623,,,Robles,,Alonso,,Alonso  Robles ,Alonso de Robles,,tinsmiths,0,0,,,,,ollero in triana,
SP25SP000425,,,Martín,,Ximón,,Ximón  Martín ,Ximón Martín,,,0,0,,,,,exchange of letter,
SP25SP000599,,,Uriarte,,Pedro,,Pedro  Uriarte ,Pedro Uriarte,,maritime pilots,0,0,,,,,Carabela Santa Catalina,
SP25SP000600,,,Delagado,,Pedro,,Pedro  Delagado ,Pedro Delagado,,maritime pilots,0,0,,,,,San Juan Bautista,
SP25SP001422,,,Ramos,,Bartolomé,,Bartolomé  Ramos ,Bartolomé Ramos,,maritime pilots,0,0,,,,,neighbour puerto de santa maria maestre of the nao san anton de buenaventura,
SP25SP001560,,,Montano,,Bernardo,,Bernardo  Montano ,Bernardo de Montano,,scribes,0,0,,,,,"neighbour puerto de samta maria, scribe of nao santa maria de begoña",
SP25SP001631,,,Azanaje,,Damian,,Damian  Azanaje ,Damian de Azanaje,,merchants,0,0,,,,,neighbour puerto de santa maria,
SP26SP000001,,,,,,,   ,Hospital de San Gregorio,28SP,Institution,0,0,,,,,unknown details,
SP26SP000221,,,Vega,,Garcilaso,,Garcilaso  Vega ,Garcilaso de la Vega,,,0,0,,,,,comendador mayor de santiago,
SP26SP000222,,,Pavón,,Francisco,,Francisco  Pavón ,Francisco Pavón,,,0,0,,,,,24 of jerez,
SP26SP000538,,,Fernández,,Diego,,Diego  Fernández ,Diego Fernández,,exchangers,0,0,,,,,,
SP26SP000681,,,Carnicero,,,,  Carnicero ,carnicerso,,butchers,0,0,,,,,1448,
SP26SP000683,,,,,,,   ,nn,,,0,0,,,,,unknonw individual,
SP26SP000709,,,Encina,,Juan,,Juan  Encina ,Juan de Encina,,secretario,0,0,,,,,could it be the spanish poet,
SP26SP001056,,,Maly,Biario,Lucian,,Lucian  Maly Biario,Lucian Maly Biario,,,0,0,,,,,,
SP26SP001100,,,Rodríguez,,Teresa,,Teresa  Rodríguez ,Teresa Rodríguez,,,0,0,,,,,neighbour of jerez has a wearehouse for PG merchants,
SP26SP001101,,,Vaena,,Diego,,Diego  Vaena ,Diego Vaena,,drapers,0,0,,,,,neighbour of villa de palma,
SP26SP001267,,,nn,,nn,,nn  nn ,nn,,butchers,0,0,,,,,neighbour jerez,
SP26SP001268,,,nn,,nn,,nn  nn ,nn,,,0,0,,,,,neighbour jerez,
SP26SP001269,,,nn,,nn,,nn  nn ,nn,,spice merchant,0,0,,,,,neighbour jerez,
SP26SP001270,,,nn,,nn,,nn  nn ,nn,,,0,0,,,,,"neighbour jerez, unknown individual",
SP26SP001278,,,Rodríguez,,Catalina,,Catalina  Rodríguez ,Catalina Rodríguez,,,0,0,,,,,neighbour jerez,
SP26SP001279,,,Yfiacaes,,Andres,,Andres  Yfiacaes ,Andres de Yfiacaes,,merchants,0,0,,,,,vizcaino,
SP26SP001299,,,Jerez,,Alonso,,Alonso  Jerez ,Alonso de Xeres,,Receptero,0,0,,,,,Receptero neighbour jerez,
SP26SP001300,,,Sánchez,,Pedro,,Pedro  Sánchez ,Pedro Sánchez,,exchangers,0,0,,,,,neighbour jerez,
SP26SP001301,,,Ochoa,Vaseran,Juan,,Juan  Ochoa Vaseran,Juan Ochoa de Vaseran,,merchants,0,0,,,,,"neighbour Mundaka, biscay",
SP26SP001302,,,Lerena,,Diego,,Diego  Lerena ,Diego de Lerena,,shoemakers,0,0,,,,,neighbour Jerez collacion san salvador,
SP26SP001303,,,Cortia,,Sancho,,Sancho  Cortia ,Sancho de Corita,,,0,0,,,,,neighbour jerez,
SP26SP001304,,,Martínez,,Cristobal,,Cristobal  Martínez ,Christobal MArtines,,,0,0,,,,,neighbour jerez,
SP26SP001305,,,Arias,,Juan,,Juan  Arias ,Juan de Arias,,farmers,0,0,,,,,neighbour jerez,
SP26SP001306,,,Camacho,Villavicencio,Pedro,,Pedro  Camacho Villavicencio,Pedro Camacho de Villavicencio,,public officers,0,0,,,,,neighbour jerez,
SP26SP001307,,,Ribas,,Pedro,,Pedro  Ribas ,Pedro de Ribas,,farmers,0,0,,,,,neighbour jerez,
SP26SP001308,,,,,Juan,Esteban,Juan Esteban  ,Juan Esteban,,tailors,0,0,,,,,neighbour jerez,
SP26SP001309,,,Rebilla,,Anton,,Anton  Rebilla ,Anton de Rebilla,,,0,0,,,,,neighbour jerez,
SP26SP001310,,,Alarcón,,Diego,,Diego  Alarcón ,Diego Alarcón,,,0,0,,,,,neighbour jerez,
SP26SP001311,,,Soria,,Gomes,,Gomes  Soria ,Gomes de Soria,,,0,0,,,,,neighbour jerez,
SP26SP001337,,,Bernal,,Juan,,Juan  Bernal ,Juan Bernal,,,0,0,,,,,neighbour Jerez collacion San Miguel,
SP26SP001338,,,,,,,   ,,,,0,0,,,,,neighbour guadalcanal,
SP26SP001339,,,Tirado,,Francisco,,Francisco  Tirado ,Francisco Tyrado,,servants,0,0,,,,,criado de francisco adorno,
SP26SP001340,,,Cazorla,,Diego,,Diego  Cazorla ,Diego de Cazorla,,,0,0,,,,,neighbour Jerez,
SP26SP001341,,,Madrid,,Fernando,,Fernando  Madrid ,Fernando de Madrid,,,0,0,,,,,estante Jerez,
SP26SP001342,,,Guerta,,Fernando,,Fernando  Guerta ,Fernando de Guerta,,tornero,0,0,,,,,tornero estante Jerez,
SP26SP001343,,,Toledo,,Pedro,,Pedro  Toledo ,Pedro de Toledo,,,0,0,,,,,estante Jerez,
SP26SP001347,,,González,,Gonzalo,,Gonzalo  González ,Gonzalo González,,farmers,0,0,,,,,neighbour chipiona,
SP26SP001690,,,Pérez,Vasurto,Diego,,Diego  Pérez Vasurto,Diego Peres Vasurto,,,0,0,,,,,neighbour jerez,
SP26SP001692,,,Arias,Patino,Diego,,Diego  Arias Patino,Diego Arias panito,,,0,0,,,,,neighbour jerez,
SP26SP001693,,,Lorenzo,,Pedro,,Pedro  Lorenzo ,Pedro Lorenzo,,drapers,0,0,,,,,neighbour jerez,
SP26SP001694,,,García,,Anton,,Anton  García ,Anton Garcia,,butchers,0,0,,,,,neighbour Jerez collacion sebastian,
SP26SP001695,,,Romero,,Pedro,,Pedro  Romero ,Pedro Romero,,maritime pilots,0,0,,,,,nao san dionisio,
SP26SP001696,,,Ruys,,Alonso,,Alonso  Ruys ,Alonso Ruys,,,0,0,,,,,Tax collector from the duque of arcos,
SP26SP001697,,,Núnes,,Yseo,,Yseo  Núnes ,Yseo Nunes,,jewler,0,0,,,,,neighbour Jerez collacion san marco,
SP26SP001698,,,Vique,,Fernando,,Fernando  Vique ,Fernando de Vique,,public officers,0,0,,,,,"neighbour Jerez collacion san lucas, 24 of jerez",
SP26SP001804,,,Jerez,,Antonio,,Antonio  Jerez ,Antonio de Xerez,,,0,0,,,,,neighbour Jerez and procurador,
SP26SP001805,,,López,Lara,Antonio,,Antonio  López Lara,Antonio López de Lara,,,0,0,,,,,neighbour Jerez collacion san Juan,
SP26SP001806,,,Melchor,,Hernando,,Hernando  Melchor ,Hernando Melchor,,,0,0,,,,,neighbour Jerez,
SP26SP001807,,,Sánchez,,Alonso,,Alonso  Sánchez ,Alonso Sánchez,,,0,0,,,,,neighbour Jerez collacion san miguel,
SP26SP001808,,,Padilla,,Leonor,,Leonor  Padilla ,Leonor de Padilla,,,0,0,,,,,neighbour Jerez collacion san juan ,
SP26SP001809,,,Cerfate,,Alonso,,Alonso  Cerfate ,Alonso Cerfante,,,0,0,,,,,neighbour Jerez collacion san marcos ,
SP26SP001810,,,Min,,Lope,,Lope  Min ,Lope min de trinidad,,,0,0,,,,,neighbour Jerez collacion san lucas,
SP26SP001811,,,,,Juan,,Juan   ,Juan Cantero,,unskilled workers,0,0,,,,,neighbour Jerez collacion san miguel,
SP26SP001812,,,Quintero,,Miguel,,Miguel  Quintero ,Miguel Quintero,,unskilled workers,0,0,,,,,neighbour Jerez collacion san miguel,
SP26SP001813,,,Alcalá,,Domingo,,Domingo  Alcalá ,Domingo de Alcalá,,scribes,0,0,,,,,neighbour Jerez collacion san miguel,
SP26SP001867,,,Alonso,,Geronimo,,Geronimo  Alonso ,Geronimo Alonso,,,0,0,,,,,,
SP26SP001868,,,Vásquez,,Benito,,Benito  Vásquez ,Benito Vasquez,,,0,0,,,,,,
SP26SP001869,,,Ayala,,Maria,,Maria  Ayala ,Maria de Ayala,,,0,0,Leonis,Adorno,,AD0014,wife of adorno 24 of jerez,
SP26SP001870,,,Vásquez,,Benito,,Benito  Vásquez ,Benito Vasquez,,merchants,0,0,,,,,merchant of damascus silk,
SP26SP001872,,,Gómez,Torres,Ana,,Ana  Gómez Torres,Ana Gomez de Torres,,,0,0,Pedro,Fernández,Brea,SP26SP001873,neighbour jerez,
SP26SP001873,,,Fernández,Brea,Pedro,,Pedro  Fernández Brea,Pedro Fernandez de Brea,,,0,0,Ana,Gómez,Torres,SP26SP001872,neighbour jerez,
SP26SP001874,,,Rueda,,Luis,,Luis  Rueda ,Luis de Rueda,,shoemakers,0,0,,,,,neighbour jerez,
SP26SP001875,,,Riquel,León,Juan,,Juan  Riquel León,Juan Riquel de Leon,,transport,0,0,,,,,neighbour Jerez collacion santiago,
SP26SP001876,,,López,Oliva,Antonio,,Antonio  López Oliva,Antonio Lopez de Oliva,,public officers,0,0,,,,,neighbour Jerez collacion san miguel,
SP26SP001877,,,Taregano,,Juan,,Juan  Taregano ,Juan de Taregano,,,0,0,,,,,neighbour Jerez collacion salvador,
SP26SP001956,,,Ponçe,,Pedro,,Pedro  Ponçe ,Pedro Ponçe,,drapers,0,0,,,,,colchero neighbour Jerez,
SP26SP001957,,,Suárez,,Pedro,,Pedro  Suárez ,Pedro Suares,,,0,0,,,,,Alferez neighbour Jerez,
SP26SP001958,,,Cea,,Alonso,,Alonso  Cea ,Alonso de Çea,,,0,0,,,,,"neighbour Jerez, renter of salvagina",
SP26SP001959,,,Rota,,Juan,Batista,Juan Batista Rota ,Juan Batista de Rota,,,0,0,,,,,neighbour Jerez collacion salvador,
SP26SP001960,,,Martínez,Moron,Juan,,Juan  Martínez Moron,Juan Martínez de Moron,,,0,0,,,,,neighbour Laredo,
SP26SP002007,,,Jerez,,Nicolas,,Nicolas  Jerez ,Nicolas de Jerez,,merchants,0,0,,,,,neighbour Seville collacion santa catalina,
SP27SP000001,,,Gallego,,Antnio,,Antnio  Gallego ,Antonio Gallego,,,0,0,,,,,secretary of the duke of medinasidonia,
SP27SP000002,,,Martínez,,Juan,,Juan  Martínez ,Juan Martínez,,merchants,0,0,,,,,neighbour Sanlúcar de Barrameda,
SP27SP000069,,,Sanlúcar,,Juan,,Juan  Sanlúcar ,Juan de Sanlúcar,,agents,0,0,,,,,"Neighbour Sanlúcar de Barrameda, representative of Francisco de Rivarol in that city",
SP27SP000080,,,Guerra,,Marquo,,Marquo  Guerra ,Marquo de Guerra,,merchants,0,0,,,,,"Sanlúcar de Barrameda, partner with Sebastian Doria and bartolomeo di Negro",
SP27SP000243,,,Caballero,,Fernando,,Fernando  Caballero ,Fernando Caballero,,,0,0,,,,,"Neighbour of Sanlúcar, owes money to the centurione",
SP27SP000244,,,Sanlúcar,,Fernando,,Fernando  Sanlúcar ,Fernando de Sanlúcar,,,0,0,,,,,"Neighbour of Sanlúcar, owes money to the centurione",
SP27SP000350,,,Lugo,,Leonor,,Leonor  Lugo ,Leonor de Lugo,,,0,0,Jacome,Dianti,,FL0005,wife of Jacome Dianti (florentine) neighbour of Sanlúcar,
SP27SP000503,,,Gueldo,,Pedro,,Pedro  Gueldo ,Pedro Gueldo,,maritime pilots,0,0,,,,,nao santiago,
SP27SP001155,,,Mendoza,,Cristóbal,,Cristóbal  Mendoza ,Cristóbal Mendoza,,farmers,0,0,,,,,neighbour Sanlúcar de Barrameda,
SP27SP001174,,,Izquierdo,,Gonzalo,,Gonzalo  Izquierdo ,Gonzalo Izquerdo,,,0,0,,,,,neighbour Sanlúcar de Barrameda,
SP27SP001175,,,Angues,,Juan,,Juan  Angues ,Juan de Agues,,,0,0,,,,,neighbour Sanlúcar de Barrameda,
SP27SP001176,,,Morales,,Juan,,Juan  Morales ,Juan de Moreales,,,0,0,,,,,neighbour Sanlúcar de Barrameda,
SP27SP001187,,,Manuel,,Alonso,,Alonso  Manuel ,Alonso Manuel,,,0,0,,,,,neighbour Sanlúcar de Barrameda,
SP27SP001407,,,Martínez,Villarin,Alonso,,Alonso  Martínez Villarin,Alonso Martinez de Villarin,,maritime pilots,0,0,,,,,neighbour Sanlúcar de barrameda nao Sanlúcar de barrameda,
SP27SP001421,,,Pérez,Cea,Juan,,Juan  Pérez Cea,Juan Pérez,,merchants,0,0,,,,,neighbour Sanlúcar de barrameda owener of the nao san anton de buenaventura,
SP27SP001685,,,Pardo,,Luis,,Luis  Pardo ,Luis Pardo,,,0,0,,,,,neighbour Sanlúcar de Barrameda,
SP27SP001686,,,Castro,,Juan,,Juan  Castro ,Juan de Castro,,,0,0,,,,,neighbour Sanlúcar de Barrameda,
SP27SP001747,,,Sánchez,,Gonzalo,,Gonzalo  Sánchez ,Gonzalo Sánchez,,,0,0,,,,,neighbour Sanlúcar de Barrameda,
SP28SP000001,,,Llerena,,Juan,,Juan  Llerena ,Juan de Llerena,28SP,merchants,1494,0,,,,,"Merchant from Burgos, brother of Garcia de llerena, e in Santiago de Cuba - date of birth is estimated",
SP28SP000002,,,Castillo,,Bernardino,,Bernardino  Castillo ,Bernardino del Castillo,28SP,merchants,0,0,,,,,"Merchant from Burgos, with bussiness in Cuba and Seville",
SP28SP000117,,,Ribera,,Diego,,Diego  Ribera ,Diego de Ribera,,,0,0,,,,,"Burgos' alcaide son,",
SP28SP000337,,,Villasante,,Martín,,Martín  Villasante ,Martín de Villasante,,merchants,0,0,,,,,Burgales,
SP28SP000480,,,Nájera,,Juan,,Juan  Nájera ,Juan de Nájera,,merchants,0,0,,,,,factor de los pardos de burgos,
SP28SP000531,,,Fernández,Soria,Diego,,Diego  Fernández Soria,Luis Fernández de Soria,,merchants,0,0,,,,,receptores y depositarios de las bulas de la Santa Indulgencia de Canaria,
SP28SP001194,,,Ramírez,Burgos,Juan,,Juan  Ramírez Burgos,Juan Ramírez de Burgos,,merchants,0,0,,,,,Estante in castile,
SP28SP001645,,,Arango,,Francisco,,Francisco  Arango ,Francisco de Arango,28SP,bankers,0,0,,,,,banker from burgos insurer of genoese ships,
SP28SP001704,,,Jaymes,,Diego,28SP,Diego 28SP Jaymes ,Diego Jaymes,,merchants,0,0,,,,,burgales,
SP28SP001866,,,López,Trujillo,Diego,,Diego  López Trujillo,Diego López de Trujillo,,,0,0,,,,,"neighbour Guadix, corregidor de guadix",
SP29SP000341,,,Ávalos,,Rodrigo,,Rodrigo  Ávalos ,Rodrigo Ávalos,,Inquisitor,0,0,,,,,inquisidor provincia de leon,
SP30SP000163,,SP30SP000164,López,Farfán,Juan,,Juan  López Farfán,Juan López Farfán,,landowner,0,0,,,,,soneighbour Antón Farfán (one of the conquistadores of gran canary).,
SP30SP000164,,,Farfán,,Antón,,Antón  Farfán ,Antón Farfán,,conquistadors,0,0,,,,,conquistador of the canary and father of juan lópez farfán,
SP30SP000165,,SP30SP000164,Farfán,,Catalina,,Catalina  Farfán ,Catalina Farfán,,,0,0,,,,,"sister to Juan López Farfán, daughter to Antón Farfán",
SP31SP000114,,,Ruiz,Tarifa,Gonzalo,,Gonzalo  Ruiz Tarifa,Gonzalo Ruiz de Tarifa,,,0,0,,,,,"Neighbour of Malaga, Arrendador",
SP31SP000415,,,Vázquez,,Rodrigo,,Rodrigo  Vázquez ,Rodrigo Vázquez,,,0,0,,,,,neighbour of malaga brother in love with Alonso de Montalbán and part of the Rivarolo circuit,
SP31SP000789,,,Hoyo,,Fernando,,Fernando  Hoyo ,Fernando de hoyo,,maritime pilots,0,0,,,,,maestre nao santa maria,
SP31SP001330,,,Becerra,,Pedro,,Pedro  Becerra ,Pedro Becerra,,,0,0,,,,,neighbour Malaga,
SP31SP001751,,,Tomás,,Alfonso,,Alfonso  Tomás ,Alfonso Tomas,,merchants,0,0,,,,,neighbour Malaga c de los marties,
SP31SP001763,,,Velsco,,Juan,,Juan  Velsco ,Juan de Velasco,,,0,0,,,,,neighbour Malaga,
SP33SP000202,,,Díaz,Maldonado,Ruy,,Ruy  Díaz Maldonado,Ruy Díaz Maldonado,,,0,0,,,,,"comendador de Heliche y la Moraleja, vecino de la ciudad de Salamanca",
SP35SP000127,,,Pérez,Jarada,Gonzalo,,Gonzalo  Pérez Jarada,Gonzalo Pérez de Jarada,,,0,0,,,,,"Neighbour of Illescas, recaudador mayor condemned by royal justice",
SP36SP000338,,,Basurto,,Diego,,Diego  Basurto ,Diego de Basurto,,merchants,0,0,,,,,servant of Martin de Villasante,
SP36SP002052,,,Melgar,,Fernando,,Fernando  Melgar ,Fernando de Melgar,,,0,0,,,,,neighbour medina del rioseco.,
SP37SP000215,,,Ribas,,Bernaldo,,Bernaldo  Ribas ,Bernaldo Ribas,,merchants,0,0,,,,,estante en la Corte de su alteza,
SP37SP000255,,,Cuéllar,,Antonio,,Antonio  Cuéllar ,Antonio de Cuéllar,,lawyers,0,0,,,,,neighbour of medina del campo,
SP37SP000256,,,Portillo,,Antonio,,Antonio  Portillo ,Antonio de Portillo,,,0,0,,,,,neighbour of medina del campo,
SP37SP000257,,,Medina,,Nicolás,,Nicolás  Medina ,Nicolás de Medina,,servants,0,0,,,,,neighbour of medina del campo,
SP37SP001557,,,Medina,,Cristobal,,Cristobal  Medina ,Cristobal de Medina,,,0,0,,,,,one of the renters of the almojarisfasgo mayor de sevilla in 1526,
SP37SP001558,,,Medina,,Antonio,,Antonio  Medina ,Antonio de Medina,,,0,0,,,,,one of the renters of the almojarisfasgo mayor de sevilla in 1526,
SP37SP001572,,,Quenca,,Diego,,Diego  Quenca ,Diego de Quenca,37SP,servants,0,0,,,,,born in medina del campo works for jacome castiglione e in idies ,
SP43SP000014,,SP01SP000016,Mesa,,Rodrigo,,Rodrigo  Mesa ,Rodrigo de Mesa,,,0,0,,,,,"Brother of Pedro de Ruiz, neighboor of Chillón Villa",
SP43SP000015,,SP01SP000016,Ruiz,,Pedro,,Pedro  Ruiz ,Pedro de Ruiz,,,0,0,,,,,"Brother of Rodrigo de Mesa, neighboor of Chillón Villa",
SP44SP000088,,,Romero,,Juan,,Juan  Romero ,Juan Esteban Romero,,,0,0,,,,,neighbour of the ville of Belalcazar,
SP46SP000001,,,Laredo,,Juan,,Juan  Laredo ,Juan de Laredo,,merchants,0,0,,,,,"neighbour San Sebastian, guipuzcoano.",
SP46SP000254,,,Bengochea,,Domingo,,Domingo  Bengochea ,Domingo de Bengochea,,maritime pilots,0,0,,,,,"maestre de la nao Santa María, vecino de la villa de San Sebastián, que es en la provincia de Guipúzcoa, also apears as Bengoche",
SP46SP001427,,,Pérez,Dubilla,Juan,,Juan  Pérez Dubilla,Juan Pérez Dubilla,46SP,maritime pilots,0,0,,,,,"neighbour san sebastians, maestre nao santa barbara",
SP46SP001446,,,Arracastra,,Guillen,,Guillen  Arracastra ,Guillen de Arracastra,,maritime pilots,0,0,,,,,"neighbour san sebastian, maestre nao maria",
SP46SP001447,,,Sotonia,,Gaytan,,Gaytan  Sotonia ,Gaytan de Sotonia,,scribes,0,0,,,,,"neighbour san sebastian, scribe of nao maria",
SP46SP001448,,,Trujillo,,Miguel,,Miguel  Trujillo ,Miguel de Trujillo,,maritime pilots,0,0,,,,,neighbour san sebastian maestre nao maria,
SP49SP000140,,,Martín,,Luis,,Luis  Martín ,Luis Martín,,soap maker,0,0,,,,,"husband of Juana Martínez, holds contract of rent and soap making for Oberto di Negro",
SP50SP000455,,,Timo,,Bartolomé,,Bartolomé  Timo ,Bartolomé Timo,,,0,0,,,,,conducts business with Francisco de rivarolo,
SP50SP001745,,,Martínez,Santiago,Juan,,Juan  Martínez Santiago,Juan MArtinez escudero,,muleteer,0,0,Elvira,García,,,neighbour Bollullos,
SP50SP001746,,,Martin,Escudero,Juan,,Juan  Martin Escudero,Juan Martin Escudero,,muleteer,0,0,Catalina,Fernández,Castillo,,neighbour Bollullos,
SP51SP000167,,,Fernández,Valiente,Diego,,Diego  Fernández Valiente,Diego Fernández Valiente,,maritime pilots,0,0,,,,,"vecino de la villa de Palos, maestre de la nao nombrada la Gutierra Pequeña",
SP51SP000219,,,Vallés,,Cristóbal,,Cristóbal  Vallés ,Cristóbal Vallés,,maritime pilots,0,0,,,,,nao Santa Cruz,
SP51SP000238,,,Martín,,Gregorio,,Gregorio  Martín ,Gregorio Martín,,merchants,0,0,,,,,"trader in the indies, mancomun with the centurion",
SP51SP000269,,,González,,Francisco,,Francisco  González ,Francisco González,,maritime pilots,0,0,,,,,"neighbour of the ville of los palos, maestre nao Santa Maria de la Victoria",
SP51SP000272,,,Rodríguez,Chucero,Juan,,Juan  Rodríguez Chucero,Juan Rodríguez Chucero,,,0,0,,,,,neighbour of the ville of los palos,
SP51SP000283,,,Martín,,Francisco,,Francisco  Martín ,Francisco Martín,,navigators,0,0,,,,,"vecino de la villa de los palos, piloto de navio, gives power to the centurion, also known as el mozo",
SP51SP000985,,,Prieto,,Rodrigo,,Rodrigo  Prieto ,Rodrigo Prieto,,maritime pilots,0,0,,,,,maritime pilots,
SP51SP000986,,,Gorda,,Andrés,Martin,Andrés Martin Gorda ,Andrés Martin de la Gorda,,maritime pilots,0,0,,,,,maritime pilots,
SP51SP000987,,,García,Cansino,Andrés,,Andrés  García Cansino,Andrés García Cansino,,maritime pilots,0,0,,,,,maritime pilots,
SP51SP000988,,,Sepúlveda,,Luis,,Luis  Sepúlveda ,Luis de Sepúlveda,,public officers,0,0,,,,,was secretary of the comendador mayor de leon,
SP51SP001069,,,Guecho,,Esteban,,Esteban  Guecho ,Esteban del Guecho,,maritime pilots,0,0,,,,,"neighbour palos, maestre nao santa maria de la rabida",
SP51SP001070,,,Rodríguez,,Diego,,Diego  Rodríguez ,Diego Rodríguez,,Alcalde mayor,0,0,,,,,neighbour Palos,
SP51SP001071,,,Argumedo,,Juan,,Juan  Argumedo ,Juan de Argumedo,,merchants,0,0,,,,,estante española,
SP51SP001072,,,Carrión,,Andrés,,Andrés  Carrión ,Andrés de Carrión,,merchants,0,0,,,,,estante Seville,
SP51SP001073,,,Sánchez,,Juan,,Juan  Sánchez ,Juan Sánchez,,merchants,0,0,,,,,estante Cadiz,
SP51SP001074,,,Carmona,,Alonso,,Alonso  Carmona ,Alonso de Carmona,,spice merchant,0,0,,,,,neighbour seville collacionsan pedro,
SP51SP001075,,,Peralta,,Sebastian,,Sebastian  Peralta ,Sebastian de Peralta,,,0,0,,,,,,
SP51SP001076,,,Fernández,Sabedra,Pedro,,Pedro  Fernández Sabedra,Pedro Fernández de Saavedra,,24 seville,0,0,,,,,neighbour Seville,
SP51SP001077,,,Córdoba,,Rodrigo,,Rodrigo  Córdoba ,Rodrigo de Córdoba,,almojarife,0,0,,,,,neighbour Seville,
SP51SP001078,,,Isla,,Gracía,,Gracía  Isla ,Gracía de Isla,,merchants,0,0,,,,,trades with bruges,
SP51SP001212,,,Quintero,,Francisco,,Francisco  Quintero ,Francisco Quintero,,,0,0,,,,,neighbour villa de los palos,
SP51SP001213,,,Zarza,,Andrés,,Andrés  Zarza ,Andrés de la Zarza,,,0,0,,,,,neighbour seville collacionsan salvador,
SP51SP001429,,,Bermúdes,,Juan,,Juan  Bermúdes ,Juan Bermures,,maritime pilots,0,0,,,,,"neighbour los palos, maestre nao santa maria del regla",
SP51SP001430,,,Barahona,,Juan,,Juan  Barahona ,Juan Barahona,,Jurado,0,0,,,,,neighbour Seville,
SP52SP000133,,,Alcaraz,,Miguel,,Miguel  Alcaraz ,Miguel de Alcaraz,,,0,0,,,,,"Neighbour of Baeza,",
SP52SP001349,,,Vejer,,,,  Vejer ,,,merchants,0,0,,,,,neighbour baeza father of rodrigo gonzalo diego and fernando,
SP52SP001350,,SP52SP001349,Vejer,,Rodrigo,,Rodrigo  Vejer ,Rodrigo de Vejer,,merchants,0,0,,,,,neighbour baeza brother of rodrigo gonzalo diego and fernando,
SP52SP001351,,SP52SP001349,Vejer,,Diego,,Diego  Vejer ,Diego de Vejer,,lawyers,0,0,,,,,neighbour baeza brother of rodrigo gonzalo diego and fernando,
SP52SP001352,,SP52SP001349,Vejer,,Gonzalo,,Gonzalo  Vejer ,Gonzalo de Vejer,,merchants,0,0,,,,,neighbour baeza brother of rodrigo gonzalo diego and fernando,
SP52SP001591,,SP52SP001349,Vejer,,Fernando,,Fernando  Vejer ,Fernando de Vejer,,merchants,0,0,,,,,neighbour baeza brother of rodrigo gonzalo diego and fernando,
SP53SP000131,,,Sanjuán,,Juan,,Juan  Sanjuán ,Juan de Sanjuán,,,0,0,,,,,Neighbour of Alcala de Henares,
SP53SP000132,,,Montalván,,Alonso,,Alonso  Montalván ,Alonso de Montalván,,,0,0,,,,,aposentador de su alteza in Alacala de Henares,
SP56SP000118,,,Martínez,Soria,Pedro,,Pedro  Martínez Soria,Pedro Martínez de Soria,,,0,0,,,,,Neighbour of Jaen,
SP56SP000479,,,Jaén,,Juan,,Juan  Jaén ,Juan de Jaén,,,0,0,,,,,alguacil of jaen,
SP56SP001863,,,Núñez,,Vela,,Vela  Núñez ,Vela Nuñez,,,0,0,,,,,"n in Jaen, licenciado",
SP57SP000129,,,Rio,,Gonzalo,,Gonzalo  Rio ,Gonzalo del Río,,,0,0,,,,,Regidor in Segovia,
SP59SP000155,,,Moreno,,Juan,,Juan  Moreno ,Juan Moreno,,,0,0,,,,,ows tribute of wheat to Francisco de Rivarolo,
SP60SP000213,,SP60SP000214,Malferite,,,,  Malferite ,Malferite,61SP,,0,0,,,,,"soneighbour Tomás Malferite, vicechanciller,",
SP60SP000214,,,Malferite,,Tómas,,Tómas  Malferite ,Tómas Malferite,61SP,,0,0,,,,,"Mallorqui, vice Chancellor of the corwneighbour Aragon up to 1508",
SP62SP000216,,,Salvatierra,,Juan,,Juan  Salvatierra ,Juan de Salvatierra,,servants,0,0,,,,,criado del duque de Villahermosa,
SP63SP000234,,,Almonte,,Diego,,Diego  Almonte ,Diego de Almonte,,,0,0,,,,,"leather busyness with the centurione, form Almonte province of huelva",
SP65SP000292,,,Almaly,,Jacob,,Jacob  Almaly ,Jacob Almaly,,,0,0,,,,,"bought some english cloth from a castiglione, didn't had enough to pay and gave a slave in warranty but it is not returned",
SP65SP000869,,,Cerda,,Luis,,Luis  Cerda ,Luis de la cerda,,,0,0,,,,,n cabeza la vaca badajoz,
SP65SP000870,,SP01SP000869,Cerda,,Juan,,Juan  Cerda ,Juan de la cerda,,apothecaries,0,0,,,,,n villa de llerena badajoz,
SP65SP001344,,,Sánchez,,Juan,,Juan  Sánchez ,Juan Sánchez,,Cowboy,0,0,,,,,neighbour esparragosa,
SP65SP001357,,,Rincón,,Alfonso,,Alfonso  Rincón ,Alfonso Rincón,,muleteer,0,0,,,,,neighbour cabeza del buey ,
SP65SP001358,,,Díaz,,Juan,,Juan  Díaz ,Juan Díaz,,muleteer,0,0,,,,,neighbour cabeza del buey ,
SP65SP001359,,,Pamo,,Juan,,Juan  Pamo ,Juan Pamo,,,0,0,,,,,"alcalde de la villa de osuna, soneighbour fernando pamo",
SP67SP000394,,,Díaz,Marchena,Juan,,Juan  Díaz Marchena,Juan Díaz de Marchena,,,0,0,,,,,starts the productioneighbour Soap outside of Santiponce for the rivarolo,
SP67SP000433,,,Marchena,,Juan,,Juan  Marchena ,Juan de Marchena,,soap maker,0,0,,,,,rents a soap factory from the Rivarolo,
SP68SP000300,,,Sánchez,Rubio,Miguel,,Miguel  Sánchez Rubio,Miguel Sánchez Rubio,,,0,0,Maria,Ximenez,,,conducts business with Francisco de rivarolo,
SP68SP000301,,,Zarza,,Fernando,,Fernando  Zarza ,Fernando de la Zarza,,,0,0,Juana,Ruiz,,,conducts business with Francisco de rivarolo,
SP68SP000395,,,Domínguez,,,,  Domínguez ,Domínguez,,,0,0,,,,,conducts business with Francisco de rivarolo,
SP68SP000396,,,Gordillo,,Francisco,,Francisco  Gordillo ,Francisco Gordillo,,,0,0,,,,,conducts business with Francisco de rivarolo,
SP68SP000397,,,Martínez,,Diego,,Diego  Martínez ,Diego Martínez,,,0,0,,,,,conducts business with Francisco de rivarolo,
SP68SP000399,,,Fernández,,Alonso,,Alonso  Fernández ,Alonso Fernández,,,0,0,Tereza,Martin,,,conducts business with Francisco de rivarolo,
SP6SP001447,,,Sotonia,,Gaytan,,Gaytan  Sotonia ,Gaytan de Sotonia,,scribes,0,0,,,,,"n san sebastian, scribe of nao maria",
SP701SP001707,,,Valles,,Cristóbal,,Cristóbal  Valles ,Cristóbla Valles,,maritime pilots,0,0,,,,,Nao santa Maria del Antigua,
SP701SP001708,,,Narváez,,Juan,,Juan  Narváez ,Juan Narváez,,maritime pilots,0,0,,,,,Nao santa Maria de Buena Esperanza,
SP71SP000419,,,Almonte,,Isabel,,Isabel  Almonte ,Isabel de Almonte,,soap maker,0,0,García,Arguimilas,,,rents a soap factory from the Rivarolo,
SP72SP000421,,,López,,Alonso,,Alonso  López ,Alonso López,,soap maker,0,0,,,,,rents a soap factory from the Rivarolo,
SP73SP000426,,,Arbolancha,Urresco,Lope,,Lope  Arbolancha Urresco,Lope de Arbolancha Urresco,73SP,maritime pilots,0,0,,,,,"neighbour of Bilbao, judge at Sanlúcar",
SP73SP000428,,,Pérez,Yndanita,Diego,,Diego  Pérez Yndanita,Diego Pérez de Yndanita,,maritime pilots,0,0,,,,,"maestre del nao Santa Maria, was going to quios but because of rivarolo family conflict the trip failed",
SP73SP000457,,,Güeñes,,Ortuño,,Ortuño  Güeñes ,Ortuño de Guenes [Güeñes],,maritime pilots,0,0,,,,,"neighbour of bilbao, nao San Pedro",
SP73SP000527,,,Hoz,,Fernando,,Fernando  Hoz ,Fernando de Hoz,73SP,maritime pilots,0,0,,,,,nao san blas,
SP73SP0015341,,,Latalaya,,Juan,,Juan  Latalaya ,Juan de Latalaya,,maritime pilots,0,0,,,,,neighbour bilbao at one point owner of nao san vicente,
SP73SP0015342,,,Martínez,Dogas,Juan,,Juan  Martínez Dogas,Juan Martinez Dogas,,,0,0,,,,,neighbour bilbao at one point owner of nao san vicente,
SP73SP001705,,,Ybira,,Juan,73SP,Juan 73SP Ybira ,Juan de Ybira,,merchants,0,0,,,,,vizcaino,
SP73SP001706,,,Leguizamo,,Juan,73SP,Juan 73SP Leguizamo ,Juan de Leguizamo,,maritime pilots,0,0,,,,,"neighbour bilbao, carabela santa catalina",
SP74SP000427,,,Fernández,Izeta,Juan,,Juan  Fernández Izeta,Juan Fernández de Queceta,,maritime pilots,0,0,,,,,"maestre del nao Santa Maria, was going to quios but because of rivarolo family conflict the trip failed",
SP75SP000429,,,Martín,,Francisco,,Francisco  Martín ,Francisco Martín,,soap maker,0,0,,,,,rents a soap factory from the Rivarolo,
SP76SP000440,,,Utrera,,Pedro,,Pedro  Utrera ,Pedro de Utrera,76SP,unskilled workers,0,0,,,,,work a soldada (salary or stipend),
SP76SP000442,,,Carmona,,Pedro,,Pedro  Carmona ,Pedro de Carmona,76SP,unskilled workers,0,0,,,,,work a soldada (salary or stipend),
SP76SP000558,,,Guillén,Utrera,Juan,,Juan  Guillén Utrera,Juan Guillén de Utrera,,farmers,0,0,,,,,olive oil maker,
SP77SP000441,,,Lorca,,Pedro,,Pedro  Lorca ,Pedro de Lora,77SP,unskilled workers,0,0,,,,,work a soldada (salary or stipend),
SP78SP000442,,,Merida,,Antón,,Antón  Merida ,Antón de Mérida,78SP,unskilled workers,0,0,,,,,work a soldada (salary or stipend),
SP78SP000657,,,Martínez,,Alonso,,Alonso  Martínez ,Alonso Martínez,,servants,0,0,,,,,neighbour of merida,
SP79SP000453,,,Rodríguez,Alcalá,Juan,,Juan  Rodríguez Alcalá,Juan Rodríguez de Alcalá,,soap maker,0,0,,,,,rents a soap factory from the Rivarolo,
SP80SP000454,,,Martín,Moreno,Luis,,Luis  Martín Moreno,Luis Martín Moreno,,soap maker,0,0,,,,,rents a soap factory from the Rivarolo,
SP81SP001654,,,Castillo,,Antón,,Antón  Castillo ,Antón del Castillo,,,0,0,,,,,n villarejo de guentes in marquesado de villena,
SP81SP001670,,,García,Hito,Alonso,,Alonso  García Hito,Alonso García del Hito,81SP,weavers,0,0,,,,,neighbour Belalcázar,
SP82SP000463,,,Serrano,,Rodrigo,,Rodrigo  Serrano ,Rodrigo Serrano,,merchants,0,0,,,,,debt to Negron,
SP82SP000464,,,Pérez,,Alonso,,Alonso  Pérez ,Alonso Perez,,,0,0,,,,,debt to Negron,
SP82SP000465,,,Guillen,,Hernando,,Hernando  Guillen ,Hernando Guillen,,,0,0,,,,,debt to Negron,
SP82SP000470,,,Sánchez,,Martín,,Martín  Sánchez ,Martín Sánchez,,,0,0,,,,,,
SP82SP001057,,,Álvarez,,Fernando,,Fernando  Álvarez ,Fernando de alvarez,,lawyers,0,0,,,,,n lepe,
SP83SP000494,,,Cabrera,,Hernando,,Hernando  Cabrera ,hernando de Cabrera,,,0,0,,,,,regidor of the island of San Miguel de la Palma,
SP83SP000495,,,Bermeo,,Baltasar,,Baltasar  Bermeo ,Baltasar de Bermeo,,,0,0,,,,,possibly a biscaino in the canary,
SP84SP000499,,,Collado,,Pedro,,Pedro  Collado ,Pedro Collado,,,0,0,,,,,,
SP85SP000519,,,Gostralay,,Antón,,Antón  Gostralay ,Antón de Gostralay,85SP,maritime pilots,0,0,,,,,maestre nao Santa maria de GRacia,
SP86SP000520,,,Arrona,,Domingo,,Domingo  Arrona ,Domingo de Arrona,86SP,maritime pilots,0,0,,,,,maestre nao santisima trinidad,
SP86SP000533,,,Adeje,,Francisco,,Francisco  Adeje ,Francisco de Adeje,,soldiers,0,0,,,,,received land in Gran Canary as part of their participation in the conquest,
SP86SP000534,,,Sánchez,Roldán,Juan,,Juan  Sánchez Roldán,Juan Sánchez de Roldán,,soldiers,0,0,,,,,received land in Gran Canary as part of their participation in the conquest,
SP86SP000536,,,García ,,Alonso,,Alonso  García  ,Alonso García ,,masons,0,0,,,,,,
SP86SP000537,,,Sánchez,,Alonso,,Alonso  Sánchez ,Alonso Sánchez,,shoemakers,0,0,,,,,,
SP87SP000537,,,Sánchez,,Alonso,,Alonso  Sánchez ,Alonso Sánchez,,shoemakers,0,0,,,,,,
SP88SP000539,,,Sánchez,Peláez,Pedro,,Pedro  Sánchez Peláez,Pedro Sanches Peláez,,,0,0,,,,,,
SP91SP000555,,,Zapata,,Luis,,Luis  Zapata ,Luis de Zapata,,,0,0,,,,,Royal council,
SP93SP000568,,,Mataro,,Rodrigo,,Rodrigo  Mataro ,Rodrigo Mataro,,muleteer,0,0,,,,,transporter,
SP93SP000569,,,Tarno,,Juan,,Juan  Tarno ,Juan de Tarno,,muleteer,0,0,,,,,transporter,
SP99SP000627,,,Vellón,,Bayona,,Bayona  Vellón ,Bayona de Vellón,,,0,0,,,,,,
SP99SP000980,,,Vasanta,,Pedro,,Pedro  Vasanta ,Pedro de Vasanta,,merchants,0,0,,,,,neighbour A Coruña,
SP99SP001483,,,,,Pety,Juan,Pety Juan  ,Pety Juan,,tailors,0,0,,,,,neighbour A Coruña,
SP99SP001643,,,Díaz,,Diego,,Diego  Díaz ,Diego Díaz,,agents,0,0,,,,,factor of Cristobal de Baro,
ST0001,68,,Stefani,,Seba,,Seba  Stefani ,Saba Stefani,,merchants,0,0,,,,,"Estante, participates in the appraisal of some jewelsfor the duke of medina",
SU0001,44,,Sauli,,Tomas,,Tomas  Sauli ,Tomas Sauli,,merchants,0,0,,,,,Estante in castile,
SU0002,44,,Sauli,,Juan,,Juan  Sauli ,Juan Sauli,,merchants,0,0,,,,,,
SU0003,44,,Sauli,,Cristóbal,,Cristóbal  Sauli ,Cristíbal Sauli,,merchants,0,0,,,,,,
SU0004,44,,Sauli,,Francisco,,Francisco  Sauli ,Francisco Sauli,,merchants,0,0,,,,,Estante in castile,
SU0005,44,,Sauli,,Pedro,,Pedro  Sauli ,Pedro Sauli,,merchants,0,0,,,,,neighbour Genoa father in law of jacomo de grimaldo,
SU0006,44,SU0008,Sauli,,Sebastian,,Sebastian  Sauli ,Sebastian Sauli,,merchants,0,0,,,,,,
SU0007,44,SU0008,Sauli,,Pascual,,Pascual  Sauli ,Pascual Sauli,,merchants,0,0,,,,,,
SU0008,44,,Sauli,,Pascual,,Pascual  Sauli ,Pascual Sauli,,merchants,0,0,,,,,,
SU0009,44,,Sauli,,Agustin,,Agustin  Sauli ,Agustin Sauli,,merchants,0,0,,,,,Estante Leon,
SU0010,44,,Sauli,,Polo,,Polo  Sauli ,Polo Sauli,,merchants,0,0,,,,,Estante Leon,
SU0011,44,,Sauli,,Vincecio,,Vincecio  Sauli ,Vincecio Sauli,,merchants,0,0,,,,,n Genoa holds 3 stocks of the company of soap shipment from seville to antwerp,
SU0012,44,,Sauli,,Geronimo,,Geronimo  Sauli ,Geronimo Sauli,,merchants,0,0,,,,,neighbour Jerez,
SU0013,44,,Sauli,,Alessandro,,Alessandro  Sauli ,Alessandro Sauli,,merchants,0,0,,,,,estante Seville,
SU0014,44,,Sauli,,Balliano,,Balliano  Sauli ,Balliano Sauli,,merchants,0,0,,,,,estante Seville,
SU0015,44,,Sauli,,Antonio,,Antonio  Sauli ,Antonio Sauli,,merchants,0,0,,,,,estante Seville,
SV0001,,,Fernánadez,,Caralina,,Caralina  Fernánadez ,Catalina Fernández,,slave,0,0,,,,,"freed from service under Jacome de Rivarolo, and paid by Jacome de Grimaldo de color blanco, natural de Alhama, de edad de 30 años, herrada en la barba, por cristiana, servicios hechos",
SV0002,,,,,Francisco,,Francisco   ,Francisco,,free slave,0,0,,,,,slave of jacome de rivarolo,
SV0003,,,,,Enrique,,Enrique   ,Enrique,,Slave,0,0,,,,,own by a Jewish and its given in warranty by the master to the castiglione,
SV0004,,,,,yaza,,yaza   ,yaza,,Moor,0,0,,,,,"captured by the regidor of la Palma, but bought by the Genoese to collect reward",
SV0005,,,,,Alí,,Alí   ,Alí,,moor,0,0,,,,,sold by gen to spanish in tenerife,
SV0006,,,,,Fatima,,Fatima   ,Fatima,,moor,0,0,,,,,"white sold to giustiniani, declared to be 20 years old in 1523 clean, healthy, white, and of good morals",
SV0007,,,,,Jorge,,Jorge   ,Jorge,,slave,0,0,,,,,11 yeasr old at the date of the contract originaly from tenerife,
SV0008,,,,,Leonora,,Leonora   ,Leonora,,slave,0,0,,,,,18 years old at the date of the contract originaly from guinea,
SV0009,,,,,Pedro,,Pedro   ,Pedro,,slave,0,0,,,,,20 year old colour moro  criado de casa,
SV0010,,,Contreras,,Pedro,,Pedro  Contreras ,Pedro Contreras,,Slave,0,0,,,,,own by the king scapes from fernando de contreras in 1504,
SV0011,,,Manrique,,Bernaldo,,Bernaldo  Manrique ,Bernaldo Manrique,,Converso,0,0,,,,,neighbour of villa de hornachos labrador turn slave by the catholic kings,
SV0012,,,Barrera,,Diego,,Diego  Barrera ,Diego de la Barrera,,Converso,0,0,Maria,,,SV0013,"there are subsequent documents where he gets both his wife and daughter transfer back to him,  their neighbour of villa de hornachos labrador turn slave by the catholic kings",
SV0013,,,,,Maria,Fatima,Maria Fatima  ,Maria,,Converso,0,0,Diego,Barrera,,SV0012,woman neighbour of villa de hornachos labrador turn slave by the catholic kings,
SV0014,,SV0012,,,Gracia,Haçona,Gracia Haçona  ,Gracía,,Converso,0,0,,,,,Child  of villa de hornachos labrador turn slave by the catholic kings,
SV0015,,,,,Palenciano,,Palenciano   ,Palenciano,,Converso,0,0,Maria,,,SV0016,"there are subsequent documents where he gets both his wife and daughter transfer back to him,  their neighbour of villa de hornachos labrador turn slave by the catholic kings",
SV0016,,,,,Maria,Xena,Maria Xena  ,Maria,,Converso,0,0,Palenciano,,,SV0015,woman neighbour of villa de hornachos labrador turn slave by the catholic kings,
SV0017,,SV0015,,,Isabel,Fatima,Isabel Fatima  ,Isabel,,Converso,0,0,,,,,Child  of villa de hornachos labrador turn slave by the catholic kings,
SV0018,,,Camacho,,Tristan,Hamete,Tristan Hamete Camacho ,Tristan Camacho,,Converso,0,0,,,,,neighbour of villa de hornachos labrador turn slave by the catholic kings,
SV0019,,,,,Juan,,Juan   ,Juan,,slave,0,0,,,,,canary 15 y.o own by juan sanchez,
SV0020,,,,,Lucrecia,,Lucrecia   ,Lucrecia,,slave,0,0,,,,,black 15 y.o  juan sanchez,
SV0021,,,,,Catalina,,Catalina   ,Catalina,,slave,0,0,,,,,canary 40 y.o  juan sanchez,
SV0022,,,,,Francisco,,Francisco   ,Francisco,,slave,0,0,,,,,"balck slave that is promise his freedom after the death of marco cattaneo his owner but forced to work for his sons in perpetuity, no real freedom",
SV0024,7,,,,Maria,,Maria   ,Maria,,,1489,0,,,,,"former slave of julian calvo, moor from marroco cap ghir, white",
SV0025,5,,,,unkown,,unkown   ,unkown,,,1488,0,,,,,"balck, pregnate at the time of purchase by ferro for the centurion",
SV0026,,,,,Francico,,Francico   ,Franisco,,Slave,1483,0,,,,,"moor, o. bartolome de alfaro",
SV0027,,,,,Catalina,,Catalina   ,Catalina,,,0,0,,,,,black 20 y.o. slave sent by gonzalo garcia to america to be sold,
SV0028,,,,,,,   ,,,Bozal,1505,0,,,,,slave of jacome spinoal bough in seville for 10000 mrs form fernando de leon,
SV0029,,,,,Malgarida,,Malgarida   ,Malgarida,,,0,0,,,,,Slave,
SV0030,,,,,Juana,,Juana   ,Juana,,,0,0,,,,,White slave bought by adorno from ceron,
SV0031,,,,,Ali,,Ali   ,Ali,,Slave,0,0,,,,,muslim 20 year old,
SV0032,,,,,Fatima,,Fatima   ,Fatima,,Slave,0,0,,,,,muslim 35 year old ,
SV0033,,,,,Juan,,Juan   ,Juan,,Free slave,0,0,,,,,"n santiago de cuba, former slave of lorenzo sanchez from the casa de la moneda, bouht his freedom for 30 pesos",
SV0034,,,,,Mahomat,,Mahomat   ,Mahomat,,cautivo,1468,0,,,,,Alcacer,
SV0035,,,,,Aliquo,,Aliquo   ,Aliquo,,Slave,1479,0,,,,,unknown origin and black,
SV0036,,,,,Slave,,Slave   ,Slave,,Slave,0,0,,,,,"unknown origin black slave, entry to reference trade of many people",
SV0037,,,,,Slave,,Slave   ,Slave,,Slave,0,0,,,,,"unknown origin woman canarian slave, entry to reference trade of many people",
SV0038,,,,,Slave,,Slave   ,Slave,,Slave,0,0,,,,,"unknown origin canarian slave, entry to reference trade of many people",
SV0039,,,,,Zamba,,Zamba   ,Zamba,,Mandinga,1490,0,,,,,slave of bardi brought ot valencia through Lisbon from West Africa,
SV0040,,,,,jalof,,jalof   ,Jalof Bozal,,Bozal,1496,0,,,,,slave of bardi brought from West Africa,
SV0041,,,,,Jalof,,Jalof   ,Jalof Bozal,,Bozal,1491,0,,,,,slave of bardi brought from West Africa,
SV0042,,,,,Catalina,,Catalina   ,Catalina,,Bozal,1490,0,,,,,slave of bardi brought from West Africa through lisbon from Jalof,
SV0043,,,,,Juana,,Juana   ,Juana,,,1484,0,,,,,"slave of bardi brought from lisbon, beofre she beologed to man in slamanca, but sold because the master killed someone, then passed to martin gutierrez official until her death, until bought ant sold by bardi.",
SV0044,,,,,Juanin,,Juanin   ,Juanin,,Jalof,1487,0,,,,,slave of bardi brought from lisbon by rodrigo vatreto,
SV0045,,,,,Catalian,,Catalian   ,Catalian,,Safi,1491,0,,,,,slave of bardi brought from lisbon,
SV0046,,,,,Fatima,,Fatima   ,Fatima,,Arab,1496,0,,,,,slave of bardi brought from lisbon womaneighbour constancia bardi,
SV0047,,,,,Lora,,Lora   ,Lora america,,american,1494,0,,,,,"slave of bardi brought from america. they say from brasil but probaly from main land, unknown name doesnt speak any understandable language",
SV0048,,,,,Nicolas,,Nicolas   ,Nicolas,,Jalof,1490,0,,,,,slave of bardi brought from lisbon by Pedro Gomez,
SV0049,,,,,Marroca,,Marroca   ,Marroca,,,1494,0,,,,,"slave of bardi brought from Marroco captured in a cabalgada, taken to cadiz to juan rondinelli delivere to valencia by luis morell",
SV0050,,,,,Isabel,,Isabel   ,Isabel,,,1474,0,,,,,"slave white, from granada, her parents are free inhabitants in granada after the conques. she is sold three times after the conques first to pedro del castillo in segovia, then a catalina from the court of the kings",
SV0051,,,Ayala,,Catalina,,Catalina  Ayala ,Catalina de Ayala,01SP,,1484,0,,,,,"slave white, from seville, unkown fate of parents christian man and converted bereber woman. she has a mark of being jewish",
SV0052,,,,,Juan,,Juan   ,Juan,,Guinean,1479,0,,,,,"slave black from guinea taken first to seville, then to cadiz finaly to valencia",
SV0053,,,,,Jorge,,Jorge   ,Jorge,,Jalof,1488,0,,,,,"slave black from Jalof, bought at Orihuela",
SV0054,,,,,Graciosa,,Graciosa   ,Graciosa,,,1487,0,,,,,"white woman, father from segovia, mother from granada, empeñada to luis de mercado, then to batista di negro and finally to antonio aliaga",
SV0055,,,,,Axa,,Axa   ,Axa,,,1463,0,,,,,"white woman, muslim from granada, her ship was captured while leaving for north africa, taken to Genoa, where she was traded to a pisan merchant and from then take to back to Valencia",
SV0056,,,,,Dime,,Dime   ,Dime,,slave,1491,0,,,,,"slave from mauritania, ref in the doc as boduba, comes from africa by way of portugal and alicante",
SV0057,,,,,Coni,,Coni   ,Coni,,slave,1490,0,,,,,"slave from mauritania, ref in the doc as boduba, comes from africa by way of portugal and alicante",
SV0058,,,,,Leonor,,Leonor   ,Leonor,,Captive,1487,0,,,,,"slave from berberia,  comes from seville.",
SV0059,,,,,Juan,,Juan   ,Juan,,Slave,1473,0,,,,,"slave from Buguodar, doc says he was captured by other black africans takent to portugal, then to Toledo finally to Valencia.",
SV0060,,,,,Juanito,,Juanito   ,Juanito,,captive,1483,0,,,,,"unknown origin, taken from Granada to Cadiz, bought by Lecaros brother who took him to Genoa, but then to Valencia",
SV0061,,,,,Catalina,,Catalina   ,Catalina,,Slave,1475,0,,,,,"orphan from jalof, bapticed in Lisbon, bught by genoese and then taken to valencia",
SV0062,,,,,Jorge,,Jorge   ,Jorge,,cautivo,1486,0,,,,,"orphan christian, cought in sicily sold to grat lord form the island, some jeronimo, taken to Genoa, sold to a cousing named pelegro, then to paulo. then brought to paulo",
SV0063,,,,,Aly,,Aly   ,Aly,02AL,cautivo,1459,0,,,,,"from Bugia married and with parents, seamen, capture by the fragoso pirates near mallorca, took him to monaco, sold him to a marrufo from cadiz and then sold him fortato",
SV0064,,,,,Ali,,Ali   ,Ali,01MA,cautivo,1481,0,,,,,"14 y/o de agadir, berberia, orphan. captured by a moor, because of the war they have with oran, he sold him to a guard, subsequently to the merchant ",
SV0065,,,,,Ana,,Ana   ,Ana,01MA,cautivo,1475,0,,,,,"white, capture by spanish, sold to genoese that finaly brings her to valencia",
SV0066,,,,,Maria,,Maria   ,Maria,,Slave,1472,0,,,,,"white, capture by spanish, sold to genoese that finaly brings her to valencia",
SV0067,,,,,Catalina,,Catalina   ,Catalina,,Captive,1467,0,,,,,"white, captive from granada, orphan and single, captured at Alhama, was slave to Rodrigo Martell for 10 y/o and then to some genoese for another 6.",
SV0068,,,,,Isabel,,Isabel   ,Isabel,,Slave,1501,0,,,,,"sold by the grimaldo has to do something with beatriz bobadilla, from Ginebra",
SV0069,,,,,Ginebra,,Ginebra   ,Ginebra,,Slave,1501,0,,,,,"sold by the grimaldo has to do something with beatriz bobadilla, from Ginebra",
SV0070,,,,,Cristóbal,,Cristóbal   ,Cristóbal,,Slave,1507,0,,,,,"from jalof, traded by the bardi family in rute from Lisbon to Valencia",
SV0071,,,,,Soria,,Soria   ,Soria,,Slave,1497,0,,,,,"from Mantmga, bozal brought form Portugal to Valencia",
SV0072,,,,,Lusi,,Lusi   ,Lusi,,Slave,1489,0,,,,,"from seville, parents captives of the comendador alonso Fernandez, he sold them to jeronimo cami, then gave him to the venetian galleys",
SV0073,,,,,Isabel,,Isabel   ,Isabel,,Slave,1486,0,,,,,"from Manegueta, sent from lisbon, where bought by gracia teixeda, who then sold her to jacono delitzo who sents her to Genitle",
SV0074,,,,,Juanico,,Juanico   ,Juanico,,Slave,1480,0,,,,,"from Tuniz, balck sold by gentile",
SV0075,,,,,Acbucacim,,Acbucacim   ,Acbucacim,,Slave,1466,0,,,,,"from Tuniz, balck sold by gentile",
SV0076,,,,,García,,García   ,García,,servants,0,0,,,,,"estante in Santo Domingo, natural of macn?, sold by Ocampo to Alvarado, in turn sold to Alburquerque.",
SV0077,,,,,Alonso,,Alonso   ,Alonso,,Slave,0,0,,,,,"Slave of The isla family, first of Bernardino jury theneighbour bernardino cleric",
SV0078,,,,,Rodrigo,,Rodrigo   ,Rodrigo,,Slave,0,0,,,,,"Slave of The isla family, first of Bernardino jury theneighbour bernardino cleric",
SV0079,,,,,Isabel,,Isabel   ,Isabel,,Slave,1512,0,,,,,"Slave of The isla family, first of Bernardino jury theneighbour Juana. Said to be White.",
TA0001,27,,Tarigo,,Luis,,Luis  Tarigo ,Luis Tarigo,,merchants,0,1495,Isabel,Runco,,,Estante lends money to the siege of Baza,
TA0002,27,TA0001,Tarigo,,Juan,,Juan  Tarigo ,Juan Tarigo,,,0,0,,,,,soneighbour Luis,
TE0001,55,TE0100,de Castello,,Antonio,,Antonio  de Castello ,Antonio de Castello,,apothecaries,0,1508,,,,,genoese neighbour of seville brother of Jeronimo castello,
TE0002,55,TE0100,de Castello,,Jerónimo,,Jerónimo  de Castello ,Jerónimo Castello,,apothecaries,0,0,,,,,genoese brother of Antonio Castello,
TE0100,55,,de Castello,,Pedro,,Pedro  de Castello ,Pedro de Castello,,merchants,0,0,,,,,Father of Antonio and jeronimo,
TF0001,12,,Tafoia,,Termo,,Termo  Tafoia ,Termo Tafoia,,merchants,0,0,,,,,Estante in castile,
TF0002,12,,Tafoia,,Martín,,Martín  Tafoia ,Martín de Tarifa,,merchants,0,1523,,,,,"estante in the west indies, I belive the different name is a misstranscription by the other scholars",
TF0003,12,,Tafoia,,Mateo,,Mateo  Tafoia ,Mateo Tafoia,,spinner,0,0,,,,,Silk spinner and neighbour,
TO0001,65,,Toso,,Pedro,,Pedro  Toso ,Pedro Toso,,merchants,0,1480,,,,,"in 1472 is robed and has a big debt with a flemish merchant. Also named as Tuso, condemd to death by beheading after attempting to robe the royal arc and killing the gard",
UK0001,10000,,,,Juan,Bautista,Juan Bautista  ,Juan Bautista,,Spinner,0,0,Juana,Bernal,,SP01SP000327,"Silk spinner, probably a moor of Genovese descendant",
UK0002,10000,,Núñez,,Blanca,,Blanca  Núñez ,Blanca Núñez,,,0,0,,,,,neighbour of Seville collacion Santa Maria,
UK0003,10000,,Curlo,,Batista,,Batista  Curlo ,Batista Curlo,,merchants,0,0,,,,,Parcent with Lucian Spinola also appear as batista carlo,
UK0004,10000,,Rea,,Martín,,Martín  Rea ,Martín de la Rea,,maritime pilots,0,0,,,,,partner with Francisco de rivarolo and Ximon Fornari,
UK0005,10000,,,,Andrea,,Andrea   ,Andrea,,merchants,0,0,,,,,Estante in castile,
UK0006,10000,,,,Polo,,Polo   ,Polo,,merchants,0,0,,,,,Estante in castile,
UK0007,10000,,,,Pedro,Ambrosio,Pedro Ambrosio  ,Pedro Ambrosio,,merchants,0,0,,,,,,
UK0008,10000,,,,Costa,,Costa   ,micer Costa,,merchants,0,0,,,,,,
UK00087,1000,,Alfaron,,Jacamo,,Jacamo  Alfaron ,Jacamo de Alfaron,,merchants,0,0,,,,,neighbour Lerma in Genoa,
UK0009,10000,,,,Menardoi,,Menardoi   ,micer Menardo,,papermakers,0,0,,,,,maestro de hacer libros de molde,
UK0010,96,,Bondenario,,Tomás,,Tomás  Bondenario ,Tomás Bondinar,,merchants,0,0,,,,,,
UK0011,10000,,Dilloto,,Bartolomé,,Bartolomé  Dilloto ,Bartolomé Dilloto,,merchants,0,0,,,,,,
UK0012,10000,,Balicant,,Jorge,,Jorge  Balicant ,Jorge Balicant,,merchants,0,0,,,,,merchants,
UK0013,10000,,Angelate,,Nicolao,,Nicolao  Angelate ,Nicolao Angelate,,merchants,0,0,,,,,has disputes with alonso de lugo,
UK0014,10000,,,,Domenego,,Domenego   ,Domenego,,,0,0,,,,,"gives power to gracia de castilla, but because of the history of gracia and the other people he represents I think it is Domenego Maffeo",
UK0015,10000,,Llamarte,,Tomás,,Tomás  Llamarte ,Tomás Llamarte,,merchants,0,0,,,,,"creditor of alonso fernandez de lugo for the conquest of the canaries, named english",
UK0016,10000,,Mentón,,Esteban,,Esteban  Mentón ,Esteban Mentón,,merchants,0,0,,,,,buys a house in tenerife 1507,
UK0017,10000,,Labezaris,,Guido,,Guido  Labezaris ,Guido de Labezaris,,merchants,0,0,,,,,gives power to baro to collect money in Venice,
UK0018,10000,,Monardo,,Niculoso,,Niculoso  Monardo ,Niculoso di Monardis,,merchants,0,0,,,,,partner with labezaris,
UK0019,10000,,Martin,,Polo,,Polo  Martin ,Polo Martin,,merchants,0,0,,,,,"neighbour of Jerez, may be Martinnol, Polo",
UK0020,10000,,de Monleone,,Batista,,Batista  de Monleone ,Batista de Monleone,,merchants,0,0,,,,,Neighbour of Santa Maria,
UK0021,10000,,Ficon,,Marcos,,Marcos  Ficon ,Marcos de Ficón,,velvet maker,0,0,,,,,velvet maker,
UK0022,10000,,Barbolán,,Curcio,,Curcio  Barbolán ,Curcio de Barbolán,,,0,0,,,,,neighbour of genoa,
UK0023,10000,,Foras,,Pedro,,Pedro  Foras ,Pedro de Foras,,merchants,0,0,,,,,Estante in castile,
UK0024,10000,,Bairola,,Batista,,Batista  Bairola ,Batista Bairola,,,0,0,,,,,,
UK0025,10000,,Oxelo,,Benito,,Benito  Oxelo ,Benito de Oxelo,,merchants,0,0,,,,,Estante in castile,
UK0026,10000,,,,Marco,Antonio,Marco Antonio  ,Marco Antonio,,merchants,0,0,,,,,Estante in castile,
UK0027,10000,,Duran,,Batista,,Batista  Duran ,Batista Duran,,merchants,0,0,Orentina,Pinelli,,PI0024,power from francisco pinello,
UK0028,10000,,de Bassignana,,Jacome,,Jacome  de Bassignana ,Jacome de Baquiana,,merchants,0,0,,,,,Estante in castile,
UK0029,10000,,de Bassignana,,Esteban,,Esteban  de Bassignana ,Esteban Baquiana,,merchants,0,0,,,,,Estante in castile,
UK0030,10000,,Botaço,,Juan,Antonio,Juan Antonio Botaço ,Juan Antonio Botaço,,merchants,0,0,,,,,Estante in castile,
UK0031,10000,,Guirrazon,,juan,,juan  Guirrazon ,juan guirrazon,,merchants,0,0,,,,,"estante, lastname may also be Guifaçón",
UK0032,10000,,Majuelo,,Antonio,,Antonio  Majuelo ,Antonio de Majuelo,,,0,0,,,,,,
UK0033,10000,,Dorante,,Antonio,,Antonio  Dorante ,Antonio Dorantes,,merchants,0,0,,,,,"estante, could be also d'orantes or something similar",
UK0034,10000,,Griego,,Juan,,Juan  Griego ,Juan Griego,,merchants,0,0,,,,,"estante, porbably a slave or servant from the east",
UK0035,10000,,Llante,,Bartolomé,,Bartolomé  Llante ,Bartolomé Llante,,merchants,0,0,,,,,Cadiz,
UK0036,10000,,Gaboto,,Lorenzo,,Lorenzo  Gaboto ,Lorenzo Gaboto,,merchants,0,0,,,,,,
UK0037,10000,,Oreiro,,Geronimo,,Geronimo  Oreiro ,Gerónimo de Oreiro,,merchants,0,0,,,,,neighbour of gran canary,
UK0038,10000,,de Vairolo,,Sebastian,,Sebastian  de Vairolo ,Sebastian Dayrola,,mernchat,0,0,,,,,estante in city of gibraltar,
UK0039,10000,,Montojo,,Jacomo,,Jacomo  Montojo ,Jacomo de Moncaya,,mernchat,0,0,,,,,estante in city of gibraltar,
UK0040,10000,,Montibus,Astia,Jaun,Lorenzo,Jaun Lorenzo Montibus Astia,Juan Lorenzo de Montibus de Astia,,mernchat,0,0,,,,,"neighbour of gran canary, i think with that last name may be roman and astia is ostia",
UK0041,10000,,Conciencia,,Batista,,Batista  Conciencia ,Batista Conciencia,,mernchat,0,0,,,,,estante in city of gibraltar,
UK0042,10000,,Gaboto,,Nicolao,,Nicolao  Gaboto ,Nicolao Gaboto,,mernchat,0,0,,,,,estante Valencia,
UK0043,10000,,Fieschi,,Opicio,,Opicio  Fieschi ,Opicio Delisco,,mernchat,0,0,,,,,estante Valencia,
UK0044,10000,,Ferro,,Cristóbal,,Cristóbal  Ferro ,Cristónbal Ferro,,drapers,0,1508,,,,,,
UK0045,10000,,Carrega,,Juan,,Juan  Carrega ,Juan de Carrega,,servants,0,0,,,,,criado de francisco riverol,
UK0046,10000,,Gallina,,Angel,,Angel  Gallina ,Angel Galine,,merchants,0,0,,,,,estante Seville,
UK0047,10000,,,,Juan,Andres,Juan Andres  ,Juan Andrea,,merchat,0,0,,,,,,
UK0048,10000,,,,Juan,Augusto,Juan Augusto  ,Juan Augusto,,merchants,0,0,,,,,has contract with the peraza señores de gomera and hierro,
UK0049,10000,,Giuso,,Niculoso,,Niculoso  Giuso ,Nicoloso de Giuso,,merchants,0,0,,,,,estante Seville,
UK0050,10000,,Runco,,Isabel,,Isabel  Runco ,Isable Runco,,,0,0,Luis,Traigo,,TA0001,I belive that the true lastname is franco and runco is a miss transcription it is a 50/50 chance as the only appear in two documents once as franco in the second as runco,
UK0051,10000,,Runco,,Agustin,,Agustin  Runco ,Austin Runco,,,0,0,,,,,I belive that the true lastname is franco and runco is a miss transcription it is a 50/50 chance as the only appear in two documents once as franco in the second as runco,
UK0052,10000,,de Vairolo,,Benito,,Benito  de Vairolo ,Benito Vayrola,,cutlers,0,0,,,,,estante Seville,
UK0053,10000,UK0062,Ferre,,Vincencio,,Vincencio  Ferre ,Vincencio de Ferre,,merchants,0,0,,,,,estante Seville,
UK0054,10000,,Monardo,,Gonzalo,,Gonzalo  Monardo ,Gonzalo de Monardes,,bookmakers,0,0,,,,,neighbour seville collacionsanta maria,
UK0055,10000,,Girolam,,Benito,,Benito  Girolam ,Benito Girolam,,merchants,0,0,,,,,Estante in castile,
UK0056,10000,,Girolam,,Juan,Batista,Juan Batista Girolam ,Juan Batista Giromlam,,merchants,0,0,,,,,Estante in castile,
UK0057,10000,,Poncejón,,Andrés,,Andrés  Poncejón ,Andrés Poncejón,,merchants,0,0,,,,,Estante in castile,
UK0058,10000,,Fargona,,Niculoso,,Niculoso  Fargona ,Niculoso Fargona,,merchants,0,0,,,,,Estante in castile,
UK0059,10000,,Carleva,,Polo,,Polo  Carleva ,Polo de Carleva,,seamen,0,0,,,,,seamen,
UK0060,10000,,de Astis,,Juan,,Juan  de Astis ,Juan de Asto,,merchants,0,0,,,,,Estante in castile,
UK0061,10000,,Berlango,,Benito,,Benito  Berlango ,Benito Berlango,,apothecaries,0,0,Leonor,Vargas,,DO00,neighbour seville collacionsanta maria,
UK0062,10000,,Ferre,,luis,,luis  Ferre ,luis ferre,,,0,1501,,,,,father of vincecio,
UK0063,10000,,Berruo,,Pedro,,Pedro  Berruo ,Pedro Berruo,,merchants,0,1501,,,,,estante Cadiz,
UK0064,10000,,Merlasino,,Jacome,,Jacome  Merlasino ,Jacome Merlasyn,,merchants,0,0,,,,,estante Cadiz,
UK0065,10000,,Torrija,,Vincencio,,Vincencio  Torrija ,Vincencio de Torrija,,merchants,0,0,,,,,Estante in castile,
UK0066,10000,,Torrija,,Ginés,,Ginés  Torrija ,Ginés de Torrija,,merchants,0,0,,,,,Estante in castile,
UK0067,10000,,Gambone,,Bernabe,,Bernabe  Gambone ,Bernabe Janbon,,merchants,0,0,,,,,,
UK0068,10000,,Caubi,,Carnesindo,,Carnesindo  Caubi ,Carnesindo Caubi,,merchants,0,0,,,,,,
UK0069,1000,,Ferre,,Andrea,,Andrea  Ferre ,Andrea Ferre,,tanners,0,0,,,,,neighbour jerez,
UK0070,1000,,Resyna,,Cristóbal,,Cristóbal  Resyna ,Cristóbal Resyna,,,0,0,,,,,neighbour Jerez collacion san miguel,
UK0071,1000,,Merlasino,,Nicoloso,,Nicoloso  Merlasino ,Nicoloso Merlasyn,,merchants,0,0,,,,,estante Jerez,
UK0072,1000,,Requelmo,,Francisco,,Francisco  Requelmo ,Francisco Riquel,,merchants,0,0,,,,,jerez,
UK0073,1000,,,,Polo,Bonifacio,Polo Bonifacio  ,Polo Bonifacio,,merchants,0,0,,,,,jerez,
UK0074,1000,,,,Ximon,,Ximon   ,Ximon,,tanners,0,0,,,,,estante Jerez,
UK0075,1000,,,,Andrea,,Andrea   ,Andrea,,tanners,0,0,,,,,estante Jerez,
UK0076,1000,,Navone,,Miguel,,Miguel  Navone ,Miguel Nabon,,tanners,0,0,,,,,estante Jerez,
UK0077,1000,,de Facio,,Jacomo,,Jacomo  de Facio ,Jacomo de Fato,,merchants,0,0,,,,,estante Jerez,
UK0078,1000,,Aniso,,Jacomo,,Jacomo  Aniso ,Jacamo de Aniso,,unskilled workers,0,0,,,,,estante Jerez,
UK0079,1000,,Mequelyn,,Batysta,,Batysta  Mequelyn ,Batysta Mequelyn,,merchants,0,0,,,,,estante Cadiz,
UK0080,1000,,Lante,,Ambrosio,,Ambrosio  Lante ,Ambrosio Lante,,coopers,0,0,,,,,neighbour Cadiz,
UK0081,1000,,Roncanillo,,Lorenzo,,Lorenzo  Roncanillo ,Lorenzo Roncanillo,,bookmakers,0,0,,,,,neighbour seville collacionsanta maria,
UK0082,1000,,Testan,,Batista,,Batista  Testan ,BAtista de Testan,,merchants,0,0,Fransiqueta,Pinelli,,PI0025,husband of fransiqueta pinello,
UK0083,1000,,Levante,,Jacomo,,Jacomo  Levante ,Jacomo de Levante,,hosiers,0,0,,,,,estante Seville,
UK0084,1000,,Varisco,,Syreto,,Syreto  Varisco ,Syreto de Varisco,,merchants,0,0,,,,,e baeza,
UK0085,1000,,Varisco,,Pantaleon,,Pantaleon  Varisco ,Pantaleon de Varisco,,merchants,0,0,,,,,e in Baeza,
UK0086,1000,,Gaubon,,Bartolomé,,Bartolomé  Gaubon ,Bartolomé Gaubon,,merchants,0,0,,,,,estante gran canaria,
UK0087,96,,Bondenario,,Gonzalo,,Gonzalo  Bondenario ,Gonzalo Bondinar,,merchants,0,0,,,,,estante indies,
UK0088,1000,,Squarciafico,,Marcos,,Marcos  Squarciafico ,Marcos Carsafigo,,merchants,0,0,,,,,estante Granada,
UK0089,10000,,Ferro,,Grogorio,,Grogorio  Ferro ,Gregorio Ferro,,merchants,0,0,,,,,neighbour seville collacionsanta maria,
UK0090,10000,,de Monleone,,Agustin,,Agustin  de Monleone ,Agustin de Monleón,,merchants,0,0,,,,,estante Seville,
UK0091,10000,,Mençan,,Antonio,,Antonio  Mençan ,Antonio Mençan,,merchants,0,0,,,,,estante Seville,
UK0092,10000,uk0091,Mençan,,Bartolomé,,Bartolomé  Mençan ,Bartolomé Mençan,,merchants,0,0,,,,,father of antonio ,
UK0093,10000,,Jacob,,Jacome,,Jacome  Jacob ,Jacome de Jacob,,merchants,0,0,,,,,estante malaga,
UK0094,10000,,,Anza,Bernaldo,,Bernaldo   Anza,Bernaldo de Anza,,merchants,0,0,,,,,estante Seville,
UK0095,10000,,Avla,,Viente,,Viente  Avla ,Vicente Avla,,merchants,0,0,,,,,recident in indies,
UK0096,10000,,Banasco,,Bautista,,Bautista  Banasco ,Bautista Banasco,,merchants,0,0,,,,,recident in indies,
UK0097,10000,,de Monleone,,Pedro,,Pedro  de Monleone ,Pedro de Monleon,,merchants,0,0,,,,,estante Santo Domingo,
UK0098,10000,,Rodríguez,,Diego,,Diego  Rodríguez ,Diego Rodriguez,,maritime pilots,0,0,,,,,maestre and part owner of Carabela san sebastian 1524,
UK0099,10000,,Griego,,Constantin,,Constantin  Griego ,Constantin Griego,,merchants,0,0,,,,,seems to work for leonardo cattaneo,
UK0100,10000,,Gatto,,Francisco,,Francisco  Gatto ,Francisco Gato,,seamen,0,0,,,,,"e seville, slaver",
UK0101,10000,,Reinaldo,,Jorge,,Jorge  Reinaldo ,Jorge Reinaldo,,apothecaries,0,0,,,,,estante Seville,
UK0102,10000,,Judicibus,,Gregorio,,Gregorio  Judicibus ,Gregorio de Jubucius,,merchants,0,0,,,,,estante Jerez,
UK0103,10000,,Zuaje,,Jeronimo,,Jeronimo  Zuaje ,Jeroimo de Zuaje,,merchants,0,0,,,,,"e seville, nephew of antonio anyrone",
UK0104,10000,,Calderino,,teodoro,,teodoro  Calderino ,Teodoro Calderino,,merchants,0,0,,,,,estante Seville,
UK0105,10000,,Pansa,,Jeronimo,,Jeronimo  Pansa ,Jeroimo Panssa,,merchants,0,0,,,,,estante Leon,
UK0106,10000,,Sbarroia,,Esteban,,Esteban  Sbarroia ,Esteban Esbarroya,,merchants,0,0,,,,,estante Córdoba,
UK0107,10000,,Bracelli,,Francisco,,Francisco  Bracelli ,Francisco de Bracelis,,merchants,0,0,,,,,"neighbour Lyon, partner with the doria in seville",
UK0108,10000,,Ferro,,Tomas,,Tomas  Ferro ,Tomas Ferro,17IT,merchants,0,1522,Isabel,Imperial,,,"e Seville, n varazze",
UK0109,10000,,Aboçio,,Gerónimo,,Gerónimo  Aboçio ,Gerónimo Aboçio,,tanners,0,0,,,,,neighbour Jerez collacion Salvador,
UK0110,10000,,Nobis,,Bernabé,,Bernabé  Nobis ,Bernabé Nobis,,merchants,0,0,,,,,estante Santa Cruz de Tenerife,
UK0111,10000,,Mayolo,,Lazaro,,Lazaro  Mayolo ,Lazaro Mayolo,,merchants,0,0,,,,,estante Santa Cruz de Tenerife,
UK0112,10000,,Marenco,,Gregorio,,Gregorio  Marenco ,Gregorio Marengo,,merchants,0,0,,,,,estante Santa Cruz de Tenerife,
UK0113,10000,,Payan,,Gabriel,,Gabriel  Payan ,Gabriel Payan,,merchants,0,1496,,,,,estante Vizcay,
UK0114,10000,,Payan,,Gaspar,,Gaspar  Payan ,Gaspar Payan,,merchants,0,1496,,,,,estante Vizcay,
UK0115,10000,,de Massa,,Francesc,,Francesc  de Massa ,Francesc Maça,,,0,0,,,,,neighbour Seville,
UK0116,10000,,Brignole,,Genisio,,Genisio  Brignole ,Genisio di Brignoli,,merchants,0,0,,,,,estante Seville,
UK0117,10000,,Borniço,,Michele,,Michele  Borniço ,Michele Borniço,,merchants,0,0,,,,,estante Valencia,
UK0118,10000,,Vigna,,Giovanni,,Giovanni  Vigna ,Giovanni del Vinyo,,,0,0,,,,,neighbour Valecia,
UK0119,10000,,de Franciscis,,Sebastiano,,Sebastiano  de Franciscis ,Sebastiano di Franciscis,,,0,0,,,,,"estante Valencia, catalan",
UK0120,10000,,de Franciscis,,Girolamo,,Girolamo  de Franciscis ,Girolamo di Franciscis,,,0,0,,,,,"estante Valencia, catalan",
UK0121,10000,,Fuster,,Climent,,Climent  Fuster ,Climent Fuster,,merchants,0,0,,,,,nn,
UK0122,10000,,Xilo,,Antonio,,Antonio  Xilo ,Antonio Xilo,,merchants,0,0,,,,,estante Seville,
UK0123,10000,,Gambera,,Baltasar,,Baltasar  Gambera ,Baltasar Gombaro,,merchants,0,0,,,,,"genoese neighbour of Alicante, owner of balck slaves",
UK0124,10000,,Fortato,,Marco,,Marco  Fortato ,Marco de Fortato,,merchants,0,0,,,,,merchant trade in slaves in valencia,
UK0125,10000,,Fieschi,,Opi,,Opi  Fieschi ,Opi de Fisco,,merchants,0,0,,,,,merchant trade in slaves in valencia,
UK0126,10000,,Manete,,Crescencio,,Crescencio  Manete ,Crescencio Manete,,merchants,0,0,,,,,"estante in valencia, proctor of burgarini",
UK0127,10000,,Fieschi,,Jacobo,,Jacobo  Fieschi ,Jacobo Delisco,,merchants,0,0,,,,,"estante Lisbon, sents slaves to Genitle in Valencia",
UK0128,10000,,de Monleone,,Luis,,Luis  de Monleone ,Luis Monleon,,merchants,0,0,,,,,"estante in Valencia, trades slaves in Valencia",
UK0129,10000,,Siguer,,Francisco,,Francisco  Siguer ,Francisco Siguer,,merchants,0,0,,,,,"estante in Valencia, trades slaves in Valencia",
UK0130,10000,,de Monleone,,Bernabe,,Bernabe  de Monleone ,Bernabe de Monleon,,merchants,0,0,,,,,Estante Castile,
UK0131,10000,,de Martino,,Polo,,Polo  de Martino ,Polo de Martyno,,merchants,0,0,,,,,Estante Castile,
UK0132,10000,,Bernao,,Juan,,Juan  Bernao ,Juan Bernao,,seamen,0,0,,,,,seamen in Yucatan with francisco genoves and diego diaz,
UK0133,10000,,Estola,,Francisco,,Francisco  Estola ,Francisco Estola,,merchants,0,0,,,,,merchant e in seville partner with marco,
UK0134,10000,,Marco,,Niculao,,Niculao  Marco ,Niculao de Marco,,merchants,0,0,,,,,merchant e in seville partner with estola,
UK0135,10000,,Visencio,,Andrea,,Andrea  Visencio ,Andrea de Vicencio,,merchants,0,0,,,,,merchant e in seville partner with estola,
UK0136,10000,,,,Argueto,,Argueto   ,Argueto,,seamen,0,0,,,,,works for juan rodrigues genovese in nao sta ma de la regla,
UK0137,10000,,Corona,,Juan,,Juan  Corona ,Juan Corona,,merchants,0,0,,,,,estante Cadiz,
UK0138,10000,,Negro,,Pedro,,Pedro  Negro ,Pedro Negro,,servants,0,0,,,,,"e in Seville, servant to Jacome Sopranis SO0016",
UK0139,10000,,Verde,,Simon,,Simon  Verde ,Simón Verde,,,0,0,,,,,estante Venecia,
UK01SP0003,,,Faler,,Rafael,,Rafael  Faler ,Raphael Faler,,merchants,0,0,,,,,"English, estante in Seville,part of the lawsuit agains fernando de vejer",
UK01SP0004,,,Palmar,,Roberto,,Roberto  Palmar ,Robert Palmar,,merchants,0,0,,,,,"English, estante in Seville,part of the lawsuit agains fernando de vejer",
UK01SP0005,,,Cayton,,Juan,,Juan  Cayton ,John Cayton,,merchants,0,0,,,,,"English, estante in Seville,part of the lawsuit agains fernando de vejer",
UK01SP0006,,,Gu,,Richard,,Richard  Gu ,Ricardo Gu,,merchants,0,0,,,,,trades in oil witht the rivarolo,
UK01SP0007,,,Bolestrad,,George,,George  Bolestrad ,Jorge Bolestrad,,,0,0,,,,,,
UK01SP0008,,,Bridges,,Juan,,Juan  Bridges ,John Bridges,,merchants,0,0,,,,,,
UK01SP0009,,,Asteli,,Guillen,,Guillen  Asteli ,Guillen Asteli,,merchants,0,0,,,,,dead by 1500,
UK01SP0010,,,Bodinan,,James,,James  Bodinan ,Jayme Bodian,,merchants,0,0,,,,,,
UK01SP0013,,,Grue,,John,,John  Grue ,Juan Grue,,merchants,0,0,,,,,estante Seville,
UK01SP0016,,,Gilles,,John,,John  Gilles ,Juan Gines,,merchants,0,0,,,,,estante Seville,
UK01SP0017,,,Niel,,Raphael,,Raphael  Niel ,Rafael de Niel,,merchants,0,0,,,,,estante Seville,
UK01SP0018,,,Draygot,,Roger,,Roger  Draygot ,Rogel Draygot,,merchants,0,0,,,,,estante Seville,
UK01SP0019,,,Apolton,,Guillen,,Guillen  Apolton ,Guillen Apolton,,merchants,0,0,,,,,estante Seville,
UK01SP0020,,,Bayaton,,John,,John  Bayaton ,Juan Bayaton,,merchants,0,0,,,,,estante Seville,
UK01SP0021,,,Dorma,,Guillen,,Guillen  Dorma ,Guillen Dorma,,merchants,0,0,,,,,estante Seville,
UK01SP0022,,,Darauver,,Juan,,Juan  Darauver ,Juan Darauver,,merchants,0,0,,,,,"neighbour seville collacion  santa Catalina, yerno de jacomo sopranis",
UK01SP0023,,,Bridges,,Thomas,,Thomas  Bridges ,Tomas de Brujas,,merchants,0,0,,,,,estante Seville,
UK01SP0024,,,Caboto,,Sebastiano ,,Sebastiano   Caboto ,Sebastiano Caboto,,maritime pilots,1474,1557,Catalina,Medrano,,SP01SP002040,Piloto de Castilla Neighbour of London and Seville,
UK01SP0025,,,Bridges,,Luke,,Luke  Bridges ,Lucas Brujas,,merchants,0,0,,,,,"e in Seville, in 1518 neighbour in Lisbon",
UK01SP0026,,,Torne,,Robert,,Robert  Torne ,Roberto Torne,,merchants,0,0,,,,,estante Seville,
UK02SP0002,,,Aberdeen,,Peter,,Peter  Aberdeen ,Peter Aberdeen,,merchants,0,0,,,,,"English Merchand, estante at Cadiz, neighbour of Bristol. Representative of Juan Day",
UK02SP0014,,,Badoyn,,Francisco,,Francisco  Badoyn ,Francisco de Badoyn,,merchants,0,0,,,,,estante Cadiz,
UK02SP0015,,,Mallear,,Thomas,,Thomas  Mallear ,tomas Mallear,,merchants,0,0,,,,,estante Cadiz,
UK02SP0027,,,Patimer,,Enrique,,Enrique  Patimer ,Enrique Patimer,,merchants,0,0,,,,,neighbour Tribujena,
UK27SP0001,,,Day,,Juan,,Juan  Day ,Jhon Day,,merchants,0,0,,,,,"English merchant, estante at Sanlúcar de Barrameda",
UK27SP0011,,,Forte,,Richard,,Richard  Forte ,Ricardo Forte,,merchants,0,0,,,,,estante Sanlúcar de barrameda,
UK27SP0012,,,Far,,Tomás,,Tomás  Far ,Tomás Far,,merchants,0,0,,,,,estante Sanlúcar de barrameda,
UK27SP0016,,,Bordino,,Peter,,Peter  Bordino ,Pedro Bordino,,merchants,0,0,,,,,estante Sanlúcar de barrameda,
US0001,36,,Usodimare,,Pelegro,,Pelegro  Usodimare ,Pelegro de Usodimare,,merchants,0,0,,,,,"Estante, lends money for the seige of Baza",
US0002,36,,Usodimare,,María,,María  Usodimare ,María Usodimar,,,0,0,Francisco,Frías,,SP02SP000591,wife of the mayor and regidor of Cadiz 1491,
US0003,36,,Usodimare,,Batista,,Batista  Usodimare ,Batista Usodimare,,merchants,0,0,,,,,neighbour of jerez,
US0004,36,,Usodimare,,Damian,,Damian  Usodimare ,Damian Usodimare,,merchants,0,1508,,,,,n in puerto Sta Maria,
US0005,36,,Usodimare,,Antonio,,Antonio  Usodimare ,Antonio Usodimare,,merchants,0,0,,,,,e in valencia partner with Grimaldi,
US0006,36,,Usodimare,,Benedetto,,Benedetto  Usodimare ,Benedetto Usodimare,,merchants,0,0,,,,,estante Seville,
VE0001,75,,Vento,,Silvestre,,Silvestre  Vento ,Silvestre Vento,,merchants,0,0,Maria,Vento,,VE0002,last will states debts to the rivarolo,
VE0002,75,,Vento,,Maria,,Maria  Vento ,Maria Vento,,,0,0,Silvestre,Vento,,VE0001,,
VE0003,75,VE0001,Vento,,Bartolomé,,Bartolomé  Vento ,Bartolomé Vento,,,0,0,,,,,,
VE0004,75,VE0001,Vento,,Gregorio,,Gregorio  Vento ,Gregorio Vento,,,0,0,,,,,,
VE0005,75,VE0001,Vento,,Isabel,,Isabel  Vento ,Isabel Vento,,,0,0,,,,,,
VI0001,50,,Vivaldi,,Ximón,,Ximón  Vivaldi ,Ximón de Vivaldo,,merchants,0,0,,,,,works for Martín Centurion,
VI0002,50,,Vivaldi,,Agustín,,Agustín  Vivaldi ,Agustín de Vivaldo,,merchants,0,0,,,,VI0100,"Merchant in Valencia, and at the cort of the queen",
VI0003,50,,Vivaldi,,Benito,Juan,Benito Juan Vivaldi ,Benito Juan de Vivaldo,,merchants,0,0,,,,,Estante in Seville,
VI0004,50,,Vivaldi,,Juanoto,,Juanoto  Vivaldi ,Juanoto Vivaldo,,merchants,0,0,,,,,confused as florentine,
VI0005,50,,Vivaldi,,Julian,,Julian  Vivaldi ,Jilian de Vivaldo,,merchants,0,0,,,,,,
VI0006,50,,Vivaldi,,Celin,,Celin  Vivaldi ,Çelin Biualdo,,merchants,0,0,,,,,neighbour in Jerez,
VI0007,50,,Vivaldi,,Adan,,Adan  Vivaldi ,Adan Bivaldo,,merchants,0,1527,,,,VI0100,factor of Jacome grimaldo,
VI0008,50,,Vivaldi,,Pedro,,Pedro  Vivaldi ,Pedro Vivaldo,,merchants,0,0,,,,,"nn, partner with franco leardo and silvestre brien",
VI0009,50,,Vivaldi,,Domenego,,Domenego  Vivaldi ,Domenego Vivaldo,,merchants,0,0,,,,,"nn, partner with franco leardo and silvestre brien",
VI0010,50,,Vivaldi,,Lorenzo,,Lorenzo  Vivaldi ,Lorenzo Vivaldo,,merchants,0,0,,,,,owner of the nao santa maria de la luz,
VI0011,9,,Vivaldi,,Antonio,,Antonio  Vivaldi ,Antonio Vivaldo,,merchants,0,0,,,,,neighbour London,
VI0100,50,,Vivaldi,,,,  Vivaldi ,nn Vivaldo,,merchants,0,0,,,,,father of agustin and adan.,
VN0001,85,,Vigna,,Mateo,,Mateo  Vigna ,Mateo Viña,,merchants,0,1524,Catalina,Gallegos,,SP15SP000744,"neighbour, in some documents appears as genoese. regidor of tenerife owner of 5-7 suertes de tierra and one sugar mill. with rent of 250000mrs anual rent.",
VN0002,85,,Vigna,,Jacomo,,Jacomo  Vigna ,Jacomo Viña,,merchants,0,0,,,,,neighbour Seville,
VR0001,79,,Vernizio,,Vincencio,,Vincencio  Vernizio ,Vicencio de Vernizio,,merchants,0,0,,,,,in disputes with the Rivarolo after having had a good relationship,
