o:id,o:resource_template,o:resource_class,o:owner,o:is_public,dcterms:title,dcterms:creator,dcterms:description,dcterms:date,dcterms:type,dcterms:identifier,dcterms:language,dcterms:rights,dcterms:alternative,dcterms:isReplacedBy,dcterms:replaces,dcterms:isPartOf,dcterms:isReferencedBy,dcterms:rightsHolder,bibo:authorList,bibo:cites,bibo:identifier,bibo:issn,bibo:pageEnd,bibo:pageStart,bibo:shortDescription,bibo:shortTitle,bibo:volume,foaf:gender,foaf:membershipClass,cidoc-crm:P7_took_place_at,cidoc-crm:P104_is_subject_to,cidoc-crm:P4_has_time-span,cidoc-crm:P53_has_former_or_current_location,cidoc-crm:P48_has_preferred_identifier,cidoc-crm:P108_has_produced,cidoc-crm:P152_has_parent,cidoc-crm:P107_has_current_or_former_member,cidoc-crm:P143_joined,cidoc-crm:P75_possesses,cidoc-crm:P14_carried_out_by,cidoc-crm:P12_occurred_in_the_presence_of,cidoc-crm:P104i_applies_to,cidoc-crm:P30_transferred_custody_of,cidoc-crm:P11_had_participant,cidoc-crm:P126_employed,cidoc-crm:P107i_is_current_or_former_member_of,cidoc-crm:P138_represents,cidoc-crm:P51_has_former_or_current_owner,cidoc-crm:P67_refers_to,cidoc-crm:P53i_is_former_or_current_location_of,cidoc-crm:P1_is_identified_by,cidoc-crm:P93i_was_taken_out_of_existence_by,cidoc-crm:P149_is_identified_by,cidoc-crm:P167_was_at,cidoc-crm:P29_custody_received_by,cidoc-crm:P19_was_intended_use_of,cidoc-crm:P139_has_alternative_form,cidoc-crm:P22_transferred_title_to,cidoc-crm:P131_is_identified_by,cidoc-crm:P102_has_title,cidoc-crm:P8_took_place_on_or_within,cidoc-crm:P8i_witnessed,cidoc-crm:P27i_was_origin_of,cidoc-crm:P7i_witnessed,cidoc-crm:P2_has_type,cidoc-crm:P50_has_current_keeper,cidoc-crm:P23_transferred_title_from,cidoc-crm:P129_is_about,cidoc-crm:P159_occupied,cidoc-crm:P69_has_association_with,cidoc-crm:P168_place_is_defined_by,cidoc-crm:P3_has_note,cidoc-crm:P82a_begin_of_the_begin,cidoc-crm:P82b_end_of_the_end,cidoc-crm:P167_was_within,cidoc-crm:P175i_starts_after_or_with_the_start_of,cidoc-crm:P184_ends_before_or_with_the_end_of
44240,Place,cidoc-crm:E53_Place,steven.teasdale@alumni.utoronto.ca,true,,,"Valenza was a commune in the province of Alessandria which was under Milanese control during the late medieval and early modern periods.",,,341579e9-3c5f-4e5b-8fb5-d92f3c7ba9e5,,,,,,,,,,,,,,,,,,,,,,,"http://www.geonames.org/3164920 Valenza",Valenza,,,,,,,,,,,,,,,,,,,,,,,"de Valentia",,,,,,,,,,,,,,,,,,,,
44191,Place,cidoc-crm:E53_Place,steven.teasdale@alumni.utoronto.ca,true,,,"Città di Castello was a commune in the province of Perugia that became part of the Papal State in 1502.",,,62a84d0a-07c2-4ff6-8df6-288c6f73ebd1,,,,,,,"https://en.wikipedia.org/wiki/Citt%C3%A0_di_Castello Città di Castello (Wikipedia)",,,,,,,,,,,,,,,,"http://www.geonames.org/3178619 Città di Castello","Città di Castello",,,,,,,,,,,,,,,,,,,,,,,"de Civitate Casteli",,,,,,,,,,,,,,,,,,,,
44177,Place,cidoc-crm:E53_Place,steven.teasdale@alumni.utoronto.ca,true,,,,,,e2899010-303d-4c5d-b30d-3c2f77032912,,,,,,,,,,,,,,,,,,,,,,,,"The neighbourhood (contrada) of San Niccolò de Valleclara",,,,,,,,,,,,,,,,,,,,,,,"Ianue in contracta Sancto Nicolai de Valeclara",,,,43993,,,,,,,,,,,,,,,,
44168,Place,cidoc-crm:E53_Place,steven.teasdale@alumni.utoronto.ca,true,,,,,,9e0e8fad-940d-4864-9419-f66e894aa092,,,,,,,,,,,,,,,,,,,,,,,"http://www.geonames.org/443809 Rhodes Harbour","port of Rhodes",,,,,,,,,,,,,,,,,,,,,,,"in canali Rhodi",,,,26150,,,,,,,,,,,,,,,,
44165,Place,cidoc-crm:E53_Place,steven.teasdale@alumni.utoronto.ca,true,,,"The Ottoman Empire was an empire centred around Anatolia that existed from the early fourteenth to the early twentith century.",,,3f608645-78aa-4b06-831d-20434e244e48,,,,,,,"https://en.wikipedia.org/wiki/Ottoman_Empire Ottoman Empire (Wikipedia)",,,,,,,,,,,,,,,,"http://www.geonames.org/323835 Anatolia","Ottoman Empire",,,,,,,,,,,,,,,,,,,,,,,,,,,,,,,,,,,,,,,,,,,
44144,Place,cidoc-crm:E53_Place,steven.teasdale@alumni.utoronto.ca,true,,,,,,100c314e-4ada-44c9-8e09-07b5d9781387,,,,,,,"https://en.wikipedia.org/wiki/Narbonne Narbonne (Wikipedia)",,,,,,,,,,,,,,,,"http://www.geonames.org/2990919 Narbonne",Narbonne,,,,,,,,,,,,,,,,,,,,,,,"de Nerbona",,,,31082,,,,,,,,,,,,,,,,
44099,Place,cidoc-crm:E53_Place,steven.teasdale@alumni.utoronto.ca,true,,,"In the late medieval and early modern period Tunisia was a region within the Hafsid Kingdom",,,7a0b6857-5f66-4791-a120-c1fd61838428,,,,,,,"https://en.wikipedia.org/wiki/History_of_medieval_Tunisia#Hafsid_dynasty_of_Tunis Hafsid Dynasty of Tunis",,,,,,,,,,,,,,,,"http://www.geonames.org/2464461 Tunisia",Tunisia,,,,,,,,,,,,,,,,,,,,,,,,,,,,,,,,,,,,,,,,,,,
43994,Place,cidoc-crm:E53_Place,steven.teasdale@alumni.utoronto.ca,true,,,,,,97e61230-ca03-4a11-bada-dee5d97918fa,,,,,,,,,,,,,,,,,,,,,,,,"The neighbourhood (contrada) of nobilium de Calvus et Palavicinus",,,,,,,,,,,,,,,,,,,,,,,"Ianue in contracta nobilium de Calvus et Palavicinus | contracta Calvorum | fondico Palavicinorum",,,,43993,,,,,,,,,,,,,,,,
43993,Place,cidoc-crm:E53_Place,steven.teasdale@alumni.utoronto.ca,true,,,,,,0375cb97-cd4d-4b3c-95cf-91fe60b5d826,,,,,,,,,,,,,,,,,,,,,,,,"The sub-district (conestagia) of Porta dei Vacca",,,,,,,,,,,,,,,,,,,,,,,"contracta Portae Vacarum",,,,40871,,,,,,,,,,,,,,,,
43941,Place,cidoc-crm:E53_Place,steven.teasdale@alumni.utoronto.ca,true,,,"Rossiglione was a commune approximately 40km north-west of the city of Genoa.",,,44cd53b3-7014-492d-9941-e53415419bb4,,,,,,,"https://it.wikipedia.org/wiki/Rossiglione_(Italia) Wikipedia",,,,,,,,,,,,,,,,"http://www.geonames.org/3168908 Rossiglione",Rossiglione,,,,,,,,,,,,,,,,,,,,,,,"de Rusiliono",,,,,,,,,,,,,,,,,,,,
43917,Place,cidoc-crm:E53_Place,steven.teasdale@alumni.utoronto.ca,true,,,,,,32034a1b-9f99-4aad-8d30-06c973d75183,,,,,,,"https://en.wikipedia.org/wiki/Piombino Piombino (Wikipedia)",,,,,,,,,,,,,,,,"http://www.geonames.org/3170674 Piombino",Piombino,,,,,,,,,,,,,,,,,,,,,,,Plumbini,,,,,,,,,,,,,,,,,,,,
43912,Place,cidoc-crm:E53_Place,steven.teasdale@alumni.utoronto.ca,true,,,,,,0c2c81c0-c6d4-446a-827e-62a9493b4591,,,,,,,,,,,,,,,,,,,,,,,,"The neighbourhood (contrada) of Platea de Squarciaficis",,,,,,,,,,,,,,,,,,,,,,,"Ianue in contracta nobilium de Squarzaficis | contrata et platea de Squarzaficis et de Marocellis",,,,26324,,,,,,,,,,,,,,,,
43903,Place,cidoc-crm:E53_Place,steven.teasdale@alumni.utoronto.ca,true,,,,,,e3ea6cec-5ed1-40e8-afea-2e761d3aa3fb,,,,,,,,,,,,,,,,,,,,,,,,"The neighbourhood (contrada) of Canneto",,,,,,,,,,,,,,,,,,,,,,,"Ianue in contracta Canete",,,,26314,,,,,,,,,,,,,,,,
43897,Place,cidoc-crm:E53_Place,steven.teasdale@alumni.utoronto.ca,true,,,"Quinto al Mare (known just as Quinto in the late medieval and early modern period) was a commune approximately 8 km east of the city of Genoa. It had been under Genoese rule since the twelfth century.",,,36728214-3823-4c70-9719-f10ee05d1d88,,,,,,,"https://it.wikipedia.org/wiki/Quinto_al_Mare Quinto al Mare (Wikipedia)",,,,,,,,,,,,,,,,"http://www.geonames.org/3169664 Quinto al Mare","Quinto al Mare",,,,,,,,,,,,,,,,,,,,,,,"de Quinto | di Quinto",,,,,,,,,,,,,,,,,,,,
43832,Place,cidoc-crm:E53_Place,steven.teasdale@alumni.utoronto.ca,true,,,,,,01f54e4c-a595-43ed-bde0-925496d8ecc5,,,,,,,,,,,,,,,,,,,,,,,,"The neighbourhood (contrada) of Platea Sancti Laurentii",,,,,,,,,,,,,,,,,,,,,,,"Ianue in contracta Sancti Laurentii | platea Sancti Laurentii",,,,26324,,,,,,,,,,,,,,,,
43822,Place,cidoc-crm:E53_Place,steven.teasdale@alumni.utoronto.ca,true,,,,,,2ab952fc-c40c-41fa-8314-f721003d43fe,,,,,,,,,,,,,,,,,,,,,,,,"The neighbourhood (contrada) of Platea Lunga",,,,,,,,,,,,,,,,,,,,,,,"Ianue in contracta platee Longe | contrata Plateaelongae",,,,37068,,,,,,,,,,,,,,,,
43807,Place,cidoc-crm:E53_Place,steven.teasdale@alumni.utoronto.ca,true,,,"Aurigo was a commune in Imperia that was under control of the counts of Ventimiglia during the late medieval period.",,,903131aa-6267-482c-95cd-8cdd0aecc692,,,,,,,"https://it.wikipedia.org/wiki/Aurigo Aurigo (Wikipedia)",,,,,,,,,,,,,,,,"http://www.geonames.org/6536065 Aurigo",Aurigo,,,,,,,,,,,,,,,,,,,,,,,,,,,,,,,,,,,,,,,,,,,
43803,Place,cidoc-crm:E53_Place,steven.teasdale@alumni.utoronto.ca,true,,,"The Val Polcevera is a river valley west of the city of Genoa.",,,00965164-8292-4924-b027-b25e5926d251,,,,,,,"https://it.wikipedia.org/wiki/Val_Polcevera Val Polcevera (Wikipedia)",,,,,,,,,,,,,,,,"http://www.geonames.org/3170402 Valle Polcevera","Valle Polcevera",,,,,,,,,,,,,,,,,,,,,,,"de Poncevera | de Pulcifera",,,,,,,,,,,,,,,,,,,,
43794,Place,cidoc-crm:E53_Place,steven.teasdale@alumni.utoronto.ca,true,,,"The village or neighbourhood of Fassolo was a region in the fifteenth century located outside the western walls of Genoa",,,4f7deec7-2749-45f4-9bea-ea1649ec3638,,,,,,,,,,,,,,,,,,,,,,,,Fassolo,,,,,,,,,,,,,,,,,,,,,,,"in villa Fassolli suburbiorum Ianue | Fassolo",,,,,,,,,,,,,,,,,,,,
43460,Place,cidoc-crm:E53_Place,steven.teasdale@alumni.utoronto.ca,true,,,,,,b0cc8d24-1800-4c92-b134-8d6087ae1ddf,,,,,,,,,,,,,,,,,,,,,,,,"The neighbourhood (contrada) of Murchiis",,,,,,,,,,,,,,,,,,,,,,,"Ianue... positam sub ripa in contracta de Murchiis | carrubeus Murchorum",,,,41296,,,,,,,,,,,,,,,,
43443,Place,cidoc-crm:E53_Place,steven.teasdale@alumni.utoronto.ca,true,,,,,,0d1f8738-05c3-45c0-ad91-d2e7aca51426,,,,,,,,,,,,,,,,,,,,,,,,"The neighbourhood (contrada) of Platea de Finamariis",,,,,,,,,,,,,,,,,,,,,,,"Ianue in platea de Finamariis",,,,26324,,,,,,,,,,,,,,,,
43273,Place,cidoc-crm:E53_Place,steven.teasdale@alumni.utoronto.ca,true,,,"carrubeus Clape Olei | contrata Clape Olei | in contracta Clape Olei",,,5b9d309f-ba8a-4a24-a1f1-4d5d3ad57f66,,,,,,,,,,,,,,,,,,,,,,,,"The neighbourhood (contrada) of Clapa Olei",,,,,,,,,,,,,,,,,,,,,,,,,,,26314,,,,,,,,,,,,,,,,
43240,Place,cidoc-crm:E53_Place,steven.teasdale@alumni.utoronto.ca,true,,,,,,66c9f758-960a-4064-88ab-39b1809f8d25,,,,,,,,,,,,,,,,,,,,,,,,"The neighbourhood (contrada) of Platea de Guastato",,,,,,,,,,,,,,,,,,,,,,,,,,,43239,,,,,,,,,,,,,,,,
43239,Place,cidoc-crm:E53_Place,steven.teasdale@alumni.utoronto.ca,true,,,,,,607c59c7-ff84-415b-8bfd-1cf9a1bfb174,,,,,,,,,,,,,,,,,,,,,,,,"The sub-district (conestagia) of Untoria",,,,,,,,,,,,,,,,,,,,,,,Unctorie,,,,40871,,,,,,,,,,,,,,,,
43217,Place,cidoc-crm:E53_Place,steven.teasdale@alumni.utoronto.ca,true,,,"Parabiago is a commune in the province of Lombardia. In the late Middle Ages it was under the jurisdiction of the Republic of Milan.",,,5f89d435-34ff-43e2-b32d-f9183ae64775,,,,,,,"https://it.wikipedia.org/wiki/Parabiago Parabiago (Wikipedia)",,,,,,,,,,,,,,,,"http://www.geonames.org/3171484 Parabiago",Parabiago,,,,,,,,,,,,,,,,,,,,,,,"de Parabiago",,,,26138,,,,,,,,,,,,,,,,
43181,Place,cidoc-crm:E53_Place,steven.teasdale@alumni.utoronto.ca,true,,,,,,8e425143-40c0-422e-9ab0-378efc2c2f31,,,,,,,,,,,,,,,,,,,,,,,,"The neighbourhood of Carrubeo Feni",,,,,,,,,,,,,,,,,,,,,,,"Ianue in contracta Suxilie videlicet in carubeo nuncapato carubeus Feni | carrubeus Feni",,,,40422,,,,,,,,,,,,,,,,
42993,Place,cidoc-crm:E53_Place,steven.teasdale@alumni.utoronto.ca,true,,,,,,dda7cee5-5e07-4b5f-9d03-5cf264914aef,,,,,,,,,,,,,,,,,,,,,,,,"The neighbourhood (contrada) of Platea de Luxardis",,,,,,,,,,,,,,,,,,,,,,,"Ianue... posite iuxta platea de Luxardis",,,,40422,,,,,,,,,,,,,,,,
42941,Place,cidoc-crm:E53_Place,steven.teasdale@alumni.utoronto.ca,true,,,,,,e14f7dac-d966-4452-9d26-15f70607f690,,,,,,,,,,,,,,,,,,,,,,,,"The neighbourhood (contrada) of Platea de Cigallis",,,,,,,,,,,,,,,,,,,,,,,"Ianue... in platea nobilium de Cigallis | platea de Cigalis",,,,26324,,,,,,,,,,,,,,,,
42909,Place,cidoc-crm:E53_Place,steven.teasdale@alumni.utoronto.ca,true,,,"Novara is a commune in the province of Piedmont.",,,22c7bb14-510c-4db3-bc23-bbdd4b4fb5ae,,,,,,,"https://en.wikipedia.org/wiki/Novara Novara (Wikipedia)",,,,,,,,,,,,,,,,"http://www.geonames.org/3172189 Novara",Novara,,,,,,,,,,,,,,,,,,,,,,,"de Novaria",,,,,,,,,,,,,,,,,,,,
42819,Place,cidoc-crm:E53_Place,steven.teasdale@alumni.utoronto.ca,true,,,"Bogliasco was a historical comune in the region of Liguria and was located about 11 kilometres southeast of Genoa.",,,48c8c1e5-c928-4a4e-aaf8-c874811a500f,,,,,,,"https://it.wikipedia.org/wiki/Bogliasco Bogliasco (Wikipedia)",,,,,,,,,,,,,,,,"http://www.geonames.org/3181943 Bogliasco",Bogliasco,,,,,,,,,,,,,,,,,,,,,,,"de Boliasco",,,,,,,,,,,,,,,,,,,,
42811,Place,cidoc-crm:E53_Place,steven.teasdale@alumni.utoronto.ca,true,,,"The Marquisate of Incisa was a historical region located in southern Piedmont, approximately 90km north of Genoa, that existed between the twelfth and sixteenth centuries.",,,7f44c1d2-8428-4b42-8ad9-9dcb0deb3698,,,,,,,"https://it.wikipedia.org/wiki/Marchesato_di_Incisa Marchesato di Incisa (Wikipedia)",,,,,,,,,,,,,,,,"http://www.geonames.org/6542456 Incisa Scapaccino","Marchesato di Incisa",,,,,,,,,,,,,,,,,,,,,,,"Incisa | Ancisa",,,,,,,,,,,,,,,,,,,,
42809,Place,cidoc-crm:E53_Place,steven.teasdale@alumni.utoronto.ca,true,,,,,,de2438df-a01e-47bd-a826-0de884baefae,,,,,,,,,,,,,,,,,,,,,,,,"The neighbourhood (contrada) of Platea de Lecavellis",,,,,,,,,,,,,,,,,,,,,,,"Ianue in caminata domus habitacione dicti Simonis Lecavellum posite in Platea de Lecavellis | contrata Lechavelorum",,,,41504,,,,,,,,,,,,,,,,
42683,Place,cidoc-crm:E53_Place,steven.teasdale@alumni.utoronto.ca,true,,,,,,f3407391-9f74-4e27-ae67-38837fa1f182,,,,,,,"https://en.wikipedia.org/wiki/Pavia Pavia (Wikipedia)",,,,,,,,,,,,,,,,"http://www.geonames.org/3171366 Pavia",Pavia,,,,,,,,,,,,,,,,,,,,,,,,,,,,,,,,,,,,,,,,,,,
42600,Place,cidoc-crm:E53_Place,steven.teasdale@alumni.utoronto.ca,true,,,,,,59af1461-63b9-4332-a842-4002f5b50f64,,,,,,,,,,,,,,,,,,,,,,,"http://www.geonames.org/8978814 Dezerega",Dezerega,,,,,,,,,,,,,,,,,,,,,,,"de Dezerega",,,,31031,,,,,,,,,,,,,,,,
42587,Place,cidoc-crm:E53_Place,steven.teasdale@alumni.utoronto.ca,true,,,,,,86071c52-c318-41b1-9cae-96b51e74bfb4,,,,,,,,,,,,,,,,,,,,,,,,"The sub-district (conestagia) of San Ambrogio",,,,,,,,,,,,,,,,,,,,,,,"Ianue in contracta Sancti Ambrosii | platea San Ambrosii",,,,26198,,,,,,,,,,,,,,,,
42563,Place,cidoc-crm:E53_Place,steven.teasdale@alumni.utoronto.ca,true,,,"Ponzone was a commune in the region of Alessandria, in Piedmonte.",,,43305f6d-ae5a-474f-a79a-21e3f7498e38,,,,,,,"https://it.wikipedia.org/wiki/Ponzone Ponzone (Wikipedia)",,,,,,,,,,,,,,,,"http://www.geonames.org/6538212 Ponzone",Ponzone,,,,,,,,,,,,,,,,,,,,,,,"de Ponzono",,,,27583,,,,,,,,,,,,,,,,
42472,Place,cidoc-crm:E53_Place,steven.teasdale@alumni.utoronto.ca,true,,,"Cigliano was a commune in the province of Piemonte.",,,76d470cc-46f8-410f-bff2-4d3746ef74f7,,,,,,,"https://it.wikipedia.org/wiki/Cigliano Cigliano (Wikipedia)",,,,,,,,,,,,,,,,"http://www.geonames.org/3178709 Cigliano",Cigliano,,,,,,,,,,,,,,,,,,,,,,,"de Cicliano",,,,,,,,,,,,,,,,,,,,
42415,Place,cidoc-crm:E53_Place,steven.teasdale@alumni.utoronto.ca,true,,,"Campeglio is a ""frazione"" within the commune of Castiglinone Chiavaresi in the province of Liguria. It was under the administration of the Republic of Genoa during the late medieval and early modern period.",,,29e88dea-bf88-4ac8-9716-01f20722b591,,,,,,,,,,,,,,,,,,,,,,,"http://www.geonames.org/8050917 Campegli",Campegli,,,,,,,,,,,,,,,,,,,,,,,"de Campelio",,,,31027,,,,,,,,,,,,,,,,
42373,Place,cidoc-crm:E53_Place,steven.teasdale@alumni.utoronto.ca,true,,,,,,b24545aa-2814-4d5c-9726-945be082bda3,,,,,,,,,,,,,,,,,,,,,,,,"The neighbourhood (contrada) of the Doria albergo",,,,,,,,,,,,,,,,,,,,,,,"contrata illorum de Auria | carrubeus illorum de Auria | contracta nobilium de Auria | plateam nobilium de Auria",,,,38552,,,,,,,,,,,,,,,,
42333,Place,cidoc-crm:E53_Place,steven.teasdale@alumni.utoronto.ca,true,,,"The Val d'Aveto, or the Aveto Valley, is a region between the provinces of Liguria and Emilia-Romagna. It was under the control of the Malaspina and Fieschi families during the late Middle Ages.",,,4ce30026-ed42-4b39-b83a-2be0117a1d3c,,,,,,,"https://it.wikipedia.org/wiki/Val_d%27Aveto Val d'Aveto (Wikipedia)",,,,,,,,,,,,,,,,,"Val d'Aveto",,,,,,,,,,,,,,,,,,,,,,,"de Vedeveto | de Vadavanto | de Vadeveto",,,,,,,,,,,,,,,,,,,,
42283,Place,cidoc-crm:E53_Place,steven.teasdale@alumni.utoronto.ca,true,,,"de Insulabona",,,b726c39d-dc29-427e-bb5e-bb2c4ae6f7ce,,,,,,,https://it.wikipedia.org/wiki/Isolabona,,,,,,,,,,,,,,,,"http://www.geonames.org/6536073 Isolabona",Isolabona,,,,,,,,,,,,,,,,,,,,,,,,,,,,,,,,,,,,,,,,,,,
42237,Place,cidoc-crm:E53_Place,steven.teasdale@alumni.utoronto.ca,true,,,"Ianue sub Ripa Formagiariorum",,,ac6f9caf-5fee-48cc-98fd-3e2977025cb1,,,,,,,,,,,,,,,,,,,,,,,,"The neighbourhood (contrada) of Ripa Formaiariorum",,,,,,,,,,,,,,,,,,,,,,,,,,,40722,,,,,,,,,,,"See Luciano Grossi Bianchi and Ennio Poleggi, “La città nelle fonti del secolo XV,” in Una città portuale del medioevo: Genova nei secoli X–XVI (Genova: SAGEP, 1987), p. 180.",,,,,
42158,Place,cidoc-crm:E53_Place,steven.teasdale@alumni.utoronto.ca,true,,,"The commune of Merate is located in Lombardia and was under the dominion of the republic of Milan in the late medieval and early modern periods.",,,f1f067ba-d556-4428-b9bc-c598105febc7,,,,,,,"https://it.wikipedia.org/wiki/Merate Merate (Wikipedia)",,,,,,,,,,,,,,,,"http://www.geonames.org/3173576 Merate",Merate,,,,,,,,,,,,,,,,,,,,,,,"de Merate",,,,26138,,,,,,,,,,,,,,,,
42150,Place,cidoc-crm:E53_Place,steven.teasdale@alumni.utoronto.ca,true,,,"Laganasco was a commune in Piedmonte under Milanese domination during the fifteenth century.",,,ead5f6af-a875-4a6d-af10-622093a7e11c,,,,,,,"https://it.wikipedia.org/wiki/Lagnasco Lagnasco (Wikipedia)",,,,,,,,,,,,,,,,"http://www.geonames.org/6543447 Lagnasco",Lagnasco,,,,,,,,,,,,,,,,,,,,,,,"de Lagnasco",,,,26138,,,,,,,,,,,,,,,,
42123,Place,cidoc-crm:E53_Place,steven.teasdale@alumni.utoronto.ca,true,,,,,,c5505e51-84f0-4e47-95fb-a86755cfba8b,,,,,,,,,,,,,,,,,,,,,,,,"The sub-district (conestagia) of Mascherana",,,,,,,,,,,,,,,,,,,,,,,,,,,26313,,,,,,,,,,,,,,,,
42115,Place,cidoc-crm:E53_Place,steven.teasdale@alumni.utoronto.ca,true,,,,,,90edf956-a9bd-452e-9a87-059ca40fac90,,,,,,,,,,,,,,,,,,,,,,,,"The neighbourhood (contrada) of the church of San Giorgio",,,,,,,,,,,,,,,,,,,,,,,"Ianue in contracta ecclesie Sancti Georgii | platea Sancti Georgii",,,,31002,,,,,,,,,,,,,,,,
41990,Place,cidoc-crm:E48_Place_Name,steven.teasdale@alumni.utoronto.ca,true,,,"Sevastopol is a region in the Crimean Peninsula that contained the colonies of Cherson and Balaklava.",,,5468905d-421d-4207-bb50-c8e334627edb,,,,,,,"https://en.wikipedia.org/wiki/Sevastopol Sevastopol (Wikipedia)",,,,,,,,,,,,,,,,"http://www.geonames.org/11361458 Sevastopol",Sevastopol,,,,,,,,,,,,,,,,,,,,,,,Savastopoli,,,,31545,,,,,,,,,,,,,,,,
41960,Place,cidoc-crm:E48_Place_Name,steven.teasdale@alumni.utoronto.ca,true,,,"La Palma is one of the eight primary Canary Islands.",,,452cf645-df6b-48dd-9b74-cff39e7c7727,,,,,,,"https://en.wikipedia.org/wiki/La_Palma La Palma (Wikipedia)",,,,,,,,,,,,,,,,"http://www.geonames.org/2515680 La Palma Island","La Palma",,,,,,,,,,,,,,,,,,,,,,,"insula Parme",,,,31542,,,,,,,,,,,,,,,,
41958,Place,cidoc-crm:E48_Place_Name,steven.teasdale@alumni.utoronto.ca,true,,,"This is the island of Fuerteventura, part of the Canary Islands.",,,6e6fd98a-3a25-476d-894b-808b45780bc6,,,,,,,"https://en.wikipedia.org/wiki/Fuerteventura Fuerteventura (Wikipedia)",,,,,,,,,,,,,,,,"http://www.geonames.org/2517481 Fuerteventura",Fuerteventura,,,,,,,,,,,,,,,,,,,,,,,"insula Fortis venture",,,,31542,,,,,,,,,,,,,,,,
41956,Place,cidoc-crm:E48_Place_Name,steven.teasdale@alumni.utoronto.ca,true,,,"Puerto de Santa María was Spanish commune located in Andalusia and under the administration of the Crown of Castile during the late medieval and early modern periods.",,,a07e1fb9-97a4-4080-afe0-33272aaab764,,,,,,,"https://en.wikipedia.org/wiki/El_Puerto_de_Santa_Mar%C3%ADa Puerto de Santa María (Wikipedia)",,,,,,,,,,,,,,,,"http://www.geonames.org/2518207 El Puerto de Santa María","Puerto de Santa María",,,,,,,,,,,,,,,,,,,,,,,"Portus Sancte Marie",,,,26403,,,,,,,,,,,,,,,,
41933,Place,cidoc-crm:E48_Place_Name,steven.teasdale@alumni.utoronto.ca,true,,,,,,e3969000-c43c-4d15-b62b-64a698b8a4f3,,,,,,,,,,,,,,,,,,,,,,,,"The loggia of the laneriorum",,,,,,,,,,,,,,,,,,,,,,,"in logia laneriorum | logge dei lanieri",,,,41504,,,,,,,,,,,,,,,,
41886,Place,cidoc-crm:E48_Place_Name,steven.teasdale@alumni.utoronto.ca,true,,,"Oneglia is a commune in the province of Imperia which was under Genoese dominion in the late medieval and early modern era.",,,60f013df-10e3-42b3-bdd0-21e6fa29ae4e,,,,,,,"https://it.wikipedia.org/wiki/Oneglia Oneglia (Wikipedia)",,,,,,,,,,,,,,,,"http://www.geonames.org/3172014 Oneglia",Oneglia,,,,,,,,,,,,,,,,,,,,,,,"valle Unelie",,,,,,,,,,,,,,,,,,,,
41864,Place,cidoc-crm:E48_Place_Name,steven.teasdale@alumni.utoronto.ca,true,,,"Bavari was a rural commune under Genoese administration since the Middle Ages.",,,b23cd3f5-e8e5-4ee2-b3ac-5f2ca64be631,,,,,,,"https://it.wikipedia.org/wiki/Bavari_(Genova) Bavari (Wikipedia)",,,,,,,,,,,,,,,,"http://www.geonames.org/7603230 Bavari",Bavari,,,,,,,,,,,,,,,,,,,,,,,,,,,41526,,,,,,,,,,,,,,,,
41823,Place,cidoc-crm:E48_Place_Name,steven.teasdale@alumni.utoronto.ca,true,,,"Famagusta was a port city on the island of Cyprus that was under Genoese administration from 1372 to 1489.",,,c8203690-23f1-43fe-a84f-bba585519d7a,,,,,,,"https://en.wikipedia.org/wiki/Famagusta Famagusta (Wikipedia)",,,,,,,,,,,,,,,,"http://www.geonames.org/146617 Famagusta",Famagusta,,,,,,,,,,,,,,,,,,,,,,,Famagosta,,,,,,,,,,,,,,,,,,,,
41798,Place,cidoc-crm:E48_Place_Name,steven.teasdale@alumni.utoronto.ca,true,,,,,,6f91107a-2d96-4878-a4dd-e6adae60ca94,,,,,,,,,,,,,,,,,,,,,,,,"The neighbourhood (contrada) of nobilium de Imperialibus",,,,,,,,,,,,,,,,,,,,,,,"Ianue in contracta nobilium de Imperialibus | platea illorum de Imperialibus | carrubeus de Imperialibus | Ianue... in contracta de Imperialibus",,,,41797,,,,,,,,,,,,,,,,
41797,Place,cidoc-crm:E48_Place_Name,steven.teasdale@alumni.utoronto.ca,true,,,,,,12bc9664-7cb2-4450-83c3-d80bf091c226,,,,,,,,,,,,,,,,,,,,,,,,"The sub-district (conestagia) of Campetto",,,,,,,,,,,,,,,,,,,,,,,,,,,31003,,,,,,,,,,,,,,,,
41790,Place,cidoc-crm:E48_Place_Name,steven.teasdale@alumni.utoronto.ca,true,,,"Gréolières was a commune in south France close to the province of Imperia. ",,,bd1b98f1-bf0b-4b66-9020-3c6e701f3b60,,,,,,,"https://en.wikipedia.org/wiki/Gr%C3%A9oli%C3%A8res Gréolières (Wikipedia)",,,,,,,,,,,,,,,,"http://www.geonames.org/3014718 Gréolières",Gréolières,,,,,,,,,,,,,,,,,,,,,,,"de Groleriis",,,,31082,,,,,,,,,,,,,,,,
41773,Place,cidoc-crm:E48_Place_Name,steven.teasdale@alumni.utoronto.ca,true,,,"Ripalta was a commune in the province of La Spezia that was under Genoese dominion during the late medieval and early modern era.",,,0bcf92e4-b679-48c6-b6f1-e2f5b1864310,,,,,,,"https://it.wikipedia.org/wiki/Ripalta_(Borghetto_di_Vara) Ripalta (Wikipedia)",,,,,,,,,,,,,,,,"http://www.geonames.org/8973675 Ripalta",Ripalta,,,,,,,,,,,,,,,,,,,,,,,"de Ripalta",,,,37117,,,,,,,,,,,,,,,,
41770,Place,cidoc-crm:E48_Place_Name,steven.teasdale@alumni.utoronto.ca,true,,,"San Andrés de Teixido was a commune under the administration of the Kingdom of Castile.",,,c9617b3c-5f1a-46a4-8e6d-1b485b662609,,,,,,,"https://es.wikipedia.org/wiki/San_Andr%C3%A9s_de_Teixido San Andrés de Teixido (Wikipedia)",,,,,,,,,,,,,,,,"http://www.geonames.org/6697219 San Andres de Teixido","San Andrés de Teixido",,,,,,,,,,,,,,,,,,,,,,,"Sancto Anderi regni Castelle",,,,26403,,,,,,,,,,,,,,,,
41726,Place,cidoc-crm:E48_Place_Name,steven.teasdale@alumni.utoronto.ca,true,,,"Falset is a commune in the province of Tarragona in the Principality of Catalonia.",,,b5690a16-2518-4be4-afe3-73355e0971fa,,,,,,,"https://es.wikipedia.org/wiki/Falset Falset (Wikipedia)",,,,,,,,,,,,,,,,"http://www.geonames.org/3122656 Falset",Falset,,,,,,,,,,,,,,,,,,,,,,,"de Falceto",,,,27636,,,,,,,,,,,,,,,,
41661,Place,cidoc-crm:E48_Place_Name,steven.teasdale@alumni.utoronto.ca,true,,,,,,a894dbe6-c099-4e31-bc42-436c0069d3a3,,,,,,,,,,,,,,,,,,,,,,,,"The neighbourhood (contrada) of Platea Marmorea",,,,,,,,,,,,,,,,,,,,,,,"Ianue in vico iuxta plateam Marmoream de bancis",,,,26315,,,,,,,,,,,,,,,,
41627,Place,cidoc-crm:E48_Place_Name,steven.teasdale@alumni.utoronto.ca,true,,,,,,b31efca3-a4bd-4f28-bb7a-633ab347b8b5,,,,,,,"https://it.wikipedia.org/wiki/Arenzano Arenzano (Wikipedia)",,,,,,,,,,,,,,,,"http://www.geonames.org/3182887 Arenzano",Arenzano,,,,,,,,,,,,,,,,,,,,,,,"Arenzano is a commune within the city of Genoa.",,,,,,,,,,,,,,,,,,,,
41526,Place,cidoc-crm:E48_Place_Name,steven.teasdale@alumni.utoronto.ca,true,,,"The Valle Bisagno a river valley east of the city of Genoa.",,,6020083f-92f8-4307-a2b6-45bcd0f2d52f,,,,,,,"https://it.wikipedia.org/wiki/Val_Bisagno Val Bisagno (Wikipedia)",,,,,,,,,,,,,,,,"http://www.geonames.org/3182011 Torrente Bisagno","Valle Bisagno",,,,,,,,,,,,,,,,,,,,,,,Bisagnus,,,,,,,,,,,,,,,,,,,,
41504,Place,cidoc-crm:E48_Place_Name,steven.teasdale@alumni.utoronto.ca,true,,,,,,e4006059-e062-44e1-a344-bf1491957de1,,,,,,,,,,,,,,,,,,,,,,,,"The sub-district (conestagia) of Croce di Canneto",,,,,,,,,,,,,,,,,,,,,,,"Ianue in contracta Crucis Caneti | contrata Crucis Caneti | Ianue in contracta crucis caneti",,,,26198,,,,,,,,,,,,,,,,
41501,Place,cidoc-crm:E48_Place_Name,steven.teasdale@alumni.utoronto.ca,true,,,"Fez is a city in Morocco. For the late medieval period it was under the dominion of the Marinid Sultanate.",,,dba64738-93a6-4ff7-bf8d-3898a3c848a3,,,,,,,"https://en.wikipedia.org/wiki/Fez,_Morocco Fez (Wikipedia)",,,,,,,,,,,,,,,,"http://www.geonames.org/2548885 Fes",Fez,,,,,,,,,,,,,,,,,,,,,,,,,,,,,,,,,,,,,,,,,,,
41471,Place,cidoc-crm:E48_Place_Name,steven.teasdale@alumni.utoronto.ca,true,,,"The Guadalquivir River is a river in the Iberian peninsula that passes through the cities of Seville and Córdoba.",,,779d6c1b-9ec7-4942-91da-8832b1afba66,,,,,,,"https://en.wikipedia.org/wiki/Guadalquivir Guadalquivir River (Wikipedia)",,,,,,,,,,,,,,,,"http://www.geonames.org/2516973 Río Guadalquivir","Guadalquivir River",,,,,,,,,,,,,,,,,,,,,,,,,,,26403,,,,,,,,,,,,,,,,
41463,Place,cidoc-crm:E48_Place_Name,steven.teasdale@alumni.utoronto.ca,true,,,"Alexandria is a city in Egypt. It was under the dominion of the Mamluk Sultanate until 1517, after which it was under Ottoman dominion.",,,47294fe9-fc09-46c3-b1c2-a32fc7e5a38a,,,,,,,"https://en.wikipedia.org/wiki/Alexandria Alexandria (Wikipedia)",,,,,,,,,,,,,,,,"http://www.geonames.org/361058 Alexandria",Alexandria,,,,,,,,,,,,,,,,,,,,,,,,,,,,,,,,,,,,,,,,,,,
41431,Place,cidoc-crm:E48_Place_Name,steven.teasdale@alumni.utoronto.ca,true,,,,,,77f76b61-feef-454a-9542-4304959b69aa,,,,,,,,,,,,,,,,,,,,,,,,"The neighbourhood (contrada) of Platea de Stellis",,,,,,,,,,,,,,,,,,,,,,,"Ianue in contracta platee de Stellis",,,,40475,,,,,,,,,,,,,,,,
41424,Place,cidoc-crm:E48_Place_Name,steven.teasdale@alumni.utoronto.ca,true,,,"Baiona is a municipality in the province of Pontevedra, part of the autonomous community of Galicia.",,,4f4a9a98-3413-4d84-833f-05144e912e90,,,,,,,"https://en.wikipedia.org/wiki/Baiona,_Pontevedra Baiona (Wikipedia)",,,,,,,,,,,,,,,,"http://www.geonames.org/3128462 Baiona",Baiona,,,,,,,,,,,,,,,,,,,,,,,"de Bayona",,,,27747,,,,,,,,,,,,,,,,
41379,Place,cidoc-crm:E48_Place_Name,steven.teasdale@alumni.utoronto.ca,true,,,,,,672677b4-d347-4110-82df-e2ac66add351,,,,,,,,,,,,,,,,,,,,,,,,"The neighbourhood (contrada) of Platea de Cattaneis",,,,,,,,,,,,,,,,,,,,,,,"Ianue in contracta de Cataneis | platea illorum de Catanei | Ianue... in contracta Platee de Cataneis | Ianue in contracta nobilium de Cataneis",,,,"26312 | 40475",,,,,,,,,,,,,,,,
41363,Place,cidoc-crm:E48_Place_Name,steven.teasdale@alumni.utoronto.ca,true,,,,,,a18c9d00-e904-4efb-9379-6c4fc87aab55,,,,,,,,,,,,,,,,,,,,,,,,"The neighbourhood (contrada) of Platea de Mari de Bancis",,,,,,,,,,,,,,,,,,,,,,,"Ianue in contracta de Mari de Bancis | platea seu contrata de Mari platee Marmorum",,,,26315,,,,,,,,,,,,,,,,
41334,Place,cidoc-crm:E53_Place,steven.teasdale@alumni.utoronto.ca,true,,,,,,8504fcd2-d9b1-4e82-b87f-510c85e2db6d,,,,,,,,,,,,,,,,,,,,,,,,"The neighbourhood (contrada) of Platea de Salvagis",,,,,,,,,,,,,,,,,,,,,,,"Ianue in contracta Platee de Salvaigis | platea de Salvaticorum | Ianue in platea de Salvaigis | in contrada nobilium de Salvaigis",,,,38552,,,,,,,,,,,,,,,,
41296,Place,cidoc-crm:E48_Place_Name,steven.teasdale@alumni.utoronto.ca,true,,,,,,fb0052e2-b31f-440b-9e30-bd5991cf0402,,,,,,,,,,,,,,,,,,,,,,,,"The neighbourhood (contrada) of San Siro",,,,,,,,,,,,,,,,,,,,,,,"Ianue in contracta Sancti Siri | S. Syro in S. S. | Ianue in quodam fondico Sancti Siri",,,,41180,,,,,,,,,,,,,,,,
41260,Place,cidoc-crm:E48_Place_Name,steven.teasdale@alumni.utoronto.ca,true,,,,,,2a5fb77e-03a5-4b88-a50c-1afbc27e1961,,,,,,,,,,,,,,,,,,,,,,,,"The neighbourhood (contrada) of Ripa Pexariorum",,,,,,,,,,,,,,,,,,,,,,,"Ianue sub ripa Pexariorum | Ripae Pexariorum contrata",,,,26317,,,,,,,,,,,,,,,,
41212,Place,cidoc-crm:E48_Place_Name,steven.teasdale@alumni.utoronto.ca,true,,,,,,96fb0ad3-057f-4460-9c71-2bf83b38e36b,,,,,,,"https://en.wikipedia.org/wiki/Lisbon#Middle_Ages Lisbon (Wikipedia)",,,,,,,,,,,,,,,,"http://www.geonames.org/2267057 Lisbon",Lisbon,,,,,,,,,,,,,,,,,,,,,,,"civitatis Lisbone",,,,41210,,,,,,,,,,,,,,,,
41210,Place,cidoc-crm:E48_Place_Name,steven.teasdale@alumni.utoronto.ca,true,,,,,,c53c8e61-581b-41e0-8156-e5c77ab009e5,,,,,,,"https://en.wikipedia.org/wiki/History_of_Portugal_(1415%E2%80%931578) Portugal in the Late Middle Ages (Wikipedia)",,,,,,,,,,,,,,,,"http://www.geonames.org/2264397 Portugal","Kingdom of Portugal",,,,,,,,,,,,,,,,,,,,,,,,,,,,,,,,,,,,,,,,,,,
41201,Place,cidoc-crm:E48_Place_Name,steven.teasdale@alumni.utoronto.ca,true,,,"Cremona is a commune in Lombardia. During the fifteenth century it was under Milanese dominion.",,,"Cremona is a commune in Lombardia. During the fifteenth century it was under Milanese dominion.",,,,,,,"https://it.wikipedia.org/wiki/Cremona Cremona (Wikipedia)",,,,,,,,,,,,,,,,"http://www.geonames.org/3177838 Cremona",Cremona,,,,,,,,,,,,,,,,,,,,,,,,,,,,,,,,,,,,,,,,,,,
41193,Place,cidoc-crm:E48_Place_Name,steven.teasdale@alumni.utoronto.ca,true,,,"Corniglia is a frazione within the comune of Vernazza in the province of La Spezia. It came under the jurisdiction of the republic of Genoa in 1276.",,,e71a22c0-800e-424a-a790-7240510969c3,,,,,,,"https://it.wikipedia.org/wiki/Corniglia Corniglia (Wikipedia)",,,,,,,,,,,,,,,,"http://www.geonames.org/3178064 Corniglia",Corniglia,,,,,,,,,,,,,,,,,,,,,,,"de Cornilia",,,,26104,,,,,,,,,,,,,,,,
41180,Place,cidoc-crm:E48_Place_Name,steven.teasdale@alumni.utoronto.ca,true,,,,,,15c520f1-43ea-46f7-82fd-9cea98323302,,,,,,,,,,,,,,,,,,,,,,,,"The sub-district (conestagia) of San Siro",,,,,,,,,,,,,,,,,,,,,,,"Ianue in contracta Sancti Siri",,,,40522,,,,,,,,,,,,,,,,
41092,Place,cidoc-crm:E48_Place_Name,steven.teasdale@alumni.utoronto.ca,true,,,,,,2f69aa0f-17b7-479e-ad0b-023d1c95e57f,,,,,,,,,,,,,,,,,,,,,,,,"The neighbourhood (contrada) of Platea de Grimaldis",,,,,,,,,,,,,,,,,,,,,,,"Grimaldis-Grimaldorum contrata | Ianue in platea nobilium de Grimaldis | Ianue... in platea noblilium de Grimaldis ac de Spinulis de Sancto Luca | Ianue in contracta nobilium Grimaldis",,,,40722,,,,,,,,,,,,,,,,
40960,Place,cidoc-crm:E48_Place_Name,steven.teasdale@alumni.utoronto.ca,true,,,,,,9109fddc-e078-4687-98b5-0c75134c11d6,,,,,,,,,,,,,,,,,,,,,,,,"The neighbourhood (contrada) of Picapetris",,,,,,,,,,,,,,,,,,,,,,,"Ianue in contracta de Picapetris | Ianue in contracta pichapetrum | platea illorum de Piccapietra",,,,40858,,,,,,,,,,,,,,,,
40956,Place,cidoc-crm:E48_Place_Name,steven.teasdale@alumni.utoronto.ca,true,,,,,,91b02060-54f5-4e92-930d-8170c4a5c9d9,,,,,,,"https://en.wikipedia.org/wiki/Tarragona Tarragona (Wikipedia)",,,,,,,,,,,,,,,,"http://www.geonames.org/3108288 Tarragona",Tarragona,,,,,,,,,,,,,,,,,,,,,,,,,,,27741,,,,,,,,,,,,,,,,
40945,Place,cidoc-crm:E48_Place_Name,steven.teasdale@alumni.utoronto.ca,true,,,"Naxos was an island in the Aegean sea. It was under Venetian dominion during the late medieval and early modern period and was known as the Duchy of Naxos.",,,2a650a53-2981-4fe8-b3a4-46a2c4b7493c,,,,,,,"https://en.wikipedia.org/wiki/Naxos Naxos (Wikipedia)",,,,,,,,,,,,,,,,"http://www.geonames.org/256631 Naxos",Naxos,,,,,,,,,,,,,,,,,,,,,,,Nasso,,,,,,,,,,,,,,,,,,,,
40923,Place,cidoc-crm:E48_Place_Name,steven.teasdale@alumni.utoronto.ca,true,,,"Negroponte was a state established on the island of Euboea which was under Lombard and Venetian rule during the Late Middle Ages. It was captured by the Ottoman Empire in 1470.",,,b135ce53-003d-498f-b0ac-2e28dbec13be,,,,,,,"https://en.wikipedia.org/wiki/Triarchy_of_Negroponte Negroponte (Wikipedia)",,,,,,,,,,,,,,,,"http://www.geonames.org/262565 Euboea",Negroponte,,,,,,,,,,,,,,,,,,,,,,,,,,,,,,,,,,,,,,,,,,,
40919,Place,cidoc-crm:E48_Place_Name,steven.teasdale@alumni.utoronto.ca,true,,,,,,8c00dd0e-dd0c-4b7b-9f23-f8c378dbdb86,,,,,,,,,,,,,,,,,,,,,,,,"The neighbourhood (contrada) of Illorum de Franchis",,,,,,,,,,,,,,,,,,,,,,,"contrada illorum de Francis | platea illorum de Franchis",,,,40722,,,,,,,,,,,,,,,,
40913,Place,cidoc-crm:E48_Place_Name,steven.teasdale@alumni.utoronto.ca,true,,,,,,a3d35227-5bfa-41d0-b522-5391cba63675,,,,,,,,,,,,,,,,,,,,,,,,"The neighbourhood (contrada) of Platea Domus Archiepiscopalis",,,,,,,,,,,,,,,,,,,,,,,,,,,26315,,,,,,,,,,,,,,,,
40908,Place,cidoc-crm:E48_Place_Name,steven.teasdale@alumni.utoronto.ca,true,,,"Stellanello is a comune in Liguria located within the province of Savona.",,,d225958c-c5f0-4943-a714-0b9a1a91a950,,,,,,,"https://it.wikipedia.org/wiki/Stellanello Stellanello (Wikipedia)",,,,,,,,,,,,,,,,"http://www.geonames.org/3166169 Stellanello",Stellanello,,,,,,,,,,,,,,,,,,,,,,,,,,,26136,,,,,,,,,,,,,,,,
40899,Place,cidoc-crm:E48_Place_Name,steven.teasdale@alumni.utoronto.ca,true,,,,,,003f34d1-4c87-4907-80af-deaf5e0db331,,,,,,,"https://en.wikipedia.org/wiki/Mantua Mantua (Wikipedia)",,,,,,,,,,,,,,,,"http://www.geonames.org/3174051 Mantova",Mantua,,,,,,,,,,,,,,,,,,,,,,,"de Mantua",,,,,,,,,,,,,,,,,,,,
40873,Place,cidoc-crm:E48_Place_Name,steven.teasdale@alumni.utoronto.ca,true,,,,,,f59b7ce4-07ac-47cb-8b89-7a8b73ed57bd,,,,,,,,,,,,,,,,,,,,,,,,"The neighbourhood (contrada) of Sancta Agnete",,,,,,,,,,,,,,,,,,,,,,,"sita prope Sancte Agnetis | Sancta Agnetis contrata",,,,40872,,,,,,,,,,,,,,,,
40872,Place,cidoc-crm:E48_Place_Name,steven.teasdale@alumni.utoronto.ca,true,,,"The conestagia of Santa Agnese was one of four recongized conestagie (sub-districts) located in the district (compagna) of Borgo.",,,d55096d0-d7d1-4021-a3d6-21320c012270,,,,,,,,,,,,,,,,,,,,,,,,"The sub-district (conestagia) of Santa Agnese",,,,,,,,,,,,,,,,,,,,,,,,,,,40871,,,,,,,,,,,,,,,,
40871,Place,cidoc-crm:E48_Place_Name,steven.teasdale@alumni.utoronto.ca,true,,,"The compagna of Borgo was one of eight officially recognized districts within the walls of Genoa during the fifteenth-century.",,,df347931-7fcc-4b5c-8d13-89721aac8a46,,,,,,,,,,,,,,,,,,,,,,,,"The district (compagna) of Borgo",,,,,,,,,,,,,,,,,,,,,,,,,,,26037,,,,,,,,,,,,,,,,
40859,Place,cidoc-crm:E48_Place_Name,steven.teasdale@alumni.utoronto.ca,true,,,,,,c0175edf-4d66-4ec9-89cc-1323d5b81008,,,,,,,,,,,,,,,,,,,,,,,,"The neighbourhood (contrada) of Platea de Marihionis",,,,,,,,,,,,,,,,,,,,,,,"in contracta Platee de Marihionis | Ianue... in contracta Ripe videlicet in quadam platea de Galis sive Marihionorum",,,,37068,,,,,,,,,,,,,,,,
40858,Place,cidoc-crm:E48_Place_Name,steven.teasdale@alumni.utoronto.ca,true,,,,,,d6b02b89-4485-44f7-a60d-4412c62eb3b6,,,,,,,,,,,,,,,,,,,,,,,,"The sub-district (conestagia) of Piccapietra",,,,,,,,,,,,,,,,,,,,,,,,,,,31003,,,,,,,,,,,,,,,,
40853,Place,cidoc-crm:E48_Place_Name,steven.teasdale@alumni.utoronto.ca,true,,,,,,55c17e97-4d31-45c0-8d47-fae36f49ec67,,,,,,,,,,,,,,,,,,,,,,,,"The neighbourhood (contrada) of Predis",,,,,,,,,,,,,,,,,,,,,,,"Ianue in contracta Burgi Predis | Predis carrubeus rectus",,,,26311,,,,,,,,,,,,,,,,
40849,Place,cidoc-crm:E48_Place_Name,steven.teasdale@alumni.utoronto.ca,true,,,,,,e2fdf01d-9a20-4966-8388-5fe920d804ec,,,,,,,,,,,,,,,,,,,,,,,,"The sub-district (conestagia) of Scuderia",,,,,,,,,,,,,,,,,,,,,,,,,,,26325,,,,,,,,,,,,,,,,
40848,Place,cidoc-crm:E48_Place_Name,steven.teasdale@alumni.utoronto.ca,true,,,,,,dd7fe58b-1e72-4e9d-87e9-4588b95a0aa0,,,,,,,,,,,,,,,,,,,,,,,,"The neighbourhood (contrada) of Scuterie",,,,,,,,,,,,,,,,,,,,,,,"Ianue in contrata Schutarie | Scutariae-Scuterie (Scurarie)-Scutariorum ad calatam",,,,40849,,,,,,,,,,,,,,,,
40810,Place,cidoc-crm:E48_Place_Name,steven.teasdale@alumni.utoronto.ca,true,,,,,,5dddcb30-5198-4a28-a0e8-01915b5ef05c,,,,,,,,,,,,,,,,,,,,,,,,"The neighbourhood (contrada) of Santa Maria de Vineis",,,,,,,,,,,,,,,,,,,,,,,"Ianue in contracta ecclesie Sancte Marie de Vineis | Ianue... in contracta de Vineis",,,,40422,,,,,,,,,,,,,,,,
40797,Place,cidoc-crm:E48_Place_Name,steven.teasdale@alumni.utoronto.ca,true,,,,,,43612f7f-790e-4adf-bf81-79ef56151f3e,,,,,,,,,,,,,,,,,,,,,,,,"The neighbourhood (contrada) of Malchantoni",,,,,,,,,,,,,,,,,,,,,,,"Ianue in contracta Malcantoni | contrata Malchantoni-Marchantoni",,,,40796,,,,,,,,,,,,,,,,
40796,Place,cidoc-crm:E48_Place_Name,steven.teasdale@alumni.utoronto.ca,true,,,,,,f3652215-c431-4f66-8718-192ad55a98fd,,,,,,,,,,,,,,,,,,,,,,,,"The sub-district (conestagia) of Malcantoni",,,,,,,,,,,,,,,,,,,,,,,,,,,26198,,,,,,,,,,,,,,,,
40770,Place,cidoc-crm:E48_Place_Name,steven.teasdale@alumni.utoronto.ca,true,,,"Savigliano is a commune in Piemonte. It was under the dominion of the House of Savoy during most of the late medieval and early modern era.",,,cabbc7d0-802d-4e4b-a6d8-32bcc1b7fe03,,,,,,,"https://it.wikipedia.org/wiki/Savigliano Savigliano (Wikipedia)",,,,,,,,,,,,,,,,"http://www.geonames.org/3167034 Savigliano",Savigliano,,,,,,,,,,,,,,,,,,,,,,,"de Saviliano",,,,,,,,,,,,,,,,,,,,
40740,Place,cidoc-crm:E48_Place_Name,steven.teasdale@alumni.utoronto.ca,true,,,"in contratta Sancti Peter bancorum | Ianue in contracta Sancti Petri de Bancis",,,beffa4b5-426b-470c-9c0a-3a05dd59638a,,,,,,,,,,,,,,,,,,,,,,,,"The neighbourhood (contrada) of San Pietro de Banchi",,,,,,,,,,,,,,,,,,,,,,,,,,,26315,,,,,,,,,,,,,,,,
40723,Place,cidoc-crm:E48_Place_Name,steven.teasdale@alumni.utoronto.ca,true,,,,,,c5630601-4a4e-4132-9113-b142a093b586,,,,,,,,,,,,,,,,,,,,,,,,"The neighbourhood (contrada) of Mansurre",,,,,,,,,,,,,,,,,,,,,,,"in contracta Mansurre | Mansurre [in] Manuzolle contrata | in contracta Manussale",,,,40722,,,,,,,,,,,,,,,,
40722,Place,cidoc-crm:E48_Place_Name,steven.teasdale@alumni.utoronto.ca,true,,,,,,1ad1bbe4-3abf-4b21-a203-26ace9eeb71d,,,,,,,,,,,,,,,,,,,,,,,,"The sub-district (conestagia) of Manusola",,,,,,,,,,,,,,,,,,,,,,,"Manuzolle contrata | in contracta Manusole",,,,40522,,,,,,,,,,,,,,,,
40643,Place,cidoc-crm:E48_Place_Name,steven.teasdale@alumni.utoronto.ca,true,,,,,,df462253-0ead-4904-b453-60eeeb9bec1f,,,,,,,,,,,,,,,,,,,,,,,,"The neighbourhood (contrada) of Platea Magna",,,,,,,,,,,,,,,,,,,,,,,"in civitate... Mitilleni in Plathea Magna iuxta collate",,,,39703,,,,,,,,,,,,,,,,
40630,Place,cidoc-crm:E48_Place_Name,steven.teasdale@alumni.utoronto.ca,true,,,,,,c611838c-5546-4155-940a-e9e31f0ae05f,,,,,,,,,,,,,,,,,,,,,,,,"The sub-district (conestagia) of Spaderia",,,,,,,,,,,,,,,,,,,,,,,,,,,26316,,,,,,,,,,,,,,,,
40629,Place,cidoc-crm:E48_Place_Name,steven.teasdale@alumni.utoronto.ca,true,,,,,,b32435be-6c31-401e-8ec3-27ba807487f3,,,,,,,,,,,,,,,,,,,,,,,,"The neighbourhood (contrada) of Platea de Lercaris",,,,,,,,,,,,,,,,,,,,,,,"Ianue in contracta de Lercariis",,,,40630,,,,,,,,,,,,,,,,
40598,Place,cidoc-crm:E48_Place_Name,steven.teasdale@alumni.utoronto.ca,true,,,,,,88c543b9-e322-4b2e-8f6c-62c708fb1fbb,,,,,,,,,,,,,,,,,,,,,,,,"The neighbourhood (contrada) of Platea de Spinulis",,,,,,,,,,,,,,,,,,,,,,,"Ianue in contracta Platee de Spinulis | Ianue in contracta Platee nobilium de Spinulis de Luculo",,,,31002,,,,,,,,,,,,,,,,
40523,Place,cidoc-crm:E48_Place_Name,steven.teasdale@alumni.utoronto.ca,true,,,,,,531517b1-650d-4c34-a04f-d71c3642bc14,,,,,,,,,,,,,,,,,,,,,,,,"The sub-district (conestagia) of Fossatello",,,,,,,,,,,,,,,,,,,,,,,"Ianue in contracta Fossatelli | Ianue in Fosatello",,,,40522,,,,,,,,,,,,,,,,
40522,Place,cidoc-crm:E48_Place_Name,steven.teasdale@alumni.utoronto.ca,true,,,"in contracta Porte Nove",,,1e3f0cea-c586-4239-97f7-ed7c3fcdb2f0,,,,,,,,,,,,,,,,,,,,,,,,"The district (compagna) of Porta Nuova",,,,,,,,,,,,,,,,,,,,,,,,,,,26037,,,,,,,,,,,,,,,,
40476,Place,cidoc-crm:E48_Place_Name,steven.teasdale@alumni.utoronto.ca,true,,,,,,61c5ef94-573a-474f-bf76-01fc9c3c0e69,,,,,,,,,,,,,,,,,,,,,,,,"The neighbourhood (contrada) of Platea Sancti Georgii",,,,,,,,,,,,,,,,,,,,,,,"platea Sancti Georgii",,,,40475,,,,,,,,,,,,,,,,
40475,Place,cidoc-crm:E48_Place_Name,steven.teasdale@alumni.utoronto.ca,true,,,,,,00d84eaa-a4a7-4092-924f-d875749c1a8c,,,,,,,,,,,,,,,,,,,,,,,,"The sub-district (conestagia) of Clavica",,,,,,,,,,,,,,,,,,,,,,,,,,,37070,,,,,,,,,,,,,,,,
40465,Place,cidoc-crm:E48_Place_Name,steven.teasdale@alumni.utoronto.ca,true,,,,,,16354100-3101-4fd9-b3ea-5c3197016870,,,,,,,,,,,,,,,,,,,,,,,,"The neighbourhood (contrada) of the Usodimare albergo",,,,,,,,,,,,,,,,,,,,,,,"in contracta de Ususmaris",,,,26315,,,,,,,,,,,,,,,,
40428,Place,cidoc-crm:E48_Place_Name,steven.teasdale@alumni.utoronto.ca,true,,,"Bastia is a commune in Corsica",,,443b17f9-86c9-49b7-9f73-ac7808c07c15,,,,,,,"https://en.wikipedia.org/wiki/Bastia Bastia (Wikipedia)",,,,,,,,,,,,,,,,"http://www.geonames.org/3034640 Bastia","Bastia (Corsica)",,,,,,,,,,,,,,,,,,,,,,,,,,,,,,,,,,,,,,,,,,,
40426,Place,cidoc-crm:E21_Person,steven.teasdale@alumni.utoronto.ca,true,,,"Cogoleto is currently a comune located in Liguria, approximately 30 km west of the city of Genoa.",,,14efe4b5-878f-4709-99c4-0be87c59b76b,,,,,,,"https://it.wikipedia.org/wiki/Cogoleto Cogoleto (Wikipedia)",,,,,,,,,,,,,,,,"http://www.geonames.org/3178479 Cogoleto",Cogoleto,,,,,,,,,,,,,,,,,,,,,,,"de Cogoleto",,,,26037,,,,,,,,,,,,,,,,
40422,Place,cidoc-crm:E48_Place_Name,steven.teasdale@alumni.utoronto.ca,true,,,,,,19bd8f14-bea4-4407-a892-fcd1f2c89d0c,,,,,,,,,,,,,,,,,,,,,,,,"The sub-district (conestagia) of Soziglia",,,,,,,,,,,,,,,,,,,,,,,,,,,26316,,,,,,,,,,,,,,,,
39703,Place,cidoc-crm:E48_Place_Name,steven.teasdale@alumni.utoronto.ca,true,,,,,,6d9fbd7b-0678-4ddf-a22e-201e856988b6,,,,,,,"https://en.wikipedia.org/wiki/Mytilene Mytilene (Wikipedia)",,,,,,,,,,,,,,,,"http://www.geonames.org/256866 Mytilene",Mytilene,,,,,,,,,,,,,,,,,,,,,,,"Mitilene | Μυτιλήνη",,,,,,,,,,,,,,,,,,,,
39675,Place,cidoc-crm:E48_Place_Name,steven.teasdale@alumni.utoronto.ca,true,,,,,,9c63fbf8-b922-45c9-9013-4c753fba25e5,,,,,,,"https://it.wikipedia.org/wiki/Bergamo Bergamo (Wikipedia)",,,,,,,,,,,,,,,,"http://www.geonames.org/3182164 Bergamo",Bergamo,,,,,,,,,,,,,,,,,,,,,,,"de Bergamo",,,,,,,,,,,,,,,,,,,,
39673,Place,cidoc-crm:E48_Place_Name,steven.teasdale@alumni.utoronto.ca,true,,,,,,d80b4535-dcfb-414c-be92-b2d69da40af1,,,,,,,"https://it.wikipedia.org/wiki/Pontedecimo Pontedecimo (Wikipedia)",,,,,,,,,,,,,,,,"http://www.geonames.org/3170281 Pontedecimo",Pontedecimo,,,,,,,,,,,,,,,,,,,,,,,"de Pontedecimo",,,,,,,,,,,,,,,,,,,,
39655,Place,cidoc-crm:E48_Place_Name,steven.teasdale@alumni.utoronto.ca,true,,,"The conestagia of Orti di Sant'Andrea was one of five officially recognized sub-districts of the compagna of San Lorenzo in fifteenth century Genoa.",,,e75545c5-6844-4281-bee8-55d87217f643,,,,,,,,,,,,,,,,,,,,,,,,"The sub-district (conestagia) of Orti di Sant'Andrea",,,,,,,,,,,,,,,,,,,,,,,,,,,26325,,,,,,,,,,,,,,,,
39625,Place,cidoc-crm:E48_Place_Name,steven.teasdale@alumni.utoronto.ca,true,,,"This neighbourhood was simultaneously known as the contrada of Platea de Marinis",,,c93a6609-7228-4152-b353-54ad68915e1b,,,,,,,,,,,,,,,,,,,,,,,,"The neighbourhood (contrada) of Anchorarum",,,,,,,,,,,,,,,,,,,,,,,"contracta Platee Anchorarum | Ianue in contracta Platea de Marinis | Ianue in contracta nobilium de Marinis",,,,26314,,,,,,,,,,,,,,,,
38613,Place,cidoc-crm:E48_Place_Name,steven.teasdale@alumni.utoronto.ca,true,,,"Diano Marina is a commune located in the province of Imperia in Ligura.  It became part of the republic of Genoa in 1228.",,,49ee1bb8-8b0c-473c-a60a-850f7c74825e,,,,,,,"https://it.wikipedia.org/wiki/Diano_Marina Diano Marina (Wikipedia)",,,,,,,,,,,,,,,,"http://www.geonames.org/3177595 Diano Marina","Diano Marina",,,,,,,,,,,,,,,,,,,,,,,,,,,,,,,,,,,,,,,,,,,
38605,Place,cidoc-crm:E48_Place_Name,steven.teasdale@alumni.utoronto.ca,true,,,"Borlasca is a community in Liguria, a frazione of the commune of Isola del Cantone",,,e6998ed5-f9ea-47e8-885e-db313a900c44,,,,,,,"https://it.wikipedia.org/wiki/Isola_del_Cantone Isola del Cantone (Wikipedia)",,,,,,,,,,,,,,,,"http://www.geonames.org/8962283 Borlasca",Borlasca,,,,,,,,,,,,,,,,,,,,,,,"de Borlascha",,,,,,,,,,,,,,,,,,,,
38561,Place,cidoc-crm:E48_Place_Name,steven.teasdale@alumni.utoronto.ca,true,,,,,,cbdb39f3-f4e7-486d-9859-2b57ea7e87d9,,,,,,,"https://en.wikipedia.org/wiki/Cagliari Cagliari (Wikipedia)",,,,,,,,,,,,,,,,"http://www.geonames.org/2525473 Cagliari",Cagliari,,,,,,,,,,,,,,,,,,,,,,,,,,,,,,,,,,,,,,,,,,,
38553,Place,cidoc-crm:E48_Place_Name,steven.teasdale@alumni.utoronto.ca,true,,,,,,b0169fc7-471f-4736-a71e-afb4301ed16d,,,,,,,,,,,,,,,,,,,,,,,,"The neighbourhood (contrada) of Clavice",,,,,,,,,,,,,,,,,,,,,,,"in contracta Clavice",,,,38552,,,,,,,,,,,,,,,,
38552,Place,cidoc-crm:E48_Place_Name,steven.teasdale@alumni.utoronto.ca,true,,,,,,5adc92a7-a0e7-4085-a08e-ea0b2011cc69,,,,,,,,,,,,,,,,,,,,,,,,"The sub-district (conestagia) of San Donato ",,,,,,,,,,,,,,,,,,,,,,,,,,,37070,,,,,,,,,,,,,,,,
38546,Place,cidoc-crm:E48_Place_Name,steven.teasdale@alumni.utoronto.ca,true,,,"Nervi was a commune approximately 10 km east of the city of Genoa that was under Genoese rule since the twelfth century.",,,5c075656-5503-44e0-9824-8be14d6b47d2,,,,,,,"https://it.wikipedia.org/wiki/Nervi_(Genova) Nervi (Wikipedia)",,,,,,,,,,,,,,,,"http://www.geonames.org/3172300 Nervi",Nervi,,,,,,,,,,,,,,,,,,,,,,,"de Nervio",,,,,,,,,,,,,,,,,,,,
38455,Place,cidoc-crm:E48_Place_Name,steven.teasdale@alumni.utoronto.ca,true,,,,,,e1eb857a-e1fa-4841-bd2c-0b5a2b87945f,,,,,,,,,,,,,,,,,,,,,,,,"The neighbourhood (contrada) of Nigro de Bancis",,,,,,,,,,,,,,,,,,,,,,,"in carrubeo nobilium de Nigro de Bancis | in platea de Nigro | in carrubeo de Nigro de Bancis",,,,26315,,,,,,,,,,,,,,,,
38444,Place,cidoc-crm:E48_Place_Name,steven.teasdale@alumni.utoronto.ca,true,,,,,,9d689fcf-8d2a-4cd8-87f8-0dc5cdc71bd6,,,,,,,"https://en.wikipedia.org/wiki/Madaria Madaria (Wikipedia)",,,,,,,,,,,,,,,,"http://www.geonames.org/8504772 Madaria",Madaria,,,,,,,,,,,,,,,,,,,,,,,"de Madaria",,,,27680,,,,,,,,,,,,,,,,
38424,Place,cidoc-crm:E48_Place_Name,steven.teasdale@alumni.utoronto.ca,true,,,"Antissa is a village on the island of Lesbos.",,,a4bfb04c-3bfa-4327-8535-4397dbad83dd,,,,,,,"https://en.wikipedia.org/wiki/Antissa Antissa (Wikipedia)",,,,,,,,,,,,,,,,"http://www.geonames.org/265063 Antissa",Antissa,,,,,,,,,,,,,,,,,,,,,,,,,,,,,,,,,,,,,,,,,,,
38415,Place,cidoc-crm:E48_Place_Name,steven.teasdale@alumni.utoronto.ca,true,,,"La Gomera is one of the Canary Islands.",,,b6dacf09-d810-44d7-b302-d4dde5eefa49,,,,,,,"https://en.wikipedia.org/wiki/La_Gomera La Gomera (Wikipedia)",,,,,,,,,,,,,,,,"http://www.geonames.org/2517187 La Gomera","La Gomera",,,,,,,,,,,,,,,,,,,,,,,"quendam insulam Canarie nominatam Gomeriam",,,,31542,,,,,,,,,,,,,,,,
38406,Place,cidoc-crm:E48_Place_Name,steven.teasdale@alumni.utoronto.ca,true,,,,,,b31c6907-b17f-4a8f-89b2-e3b7077ab6ec,,,,,,,"https://en.wikipedia.org/wiki/Sassari Sassari (Wikipedia)",,,,,,,,,,,,,,,,"http://www.geonames.org/3167096 Sassari",Sassari,,,,,,,,,,,,,,,,,,,,,,,"Sassari is a city in Sardinia.",,,,,,,,,,,,,,,,,,,,
37314,Place,cidoc-crm:E48_Place_Name,steven.teasdale@alumni.utoronto.ca,true,,,"Magnasco is a ""frazione"" of the commune of Rezzoaglio.",,,5634c395-9934-4be9-a977-45a440470494,,,,,,,,,,,,,,,,,,,,,,,"http://www.geonames.org/3174244 Magnasco",Magnasco,,,,,,,,,,,,,,,,,,,,,,,,,,,,,,,,,,,,,,,,,,,
37312,Place,cidoc-crm:E48_Place_Name,steven.teasdale@alumni.utoronto.ca,true,,,,,,e31aad72-e453-4f09-9e57-8d4cfa98a002,,,,,,,"https://it.wikipedia.org/wiki/Valle_Stura_di_Demonte Valle Stura (Wikipedia)",,,,,,,,,,,,,,,,,"Valle Stura di Demonte",,,,,,,,,,,,,,,,,,,,,,,"Valle Cuneo",,,,,,,,,,,,,,,,,,,,
37310,Place,cidoc-crm:E48_Place_Name,steven.teasdale@alumni.utoronto.ca,true,,,,,,e9cdde45-e0b8-4e41-88c3-78de23198acb,,,,,,,"https://en.wikipedia.org/wiki/Rome Rome (Wikipedia)",,,,,,,,,,,,,,,,"http://www.geonames.org/3169070 Rome",Rome,,,,,,,,,,,,,,,,,,,,,,,,,,,,,,,,,,,,,,,,,,,
37122,Place,cidoc-crm:E48_Place_Name,steven.teasdale@alumni.utoronto.ca,true,,,"Vigone is a commune in Piemonte.",,,aab3021a-6285-49ad-bbee-cbb394f48800,,,,,,,"https://it.wikipedia.org/wiki/Vigone Vigone (Wikipedia)",,,,,,,,,,,,,,,,"http://www.geonames.org/3164321 Vigone",Vigone,,,,,,,,,,,,,,,,,,,,,,,"de Vigono",,,,,,,,,,,,,,,,,,,,
37119,Place,cidoc-crm:E48_Place_Name,steven.teasdale@alumni.utoronto.ca,true,,,,,,df078853-03f4-4c39-96ed-fc06d36e7426,,,,,,,"https://en.wikipedia.org/wiki/Verona Verona (Wikipedia)",,,,,,,,,,,,,,,,"http://www.geonames.org/3164527 Verona",Verona,,,,,,,,,,,,,,,,,,,,,,,,,,,,,,,,,,,,,,,,,,,
37117,Place,cidoc-crm:E48_Place_Name,steven.teasdale@alumni.utoronto.ca,true,,,"La Spezia is a port city in eastern Liguria.",,,3e58731f-6acf-45b1-9934-b3c9dfe3c16d,,,,,,,"https://it.wikipedia.org/wiki/La_Spezia La Spezia (Wikipedia)",,,,,,,,,,,,,,,,"http://www.geonames.org/3175081 La Spezia","La Spezia",,,,,,,,,,,,,,,,,,,,,,,,,,,,,,,,,,,,,,,,,,,
37115,Place,cidoc-crm:E48_Place_Name,steven.teasdale@alumni.utoronto.ca,true,,,,,,bc9b6d64-6b23-4a1b-835a-08622d740832,,,,,,,"https://fr.wikipedia.org/wiki/Ville-di-Paraso Ville di Paraso (Corsica)",,,,,,,,,,,,,,,,"http://www.geonames.org/2968799 Ville-di-Paraso",Paraso,,,,,,,,,,,,,,,,,,,,,,,"de Loparaso",,,,,,,,,,,,,,,,,,,,
37113,Place,cidoc-crm:E48_Place_Name,steven.teasdale@alumni.utoronto.ca,true,,,"The village of Bargone is a ""frazione"" of the comune of Casarza Ligure.",,,039ed64b-4d15-40c0-a29b-81a4d5457c7e,,,,,,,"https://it.wikipedia.org/wiki/Casarza_Ligure Casarza Ligure (Wikipedia)",,,,,,,,,,,,,,,,"http://www.geonames.org/8050897 Bargone",Bargone,,,,,,,,,,,,,,,,,,,,,,,,,,,,,,,,,,,,,,,,,,,
37087,Place,cidoc-crm:E48_Place_Name,steven.teasdale@alumni.utoronto.ca,true,,,,,,6ab28772-6295-41e0-bb4d-7c674352e768,,,,,,,,,,,,,,,,,,,,,,,"http://www.geonames.org/8953403 Viganego",Viganego,,,,,,,,,,,,,,,,,,,,,,,"The village of Viganego is par of the commune of Bargagli.",,,,27542,,,,,,,,,,,,,,,,
37070,Place,cidoc-crm:E48_Place_Name,steven.teasdale@alumni.utoronto.ca,true,,,"The compagna of Piazzalunga was one of eight officially recognized districts within the walls of Genoa during the fifteenth-century.",,,4e37a1ca-61d1-4125-990a-1b2211a57d92,,,,,,,,,,,,,,,,,,,,,,,,"The district (compagna) of Piazzalunga",,,,,,,,,,,,,,,,,,,,,,,"in contracta platee Longe",,,,26037,,,,,,,,,,,,,,,,
37069,Place,cidoc-crm:E48_Place_Name,steven.teasdale@alumni.utoronto.ca,true,,,"The contrada of Ripa Cultelleriorum was located in the conestagia (sub-district) of Ripa.",,,a49c918e-3b95-45ae-a19a-35a0857274d7,,,,,,,,,,,,,,,,,,,,,,,,"The neighbourhood (contrada) of Ripa Cultelleriorum",,,,,,,,,,,,,,,,,,,,,,,"Ripa Culteleriorum",,,,37068,,,,,,,,,,,,,,,,
37068,Place,cidoc-crm:E53_Place,steven.teasdale@alumni.utoronto.ca,true,,,"The conestagia of Ripa was one of four officially recognized sub-districts of the compagna of Piazzalunga in fifteenth century Genoa.",,,bda07d5d-3abc-4129-9d09-2c0a553fefaa,,,,,,,,,,,,,,,,,,,,,,,,"The sub-district (conestagia) of Ripa",,,,,,,,,,,,,,,,,,,,,,,"sub Rippa",,,,37070,,,,,,,,,,,,,,,,
37067,Place,cidoc-crm:E48_Place_Name,steven.teasdale@alumni.utoronto.ca,true,,,,,,cd573fdc-c5f3-4e11-9a17-406a186dce76,,,,,,,,,,,,,,,,,,,,,,,,"The workshop of the cutler Battista de Merate",,,,,,,,,,,,,,,,,,,,,,,"in apotecha cultelarie dicti Baptiste de Merate positam sub Ripa Culteleriorum",,,,37069,,,,,,,,,,,,,,,,
37018,Place,cidoc-crm:E48_Place_Name,steven.teasdale@alumni.utoronto.ca,true,,,,,,2ba07fdf-4434-4e89-b3bb-42f682cdb5be,,,,,,,,,,,,,,,,,,,,,,,,"The neighbourhood (contrada) of Platea de Tarigis",,,,,,,,,,,,,,,,,,,,,,,"in contracta Platee de Tarigis",,,,26317,,,,,,,,,,,,,,,,
37009,Place,cidoc-crm:E48_Place_Name,steven.teasdale@alumni.utoronto.ca,true,,,,,,6ee88c11-fc48-442d-a578-7eb1bfb3952b,,,,,,,,,,,,,,,,,,,,,,,,"The neighbourhood (contrada) of the Cicala albergo",,,,,,,,,,,,,,,,,,,,,,,"in contrada nobilium de Cigalla videlicet in scalis domus dicti quondam Bartolomei [de Flisco]",,,,26324,,,,,,,,,,,,,,,,
31561,Place,cidoc-crm:E48_Place_Name,steven.teasdale@alumni.utoronto.ca,true,,,"Wallachia was a Romanian principality in the Middle Ages.",,,0181dc13-0693-46fc-9050-3c8b9227e657,,,,,,,"https://en.wikipedia.org/wiki/Romania_in_the_Middle_Ages Romania in the Middle Ages (Wikipedia)",,,,,,,,,,,,,,,,,Wallachia,,,,,,,,,,,,,,,,,,,,,,,,,,,,,,,,,,,,,,,,,,,
31557,Place,cidoc-crm:E48_Place_Name,steven.teasdale@alumni.utoronto.ca,true,,,"The Emirate of Granada was an Islamic realm in southern Iberia that existed from about 1280 to 1492.",,,9c21672e-ed90-4a02-9581-fed52fba7ed6,,,,,,,"https://en.wikipedia.org/wiki/Emirate_of_Granada Emirate of Granada (Wikipedia)",,,,,,,,,,,,,,,,"http://www.geonames.org/2517117 Granada","Emirate of Granada",,,,,,,,,,,,,,,,,,,,,,,,,,,,,,,,,,,,,,,,,,,
31555,Place,cidoc-crm:E48_Place_Name,steven.teasdale@alumni.utoronto.ca,true,,,"The Maghreb Region is the region roughly corresponding to the western half of North Africa, for the most part under the dominion of various Islamic polities.",,,bd43f25c-1d85-405e-8cd3-ee438c99f647,,,,,,,"https://en.wikipedia.org/wiki/Maghreb Maghreb Region (Wikipedia)",,,,,,,,,,,,,,,,"http://www.geonames.org/2219875 Arab Maghreb","Maghreb Region",,,,,,,,,,,,,,,,,,,,,,,,,,,26203,,,,,,,,,,,,,,,,
31552,Place,cidoc-crm:E48_Place_Name,steven.teasdale@alumni.utoronto.ca,true,,,"The Kingdom of Georgia was a monarchy located in the region of the eastern shore of the Black Sea that existed from 1008 to 1490.",,,ae0730fa-f010-46b4-b941-3d87217205e9,,,,,,,"https://en.wikipedia.org/wiki/Kingdom_of_Georgia Kingdom of Georgia (Wikipedia)",,,,,,,,,,,,,,,,"http://www.geonames.org/614540 Georgia","Kingdom of Georgia",,,,,,,,,,,,,,,,,,,,,,,,,,,,,,,,,,,,,,,,,,,
31549,Place,cidoc-crm:E48_Place_Name,steven.teasdale@alumni.utoronto.ca,true,,,"The Kingdom of Hungary was a monarchy in the north Balkans that existed from 1301 to 1526.",,,4f79a435-c351-4559-99d4-5b1e2948c6ff,,,,,,,"https://en.wikipedia.org/wiki/Kingdom_of_Hungary_(1301%E2%80%931526) Kingdom of Hungary (Wikipedia)",,,,,,,,,,,,,,,,"http://www.geonames.org/719819 Hungary","Kingdom of Hungary",,,,,,,,,,,,,,,,,,,,,,,,,,,,,,,,,,,,,,,,,,,
31545,Place,cidoc-crm:E48_Place_Name,steven.teasdale@alumni.utoronto.ca,true,,,"The Crimean Peninsula is a peninsula on the northern coast of the Black Sea. In the late medieval and early modern era, the region was mainly under the control of the Mongol Empire (1238–1449) and the Crimean Khanate (1449–1783). There were several autonomous Genoese colonies on the peninsula from 1286–1475.",,,4adebe2e-be4a-4d57-84ae-210b4f8a18d0,,,,,,,"https://en.wikipedia.org/wiki/Crimea Crimea (Wikipedia)",,,,,,,,,,,,,,,,"http://www.geonames.org/703884 Crimea","Crimean Peninsula",,,,,,,,,,,,,,,,,,,,,,,"partium Sclavonie | de Sclavonia",,,,,,,,,,,,,,,,,,,,
31542,Place,cidoc-crm:E48_Place_Name,steven.teasdale@alumni.utoronto.ca,true,,,,,,0a178372-ef7d-4b47-b737-1ad8b925aa23,,,,,,,"https://en.wikipedia.org/wiki/Conquest_of_the_Canary_Islands Conquest of the Canary Islands (Wikipedia)",,,,,,,,,,,,,,,,"http://www.geonames.org/2520308 Canary Islands","Canary Islands",,,,,,,,,,,,,,,,,,,,,,,,,,,,,,,,,,,,,,,,,,,
31539,Place,cidoc-crm:E48_Place_Name,steven.teasdale@alumni.utoronto.ca,true,,,"The Second Bulgarian Empire was the region of the Balkans, roughly similar to modern Bulgaria, that was a political entity from 1185 to 1396. It was succeeded by Ottoman Bulgaria, which existed from 1396 to 1878.",,,cf8dc116-efa2-44de-b752-b42f077c9b63,,,,,,,"https://en.wikipedia.org/wiki/Second_Bulgarian_Empire Second Bulgarian Empire",,,,,,,,,,,,,,,,"http://www.geonames.org/732800 Bulgaria","Second Bulgarian Empire",,,,,,,,,,,,,,,,,,,,,,,,,,,,,,,,,,,,,,,,,,,
31537,Place,cidoc-crm:E48_Place_Name,steven.teasdale@alumni.utoronto.ca,true,,,"Ottoman Bulgaria was the region of the Balkans, roughly similary to modern Bulgaria, that was under Ottoman rule between 1396 and 1878. It was preceded by the Second Bulgarian Empire, which existed from 1185–1396.",,,33e56f56-69c7-4512-82d5-a3a3c20d8e3f,,,,,,,"https://en.wikipedia.org/wiki/Ottoman_Bulgaria Ottoman Bulgaria (Wikipedia)",,,,,,,,,,,,,,,,"http://www.geonames.org/732800 Bulgaria","Ottoman Bulgaria",,,,,,,,,,,,,,,,,,,,,,,,,,,,,,,,,,,,,,,,,,,
31534,Place,cidoc-crm:E48_Place_Name,steven.teasdale@alumni.utoronto.ca,true,,,"The Kindgom of Bosnia lasted as a political entity from 1377 to 1463 and evolved out of the Banate of Bosnia (1154–1377).",,,b73d300b-6a71-483a-b493-d3958173f524,,,,,,,"https://en.wikipedia.org/wiki/Kingdom_of_Bosnia Kingdom of Bosnia (Wikipedia)",,,,,,,,,,,,,,,,"http://www.geonames.org/3203633 Bosnia","kingdom of Bosnia",,,,,,,,,,,,,,,,,,,,,,,,,,,,,,,,,,,,,,,,,,,
31406,Place,cidoc-crm:E48_Place_Name,steven.teasdale@alumni.utoronto.ca,true,,,,,,b88c02ae-21ce-4b5e-bb64-11f4b45d896e,,,,,,,"https://it.wikipedia.org/wiki/Calvi_(Francia) Calvi (Wikipedia)",,,,,,,,,,,,,,,,"http://www.geonames.org/3029090 Calvi","Calvi (Corsica)",,,,,,,,,,,,,,,,,,,,,,,"Calvi is a city on the north shore of Corsica. It became part of the Genoese dominion during the fourteenth century.",,,,,,,,,,,,,,,,,,,,
31284,Place,cidoc-crm:E48_Place_Name,steven.teasdale@alumni.utoronto.ca,true,,,,,,5ba0b0e8-e0f1-4398-8eb8-90224e8a6e3e,,,,,,,"https://en.wikipedia.org/wiki/Methoni,_Messenia Methoni (Wikipedia)",,,,,,,,,,,,,,,,"http://www.geonames.org/257122 Methóni","Methoni | Μεθώνη",,,,,,,,,,,,,,,,,,,,,,,"de Modono",,,,,,,,,,,,,,,,,,,,
31270,Place,cidoc-crm:E48_Place_Name,steven.teasdale@alumni.utoronto.ca,true,,,,,,7e30fe91-dbfc-4b7f-bb9b-dfc9e94c5d28,,,,,,,"https://en.wikipedia.org/wiki/Albania_in_the_Middle_Ages Albania (Wikipedia)",,,,,,,,,,,,,,,,"http://www.geonames.org/783754 Albania","principality of Albania",,,,,,,,,,,,,,,,,,,,,,,,,,,,,,,,,,,,,,,,,,,
31265,Place,cidoc-crm:E48_Place_Name,steven.teasdale@alumni.utoronto.ca,true,,,"The region of Abkhazia (the Principality of Abkhazia after 1463) was the region, contemporaneous with modern-day Georgia on the eastern shore of the Black Sea, which was home to the Abkhazan peoples.",,,822b3e2e-fed8-487e-b9f2-b81cd989d04b,,,,,,,"https://en.wikipedia.org/wiki/Abkhazia Abkhazia (Wikipedia)",,,,,,,,,,,,,,,,"http://www.geonames.org/6643410 Abkhazia",Abkhazia,,,,,,,,,,,,,,,,,,,,,,,,,,,,,,,,,,,,,,,,,,,
31241,Place,cidoc-crm:E48_Place_Name,steven.teasdale@alumni.utoronto.ca,true,,,,,,f2b36bae-940a-4ca4-b067-1ce18705954c,,,,,,,"https://it.wikipedia.org/wiki/Pignone_(Italia) Pignone (Wikipedia)",,,,,,,,,,,,,,,,"http://www.geonames.org/3170715 Pignone",Pignone,,,,,,,,,,,,,,,,,,,,,,,,,,,,,,,,,,,,,,,,,,,
31212,Place,cidoc-crm:E48_Place_Name,steven.teasdale@alumni.utoronto.ca,true,,,,,,ef45f09c-6657-463f-a076-e854cf4837a0,,,,,,,"https://it.wikipedia.org/wiki/Sestri_Ponente Sestri Ponente (Wikipedia)",,,,,,,,,,,,,,,,"http://www.geonames.org/3166594 Sestri Ponente","Sestri Ponente",,,,,,,,,,,,,,,,,,,,,,,"de Sexto",,,,,,,,,,,,,,,,,,,,
31203,Place,cidoc-crm:E48_Place_Name,steven.teasdale@alumni.utoronto.ca,true,,,"Solkhat (Staryi Krym in modern terminology) was the capital of the Crimean Khanate and the principal commercial city connecting the Khanate with Caffa.",,,386bcb5d-699c-48c5-8949-e9a9ae3c59c9,,,,,,,"https://en.wikipedia.org/wiki/Staryi_Krym Staryi Krym (Wikipedia)",,,,,,,,,,,,,,,,"http://www.geonames.org/692713 Staryy Krym",Solkhat,,,,,,,,,,,,,,,,,,,,,,,"Solgat | Solchati | Solghad | Staryi Krym | Qrım | al-Qirim",,,,,,,,,,,,,,,,,,,,
31190,Place,cidoc-crm:E48_Place_Name,steven.teasdale@alumni.utoronto.ca,true,,,,,,434804e2-c7ef-477d-9b8f-93e8269f5595,,,,,,,"https://it.wikipedia.org/wiki/Carmagnola Carmagnola (Wikipedia)",,,,,,,,,,,,,,,,"http://www.geonames.org/3180496 Carmagnola",Carmagnola,,,,,,,,,,,,,,,,,,,,,,,,,,,,,,,,,,,,,,,,,,,
31189,Place,cidoc-crm:E48_Place_Name,steven.teasdale@alumni.utoronto.ca,true,,,,,,3104f95e-a934-4566-86a8-9e39f61b21ab,,,,,,,,,,,,,,,,,,,,,,,,"The sub-district (conestagia) of Domoculta",,,,,,,,,,,,,,,,,,,,,,,,,,,31003,,,,,,,,,,,,,,,,
31183,Place,cidoc-crm:E48_Place_Name,steven.teasdale@alumni.utoronto.ca,true,,,,,,2de5e110-58c1-4613-82a8-fd619d3983e2,,,,,,,"https://it.wikipedia.org/wiki/Andora Andora (Wikipedia)",,,,,,,,,,,,,,,,"http://www.geonames.org/6542498 Andora",Andora,,,,,,,,,,,,,,,,,,,,,,,"de Andoria",,,,,,,,,,,,,,,,,,,,
31181,Place,cidoc-crm:E48_Place_Name,steven.teasdale@alumni.utoronto.ca,true,,,,,,6e611b67-1b7b-45c2-ab01-fbb6987b6728,,,,,,,"https://it.wikipedia.org/wiki/Ceriale Ceriale (Wikipedia)",,,,,,,,,,,,,,,,"http://www.geonames.org/3179079 Ceriale",Ceriale,,,,,,,,,,,,,,,,,,,,,,,,,,,,,,,,,,,,,,,,,,,
31177,Place,cidoc-crm:E48_Place_Name,steven.teasdale@alumni.utoronto.ca,true,,,,,,1fd47b0c-ee4a-4e8b-9d35-3d107ce95a9f,,,,,,,"https://it.wikipedia.org/wiki/Ondarroa Ondarroa (Wikipedia)",,,,,,,,,,,,,,,,"http://www.geonames.org/3115056 Ondarroa",Ondarroa,,,,,,,,,,,,,,,,,,,,,,,"de Undaroa",,,,,,,,,,,,,,,,,,,,
31175,Place,cidoc-crm:E48_Place_Name,steven.teasdale@alumni.utoronto.ca,true,,,,,,9e736a5f-ea6b-40b8-8ae4-4520e8200fc6,,,,,,,"https://en.wikipedia.org/wiki/Guernica Guernica (Wikipedia)",,,,,,,,,,,,,,,,"http://www.geonames.org/3120989 Gernika-Lumo",Guernica,,,,,,,,,,,,,,,,,,,,,,,"de Granicha",,,,,,,,,,,,,,,,,,,,
31171,Place,cidoc-crm:E48_Place_Name,steven.teasdale@alumni.utoronto.ca,true,,,"The island of Sicily.",,,defd8f8c-220a-4214-b782-1b4cd916adda,,,,,,,"https://en.wikipedia.org/wiki/History_of_Sicily Sicily (Wikipedia)",,,,,,,,,,,,,,,,"http://www.geonames.org/2523118 Sicily",Sicily,,,,,,,,,,,,,,,,,,,,,,,,,,,,,,,,,,,,,,,,,,,
31167,Place,cidoc-crm:E48_Place_Name,steven.teasdale@alumni.utoronto.ca,true,,,,,,6470db4a-fcd2-4cbf-b10a-a49b08632235,,,,,,,"https://it.wikipedia.org/wiki/Coronata_(Genova) Coronata (Wikipedia)",,,,,,,,,,,,,,,,"http://www.geonames.org/3178029 Coronata",Coronata,,,,,,,,,,,,,,,,,,,,,,,"de Coronto | de Coronato",,,,,,,,,,,,,,,,,,,,
31160,Place,cidoc-crm:E48_Place_Name,steven.teasdale@alumni.utoronto.ca,true,,,,,,b12865ec-165f-4e75-abc1-c61f098dc9c6,,,,,,,"https://en.wikipedia.org/wiki/Lipari Lipari (Wikipedia)",,,,,,,,,,,,,,,,"http://www.geonames.org/2524378 Lipari",Lipari,,,,,,,,,,,,,,,,,,,,,,,,,,,,,,,,,,,,,,,,,,,
31157,Place,cidoc-crm:E48_Place_Name,steven.teasdale@alumni.utoronto.ca,true,,,,,,c929cf97-77bd-4a93-8117-87ff1a750bb5,,,,,,,"https://it.wikipedia.org/wiki/Lerma_(Italia) Lerma (Wikipedia)",,,,,,,,,,,,,,,,"http://www.geonames.org/3174853 Lerma",Lerma,,,,,,,,,,,,,,,,,,,,,,,"The commune of Lerma was incorporated into the Republic of Genoa in 1282 as a fiefdom for a succession of Genoese nobles.",,,,,,,,,,,,,,,,,,,,
31155,Place,cidoc-crm:E48_Place_Name,steven.teasdale@alumni.utoronto.ca,true,,,,,,c87aeca3-3508-45b5-a2b9-020c34e1023a,,,,,,,"https://it.wikipedia.org/wiki/Sacca_(Esine) Sacca (Wikipedia)",,,,,,,,,,,,,,,,"http://www.geonames.org/8949239 Sacca",Sacca,,,,,,,,,,,,,,,,,,,,,,,,,,,,,,,,,,,,,,,,,,,
31153,Place,cidoc-crm:E48_Place_Name,steven.teasdale@alumni.utoronto.ca,true,,,,,,6b9274fc-029b-4227-933c-15f1c8c8e717,,,,,,,"https://en.wikipedia.org/wiki/Bermeo Bermeo (Wikipedia)",,,,,,,,,,,,,,,,"http://www.geonames.org/3128174 Bermeo",Bermeo,,,,,,,,,,,,,,,,,,,,,,,,,,,,,,,,,,,,,,,,,,,
31141,Place,cidoc-crm:E48_Place_Name,steven.teasdale@alumni.utoronto.ca,true,,,,,,bc13fa87-d35f-4960-af07-7258386536bf,,,,,,,"https://it.wikipedia.org/wiki/Scandiano Scandiano (Wikipedia)",,,,,,,,,,,,,,,,"http://www.geonames.org/3166989 Scandiano",Scandiano,,,,,,,,,,,,,,,,,,,,,,,Scandriano,,,,,,,,,,,,,,,,,,,,
31134,Place,cidoc-crm:E48_Place_Name,steven.teasdale@alumni.utoronto.ca,true,,,,,,448a37b6-6a54-4337-aa50-c4e9a3aa9754,,,,,,,"https://it.wikipedia.org/wiki/Arcola Arcola (Wikipediaa)",,,,,,,,,,,,,,,,"http://www.geonames.org/3182908 Arcola",Arcola,,,,,,,,,,,,,,,,,,,,,,,"de Arziola",,,,,,,,,,,,,,,,,,,,
31131,Place,cidoc-crm:E48_Place_Name,steven.teasdale@alumni.utoronto.ca,true,,,,,,a6f8ca7e-a5ce-4973-8c86-fc380f5db6f8,,,,,,,"https://it.wikipedia.org/wiki/Ventimiglia Ventimiglia (Wikipedia)",,,,,,,,,,,,,,,,"http://www.geonames.org/3164582 Ventimiglia",Ventimiglia,,,,,,,,,,,,,,,,,,,,,,,,,,,,,,,,,,,,,,,,,,,
31129,Place,cidoc-crm:E48_Place_Name,steven.teasdale@alumni.utoronto.ca,true,,,"Canari is a commune in Corsica which was under Genoese colonial administration during the late medieval and early modern eras.",,,25e84031-f5d6-4aae-9843-93b39cbfc9a6,,,,,,,"https://it.wikipedia.org/wiki/Canari Canari (Wikipedia)",,,,,,,,,,,,,,,,"http://www.geonames.org/3028875 Canari",Canari,,,,,,,,,,,,,,,,,,,,,,,,,,,,,,,,,,,,,,,,,,,
31124,Place,cidoc-crm:E48_Place_Name,steven.teasdale@alumni.utoronto.ca,true,,,,,,14f1fbc4-7608-4d03-8c6e-67fb71f04a4a,,,,,,,"https://it.wikipedia.org/wiki/Rivarolo_(Genova) Rivarolo (Wikipedia)",,,,,,,,,,,,,,,,"http://www.geonames.org/3169251 Rivarolo Ligure",Rivarolo,,,,,,,,,,,,,,,,,,,,,,,,,,,,,,,,,,,,,,,,,,,
31122,Place,cidoc-crm:E48_Place_Name,steven.teasdale@alumni.utoronto.ca,true,,,,,,2361c168-55ee-4765-8d49-531c81fc924e,,,,,,,"https://en.wikipedia.org/wiki/Vigevano Vigevano (Wikipedia)",,,,,,,,,,,,,,,,"http://www.geonames.org/3164376 Vigevano",Vigevano,,,,,,,,,,,,,,,,,,,,,,,"de Viglevano",,,,,,,,,,,,,,,,,,,,
31119,Place,cidoc-crm:E48_Place_Name,steven.teasdale@alumni.utoronto.ca,true,,,,,,aa364208-813e-425e-8545-12c010eeac7f,,,,,,,"https://en.wikipedia.org/wiki/Deba,_Gipuzkoa Deba (Wikipedia)",,,,,,,,,,,,,,,,"http://www.geonames.org/3123910 Deba",Deba,,,,,,,,,,,,,,,,,,,,,,,"de Villadeva regni bischaie",,,,27680,,,,,,,,,,,,,,,,
31116,Place,cidoc-crm:E48_Place_Name,steven.teasdale@alumni.utoronto.ca,true,,,"The identifier of Germany (or German) in the Genoese sources of the late medieval and early modern era refers approximately to the German speaking peoples living in the Holy Roman Empire. ",,,7c2aff1c-8f21-4b7e-bbd6-11c885f96e8e,,,,,,,"https://en.wikipedia.org/wiki/History_of_Germany Germany (Wikpedia)",,,,,,,,,,,,,,,,"http://www.geonames.org/2921044 Germany",Germany,,,,,,,,,,,,,,,,,,,,,,,alamanus,,,,,,,,,,,,,,,,,,,,
31114,Place,cidoc-crm:E48_Place_Name,steven.teasdale@alumni.utoronto.ca,true,,,,,,7525044b-3103-435b-ac1b-e2b781290f7b,,,,,,,"https://en.wikipedia.org/wiki/History_of_Marseille Marseille (Wikepedia)",,,,,,,,,,,,,,,,"http://www.geonames.org/2995469 Marseille",Marseille,,,,,,,,,,,,,,,,,,,,,,,,,,,,,,,,,,,,,,,,,,,
31112,Place,cidoc-crm:E48_Place_Name,steven.teasdale@alumni.utoronto.ca,true,,,"The commune of Toirano was incorporated into the Republic of Genoa in 1385.",,,cb146524-ab5d-4a1e-806a-fdada7c6f99a,,,,,,,"https://it.wikipedia.org/wiki/Toirano Toirano (Wikipedia)",,,,,,,,,,,,,,,,"http://www.geonames.org/3165601 Toirano",Toirano,,,,,,,,,,,,,,,,,,,,,,,,,,,,,,,,,,,,,,,,,,,
31110,Place,cidoc-crm:E48_Place_Name,steven.teasdale@alumni.utoronto.ca,true,,,,,,29349ccd-968d-4786-8214-910b8832f311,,,,,,,"https://it.wikipedia.org/wiki/Molassana Molassana (Wikipedia)",,,,,,,,,,,,,,,,"http://www.geonames.org/7603203 Molassana","Molassana ",,,,,,,,,,,,,,,,,,,,,,,"The commune of Molassana  was incorporated into the Republic of Genoa in 1296.",,,,,,,,,,,,,,,,,,,,
31107,Place,cidoc-crm:E48_Place_Name,steven.teasdale@alumni.utoronto.ca,true,,,,,,cb964478-9869-42a1-88e1-41c27e93e05d,,,,,,,"https://it.wikipedia.org/wiki/Cogorno Cogorno (Wikipedia)",,,,,,,,,,,,,,,,"http://www.geonames.org/3224730 Cogorno",Cogorno,,,,,,,,,,,,,,,,,,,,,,,"de Cucurno",,,,,,,,,,,,,,,,,,,,
31105,Place,cidoc-crm:E48_Place_Name,steven.teasdale@alumni.utoronto.ca,true,,,"The commune of Busalla was a feudal domain of the Spinola family and nominally part of the Republic of Genoa from the thirteenth century.",,,bc87f32f-d145-4466-961c-7088fed726c0,,,,,,,"https://it.wikipedia.org/wiki/Busalla Busalla (Wikipedia)",,,,,,,,,,,,,,,,"http://www.geonames.org/3181383 Busalla",Busalla,,,,,,,,,,,,,,,,,,,,,,,"de Buzalla",,,,,,,,,,,,,,,,,,,,
31101,Place,cidoc-crm:E48_Place_Name,steven.teasdale@alumni.utoronto.ca,true,,,"Catania is a city on the eastern coast of Sicily. In the late medieval and early modern periods it was under the rule of the Crown of Aragon.",,,e8fee2f0-4c02-4949-a34e-448be51d9519,,,,,,,"https://en.wikipedia.org/wiki/Catania Catania (Wikipedia)",,,,,,,,,,,,,,,,"http://www.geonames.org/2525068 Catania",Catania,,,,,,,,,,,,,,,,,,,,,,,,,,,27741,,,,,,,,,,,,,,,,
31097,Place,cidoc-crm:E48_Place_Name,steven.teasdale@alumni.utoronto.ca,true,,,"de Sancto Ambroxio",,,c24dd528-1289-4ab4-9209-083c81e39b8f,,,,,,,"https://it.wikipedia.org/wiki/Sant%27Ambrogio_(Zoagli) Sant'Ambrogio (Wikipedia)",,,,,,,,,,,,,,,,"http://www.geonames.org/3224604 Sant'Ambrogio",Sant'Ambrogio,,,,,,,,,,,,,,,,,,,,,,,"The commune of Sant'Ambrogio became part of the Republic of Genoa in 1332. ",,,,,,,,,,,,,,,,,,,,
31094,Place,cidoc-crm:E48_Place_Name,steven.teasdale@alumni.utoronto.ca,true,,,,,,1352c6d1-6270-47c1-b6f0-4bf65e2ea5f5,,,,,,,"https://it.wikipedia.org/wiki/Prugiasco Prugiasco (Wikipedia)",,,,,,,,,,,,,,,,"http://www.geonames.org/2659130 Prugiasco",Prugiasco,,,,,,,,,,,,,,,,,,,,,,,"de Prozascho",,,,,,,,,,,,,,,,,,,,
31084,Place,cidoc-crm:E48_Place_Name,steven.teasdale@alumni.utoronto.ca,true,,,,,,2b822683-471f-4fbd-83bf-5921bdec4424,,,,,,,"https://it.wikipedia.org/wiki/Tolosa_(Spagna) Tolosa (Wikipedia)",,,,,,,,,,,,,,,,"http://www.geonames.org/3108008 Tolosa",Tolosa,,,,,,,,,,,,,,,,,,,,,,,"Tolosa is a town located in the Basque Region of northern Spain. Merchants from Tolosa were active trading partners with the Genoese during the fifteenth century. During this time Tolosa was part of the Principality of Catalonia.",,,,27636,,,,,,,,,,,,,,,,
31082,Place,cidoc-crm:E48_Place_Name,steven.teasdale@alumni.utoronto.ca,true,,,,,,e80d654b-95ce-4f99-8030-4dd9f7c6b646,,,,,,,"https://en.wikipedia.org/wiki/History_of_France France (Wikipedia)",,,,,,,,,,,,,,,,"http://www.geonames.org/3017382 France",France,,,,,,,,,,,,,,,,,,,,,,,"de Francia",,,,,,,,,,,,,,,,,,,,
31078,Place,cidoc-crm:E48_Place_Name,steven.teasdale@alumni.utoronto.ca,true,,,"The city of Tortosa was part of the principality of Catalonia in the late medieval and early modern era and was an active trading partner with the Republic of Genoa.",,,8b51c72d-61d6-4338-b04d-4b739ac7f8d9,,,,,,,"https://en.wikipedia.org/wiki/Tortosa Tortosa (Wikipedia)",,,,,,,,,,,,,,,,"http://www.geonames.org/3107677 Tortosa","city of Tortosa",,,,,,,,,,,,,,,,,,,,,,,"de Turtusia | Dertuxie | Dertusia | Dertusiensis",,,,27636,,,,,,,,,,,,,,,,
31072,Place,cidoc-crm:E48_Place_Name,steven.teasdale@alumni.utoronto.ca,true,,,"The commune of Arquata became a feudal possession of the Republic of Genoa in 1310. In 1873 it's name was changed to ""Arquata Scrivia"".",,,01aa979b-4eb1-4b28-8742-c74af2c73b44,,,,,,,"https://it.wikipedia.org/wiki/Arquata_Scrivia Arquata (Wikipedia)",,,,,,,,,,,,,,,,"http://www.geonames.org/3182803 Arquata Scrivia","Arquata Scrivia",,,,,,,,,,,,,,,,,,,,,,,,,,,,,,,,,,,,,,,,,,,
31068,Place,cidoc-crm:E48_Place_Name,steven.teasdale@alumni.utoronto.ca,true,,,"The commune of Fiaccone became part of the Republic of Genoa in 1155. The name was changed to Fraconalto in 1927.",,,4ecd5271-5010-4ab7-a185-c4828c30e8f7,,,,,,,"https://it.wikipedia.org/wiki/Fraconalto Fraconalto (Wikipedia)",,,,,,,,,,,,,,,,"http://www.geonames.org/6542866 Fraconalto",Fiaccone,,,,,,,,,,,,,,,,,,,,,,,"Fiacono | Fiacone | Flachono",,,,,,,,,,,,,,,,,,,,
31065,Place,cidoc-crm:E48_Place_Name,steven.teasdale@alumni.utoronto.ca,true,,,"Ceva was a commune that was under the control of the Duchy of Milan during most of the later medieval and early modern Era.",,,1fed2caf-028b-4196-89e1-a0e74c8448a3,,,,,,,"https://it.wikipedia.org/wiki/Ceva Ceva (Wikpedia)",,,,,,,,,,,,,,,,"http://www.geonames.org/3178930 Ceva",Ceva,,,,,,,,,,,,,,,,,,,,,,,,,,,,,,,,,,,,,,,,,,,
31063,Place,cidoc-crm:E48_Place_Name,steven.teasdale@alumni.utoronto.ca,true,,,"The commune of Gordena was a fiefdom on the Genoese Spinola family during the late medieval and early modern eras. It is now part of the province of Alessandria.",,,e1979e13-a1b3-4670-8455-e5d09bccac99,,,,,,,"https://it.wikipedia.org/wiki/Gordena Gordena (Wikipedia)",,,,,,,,,,,,,,,,"http://www.geonames.org/8976512 Gordena",Gordena,,,,,,,,,,,,,,,,,,,,,,,,,,,,,,,,,,,,,,,,,,,
31055,Place,cidoc-crm:E48_Place_Name,steven.teasdale@alumni.utoronto.ca,true,,,"Ibiza is an island in the western Mediterranean. In the late medieval and early modern eras, it was part of the Kingdom of Aragon.",,,b8f931d5-7eb7-42b0-849e-176d9ec68360,,,,,,,"https://en.wikipedia.org/wiki/Ibiza Ibiza (Wikipedia)",,,,,,,,,,,,,,,,"http://www.geonames.org/2516477 Ibiza",Ibiza,,,,,,,,,,,,,,,,,,,,,,,"de Iviça",,,,,,,,,,,,,,,,,,,,
31047,Place,cidoc-crm:E48_Place_Name,steven.teasdale@alumni.utoronto.ca,true,,,"Pino became part of the Genoese colonial system in 1360.",,,1620f60d-ec9d-454d-9c0b-25c13b33f385,,,,,,,"https://en.wikipedia.org/wiki/Pino,_Haute-Corse Pino (Wikipedia)",,,,,,,,,,,,,,,,"http://www.geonames.org/2987089 Pino",Pino,,,,,,,,,,,,,,,,,,,,,,,"de Pinu",,,,,,,,,,,,,,,,,,,,
31033,Place,cidoc-crm:E48_Place_Name,steven.teasdale@alumni.utoronto.ca,true,,,"The commune of Candeasco became part of the Republic of Genoa during the fourteenth century. ",,,c07ddf1d-729b-441b-9144-23f48bb0a795,,,,,,,"https://it.wikipedia.org/wiki/Candeasco Candeasco (Wikipedia)",,,,,,,,,,,,,,,,"http://www.geonames.org/3180875 Candeasco",Candeasco,,,,,,,,,,,,,,,,,,,,,,,"de Candeasio",,,,,,,,,,,,,,,,,,,,
31031,Place,cidoc-crm:E48_Place_Name,steven.teasdale@alumni.utoronto.ca,true,,,"The commune of Coreglia was part of the Republic of Genoa during the late medieval and early modern era. The name was changed to Coreglia Ligure in 1888.",,,01fe1aea-727d-436a-8436-8f3809edb160,,,,,,,"https://it.wikipedia.org/wiki/Coreglia_Ligure Coreglia Ligure (Wikipedia)",,,,,,,,,,,,,,,,"http://www.geonames.org/6543717 Coreglia Ligure","Coreglia Ligure",,,,,,,,,,,,,,,,,,,,,,,,,,,,,,,,,,,,,,,,,,,
31029,Place,cidoc-crm:E48_Place_Name,steven.teasdale@alumni.utoronto.ca,true,,,"The commune of Gavi became part of the Republic of Genoa in 1202. It is now part of the Piemonte and is officially known as Gavi Ligure.",,,fe0e9bbe-7552-40ca-89cf-bc8a1b7d1b39,,,,,,,"https://it.wikipedia.org/wiki/Gavi Gavi (Wikipedia)",,,,,,,,,,,,,,,,"http://www.geonames.org/3176269 Gavi",Gavi,,,,,,,,,,,,,,,,,,,,,,,,,,,,,,,,,,,,,,,,,,,
31027,Place,cidoc-crm:E48_Place_Name,steven.teasdale@alumni.utoronto.ca,true,,,"The commune of Castiglione in Liguria became part of the Republic of Genoa in 1276. The name was changed to Castiglione Chiavarese in 1863.",,,8532102c-c9be-43aa-8ab7-adbe3cdc4985,,,,,,,"https://it.wikipedia.org/wiki/Castiglione_Chiavarese Castiglione (Wikipedia)",,,,,,,,,,,,,,,,"http://www.geonames.org/3179424 Castiglione Chiavarese",Castiglione,,,,,,,,,,,,,,,,,,,,,,,"de Castiliono",,,,,,,,,,,,,,,,,,,,
31024,Place,cidoc-crm:E48_Place_Name,steven.teasdale@alumni.utoronto.ca,true,,,"The commune of Varese became part of the Republic of Genoa in 1386. In 1862 it was renamed as Varese Ligure.",,,72c4dae8-d523-4e8e-9a11-707df3bcf12a,,,,,,,"https://it.wikipedia.org/wiki/Varese_Ligure Varese Ligure (Wikipedia)",,,,,,,,,,,,,,,,"http://www.geonames.org/3164696 Varese Ligure","Varese Ligure",,,,,,,,,,,,,,,,,,,,,,,"de Varixio",,,,,,,,,,,,,,,,,,,,
31022,Place,cidoc-crm:E48_Place_Name,steven.teasdale@alumni.utoronto.ca,true,,,"The commune of Verzi became part of the Republic of Genoa in 1385.",,,49a7d0e1-8097-4dfb-933c-45c055150df0,,,,,,,"https://it.wikipedia.org/wiki/Verzi_(Finale_Ligure) Verzi (Wikipedia)",,,,,,,,,,,,,,,,"http://www.geonames.org/8962539 Verzi",Verzi,,,,,,,,,,,,,,,,,,,,,,,"de Vertio",,,,,,,,,,,,,,,,,,,,
31020,Place,cidoc-crm:E48_Place_Name,steven.teasdale@alumni.utoronto.ca,true,,,"The commune of Petra became part of the Republic of Genoa in 1385. It was renamed Pietra Ligure in 1863.",,,f59848f3-0075-4065-8b0b-56948693720b,,,,,,,"https://it.wikipedia.org/wiki/Pietra_Ligure Pietra Ligure (Wikipedia)",,,,,,,,,,,,,,,,"http://www.geonames.org/3170797 Pietra Ligure","Petra (Pietra Ligure)",,,,,,,,,,,,,,,,,,,,,,,"de Petra",,,,,,,,,,,,,,,,,,,,
31018,Place,cidoc-crm:E48_Place_Name,steven.teasdale@alumni.utoronto.ca,true,,,"The commune of Montaldo became part of the Republic of Genoa in 1260. The commune was renamed Montalto Ligure in the nineteenth century.",,,90a24355-4c04-42f9-82cd-3b7c4f45869c,,,,,,,"https://it.wikipedia.org/wiki/Montalto_Ligure Montalto Ligure (Wikipedia)",,,,,,,,,,,,,,,,"http://www.geonames.org/3173080 Montalto Ligure","Montaldo (Montalto Ligure)",,,,,,,,,,,,,,,,,,,,,,,"de Montaldo",,,,,,,,,,,,,,,,,,,,
31016,Place,cidoc-crm:E48_Place_Name,steven.teasdale@alumni.utoronto.ca,true,,,,,,83744ca4-8c70-4a47-9df1-38af4688aae9,,,,,,,"https://it.wikipedia.org/wiki/Finale_Ligure Finale Ligure (Wikipedia)",,,,,,,,,,,,,,,,"http://www.geonames.org/3176982 Finale Ligure","Finale Ligure",,,,,,,,,,,,,,,,,,,,,,,"de Finario",,,,,,,,,,,,,,,,,,,,
31014,Place,cidoc-crm:E48_Place_Name,steven.teasdale@alumni.utoronto.ca,true,,,,,,138aec6d-e19e-4fdf-a62c-061a375a2dc4,,,,,,,,,,,,,,,,,,,,,,,"http://www.geonames.org/8971190 Canevale",Canevale,,,,,,,,,,,,,,,,,,,,,,,"de Canevali",,,,,,,,,,,,,,,,,,,,
31012,Place,cidoc-crm:E48_Place_Name,steven.teasdale@alumni.utoronto.ca,true,,,"The commune of Cabella was part of the Republic of Genoa in the late medieval and early modern era. It later became part of Piemonte, and adopted the suffix ""Ligure"", during the nineteenth century.",,,cb35a3e7-10a2-44bf-8798-4c984b6236a1,,,,,,,"https://it.wikipedia.org/wiki/Cabella_Ligure Cabella Ligure (Wikipedia)",,,,,,,,,,,,,,,,"http://www.geonames.org/3181340 Cabella Ligure","Cabella Ligure",,,,,,,,,,,,,,,,,,,,,,,"de Cabella",,,,,,,,,,,,,,,,,,,,
31010,Place,cidoc-crm:E48_Place_Name,steven.teasdale@alumni.utoronto.ca,true,,,,,,47236234-c290-4379-8fef-08cd3607ec7e,,,,,,,"https://en.wikipedia.org/wiki/A_Coru%C3%B1a A Coruña (Wikipedia)",,,,,,,,,,,,,,,,"http://www.geonames.org/3119841 A Coruña","A Coruña",,,,,,,,,,,,,,,,,,,,,,,"de Crugnono de Goaschonia ",,,,,,,,,,,,,,,,,,,,
31004,Place,cidoc-crm:E48_Place_Name,steven.teasdale@alumni.utoronto.ca,true,,,,,,a9d865d0-baa7-4df4-adfd-3e1d4da858f8,,,,,,,"https://en.wikipedia.org/wiki/Trapani Trapani (Wikipedia)",,,,,,,,,,,,,,,,"http://www.geonames.org/2522876 Trapani",Trapani,,,,,,,,,,,,,,,,,,,,,,,,,,,,,,,,,,,,,,,,,,,
31003,Place,cidoc-crm:E48_Place_Name,steven.teasdale@alumni.utoronto.ca,true,,,,,,2e9c23e5-c76e-4db0-ac11-28fd66262624,,,,,,,,,,,,,,,,,,,,,,,,"The district (compagna) of Porta",,,,,,,,,,,,,,,,,,,,,,,,,,,26037,,,,,,,,,,,,,,,,
31002,Place,cidoc-crm:E48_Place_Name,steven.teasdale@alumni.utoronto.ca,true,,,,,,2e9c23e5-c76e-4db0-ac11-28fd66262624,,,,,,,,,,,,,,,,,,,,,,,,"The sub-district (conestagia) of Portafico",,,,,,,,,,,,,,,,,,,,,,,,,,,31003,,,,,,,,,,,,,,,,
30998,Place,cidoc-crm:E48_Place_Name,steven.teasdale@alumni.utoronto.ca,true,,,,,,aca511ee-aacf-486d-a441-e5e6804732c5,,,,,,,"https://it.wikipedia.org/wiki/Laigueglia Laigueglia (Wikipedia)",,,,,,,,,,,,,,,,"http://www.geonames.org/3175239 Laigueglia",Laigueglia,,,,,,,,,,,,,,,,,,,,,,,"de Lingueglia | de Leiguelia",,,,,,,,,,,,,,,,,,,,
30996,Place,cidoc-crm:E48_Place_Name,steven.teasdale@alumni.utoronto.ca,true,,,,,,2397d1e8-a231-4cd4-811d-2e65d50c0c9a,,,,,,,"https://it.wikipedia.org/wiki/Zoagli Zoagli (Wikipedia)",,,,,,,,,,,,,,,,"http://www.geonames.org/3163859 Zoagli",Zoagli,,,,,,,,,,,,,,,,,,,,,,,"de Zoalio",,,,,,,,,,,,,,,,,,,,
30994,Place,cidoc-crm:E48_Place_Name,steven.teasdale@alumni.utoronto.ca,true,,,,,,10611ad2-20b8-493a-9858-61229e99e94f,,,,,,,"https://it.wikipedia.org/wiki/Quarto_dei_Mille Quarto (Genova)",,,,,,,,,,,,,,,,"http://www.geonames.org/3169699 Quarto dei Mille","Quarto dei Mille",,,,,,,,,,,,,,,,,,,,,,,"de Quarto",,,,,,,,,,,,,,,,,,,,
30991,Place,cidoc-crm:E48_Place_Name,steven.teasdale@alumni.utoronto.ca,true,,,,,,63679a38-fc6d-46b1-a9c5-e4d2034debb6,,,,,,,"https://en.wikipedia.org/wiki/Monza Monza (Wikipedia)",,,,,,,,,,,,,,,,"http://www.geonames.org/3172629 Monza",Monza,,,,,,,,,,,,,,,,,,,,,,,,,,,,,,,,,,,,,,,,,,,
30989,Place,cidoc-crm:E48_Place_Name,steven.teasdale@alumni.utoronto.ca,true,,,,,,34d1a6d2-c83f-4bd5-b4ea-09b84f25d185,,,,,,,"https://it.wikipedia.org/wiki/Borghetto_Santo_Spirito Borghetto Santo Spirito (Wikipedia)",,,,,,,,,,,,,,,,"http://www.geonames.org/3181832 Borghetto Santo Spirito","Borghetto Santo Spirito",,,,,,,,,,,,,,,,,,,,,,,"de Burgeto",,,,,,,,,,,,,,,,,,,,
30978,Place,cidoc-crm:E48_Place_Name,steven.teasdale@alumni.utoronto.ca,true,,,,,,7d42cf11-0726-4891-b24e-34c2250ea91b,,,,,,,"https://it.wikipedia.org/wiki/Ronco_Scrivia Ronco Scrivia (Wikipedia)",,,,,,,,,,,,,,,,"http://www.geonames.org/3168990 Ronco Scrivia","Ronco Scrivia",,,,,,,,,,,,,,,,,,,,,,,"de Ronco",,,,,,,,,,,,,,,,,,,,
30976,Place,cidoc-crm:E48_Place_Name,steven.teasdale@alumni.utoronto.ca,true,,,,,,440523da-119c-4bee-aa03-d51d419c9505,,,,,,,"https://en.wikipedia.org/wiki/Camogli Camogli (Wikipedia)",,,,,,,,,,,,,,,,"http://www.geonames.org/3181071 Camogli",Camogli,,,,,,,,,,,,,,,,,,,,,,,"de Camulio",,,,,,,,,,,,,,,,,,,,
27800,Place,cidoc-crm:E48_Place_Name,steven.teasdale@alumni.utoronto.ca,true,,,,,,ae9f498d-55a0-4ccf-8e7b-13fd1d53abcd,,,,,,,"https://en.wikipedia.org/wiki/Turin Torino (Wikipedia)",,,,,,,,,,,,,,,,"http://www.geonames.org/3165524 Turin",Turin,,,,,,,,,,,,,,,,,,,,,,,"The city of Turin (Torino).",,,,,,,,,,,,,,,,,,,,
27798,Place,cidoc-crm:E48_Place_Name,steven.teasdale@alumni.utoronto.ca,true,,,"The city of Ragusa, now Dubrovnik.",,,ca9b0d61-1af4-4f55-96f8-72ad948186b0,,,,,,,"https://en.wikipedia.org/wiki/Republic_of_Ragusa Republic of Ragusa (Wikipedia)",,,,,,,,,,,,,,,,"http://www.geonames.org/3201047 Dubrovnik",Ragusa,,,,,,,,,,,,,,,,,,,,,,,,,,,,,,,,,,,,,,,,,,,
27795,Place,cidoc-crm:E48_Place_Name,steven.teasdale@alumni.utoronto.ca,true,,,,,,6da085c8-8b5e-4bf8-a6e6-0be838932628,,,,,,,"https://it.wikipedia.org/wiki/Orero Orero (Wikipedia)",,,,,,,,,,,,,,,,"http://www.geonames.org/6542453 Orero",Orero,,,,,,,,,,,,,,,,,,,,,,,"de Orerio",,,,,,,,,,,,,,,,,,,,
27793,Place,cidoc-crm:E48_Place_Name,steven.teasdale@alumni.utoronto.ca,true,,,,,,7e028af0-1b01-4c9e-8491-b146a2faaa0a,,,,,,,,,,,,,,,,,,,,,,,"http://www.geonames.org/8957903 Maggiolo",Maggiolo,,,,,,,,,,,,,,,,,,,,,,,"de Maggiolo | de Maiolo",,,,,,,,,,,,,,,,,,,,
27789,Place,cidoc-crm:E48_Place_Name,steven.teasdale@alumni.utoronto.ca,true,,,,,,ddcc1f8f-412b-43fd-aea6-139c908a1588,,,,,,,"https://it.wikipedia.org/wiki/Brignole_(Rezzoaglio) Brignole (Wikipedia)",,,,,,,,,,,,,,,,"http://www.geonames.org/3181531 Brignole",Brignole,,,,,,,,,,,,,,,,,,,,,,,"de Brignali",,,,,,,,,,,,,,,,,,,,
27787,Place,cidoc-crm:E48_Place_Name,steven.teasdale@alumni.utoronto.ca,true,,,,,,82fcab73-8837-4287-a8c0-01232345eed7,,,,,,,"https://en.wikipedia.org/wiki/Syracuse,_Sicily Syracuse (Wikipedia)",,,,,,,,,,,,,,,,"http://www.geonames.org/2523083 Syracuse",Syracuse,,,,,,,,,,,,,,,,,,,,,,,Siracusa,,,,,,,,,,,,,,,,,,,,
27784,Place,cidoc-crm:E48_Place_Name,steven.teasdale@alumni.utoronto.ca,true,,,,,,8bfedbf8-1911-4949-8867-ce4bb83d24d2,,,,,,,"https://it.wikipedia.org/wiki/Marassi Marassi (Wikipedia)",,,,,,,,,,,,,,,,"http://www.geonames.org/7603202 Marassi",Marassi,,,,,,,,,,,,,,,,,,,,,,,,,,,,,,,,,,,,,,,,,,,
27782,Place,cidoc-crm:E48_Place_Name,steven.teasdale@alumni.utoronto.ca,true,,,,,,0e245160-c9b9-407d-bdd5-984236726893,,,,,,,"https://it.wikipedia.org/wiki/Bassignana Bassignana (Wikipedia)",,,,,,,,,,,,,,,,"http://www.geonames.org/3182292 Bassignana",Bassignana,,,,,,,,,,,,,,,,,,,,,,,"de Bassigna",,,,,,,,,,,,,,,,,,,,
27779,Place,cidoc-crm:E48_Place_Name,steven.teasdale@alumni.utoronto.ca,true,,,,,,a9cd8f40-bde1-4adf-b3a0-341415c3e3f6,,,,,,,"https://it.wikipedia.org/wiki/Sarno Sarno (Wikipedia)",,,,,,,,,,,,,,,,"http://www.geonames.org/3167116 Sarno",Sarno,,,,,,,,,,,,,,,,,,,,,,,,,,,,,,,,,,,,,,,,,,,
27774,Place,cidoc-crm:E48_Place_Name,steven.teasdale@alumni.utoronto.ca,true,,,,,,c71c1b06-4856-4ee2-8d14-0ccdecfe45fd,,,,,,,,,,,,,,,,,,,,,,,"http://www.geonames.org/8958325 Pogliasca",Pogliasca,,,,,,,,,,,,,,,,,,,,,,,"de Poliasca",,,,,,,,,,,,,,,,,,,,
27772,Place,cidoc-crm:E48_Place_Name,steven.teasdale@alumni.utoronto.ca,true,,,,,,bbc3c0ef-f3fa-4d63-924d-f8345c35884d,,,,,,,"https://it.wikipedia.org/wiki/Albaro Albaro (Wikipedia)",,,,,,,,,,,,,,,,"http://www.geonames.org/7603221 Albaro",Albaro,,,,,,,,,,,,,,,,,,,,,,,"de Albario",,,,,,,,,,,,,,,,,,,,
27769,Place,cidoc-crm:E48_Place_Name,steven.teasdale@alumni.utoronto.ca,true,,,,,,75b684d4-6635-41fb-8762-ead3241eafa3,,,,,,,"https://it.wikipedia.org/wiki/Castellaccio Castellacio (Wikipedia)",,,,,,,,,,,,,,,,"http://www.geonames.org/8951319 Castellaccio",Castellaccio,,,,,,,,,,,,,,,,,,,,,,,"de Castelacio",,,,,,,,,,,,,,,,,,,,
27767,Place,cidoc-crm:E48_Place_Name,steven.teasdale@alumni.utoronto.ca,true,,,,,,0a8f5095-c80e-4620-9960-d591d5612762,,,,,,,"https://it.wikipedia.org/wiki/Cant%C3%B9 Cantù (Wikipedia)",,,,,,,,,,,,,,,,"http://www.geonames.org/3180758 Cantù",Cantù,,,,,,,,,,,,,,,,,,,,,,,"de Canturio",,,,,,,,,,,,,,,,,,,,
27763,Place,cidoc-crm:E48_Place_Name,steven.teasdale@alumni.utoronto.ca,true,,,,,,b3e36d32-c111-4f4a-845d-2bbf39d333cf,,,,,,,"https://it.wikipedia.org/wiki/Sessarego Sessarego (Wikipedia)",,,,,,,,,,,,,,,,"http://www.geonames.org/8952597 Sessarego",Sessarego,,,,,,,,,,,,,,,,,,,,,,,,,,,,,,,,,,,,,,,,,,,
27750,Place,cidoc-crm:E48_Place_Name,steven.teasdale@alumni.utoronto.ca,true,,,,,,088397ae-7307-4d4b-b4ce-965cf26d03a5,,,,,,,"https://en.wikipedia.org/wiki/Republic_of_Lucca Republic of Lucca (Wikipedia)",,,,,,,,,,,,,,,,"http://www.geonames.org/3174530 Lucca",Lucca,,,,,,,,,,,,,,,,,,,,,,,,,,,,,,,,,,,,,,,,,,,
27748,Place,cidoc-crm:E48_Place_Name,steven.teasdale@alumni.utoronto.ca,true,,,,,,8ed9240b-20d4-465e-ab6a-ae87650929db,,,,,,,"https://it.wikipedia.org/wiki/Ovada Ovada (Wikipedia)",,,,,,,,,,,,,,,,"http://www.geonames.org/3171771 Ovada",Ovada,,,,,,,,,,,,,,,,,,,,,,,"de Uvada",,,,,,,,,,,,,,,,,,,,
27747,Place,cidoc-crm:E48_Place_Name,steven.teasdale@alumni.utoronto.ca,true,,,"In the late middle ages, the loconym ""Hispania"" was a general reference to the Iberian Peninsula, essentially the region of modern-day Spain.",,,fea288a0-a897-4bf8-a91d-1bcf4d117a7b,,,,,,,,,,,,,,,,,,,,,,,"http://www.geonames.org/2510769 Spain",Spain,,,,,,,,,,,,,,,,,,,,,,,Hispania,,,,,,,,,,,,,,,,,,,,
27741,Place,cidoc-crm:E48_Place_Name,steven.teasdale@alumni.utoronto.ca,true,,,,,,1126c09c-43c4-4377-b4e1-65339310f72c,,,,,,,"https://en.wikipedia.org/wiki/Crown_of_Aragon Crown of Aragon (Wikipedia)",,,,,,,,,,,,,,,,,"Crown of Aragon",,,,,,,,,,,,,,,,,,,,,,,,,,,,,,,,,,,,,,,,,,,
27738,Place,cidoc-crm:E48_Place_Name,steven.teasdale@alumni.utoronto.ca,true,,,,,,e2b7040c-fdc5-4401-a3cd-be7c46635b66,,,,,,,"https://it.wikipedia.org/wiki/San_Biagio_della_Cima San Biagio della Cima (Wikipedia)",,,,,,,,,,,,,,,,"http://www.geonames.org/3168522 San Biagio della Cima","San Biagio della Cima",,,,,,,,,,,,,,,,,,,,,,,"de Sancto Blaxio",,,,,,,,,,,,,,,,,,,,
27736,Place,cidoc-crm:E48_Place_Name,steven.teasdale@alumni.utoronto.ca,true,,,,,,65c28803-482e-4ffe-be8f-efef780690b8,,,,,,,"https://it.wikipedia.org/wiki/Savignone Savignone (Wikipedia)",,,,,,,,,,,,,,,,"http://www.geonames.org/6535089 Savignone",Savignone,,,,,,,,,,,,,,,,,,,,,,,"de Savinione | de Saviniono",,,,,,,,,,,,,,,,,,,,
27728,Place,cidoc-crm:E48_Place_Name,steven.teasdale@alumni.utoronto.ca,true,,,,,,35a7232c-2b35-40df-b4a2-51483c3c4be4,,,,,,,"https://it.wikipedia.org/wiki/Villanova_d%27Albenga Villanova (Wikipedia)",,,,,,,,,,,,,,,,"http://www.geonames.org/3164185 Villanova d'Albenga","Villanova (Liguria)",,,,,,,,,,,,,,,,,,,,,,,,,,,,,,,,,,,,,,,,,,,
27725,Place,cidoc-crm:E48_Place_Name,steven.teasdale@alumni.utoronto.ca,true,,,,,,4f1174a6-9e5f-4362-aeee-ede9b76ae6b0,,,,,,,"https://it.wikipedia.org/wiki/Fontanigorda Fontanigorda (Wikipedia)",,,,,,,,,,,,,,,,"http://www.geonames.org/3176799 Fontanigorda",Fontanigorda,,,,,,,,,,,,,,,,,,,,,,,,,,,,,,,,,,,,,,,,,,,
27723,Place,cidoc-crm:E48_Place_Name,steven.teasdale@alumni.utoronto.ca,true,,,,,,c43c72b3-a9b8-45a3-b4da-6407a6454b38,,,,,,,"https://it.wikipedia.org/wiki/Canale_(Fontanigorda) Canale (Wikipedia)",,,,,,,,,,,,,,,,"http://www.geonames.org/8961466 Canale",Canale,,,,,,,,,,,,,,,,,,,,,,,,,,,27725,,,,,,,,,,,,,,,,
27721,Place,cidoc-crm:E48_Place_Name,steven.teasdale@alumni.utoronto.ca,true,,,,,,a11dbea5-b76e-452e-ade1-8b4ac0b14886,,,,,,,"https://en.wikipedia.org/wiki/Piacenza Piacenza (Italy)",,,,,,,,,,,,,,,,"http://www.geonames.org/3171058 Piacenza",Piacenza,,,,,,,,,,,,,,,,,,,,,,,,,,,,,,,,,,,,,,,,,,,
27718,Place,cidoc-crm:E48_Place_Name,steven.teasdale@alumni.utoronto.ca,true,,,,,,d1be9126-dc35-4d03-86b6-36166203088d,,,,,,,"https://en.wikipedia.org/wiki/Bilbao Bilbao (Wikipedia)",,,,,,,,,,,,,,,,"http://www.geonames.org/3128026 Bilbao",Bilbao,,,,,,,,,,,,,,,,,,,,,,,,,,,27680,,,,,,,,,,,,,,,,
27713,Place,cidoc-crm:E48_Place_Name,steven.teasdale@alumni.utoronto.ca,true,,,,,,0e08c867-7350-4ade-91f5-05f4cc18ee24,,,,,,,"https://en.wikipedia.org/wiki/Pareto,_Piedmont Pareto (Wikipedia)",,,,,,,,,,,,,,,,"http://www.geonames.org/6535554 Pareto",Pareto,,,,,,,,,,,,,,,,,,,,,,,,,,,,,,,,,,,,,,,,,,,
27708,Place,cidoc-crm:E48_Place_Name,steven.teasdale@alumni.utoronto.ca,true,,,,,,b62e117f-094c-46ac-84a2-22980da131ea,,,,,,,"https://en.wikipedia.org/wiki/Bobbio Bobbio (Wikipedia)",,,,,,,,,,,,,,,,"http://www.geonames.org/3181970 Bobbio",Bobbio,,,,,,,,,,,,,,,,,,,,,,,,,,,,,,,,,,,,,,,,,,,
27705,Place,cidoc-crm:E48_Place_Name,steven.teasdale@alumni.utoronto.ca,true,,,,,,d02ecdc6-9dd4-4db0-96dc-6e1f71051f3c,,,,,,,"https://it.wikipedia.org/wiki/Pornassio Pornassio (Wikipedia)",,,,,,,,,,,,,,,,"http://www.geonames.org/3170140 Pornassio",Pornassio,,,,,,,,,,,,,,,,,,,,,,,"de Pornasio",,,,,,,,,,,,,,,,,,,,
27700,Place,cidoc-crm:E48_Place_Name,steven.teasdale@alumni.utoronto.ca,true,,,,,,3f932e34-2e83-4a59-8895-6844ccd5d198,,,,,,,"https://en.wikipedia.org/wiki/Policastro_Bussentino Policastro Bussentino (Wikipedia)",,,,,,,,,,,,,,,,"http://www.geonames.org/3170386 Policastro Bussentino",Policastro,,,,,,,,,,,,,,,,,,,,,,,,,,,,,,,,,,,,,,,,,,,
27696,Place,cidoc-crm:E48_Place_Name,steven.teasdale@alumni.utoronto.ca,true,,,,,,d2c44bb5-d648-4c90-b87c-152063f09d31,,,,,,,"https://en.wikipedia.org/wiki/Sanremo Sanremo (Wikipedia)",,,,,,,,,,,,,,,,"http://www.geonames.org/3167777 Sanremo",Sanremo,,,,,,,,,,,,,,,,,,,,,,,"de Sancto Romulo | San Remo",,,,,,,,,,,,,,,,,,,,
27691,Place,cidoc-crm:E48_Place_Name,steven.teasdale@alumni.utoronto.ca,true,,,,,,820eb67e-10a4-4d16-8279-3fd3e34b774a,,,,,,,"https://en.wikipedia.org/wiki/Albissola_Marina Albisola (Wikipedia)",,,,,,,,,,,,,,,,"http://www.geonames.org/3183314 Albisola",Albisola,,,,,,,,,,,,,,,,,,,,,,,,,,,,,,,,,,,,,,,,,,,
27688,Place,cidoc-crm:E48_Place_Name,steven.teasdale@alumni.utoronto.ca,true,,,,,,be5dfb89-05d7-421d-bd82-e0548f35acde,,,,,,,"https://en.wikipedia.org/wiki/History_of_Valencia History of Valencia (Wikipedia)",,,,,,,,,,,,,,,,"http://www.geonames.org/2509954 Valencia",Valencia,,,,,,,,,,,,,,,,,,,,,,,Valenza,,,,,,,,,,,,,,,,,,,,
27686,Place,cidoc-crm:E48_Place_Name,steven.teasdale@alumni.utoronto.ca,true,,,,,,2121e2e3-29a7-453a-bb47-c6b1ecd2f647,,,,,,,"https://it.wikipedia.org/wiki/Taggia Taggia (Wikipedia)",,,,,,,,,,,,,,,,"http://www.geonames.org/3165993 Taggia",Taggia,,,,,,,,,,,,,,,,,,,,,,,"de Tabia",,,,,,,,,,,,,,,,,,,,
27684,Place,cidoc-crm:E48_Place_Name,steven.teasdale@alumni.utoronto.ca,true,,,,,,40534fef-71d4-4b86-9d01-4579c0023402,,,,,,,"https://it.wikipedia.org/wiki/Struppa Struppa (Wikipedia)",,,,,,,,,,,,,,,,"http://www.geonames.org/3166071 Struppa",Struppa,,,,,,,,,,,,,,,,,,,,,,,,,,,,,,,,,,,,,,,,,,,
27682,Place,cidoc-crm:E48_Place_Name,steven.teasdale@alumni.utoronto.ca,true,,,,,,0d993195-9485-4ab9-9743-4d13c07d7d5f,,,,,,,,,,,,,,,,,,,,,,,"http://www.geonames.org/7603206 Fontanegli",Fontanegli,,,,,,,,,,,,,,,,,,,,,,,"de Fontanelio",,,,27684,,,,,,,,,,,,,,,,
27680,Place,cidoc-crm:E48_Place_Name,steven.teasdale@alumni.utoronto.ca,true,,,"Biscay is a province in Spain. In the Late Middle Ages it was under the dominion of the Crown of Castile.",,,a6a83e42-6e47-4dd7-92c9-aab3bc98aa11,,,,,,,"https://en.wikipedia.org/wiki/Biscay Biscay (Wikipedia)",,,,,,,,,,,,,,,,"http://www.geonames.org/3104469 Biscay",Biscay,,,,,,,,,,,,,,,,,,,,,,,biscaglino,,,,26403,,,,,,,,,,,,,,,,
27675,Place,cidoc-crm:E48_Place_Name,steven.teasdale@alumni.utoronto.ca,true,,,,,,c03d5c54-03cd-43d7-b416-aef3e13b6f48,,,,,,,"https://en.wikipedia.org/wiki/Porto_Venere Portovenere (Wikipedia)",,,,,,,,,,,,,,,,"http://www.geonames.org/3170065 Portovenere",Portovenere,,,,,,,,,,,,,,,,,,,,,,,,,,,,,,,,,,,,,,,,,,,
27673,Place,cidoc-crm:E48_Place_Name,steven.teasdale@alumni.utoronto.ca,true,,,,,,1fd3ea95-dd28-4c28-8400-6cf266802015,,,,,,,"https://en.wikipedia.org/wiki/Portofino Portofino (Wikipedia)",,,,,,,,,,,,,,,,"http://www.geonames.org/3170092 Portofino",Portofino,,,,,,,,,,,,,,,,,,,,,,,"de Portufino",,,,,,,,,,,,,,,,,,,,
27664,Place,cidoc-crm:E48_Place_Name,steven.teasdale@alumni.utoronto.ca,true,,,,,,bdeebd61-4de6-47bc-808c-7e3113514c21,,,,,,,"https://it.wikipedia.org/wiki/Averara Averara (Wikipedia)",,,,,,,,,,,,,,,,"http://www.geonames.org/3182642 Averara",Averara,,,,,,,,,,,,,,,,,,,,,,,"de Averaria",,,,,,,,,,,,,,,,,,,,
27655,Place,cidoc-crm:E48_Place_Name,steven.teasdale@alumni.utoronto.ca,true,,,,,,a90883ad-476c-4364-b0cd-b4cd727e6310,,,,,,,"https://it.wikipedia.org/wiki/Chiavari Chiavari (Wikipedia)",,,,,,,,,,,,,,,,"http://www.geonames.org/3178832 Chiavari",Chiavari,,,,,,,,,,,,,,,,,,,,,,,"de Clavaro",,,,,,,,,,,,,,,,,,,,
27650,Place,cidoc-crm:E48_Place_Name,steven.teasdale@alumni.utoronto.ca,true,,,,,,f9b13595-0b3f-4a53-a2f9-59f32772f160,,,,,,,"https://it.wikipedia.org/wiki/Sampierdarena Sampierdarena (Wikipedia)",,,,,,,,,,,,,,,,"http://www.geonames.org/3167872 San Pier d'Arena",Sampierdarena,,,,,,,,,,,,,,,,,,,,,,,,,,,,,,,,,,,,,,,,,,,
27638,Place,cidoc-crm:E48_Place_Name,steven.teasdale@alumni.utoronto.ca,true,,,,,,b1d7d93b-f4cc-48d9-bab9-3709b7b2c010,,"CC BY-SA 3.0 | https://commons.wikimedia.org/w/index.php?curid=4092777",,,,,"https://en.wikipedia.org/wiki/Kingdom_of_Majorca Kingdom of Mallorca (Wikipedia)","Commons:Sir James or german WP:Sir James - Own work",,,,,,,,,,,,,,,"http://www.geonames.org/2514239 Majorca","kingdom of Mallorca",,,,,,,,,,,,,,,,,,,,,,,"Majorca | Maiorca",,,,,,,,,,,,,,,,,,,,
27636,Place,cidoc-crm:E48_Place_Name,steven.teasdale@alumni.utoronto.ca,true,,,,,,dbfefaba-b8a5-4825-95cf-5432ffb4e3c5,,,,,,,"https://en.wikipedia.org/wiki/Principality_of_Catalonia Principality of Catalonia (Wikipedia)",,,,,,,,,,,,,,,,,"principality of Catalonia",,,,,,,,,,,,,,,,,,,,,,,,,,,,,,,,,,,,,,,,,,,
27633,Place,cidoc-crm:E48_Place_Name,steven.teasdale@alumni.utoronto.ca,true,,,"Serravalle is a small settlement currenlty located within the commune of Ortonovo, Liguria. It was under Genoese dominion during the late medieval and early modern period.",,,f3d2cda4-f7d1-4ff5-90ed-a31eba9f4de2,,,,,,,,,,,,,,,,,,,,,,,,"commune of Serravalle",,,,,,,,,,,,,,,,,,,,,,,,,,,,,,,,,,,,,,,,,,,
27628,Place,cidoc-crm:E48_Place_Name,steven.teasdale@alumni.utoronto.ca,true,,,,,,d88571db-1ba4-44e1-a017-e2c18454ddba,,,,,,,"https://it.wikipedia.org/wiki/Pietrabissara Pietrabissara (Wikipedia)",,,,,,,,,,,,,,,,"http://www.geonames.org/7838890 Pietrabissara",Pietrabissara,,,,,,,,,,,,,,,,,,,,,,,"de Petrabissara",,,,,,,,,,,,,,,,,,,,
27626,Place,cidoc-crm:E48_Place_Name,steven.teasdale@alumni.utoronto.ca,true,,,,,,35df3c39-349d-45aa-a001-6e8c71de5fe4,,,,,,,"https://en.wikipedia.org/wiki/Levanto,_Liguria Levanto (Wikipedia)",,,,,,,,,,,,,,,,"http://www.geonames.org/3174793 Levanto",Levanto,,,,,,,,,,,,,,,,,,,,,,,,,,,,,,,,,,,,,,,,,,,
27623,Place,cidoc-crm:E48_Place_Name,steven.teasdale@alumni.utoronto.ca,true,,,,,,72be331f-d1a2-4ce3-adf9-7ae51d64c84c,,,,,,,"https://it.wikipedia.org/wiki/Recco Recco (Wikipedia)",,,,,,,,,,,,,,,,"http://www.geonames.org/3169539 Recco",Recco,,,,,,,,,,,,,,,,,,,,,,,,,,,,,,,,,,,,,,,,,,,
27620,Place,cidoc-crm:E48_Place_Name,steven.teasdale@alumni.utoronto.ca,true,,,,,,b11769eb-c431-4a83-ad6a-53917bc8321d,,,,,,,"https://it.wikipedia.org/wiki/Pegli Pegli (Wikipedia)",,,,,,,,,,,,,,,,"http://www.geonames.org/3171309 Pegli",Pegli,,,,,,,,,,,,,,,,,,,,,,,"de Pelio",,,,,,,,,,,,,,,,,,,,
27617,Place,cidoc-crm:E48_Place_Name,steven.teasdale@alumni.utoronto.ca,true,,,,,,914edd57-a931-40c3-b2bb-de648c3838c2,,,,,,,"https://en.wikipedia.org/wiki/Palermo Palermo (Wikipedia)",,,,,,,,,,,,,,,,"http://www.geonames.org/2523920 Palermo",Palermo,,,,,,,,,,,,,,,,,,,,,,,,,,,,,,,,,,,,,,,,,,,
27610,Place,cidoc-crm:E48_Place_Name,steven.teasdale@alumni.utoronto.ca,true,,,,,,452e66d0-baf5-458a-8f53-5034c219939d,,,,,,,"https://en.wikipedia.org/wiki/Prato Prato (Wikipedia)",,,,,,,,,,,,,,,,"http://www.geonames.org/3169921 Prato",Prato,,,,,,,,,,,,,,,,,,,,,,,,,,,,,,,,,,,,,,,,,,,
27607,Place,cidoc-crm:E48_Place_Name,steven.teasdale@alumni.utoronto.ca,true,,,,,,da68aef9-857a-4a02-9b3e-c8559aac0170,,,,,,,,,,,,,,,,,,,,,,,,"The neighbourhood (around the carrubeo) of Murta",,,,,,,,,,,,,,,,,,,,,,,,,,,26324,,,,,,,,,,,,,,,,
27605,Place,cidoc-crm:E48_Place_Name,steven.teasdale@alumni.utoronto.ca,true,,,,,,172f7081-9ee1-4a85-a4b4-a8bac6fde77d,,,,,,,"https://it.wikipedia.org/wiki/Davagna Davagna (Wikipedia)",,,,,,,,,,,,,,,,"http://www.geonames.org/6542452 Davagna",Davagna,,,,,,,,,,,,,,,,,,,,,,,,,,,,,,,,,,,,,,,,,,,
27603,Place,cidoc-crm:E48_Place_Name,steven.teasdale@alumni.utoronto.ca,true,,,,,,39cba169-b9e6-44d4-8e5c-fb6c8337a8c6,,,,,,,"https://en.wikipedia.org/wiki/Malta Malta (Wikipedia)",,,,,,,,,,,,,,,,"http://www.geonames.org/2562770 Malta",Malta,,,,,,,,,,,,,,,,,,,,,,,,,,,,,,,,,,,,,,,,,,,
27601,Place,cidoc-crm:E48_Place_Name,steven.teasdale@alumni.utoronto.ca,true,,,,,,97e371bf-3719-4ea9-8da8-c65156c1af47,,,,,,,"https://en.wikipedia.org/wiki/Manarola Manarola (Wikipedia)",,,,,,,,,,,,,,,,"http://www.geonames.org/3174114 Manarola",Manarola,,,,,,,,,,,,,,,,,,,,,,,,,,,,,,,,,,,,,,,,,,,
27599,Place,cidoc-crm:E48_Place_Name,steven.teasdale@alumni.utoronto.ca,true,,,,,,0777e8b4-904f-4a3a-9a8a-4e2fcf84dea0,,,,,,,"https://en.wikipedia.org/wiki/Messina Messina (Wikipeadia)",,,,,,,,,,,,,,,,"http://www.geonames.org/2524170 Messina",Messina,,,,,,,,,,,,,,,,,,,,,,,,,,,,,,,,,,,,,,,,,,,
27591,Place,cidoc-crm:E48_Place_Name,steven.teasdale@alumni.utoronto.ca,true,,,,,,62cef3e1-f21a-473a-a342-af4b964710e3,,,,,,,"https://it.wikipedia.org/wiki/Voltaggio_(Italia) Voltaggio (Wikipedia)",,,,,,,,,,,,,,,,"http://www.geonames.org/3163967 Voltaggio",Voltaggio,,,,,,,,,,,,,,,,,,,,,,,"de Vultabio",,,,,,,,,,,,,,,,,,,,
27583,Place,cidoc-crm:E48_Place_Name,steven.teasdale@alumni.utoronto.ca,true,,,,,,db34bd5c-6ecc-4d83-923d-9275f34d44a8,,,,,,,"https://en.wikipedia.org/wiki/Alessandria Alessandria (Wikipedia)",,,,,,,,,,,,,,,,"http://www.geonames.org/3183299 Alessandria","Alessandria (Italy)",,,,,,,,,,,,,,,,,,,,,,,,,,,,,,,,,,,,,,,,,,,
27571,Place,cidoc-crm:E48_Place_Name,steven.teasdale@alumni.utoronto.ca,true,,,,,,2bf10ac7-f47b-49de-bbf1-1568eb12569a,,,,,,,"https://en.wikipedia.org/wiki/Moneglia Moneglia (Wikipedia)",,,,,,,,,,,,,,,,"http://www.geonames.org/3173159 Moneglia",Moneglia,,,,,,,,,,,,,,,,,,,,,,,,,,,,,,,,,,,,,,,,,,,
27568,Place,cidoc-crm:E48_Place_Name,steven.teasdale@alumni.utoronto.ca,true,,,,,,e82536cf-7bd1-4e52-9d09-ae6c19e868f2,,,,,,,"https://it.wikipedia.org/wiki/Porto_Maurizio Porto Maurizio (Wikipedia)",,,,,,,,,,,,,,,,"http://www.geonames.org/3170079 Porto Maurizio","Porto Maurizio",,,,,,,,,,,,,,,,,,,,,,,"Portu Mauricio | Porto Moricio | Portomaurizio",,,,,,,,,,,,,,,,,,,,
27566,Place,cidoc-crm:E48_Place_Name,steven.teasdale@alumni.utoronto.ca,true,,,,,,84c95de8-2875-4f29-a51e-ee432def8f93,,,,,,,"https://en.wikipedia.org/wiki/San_Miniato San Miniato (Wikipedia)",,,,,,,,,,,,,,,,"http://www.geonames.org/6542091 San Miniato","San Miniato",,,,,,,,,,,,,,,,,,,,,,,,,,,,,,,,,,,,,,,,,,,
27563,Place,cidoc-crm:E48_Place_Name,steven.teasdale@alumni.utoronto.ca,true,,,,,,092a39e6-7b0d-471b-b94b-850a21fc3bd1,,,,,,,,,,,,,,,,,,,,,,,,"The neighbourhood (contrada) of San Sisto",,,,,,,,,,,,,,,,,,,,,,,"de Sancto Sexto",,,,26311,,,,,,,,,,,,,,,,
27561,Place,cidoc-crm:E48_Place_Name,steven.teasdale@alumni.utoronto.ca,true,,,,,,0a8bd61f-775c-488b-bde0-09787c655bd7,,,,,,,"https://it.wikipedia.org/wiki/Montefegatesi Montefegatesi (Wikipedia)",,,,,,,,,,,,,,,,"http://www.geonames.org/8953715 Montefegatesi",Montefegatesi,,,,,,,,,,,,,,,,,,,,,,,"de Montefigatexio",,,,,,,,,,,,,,,,,,,,
27558,Place,cidoc-crm:E48_Place_Name,steven.teasdale@alumni.utoronto.ca,true,,,,,,a12697b2-91f9-42a5-af75-3990ea497af7,,,,,,,,,,,,,,,,,,,,,,,,"The sub-district (conestagia) of Sarzano
",,,,,,,,,,,,,,,,,,,,,,,,,,,26313,,,,,,,,,,,,,,,,
27555,Place,cidoc-crm:E48_Place_Name,steven.teasdale@alumni.utoronto.ca,true,,,,,,67e06dbf-6850-4b58-a192-8483e9dc8fb6,,,,,,,"https://en.wikipedia.org/wiki/Santa_Margherita_Ligure Santa Margherita Ligure (Wikipedia)",,,,,,,,,,,,,,,,"http://www.geonames.org/3167595 Santa Margherita Ligure","Santa Margherita Ligure",,,,,,,,,,,,,,,,,,,,,,,"villi Sancte Margarite | de Sancto Margarita potestacie Rapali",,,,26159,,,,,,,,,,,,,,,,
27552,Place,cidoc-crm:E48_Place_Name,steven.teasdale@alumni.utoronto.ca,true,,,,,,081059c8-6605-412d-a69e-8f4b5e655a1d,,,,,,,"https://en.wikipedia.org/wiki/Bonifacio,_Corse-du-Sud Bonifacio (Wikipedia)",,,,,,,,,,,,,,,,"http://www.geonames.org/3031801 Bonifacio",Bonifacio,,,,,,,,,,,,,,,,,,,,,,,,,,,,,,,,,,,,,,,,,,,
27550,Place,cidoc-crm:E48_Place_Name,steven.teasdale@alumni.utoronto.ca,true,,,,,,2f7e87f3-b735-45ae-932a-3a6c6a82421f,,,,,,,"https://it.wikipedia.org/wiki/Lavagna_(Italia) Lavagna (Wikipedia)",,,,,,,,,,,,,,,,"http://www.geonames.org/3175024 Lavagna",Lavagna,,,,,,,,,,,,,,,,,,,,,,,"de Lavania",,,,,,,,,,,,,,,,,,,,
27547,Place,cidoc-crm:E48_Place_Name,steven.teasdale@alumni.utoronto.ca,true,,,,,,5a4ac27e-a025-42fa-812f-8d7c9e3bcd91,,,,,,,"https://en.wikipedia.org/wiki/Novi_Ligure Novi Ligure (Wikipedia)",,,,,,,,,,,,,,,,"http://www.geonames.org/3172170 Novi Ligure","Novi Ligure",,,,,,,,,,,,,,,,,,,,,,,Novi,,,,,,,,,,,,,,,,,,,,
27544,Place,cidoc-crm:E48_Place_Name,steven.teasdale@alumni.utoronto.ca,true,,,,,,f40f0051-a2eb-46a8-b8a0-b5a2c9b70bf8,,,,,,,"https://it.wikipedia.org/wiki/Varzi Varzi (Wikipedia)",,,,,,,,,,,,,,,,"http://www.geonames.org/3164685 Varzi",Varzi,,,,,,,,,,,,,,,,,,,,,,,,,,,,,,,,,,,,,,,,,,,
27542,Place,cidoc-crm:E48_Place_Name,steven.teasdale@alumni.utoronto.ca,true,,,,,,3048ed41-772e-4cf7-a8f0-26aa75f6d811,,,,,,,"https://it.wikipedia.org/wiki/Bargagli Bargagli (Wikipedia)",,,,,,,,,,,,,,,,,Bargagli,,,,,,,,,,,,,,,,,,,,,,,,,,,,,,,,,,,,,,,,,,,
27540,Place,cidoc-crm:E48_Place_Name,steven.teasdale@alumni.utoronto.ca,true,,,,,,e49b3ec3-e6ae-449b-9c89-3a18d1bab869,,,,,,,"https://en.wikipedia.org/wiki/History_of_Naples History of Naples (Wikipedia)",,,,,,,,,,,,,,,,"http://www.geonames.org/3172394 Naples",Naples,,,,,,,,,,,,,,,,,,,,,,,,,,,,,,,,,,,,,,,,,,,
27538,Place,cidoc-crm:E48_Place_Name,steven.teasdale@alumni.utoronto.ca,true,,,,,,c08eecf7-94e6-46e7-b647-e885acd70525,,,,,,,"https://en.wikipedia.org/wiki/Asti Asti (Wikipedia)",,,,,,,,,,,,,,,,"http://www.geonames.org/3182714 Asti",Asti,,,,,,,,,,,,,,,,,,,,,,,,,,,,,,,,,,,,,,,,,,,
27534,Place,cidoc-crm:E48_Place_Name,steven.teasdale@alumni.utoronto.ca,true,,,,,,8812cd7c-a75a-4338-99bd-48d1ffdfd8ef,,,,,,,"https://en.wikipedia.org/wiki/Bruges#Golden_age_(12th_to_15th_centuries) Bruges (Wikipedia)",,,,,,,,,,,,,,,,"http://www.geonames.org/2800931 Bruges",Bruges,,,,,,,,,,,,,,,,,,,,,,,,,,,,,,,,,,,,,,,,,,,
27527,Place,cidoc-crm:E48_Place_Name,steven.teasdale@alumni.utoronto.ca,true,,,,,,f485db3f-5ece-42bd-9c4b-12775ae18b26,,,,,,,"https://en.wikipedia.org/wiki/History_of_Barcelona History of Barcelona (Wikipedia)",,,,,,,,,,,,,,,,"http://www.geonames.org/3128760 Barcelona",Barcelona,,,,,,,,,,,,,,,,,,,,,,,,,,,27636,,,,,,,,,,,,,,,,
27523,Place,cidoc-crm:E48_Place_Name,steven.teasdale@alumni.utoronto.ca,true,,,,,,05487bd9-212b-42d5-a8d4-251dd0c45660,,,,,,,"https://en.wikipedia.org/wiki/Sarzana Sarzana (Wikipedia)",,,,,,,,,,,,,,,,"http://www.geonames.org/3167104 Sarzana",Sarzana,,,,,,,,,,,,,,,,,,,,,,,,,,,,,,,,,,,,,,,,,,,
26443,Place,cidoc-crm:E48_Place_Name,steven.teasdale@alumni.utoronto.ca,true,,,,,,1395158f-ba31-4ba9-a73b-de9e941a8068,,,,,,,,,,,,,,,,,,,,,,,,"The sub-district (conestagia) of Ravecca",,,,,,,,,,,,,,,,,,,,,,,,,,,26313,,,,,,,,,,,,,,,,
26442,Place,cidoc-crm:E48_Place_Name,steven.teasdale@alumni.utoronto.ca,true,,,,,,f227c693-65fc-4811-b9bc-f69974e870d3,,,,,,,,,,,,,,,,,,,,,,,,"The neighbourhood (contrada) of the Ripa Corrigiariorum",,,,,,,,,,,,,,,,,,,,,,,"sub rippa corrigiariorum",,,,26443,,,,,,,,,,,,,,,,
26408,Place,cidoc-crm:E48_Place_Name,steven.teasdale@alumni.utoronto.ca,true,,,,,,c6bfa9fb-f16b-486a-82f2-fa57e5082c07,,,,,,,"https://en.wikipedia.org/wiki/Seville#Castilian_rule Seville (Wikipedia)",,,,,,,,,,,,,,,,"http://www.geonames.org/2510911 Seville",Seville,,,,,,,,,,,,,,,,,,,,,,,"civis et habitatoris Sibillie",,,,26403,,,,,,,,,,,,,,,,
26403,Place,cidoc-crm:E48_Place_Name,steven.teasdale@alumni.utoronto.ca,true,,,,,,a3f673b5-f00b-43a7-a71f-5fe74a9d849e,,,,,,,"https://en.wikipedia.org/wiki/Crown_of_Castile Crown of Castile (Wikipedia)",,,,,,,,,,,,,,,,,"Crown of Castile",,,,,,,,,,,,,,,,,,,,,,,,,,,,,,,,,,,,,,,,,,,
26402,Place,cidoc-crm:E48_Place_Name,steven.teasdale@alumni.utoronto.ca,true,,,,,,b827c952-0766-4c68-9bb1-4bac7b184555,,,,,,,"Cádiz Cádiz (Wikipedia)",,,,,,,,,,,,,,,,"http://www.geonames.org/2520600 Cadiz",Cádiz,,,,,,,,,,,,,,,,,,,,,,,,,,,26403,,,,,,,,,,,,,,,,
26401,Place,cidoc-crm:E48_Place_Name,steven.teasdale@alumni.utoronto.ca,true,,,,,,7c7e28ba-e511-495d-9b17-cf3ed96cc34b,,,,,,,"https://en.wikipedia.org/wiki/Jerez_de_la_Frontera Jerez de la Frontera (Wikipedia)",,,,,,,,,,,,,,,,"http://www.geonames.org/2516326 Jerez de la Frontera",Jerez,,,,,,,,,,,,,,,,,,,,,,,"de Xeris",,,,26403,,,,,,,,,,,,,,,,
26377,Place,cidoc-crm:E48_Place_Name,steven.teasdale@alumni.utoronto.ca,true,,,,,,46c62dfa-7c24-46b6-b941-101aaf5858de,,,,,,,"https://it.wikipedia.org/wiki/Borzoli Borzoli (Wikipedia)",,,,,,,,,,,,,,,,"http://www.geonames.org/7603184 Borzoli",Borzoli,,,,,,,,,,,,,,,,,,,,,,,"ville Borzolli",,,,,,,,,,,,,,,,,,,,
26361,Place,cidoc-crm:E48_Place_Name,steven.teasdale@alumni.utoronto.ca,true,,,,,,ec1788d6-8358-4b4a-abd0-9e303f221b84,,,,,,,"https://en.wikipedia.org/wiki/London Londo (Wikipedia)",,,,,,,,,,,,,,,,"http://www.geonames.org/2643743 London",London,,,,,,,,,,,,,,,,,,,,,,,"de Londone",,,,,,,,,,,,,,,,,,,,
26343,Place,cidoc-crm:E48_Place_Name,steven.teasdale@alumni.utoronto.ca,true,,,"The town of Capriata d'Orba in the province of Alessandria. In the late medieval and early modern sources it is referred to simply as ""Capriata.""",,,ed2937c7-16fb-442a-b863-395d15e8dff8,,,,,,,"https://it.wikipedia.org/wiki/Capriata_d%27Orba Capriata D'Orba (Wikipedia)",,,,,,,,,,,,,,,,"http://www.geonames.org/6542737 Capriata d'Orba","Capriata d'Orba",,,,,,,,,,,,,,,,,,,,,,,"de Capriata",,,,,,,,,,,,,,,,,,,,
26334,Place,cidoc-crm:E48_Place_Name,steven.teasdale@alumni.utoronto.ca,true,,,,,,bef8e218-9639-42a4-b9a6-3150a8bdaf8e,,,,,,,"https://en.wikipedia.org/wiki/Monterosso_al_Mare Monterosso al Mare (Wikipedia)",,,,,,,,,,,,,,,,"http://www.geonames.org/3172769 Monterosso al Mare","Monterosso al Mare",,,,,,,,,,,,,,,,,,,,,,,Monterubeo,,,,,,,,,,,,,,,,,,,,
26327,Place,cidoc-crm:E48_Place_Name,steven.teasdale@alumni.utoronto.ca,true,,,,,,e30f8a36-6023-41e3-8f7e-a1ca21e4d5de,,,,,,,"https://it.wikipedia.org/wiki/Bianz%C3%A8 Bianzè (Wikipedia)",,,,,,,,,,,,,,,,,Bianzè,,,,,,,,,,,,,,,,,,,,,,,Bianzate,,,,,,,,,,,,,,,,,,,,
26325,Place,cidoc-crm:E48_Place_Name,steven.teasdale@alumni.utoronto.ca,true,,,,,,219352d6-ba06-4bc6-afca-f65295da6459,,,,,,,,,,,,,,,,,,,,,,,,"The district (compagna) of San Lorenzo",,,,,,,,,,,,,,,,,,,,,,,,,,,26037,,,,,,,,,,,,,,,,
26324,Place,cidoc-crm:E48_Place_Name,steven.teasdale@alumni.utoronto.ca,true,,,,,,e3de742b-12f2-4c04-b138-ff89626d5421,,,,,,,,,,,,,,,,,,,,,,,,"The sub-district (conestagia) of Carrubeo del Filo",,,,,,,,,,,,,,,,,,,,,,,"in contracta Carubei Filli",,,,26325,,,,,,,,,,,,,,,,
26323,Place,cidoc-crm:E48_Place_Name,steven.teasdale@alumni.utoronto.ca,true,,,"Sant'Olcese was a village located about 6 km north of the port of Genoa.",,,4d3a4d80-c549-4c54-a5be-bef9e44603e0,,,,,,,"https://en.wikipedia.org/wiki/Sant%27Olcese Sant'Olcese (Wikipedia)",,,,,,,,,,,,,,,,,Sant'Olcese,,,,,,,,,,,,,,,,,,,,,,,"Sancto Ulcixio",,,,,,,,,,,,,,,,,,,,
26317,Place,cidoc-crm:E48_Place_Name,steven.teasdale@alumni.utoronto.ca,true,,,,,,27c65c2c-89d1-4847-a760-50b7742f737e,,,,,,,,,,,,,,,,,,,,,,,,"The sub-district (conestagia) of Platea Moduli",,,,,,,,,,,,,,,,,,,,,,,,,,,26313,,,,,,,,,,,,,,,,
26316,Place,cidoc-crm:E48_Place_Name,steven.teasdale@alumni.utoronto.ca,true,,,,,,8b48613b-34d9-407e-a102-b3c642c8f746,,,,,,,,,,,,,,,,,,,,,,,,"The district (compagna) of Soziglia",,,,,,,,,,,,,,,,,,,,,,,,,,,26037,,,,,,,,,,,,,,,,
26315,Place,cidoc-crm:E48_Place_Name,steven.teasdale@alumni.utoronto.ca,true,,,,,,5fe5e6f6-9061-4f67-8a01-e75483c7e7f1,,,,,,,,,,,,,,,,,,,,,,,,"The sub-district (conestagia) of Banchi",,,,,,,,,,,,,,,,,,,,,,,"in contracta bancorum | in Bancis | plateam de Bancis",,,,26316,,,,,,,,,,,,,,,,
26314,Place,cidoc-crm:E48_Place_Name,steven.teasdale@alumni.utoronto.ca,true,,,,,,e9ea4b67-6d8b-4ee5-ab98-732df13ecf38,,,,,,,,,,,,,,,,,,,,,,,,"The sub-district (conestagia) of Canneto",,,,,,,,,,,,,,,,,,,,,,,,,,,26198,,,,,,,,,,,,,,,,
26313,Place,cidoc-crm:E48_Place_Name,steven.teasdale@alumni.utoronto.ca,true,,,,,,a56fa33c-7ba2-4c0d-9e0e-de0de7611a92,,,,,,,,,,,,,,,,,,,,,,,,"The district (compagna) of Castello",,,,,,,,,,,,,,,,,,,,,,,,,,,26037,,,,,,,,,,,,,,,,
26312,Place,cidoc-crm:E48_Place_Name,steven.teasdale@alumni.utoronto.ca,true,,,,,,cf5e812d-cca6-44e6-9334-878c9c442ff8,,,,,,,,,,,,,,,,,,,,,,,,"The sub-district (conestagia) of San Nazaro",,,,,,,,,,,,,,,,,,,,,,,"in contracta Sanctorum Nazarii et Celsi",,,,26313,,,,,,,,,,,,,,,,
26311,Place,cidoc-crm:E48_Place_Name,steven.teasdale@alumni.utoronto.ca,true,,,,,,3b711e42-9746-421f-8cc8-604bed395523,,,,,,,,,,,,,,,,,,,,,,,,"The sub-district (conestagia) of San Vittore",,,,,,,,,,,,,,,,,,,,,,,,,,,26310,,,,,,,,,,,,,,,,
26310,Place,cidoc-crm:E48_Place_Name,steven.teasdale@alumni.utoronto.ca,true,,,,,,3f1a883b-0ae5-414e-9273-a42cba714bbf,,,,,,,,,,,,,,,,,,,,,,,,"The district (compagna) of Borgo San Tomasso",,,,,,,,,,,,,,,,,,,,,,,,,,,26037,,,,,,,,,,,,,,,,
26309,Place,cidoc-crm:E48_Place_Name,steven.teasdale@alumni.utoronto.ca,true,,,,,,e1029519-2645-4c55-9a01-f06f99414222,,,,,,,,,,,,,,,,,,,,,,,,"The neighbourhood (contrada) of San Antonio",,,,,,,,,,,,,,,,,,,,,,,"in contracta Sancti Antonii de Ianua",,,,26311,,,,,,,,,,,,,,,,
26298,Place,cidoc-crm:E48_Place_Name,steven.teasdale@alumni.utoronto.ca,true,,,"Granarolo was a village about 2 km north of the port of Genoa. It is now a district in the metropolitan city of Genoa.",,,37ad0ea8-7d4d-4d3c-bfd6-7adf6d21652a,,,,,,,"https://it.wikipedia.org/wiki/Granarolo_(Genova) Granarolo (Wikipedia)",,,,,,,,,,,,,,,,"http://www.geonames.org/3175943 Granarolo",Granarolo,,,,,,,,,,,,,,,,,,,,,,,,,,,,,,,,,,,,,,,,,,,
26297,Place,cidoc-crm:E48_Place_Name,steven.teasdale@alumni.utoronto.ca,true,,,"Monleone was a village about 30 km north-east of the port of Genoa. It is now part of the town of Cicagna.",,,b9bc981a-a530-4e59-8c40-1a0ae84b2977,,,,,,,,,,,,,,,,,,,,,,,"http://www.geonames.org/3178727 Cicagna",Monleone,,,,,,,,,,,,,,,,,,,,,,,,,,,,,,,,,,,,,,,,,,,
26294,Place,cidoc-crm:E48_Place_Name,steven.teasdale@alumni.utoronto.ca,true,,,,,,6ea1d4dd-fa92-48b1-a341-ec214787e3bc,,,,,,,,,,,,,,,,,,,,,,,,"The sub-district (conestagia) of Podio di San Giovanni",,,,,,,,,,,,,,,,,,,,,,,,,,,26310,,,,,,,,,,,,,,,,
26263,Place,cidoc-crm:E48_Place_Name,steven.teasdale@alumni.utoronto.ca,true,,,,,,8bb12d55-6a3a-43b3-bbf9-d0446fb1211d,,,,,,,,,,,,,,,,,,,,,,,,"The neighbourhood (contrada) of Santi Cosma e Damiano",,,,,,,,,,,,,,,,,,,,,,,"in contracta Sanctorum Cosme et Damiani ",,,,26312,,,,,,,,,,,,,,,,
26240,Place,cidoc-crm:E48_Place_Name,steven.teasdale@alumni.utoronto.ca,true,,,,,,5fe596d7-caaa-4da1-8875-20ebedcffe7e,,,,,,,"https://en.wikipedia.org/wiki/Parma Parma (Wikipedia)",,,,,,,,,,,,,,,,"http://www.geonames.org/3171457 Parma",Parma,,,,,,,,,,,,,,,,,,,,,,,,,,,,,,,,,,,,,,,,,,,
26209,Place,cidoc-crm:E48_Place_Name,steven.teasdale@alumni.utoronto.ca,true,,,"The Genoese state archives.",,,16a76faa-83a5-46dc-8db6-50f49d11be00,,,,,,,"http://www.asgenova.beniculturali.it/ Website",,,,,,,,,,,,,,,,"http://www.geonames.org/11748050 Archivio di Stato di Genova","Archivio di stato di Genova",,,,,,,,,,,,,,,,,,,,,,,,,,,26037,,,,,,,,,,,,,,,,
26203,Place,cidoc-crm:E48_Place_Name,steven.teasdale@alumni.utoronto.ca,true,,,"The continent of Africa",,,f8c89454-6493-4e52-85af-d0387f13a44b,,,,,,,,,,,,,,,,,,,,,,,"http://www.geonames.org/6255146 Africa",Africa,,,,,,,,,,,,,,,,,,,,,,,,,,,,,,,,,,,,,,,,,,,
26198,Place,cidoc-crm:E48_Place_Name,steven.teasdale@alumni.utoronto.ca,true,,,"The compagna of Maccagnana was one of eight officially recognized districts within the walls of Genoa during the fifteenth-century.",,,61720cdb-8713-4b81-81ec-2dd045ad8b53,,,,,,,,,,,,,,,,,,,,,,,,"The district (compagna) of Maccagnana",,,,,,,,,,,,,,,,,,,,,,,,,,,26037,,,,,,,,,,,,,,,,
26196,Place,cidoc-crm:E48_Place_Name,steven.teasdale@alumni.utoronto.ca,true,,,"Clapa Piscium was a neighbourhood within the district (compagna) of Maccagnana. It was also called Clapa de Mari.",,,81d0fa6d-2805-4fe6-ad10-41aad0fc110d,,,,,,,,,,,,,,,,,,,,,,,,"The neighbourhood (contrada) of Clapa Piscium",,,,,,,,,,,,,,,,,,,,,,,"positam in contracta Clape | positam in contracta Clape de Mari",,,,26314,,,,,,,,,,,,,,,,
26163,Place,cidoc-crm:E48_Place_Name,steven.teasdale@alumni.utoronto.ca,true,,,,,,dd0ccb36-8a00-4e82-90f6-48e9f7d3f378,,,,,,,"https://en.wikipedia.org/wiki/Torriglia Torriglia (Wikipedia)",,,,,,,,,,,,,,,,"http://www.geonames.org/3165392 Torriglia",Torriglia,,,,,,,,,,,,,,,,,,,,,,,Turrilia,,,,,,,,,,,,,,,,,,,,
26159,Place,cidoc-crm:E48_Place_Name,steven.teasdale@alumni.utoronto.ca,true,,,,,,ddbe89b0-e44f-4fa7-bc32-0b6116c7ff95,,,,,,,"https://en.wikipedia.org/wiki/Rapallo Rapallo (Wikipedia)",,,,,,,,,,,,,,,,"http://www.geonames.org/3169602 Rapallo",Rapallo,,,,,,,,,,,,,,,,,,,,,,,Rapalo,,,,,,,,,,,,,,,,,,,,
26156,Place,cidoc-crm:E48_Place_Name,steven.teasdale@alumni.utoronto.ca,true,,,,,,36a8d517-6b70-46d6-bf92-ce702119e361,,,,,,,"https://en.wikipedia.org/wiki/Feodosia Caffa (Wikipedia)",,,,,,,,,,,,,,,,"http://www.geonames.org/709161 Feodosiya","Caffa | Feodosiya | Каффа | Kefe",,,,,,,,,,,,,,,,,,,,,,,Caffe,,,,,,,,,,,,,,,,,,,,
26154,Place,cidoc-crm:E48_Place_Name,steven.teasdale@alumni.utoronto.ca,true,,,,,,87462aa3-e22b-429a-8891-bab3e7be6e20,,,,,,,"https://en.wikipedia.org/wiki/Beyo%C4%9Flu Pera (Wikipedia)",,,,,,,,,,,,,,,,"http://www.geonames.org/744235 Karaköy",Pera,,,,,,,,,,,,,,,,,,,,,,,"Galata | Karaköy | Beyoğlu | Peire | Pere",,,,,,,,,,,,,,,,,,,,
26152,Place,cidoc-crm:E48_Place_Name,steven.teasdale@alumni.utoronto.ca,true,,,,,,e67f9d52-db3d-4efc-bbed-217e3e97d113,,,,,,,"https://en.wikipedia.org/wiki/Maona_of_Chios_and_Phocaea Maona of Chios and Phocaea (Wikipedia)",,,,,,,,,,,,,,,,"http://www.geonames.org/259972 Chios","Chios | Chio | Χίος",,,,,,,,,,,,,,,,,,,,,,,Chii,,,,,,,,,,,,,,,,,,,,
26150,Place,cidoc-crm:E48_Place_Name,steven.teasdale@alumni.utoronto.ca,true,,,,,,80f6fcc9-da67-4a5c-981e-912894768c6b,,,,,,,"https://en.wikipedia.org/wiki/Hospitaller_Rhodes Hospitaller Rhodes (Wikipedia)",,,,,,,,,,,,,,,,"http://www.geonames.org/400665 Rhodes","Rhodes | Rodi | Ρόδος",,,,,,,,,,,,,,,,,,,,,,,Rodo,,,,,,,,,,,,,,,,,,,,
26148,Place,cidoc-crm:E48_Place_Name,steven.teasdale@alumni.utoronto.ca,true,,,,,,07cd0d77-b1f7-4337-a927-f483f2147f5b,,,,,,,"https://en.wikipedia.org/wiki/Republic_of_Venice Republic of Venice (Wikipedia)",,,,,,,,,,,,,,,,"http://www.geonames.org/3164603 Venice","Venice | Venezia",,,,,,,,,,,,,,,,,,,,,,,Veneciis,,,,,,,,,,,,,,,,,,,,
26146,Place,cidoc-crm:E48_Place_Name,steven.teasdale@alumni.utoronto.ca,true,,,,,,45257a6a-ee2b-4b7c-a976-d3ce0a3e352f,,,,,,,"https://en.wikipedia.org/wiki/Republic_of_Florence Republic of Florence (Wikipedia)",,,,,,,,,,,,,,,,"http://www.geonames.org/3176959 Florence","Florence | Firenze",,,,,,,,,,,,,,,,,,,,,,,Florentie,,,,,,,,,,,,,,,,,,,,
26144,Place,cidoc-crm:E48_Place_Name,steven.teasdale@alumni.utoronto.ca,true,,,,,,53888eb2-34aa-40bb-bdcb-c89943125725,,,,,,,"https://en.wikipedia.org/wiki/Republic_of_Pisa Republic of Pisa (Wikipedia)",,,,,,,,,,,,,,,,"http://www.geonames.org/3170647 Pisa",Pisa,,,,,,,,,,,,,,,,,,,,,,,Pissiis,,,,,,,,,,,,,,,,,,,,
26142,Place,cidoc-crm:E48_Place_Name,steven.teasdale@alumni.utoronto.ca,true,,,,,,f1af148d-b9ea-4a07-bb74-e86a83eb8f8e,,,,,,,"https://en.wikipedia.org/wiki/Nice Nice (Wikipedia)",,,,,,,,,,,,,,,,"http://www.geonames.org/2990440 Nice","Nice | Nizza",,,,,,,,,,,,,,,,,,,,,,,Nicie,,,,,,,,,,,,,,,,,,,,
26140,Place,cidoc-crm:E48_Place_Name,steven.teasdale@alumni.utoronto.ca,true,,,,,,892c1147-4c8e-4295-a16d-8853d55cb02a,,,,,,,"https://en.wikipedia.org/wiki/Albenga Albenga (Wikipedia)",,,,,,,,,,,,,,,,"http://www.geonames.org/3183343 Albenga",Albenga,,,,,,,,,,,,,,,,,,,,,,,Albingane,,,,,,,,,,,,,,,,,,,,
26138,Place,cidoc-crm:E48_Place_Name,steven.teasdale@alumni.utoronto.ca,true,,,,,,565a9b7a-b4ea-4778-b48f-5491b43fe5cb,,,,,,,"https://en.wikipedia.org/wiki/Milan Milan (Wikipedia)",,,,,,,,,,,,,,,,"http://www.geonames.org/3173435 Milan","republic of Milan",,,,,,,,,,,,,,,,,,,,,,,"Lombardie Mediolani",,,,,,,,,,,,,,,,,,,,
26136,Place,cidoc-crm:E48_Place_Name,steven.teasdale@alumni.utoronto.ca,true,,,,,,af3cb085-66ea-4edf-9bff-781607e5d725,,,,,,,"https://en.wikipedia.org/wiki/Savona Savona (Wikipedia)",,,,,,,,,,,,,,,,"http://www.geonames.org/3167022 Savona",Savona,,,,,,,,,,,,,,,,,,,,,,,Saone,,,,,,,,,,,,,,,,,,,,
26130,Place,cidoc-crm:E48_Place_Name,steven.teasdale@alumni.utoronto.ca,true,,,,,,4b01ab48-d3de-4917-be91-36bf347c19f5,,,,,,,"https://en.wikipedia.org/wiki/Siena Siena (Wikipedia)",,,,,,,,,,,,,,,,"http://www.geonames.org/3166548 Siena",Siena,,,,,,,,,,,,,,,,,,,,,,,"urbe Seuarum",,,,,,,,,,,,,,,,,,,,
26109,Place,cidoc-crm:E48_Place_Name,steven.teasdale@alumni.utoronto.ca,true,,,,,,d46ac361-bd08-4ca3-841d-86eb19bd408f,,,,,,,,,,,,,,,,,,,,,,,,"Piazza Senarega",,,,,,,,,,,,,,,,,,,,,,,,,,,26315,,,,,,,,,,,,,,,,
26104,Place,cidoc-crm:E48_Place_Name,steven.teasdale@alumni.utoronto.ca,true,,,,,,920e1f79-c836-43f3-809f-e777700f6675,,,,,,,"https://en.wikipedia.org/wiki/Vernazza Vernazza (Wikipedia)",,,,,,,,,,,,,,,,"http://www.geonames.org/3164535 Vernazza",Vernazza,,,,,,,,,,,,,,,,,,,,,,,Vernacia,,,,,,,,,,,,,,,,,,,,
26085,Place,cidoc-crm:E48_Place_Name,steven.teasdale@alumni.utoronto.ca,true,,,"Molo is a neighbourhood (contrada) in late medieval Genoa that surrounds the first pier (mole) south of the Porto Antico.",,,9554e000-49ca-444b-8cc0-41d91bd28add,,,,,,,"https://en.wikipedia.org/wiki/Molo_(Genoa) Molo (Wikipedia)",,,,,,,,,,,,,,,,"http://www.geonames.org/3212462 Molo Vecchio","The neighbourhood (contrada) of Molo",,,,,,,,,,,,,,,,,,,,,,,"in contracta moduli",,,,26317,,,,,,,,,,,,,,,,
26079,Place,cidoc-crm:E48_Place_Name,steven.teasdale@alumni.utoronto.ca,true,,,,,,e48e728d-f374-49fe-9ed7-0f4571987125,,,,,,,,,,,,,,,,,,,,,,,"http://www.geonames.org/8976549 Passano",Passano,,,,,,,,,,,,,,,,,,,,,,,,,,,,,,,,,,,,,,,,,,,
26056,Place,cidoc-crm:E48_Place_Name,steven.teasdale@alumni.utoronto.ca,true,,,"The land of the Circassians was not an autonomous political entity in the late Middle Ages, but a general region to the east of the Black Sea stretching to the Caspian Sea.",,,9022e6b0-22db-4c30-90e8-5e06f0ceb8bc,,,,,,,"https://en.wikipedia.org/wiki/Circassians Circassians (Wikipedia)",,,,,,,,,,,,,,,,,Circassia,,,,,,,,,,,,,,,,,,,,,,,Zichia,,,,,,,,,,,,,,,,,,,,
26055,Place,cidoc-crm:E48_Place_Name,steven.teasdale@alumni.utoronto.ca,true,,,,,,70759edd-1a79-4336-8ba6-6614c689cfc1,,,,,,,"https://en.wikipedia.org/wiki/Grand_Duchy_of_Moscow Grand Duchy of Moscow (Wikipedia)",,,,,,,,,,,,,,,,,"Grand Duchy of Moscow (Muscovite Russia)
",,,,,,,,,,,,,,,,,,,,,,,"Grand Principality of Moscow | Granducato di Mosca
 | Gran Principato di Mosca | Великое Княжество Московское",,,,,,,,,,,,,,,,,,,,
26050,Place,cidoc-crm:E53_Place,steven.teasdale@alumni.utoronto.ca,true,,,"Corvara was a commune that became part of the Republic of Genoa in 1274. It is currently a frazione within the commune of Beverino.",,,9e331a82-af01-4038-8790-d985f746eae8,,,,,,,"https://it.wikipedia.org/wiki/Corvara_(Beverino) Corvara (Wikipedia)",,,,,,,,,,,,,,,,"http://www.geonames.org/8963594 Corvara",Corvara,,,,,,,,,,,,,,,,,,,,,,,Corvaria,,,,,,,,,,,,,,,,,,,,
26048,Place,cidoc-crm:E53_Place,steven.teasdale@alumni.utoronto.ca,true,,,"Voltri was a commune which was part of the Republic of Genoa during the late medival and early modern era. Its main industrial activity was the production of paper.",,,fcf21e1a-2022-491e-b286-ce02b852bdc9,,,,,,,"https://en.wikipedia.org/wiki/Voltri Voltri (Wikipedia)",,,,,,,,,,,,,,,,"http://www.geonames.org/3163957 Voltri","commune of Voltri",,,,,,,,,,,,,,,,,,,,,,,"Vulturus | Vulturo",,,,,,,,,,,,,,,,,,,,
26037,Place,cidoc-crm:E48_Place_Name,steven.teasdale@alumni.utoronto.ca,true,,,,,,fd4d0bae-8bbb-4a21-b22a-9059d5359a20,,,,,,,,,,,,,,,,,,,,,,,"http://www.geonames.org/3176219 Genoa","republic of Genoa",,,,,,,,,,,,,,,,,,,,,,,"Ianua | Janua | Ianue | Janue",,,,,,,,,,,,,,,,,,,,
26033,Place,cidoc-crm:E48_Place_Name,steven.teasdale@alumni.utoronto.ca,true,,,,,,151270df-1370-4b90-b650-381167ed95f9,,,,,,,"https://en.wikipedia.org/wiki/Celle_Ligure Celle Ligure (Wikipedia)",,,,,,,,,,,,,,,,"http://www.geonames.org/3179204 Celle Ligure","Celle Ligure",,,,,,,,,,,,,,,,,,,,,,,Celle,,,,,,,,,,,,,,,,,,,,
26022,Place,cidoc-crm:E48_Place_Name,steven.teasdale@alumni.utoronto.ca,true,,,,,,48cccb8d-dc04-4b1a-94a9-c8a2968aae9a,,,,,,,"https://en.wikipedia.org/wiki/Varazze Varazze (Wikipedia)",,,,,,,,,,,,,,,,"http://www.geonames.org/3164709 Varazze",Varazze,,,,,,,,,,,,,,,,,,,,,,,Varagine,,,,,,,,,,,,,,,,,,,,
