hName,hGender,hClass,hOcc,hLoc,hActive,hID,hOMID,svName,svEthnicity,svEthID,svEthOMID,svGender,svAge,svActive,svID,svOMID,bName,bGender,bClass,bOcc,bLocale,bActive,bID,bOMID,term,preg_mo,pL,pD,pF,pS,actTitle,actDate,actYear,ActDescription,aa (Author),aaID,aaOMID,actArItem,aArItemID,ArItemOMID,rights,actID,actTitle,actOMID,,,,,,,,,,,,,,,,,,,,,,,,,,
Opizino de Servaricia,male,artefices,31170,,1436–1461,78bd4759-d55d-4a3c-aa35-2ea67dd4515c,30779,Margherita,Circassian,4c3f093d-c427-4334-a5be-9d2985e0bb147,31361,female,30,1431–1461,8b003f8d-895c-4267-9118-985925cd2324,35512,Cattaneo Grimaldi,male,nobiles,,,1436–1461,14487d2b-6530-44cb-8963-707f6ae533c0,23662,4,7,150,,,,"Tommaso Duracino, filza 6, series I, nr. 325",1461-09-25,1461,,Tommaso Duracino,0a68871e-78fd-4b75-9b96-fb63ad54979c,23448,Notai antichi 893,b4ce29bc-1c24-4f02-bd03-22ab84e5a8f1,37837,Archivio di stato di Genova,f7b08cda-2b89-4f41-8225-9cd258b7e83e,Asecuratio sclave,,,,,,,,,,,,,,,,,,,,,,,,,,,
Ambrogio Lomellini,male,nobiles,,,1436–1461,806a9714-8c3e-4396-a356-9cea0ff9c8fe,23910,Margherita,Russian,2d4212b0-a07e-494a-a7ba-81f254f52363,31354,female,22,1439–1461,149fa679-6c33-4fc9-b2f2-994dfd0ae1ea,39031,Cattaneo Grimaldi,male,nobiles,,,1436–1461,14487d2b-6530-44cb-8963-707f6ae533c0,23662,4,7,200,,,,"Tommaso Duracino, filza 6, series I, nr. 202",1461-05-30,1461,,Tommaso Duracino,0a68871e-78fd-4b75-9b96-fb63ad54979c,23448,Notai antichi 893,b4ce29bc-1c24-4f02-bd03-22ab84e5a8f1,37837,Archivio di stato di Genova,b74f539e-f763-4d5a-9296-198bfc5b82e9,Asecuratio sclave,,,,,,,,,,,,,,,,,,,,,,,,,,,
Antonio Rato,male,artefices,27564,,1431–1456,2a51726a-4e97-488e-aacf-4df057aa1065,38672,Marta,,,,female,18,1438–1456,6257511e-0b1e-4791-b672-d3c978586a54,39050,Cattaneo Grimaldi,male,nobiles,,,1431–1456,14487d2b-6530-44cb-8963-707f6ae533c0,23662,7,4,200,,,,"Tommaso Duracino, filza 2, series II, nr. 326",1456-12-15,1456,,Tommaso Duracino,0a68871e-78fd-4b75-9b96-fb63ad54979c,23448,Notai antichi 889,101c0bd8-a7ea-41d9-b9dc-62f2509bd4ac,37833,Archivio di stato di Genova,1f4104fc-490e-41f2-a437-1cef1036e942,Asecuratio sclave,,,,,,,,,,,,,,,,,,,,,,,,,,,
Cosmo Lomellini,male,nobiles,,,1436–1461,5ebb1c52-52c0-4494-80a3-1787f0899fbe,24230,Agnese,,,,female,25,1436–1461,f8367f17-a164-4d37-92ec-dc1dd8ee3723,39099,Cattaneo Grimaldi,male,nobiles,,,1436–1461,14487d2b-6530-44cb-8963-707f6ae533c0,23662,,,160,,,,"Tommaso Duracino, filza 6, series I, nr. 348",1461-10-10,1461,,Tommaso Duracino,0a68871e-78fd-4b75-9b96-fb63ad54979c,23448,Notai antichi 889,101c0bd8-a7ea-41d9-b9dc-62f2509bd4ac,37833,Archivio di stato di Genova,e63654e3-d857-416e-a4b6-c0be5ad70bde,Asecuratio sclave,,,,,,,,,,,,,,,,,,,,,,,,,,,
Domenico Prezenda,male,artefices,,,1436–1461,9c0a39fd-e4a1-43e4-8ea8-e39a8d17d2f1,30263,Maria,Circassian,4c3f093d-c427-4334-a5be-9d2985e0bb147,31361,female,27,1434–1461,5b8cf145-d5a8-43c8-b1bf-58c3ccb43ba6,39106,Cattaneo Grimaldi,male,nobiles,,,1436–1461,14487d2b-6530-44cb-8963-707f6ae533c0,23662,4,7,250,,,,"Tommaso Duracino, filza 6, series I, nr. 206",1461-06-05,1461,,Tommaso Duracino,0a68871e-78fd-4b75-9b96-fb63ad54979c,23448,Notai antichi 893,b4ce29bc-1c24-4f02-bd03-22ab84e5a8f1,37837,Archivio di stato di Genova,b2e813c5-82cb-4725-871f-2da4c32b13bf,Asecuratio sclave,,,,,,,,,,,,,,,,,,,,,,,,,,,
Enrico Squarciafico,male,nobiles,,,1431–1456,782653ed-4213-4ffb-b20f-6fffb17fb181,38653,Agnese,Tartaran,6c6e1e81-c3f3-4469-8c65-076e967ecfd100,26258,female,32,1424–1456,9f43a234-bd08-4db2-97ec-f9dcd9cc5dc0,39108,Cattaneo Grimaldi,male,nobiles,,,1431–1456,14487d2b-6530-44cb-8963-707f6ae533c0,23662,,,150,,,paghe,"Tommaso Duracino, filza 2, series II, nr. 62",1456-03-10,1456,,Tommaso Duracino,0a68871e-78fd-4b75-9b96-fb63ad54979c,23448,Notai antichi 889,101c0bd8-a7ea-41d9-b9dc-62f2509bd4ac,37833,Archivio di stato di Genova,32bb8c6d-8d5d-403f-b5ad-355c10020822,Asecuratio sclave,,,,,,,,,,,,,,,,,,,,,,,,,,,
Enrico Squarciafico,male,nobiles,,,1433–1458,782653ed-4213-4ffb-b20f-6fffb17fb181,38653,Agnese,,,,female,36,1432–1458,cda8878d-f303-48cb-b0f3-61bcbc5cd116,39110,Cattaneo Grimaldi,male,nobiles,,,1433–1458,14487d2b-6530-44cb-8963-707f6ae533c0,23662,3,8,150,,,,"Tommaso Duracino, filza 3, series II, nr. 218",1458-10-21,1458,,Tommaso Duracino,0a68871e-78fd-4b75-9b96-fb63ad54979c,23448,Notai antichi 890,d7974564-3893-43a3-b47c-d5a67e9d9411,37834,Archivio di stato di Genova,cac62474-f7fb-4040-83db-aa5cb409a2f4,Asecuratio sclave,,,,,,,,,,,,,,,,,,,,,,,,,,,
Galeotto Salvago,male,nobiles,,,1432–1457,b7b1941c-1d69-4567-a182-e3dcbfb5f5b3,38717,Anna,,,,female,23,1434–1457,7d950131-ff6f-4b9b-8ae5-60c808f19124,39124,Cattaneo Grimaldi,male,nobiles,,,1432–1457,14487d2b-6530-44cb-8963-707f6ae533c0,23662,5,6,180,,,,"Tommaso Duracino, filza 3, series I, nr. 119",1457-04-13,1457,,Tommaso Duracino,0a68871e-78fd-4b75-9b96-fb63ad54979c,23448,Notai antichi 890,d7974564-3893-43a3-b47c-d5a67e9d9411,37834,Archivio di stato di Genova,46db7565-3350-4a69-b91b-4474be5f7744,Asecuratio sclave,,,,,,,,,,,,,,,,,,,,,,,,,,,
Giacomo Spinola,male,nobiles,,,1432–1457,18205e31-9047-493b-b38d-e8d767cdc21a,38656,Lucia,,,,female,26,1431–1457,af5ccba7-58d5-46d5-a022-2c2265b69581,39133,Cattaneo Grimaldi,male,nobiles,,,1432–1457,14487d2b-6530-44cb-8963-707f6ae533c0,23662,4,7,170,,,,"Tommaso Duracino, filza 3, series I, nr. 7",1457-01-08,1457,,Tommaso Duracino,0a68871e-78fd-4b75-9b96-fb63ad54979c,23448,Notai antichi 890,d7974564-3893-43a3-b47c-d5a67e9d9411,37834,Archivio di stato di Genova,91df868d-fa67-4211-b66a-fedbb7a686aa,Asecuratio sclave,,,,,,,,,,,,,,,,,,,,,,,,,,,
Giovanni Lercari,male,nobiles,,,1436–1461,a98ac309-539b-4a4f-bf7a-fc324e1474dd,30500,Lucia,Abkhazan,2869f03d-235c-4513-981e-534da984124c,31268,female,30,1431–1461,9eb807ca-35d6-4f78-b283-4abc1ba8d25b,39149,Cattaneo Grimaldi,male,nobiles,,,1436–1461,14487d2b-6530-44cb-8963-707f6ae533c0,23662,,,200,,,,"Tommaso Duracino, filza 6, series I, nr. 158",1461-04-22,1461,,Tommaso Duracino,0a68871e-78fd-4b75-9b96-fb63ad54979c,23448,Notai antichi 893,b4ce29bc-1c24-4f02-bd03-22ab84e5a8f1,37837,Archivio di stato di Genova,95e7f234-2577-47d6-ac32-1391799a6b63,Asecuratio sclave,,,,,,,,,,,,,,,,,,,,,,,,,,,
Gregorio Doria,male,nobiles,,,1432–1457,929450cd-66ef-4583-82d7-930c455cca0f,38659,Margherita,,,,female,26,1431–1456,362c1598-d1c7-4e07-9f7d-764c5ec30f36,39161,Cattaneo Grimaldi,male,nobiles,,,1431–1456,14487d2b-6530-44cb-8963-707f6ae533c0,23662,3,8,170,,,,"Tommaso Duracino, filza 3, series I, nr. 6",1457-01-07,1457,,Tommaso Duracino,0a68871e-78fd-4b75-9b96-fb63ad54979c,23448,Notai antichi 890,d7974564-3893-43a3-b47c-d5a67e9d9411,37834,Archivio di stato di Genova,096b89d6-0ef1-48ff-b1a3-17dc69831edb,Asecuratio sclave,,,,,,,,,,,,,,,,,,,,,,,,,,,
Leone Frascari,male,artefices,,,1429–1454,1d271bbd-dda4-4194-aaad-b57f5aaf0dbb,38750,Margherita,Russian,2d4212b0-a07e-494a-a7ba-81f254f52363,31354,female,26,1428–1454,71b6d818-20f2-47d8-9c14-afec17c0a468,39168,Cattaneo Grimaldi,male,nobiles,,,1429–1454,14487d2b-6530-44cb-8963-707f6ae533c0,23662,,,,,150,,"Tommaso Duracino, filza 1, series II, nr. 85",1454-04-29,1454,,Tommaso Duracino,0a68871e-78fd-4b75-9b96-fb63ad54979c,23448,Notai antichi 888,af120abc-a312-41b7-8b93-49985584cbe0,26211,Archivio di stato di Genova,0254caac-902f-4bb6-9830-b2b66b8017b3,Asecuratio sclave,,,,,,,,,,,,,,,,,,,,,,,,,,,
Melchiorre de Insula,male,mercantes,,,1432–1457,e04e64d8-bf42-452e-a6d7-4a7aa2edbd54,38609,Maria,,,,female,20,1437–1457,3ca77504-d282-4133-8323-38ab6261a773,39195,Cattaneo Grimaldi,male,nobiles,,,1432–1457,14487d2b-6530-44cb-8963-707f6ae533c0,23662,7,4,200,,,,"Tommaso Duracino, filza 3, series I, nr. 115",1457-04-08,1457,,Tommaso Duracino,0a68871e-78fd-4b75-9b96-fb63ad54979c,23448,Notai antichi 890,d7974564-3893-43a3-b47c-d5a67e9d9411,37834,Archivio di stato di Genova,5b42d698-667e-46db-95a8-44e1076938d9,Asecuratio sclave,,,,,,,,,,,,,,,,,,,,,,,,,,,
Giorgio ---,male,,,,1406–1431,ecc4815f-1626-4e8c-b3f1-6ee421cb4046,38727,Cali,,,,female,32,1399–1431,9fb0be71-9087-4630-9aef-36510b8a5a80,39137,Giovanni Grimaldi,male,nobiles,,,1406–1431,759b9b55-5e60-4fd1-a975-13ae1beaa0d0,23681,,6,,100,,,"Branca Bagnara, filza 19, series III, nr. 72b",1431-04-04,1431,,Branca Bagnara,2d251b92-d5ab-499a-80db-450e306ac801,23065,Notai antichi 666,fd5f6c32-135f-49d1-9949-eaa0f7d6679a,39289,Archivio di stato di Genova,43128289-8c14-4c8d-8d7b-350968642855,Asecuratio sclave,,,,,,,,,,,,,,,,,,,,,,,,,,,
Giovanni de Gibeleone,male,foreign,,27638,1431–1456,feb66353-0609-484f-826b-271b277ead07,38658,an unnamed enslaved man,,,,male,,–1456,35528368-8a5b-4572-97b2-3fd7dca70b4b,39143|39144,Giovanni Grimaldi,male,nobiles,,,1431–1456,57450bfa-be0c-4080-94a3-5ac616e65318,23682,,,150,,,,"Tommaso Duracino, filza 2, series II, nr. 170",1456-06-24,1456,,Tommaso Duracino,0a68871e-78fd-4b75-9b96-fb63ad54979c,23448,Notai antichi 889,101c0bd8-a7ea-41d9-b9dc-62f2509bd4ac,37833,Archivio di stato di Genova,63acc6b9-26f9-4f7c-af79-50009e1ed673,Asecuratio,,,,,,,,,,,,,,,,,,,,,,,,,,,
an unnamed buyer,,,,,1405–1430,ebe34db5-5499-4edf-92a1-17f51bb45a85,38665,an unnamed enslaved woman,,,,female,,–1430,32268e7f-8cac-4c99-a738-50f3508a6f80,39032,Antoniotto Ittaliano,male,nobiles,,,1405–1430,8828edf3-6b30-416f-9a34-3ebd521d2842,23751,,,,,,,"Branca Bagnara, filza 1, series II, item dated 1430-02-21",1430-02-21,1430,,Branca Bagnara,2d251b92-d5ab-499a-80db-450e306ac801,23065,Notai antichi 648,11d750e8-849d-41ba-8684-a00ff903457b,37813,Archivio di stato di Genova,076e307c-0258-44e7-a432-3488556862c9,Asecuratio sclave,,,,,,,,,,,,,,,,,,,,,,,,,,,
Caterina Fracca,female,artefices,,,1404–1429,0fa540e1-6d29-4f38-a297-73b2c2b4b1fd,38652,an unnamed enslaved woman,,,,female,,–1429,9ec917ce-ef5b-450c-9efa-c771d39e028f,39092,Antoniotto Ittaliano,male,nobiles,,,1405–1430,8828edf3-6b30-416f-9a34-3ebd521d2842,23751,,,120,,,,"Branca Bagnara, filza 1, series II, item dated 1429-05-14",1429-05-14,1429,,Branca Bagnara,2d251b92-d5ab-499a-80db-450e306ac801,23065,Notai antichi 648,11d750e8-849d-41ba-8684-a00ff903457b,37813,Archivio di stato di Genova,0c2de035-41c4-4f22-b27a-37f44f7c11f5,Asecuratio sclave,,,,,,,,,,,,,,,,,,,,,,,,,,,
Caterina Fracca,female,artefices,,,1404–1429,0fa540e1-6d29-4f38-a297-73b2c2b4b1fd,38652,an unnamed enslaved woman,,,,female,,–1429,da80aee8-920e-4184-a0ad-73e92f855880,39093,Antoniotto Ittaliano,male,nobiles,,,1405–1430,8828edf3-6b30-416f-9a34-3ebd521d2842,23751,,,120,,,,"Branca Bagnara, filza 1, series II, item dated 1429-07-12",1429-07-12,1429,,Branca Bagnara,2d251b92-d5ab-499a-80db-450e306ac801,23065,Notai antichi 648,11d750e8-849d-41ba-8684-a00ff903457b,37813,Archivio di stato di Genova,ce818179-fac0-4602-98fd-cfa6eaa64216,Asecuratio sclave,,,,,,,,,,,,,,,,,,,,,,,,,,,
Filippo Grimaldi,male,nobiles,,,1403–1428,a4cb3453-803b-4a40-93a3-e51be18da9a6,38714,an unnamed enslaved woman,,,,female,,–1428,575d3c29-461d-4492-a5e1-6faeaf87982c,39112,Antoniotto Ittaliano,male,nobiles,,,1405–1430,8828edf3-6b30-416f-9a34-3ebd521d2842,23751,,,120,,,,"Branca Bagnara, filza 1, series I, item dated 1428-11-03",1428-11-03,1428,,Branca Bagnara,2d251b92-d5ab-499a-80db-450e306ac801,23065,Notai antichi 648,11d750e8-849d-41ba-8684-a00ff903457b,37813,Archivio di stato di Genova,2050ee9a-dd05-4be3-8b7c-304cb0b7e5ec,Asecuratio sclave,,,,,,,,,,,,,,,,,,,,,,,,,,,
Maria Balbi,female,artefices,,,1404–1429,1f8a6ae6-f619-47f3-b50a-5cc137b2ef38,38758,an unnamed enslaved woman,,,,female,,–1429,b2be7923-1198-4c96-9175-77a048c6bebc,39183,Antoniotto Ittaliano,male,nobiles,,,1405–1430,8828edf3-6b30-416f-9a34-3ebd521d2842,23751,,,120,,,,"Branca Bagnara, filza 1, series II, item dated 1429-04-12",1429-04-12,1429,,Branca Bagnara,2d251b92-d5ab-499a-80db-450e306ac801,23065,Notai antichi 648,11d750e8-849d-41ba-8684-a00ff903457b,37813,Archivio di stato di Genova,97a7e4ba-6ee3-4622-ae0d-b82ead378d10,Asecuratio sclave,,,,,,,,,,,,,,,,,,,,,,,,,,,
Pietro Lecavello,male,nobiles,,,1404–1429,f0efdb9c-b21e-406a-b757-bef2abd90213,38783,an unnamed enslaved woman,,,,female,,–1429,89cffc36-4d15-4981-9aef-364ebf38948e,39218,Antoniotto Ittaliano,male,nobiles,,,1405–1430,8828edf3-6b30-416f-9a34-3ebd521d2842,23751,,,100,,,,"Branca Bagnara, filza 1, series II, item dated 1429-08-16",1429-08-16,1429,,Branca Bagnara,2d251b92-d5ab-499a-80db-450e306ac801,23065,Notai antichi 648,11d750e8-849d-41ba-8684-a00ff903457b,37813,Archivio di stato di Genova,3ef0a804-980f-473d-ac00-3e9404d85707,Asecuratio sclave,,,,,,,,,,,,,,,,,,,,,,,,,,,
Pietro Lomellini,male,nobiles,,,1404–1429,50cb1e7a-9444-454c-a874-e78b487c2273,38784,Maria,,,,female,,–1429,6f68318b-947c-4ad6-be7e-31dc83af152a,39219,Antoniotto Ittaliano,male,nobiles,,,1405–1430,8828edf3-6b30-416f-9a34-3ebd521d2842,23751,,,,100,,,"Branca Bagnara, filza 19, series II, nr. 195",1429,1429,,Branca Bagnara,2d251b92-d5ab-499a-80db-450e306ac801,23065,Notai antichi 666,fd5f6c32-135f-49d1-9949-eaa0f7d6679a,39289,Archivio di stato di Genova,6308aec0-cae6-43d3-a61d-30766fb7f18d,Asecuratio sclave,,,,,,,,,,,,,,,,,,,,,,,,,,,
Franchetta Marco,female,religious,27575,,1433–1458,8b4d8040-28c7-4b4f-9d60-f2167cbf4a10,38716,Maria,Circassian,4c3f093d-c427-4334-a5be-9d2985e0bb147,31361,female,25,1433–1458,1e02ce30-3600-4e90-9651-4792e3f026ef,39122,Goffredo Lercari,male,nobiles,,,1433–1458,b757cfc2-cb2c-4c52-90bd-22d0deea8b12,23842,,,150,,,,"Bartolomeo Risso, filza 5, series III, nr. 97c",1458-02-20,1458,,Bartolomeo Risso,327f6750-eb71-41b2-9c5a-deb15e5e0785,25517,Notai antichi 719,b6aa2ee9-3d86-4073-bdab-aa5b88cf304a,37824,Archivio di stato di Genova,1e660d25-29a3-47f4-88c0-89bd3c5e6065,Asecuratio sclave,,,,,,,,,,,,,,,,,,,,,,,,,,,
Giacomo Maricone,male,mercantes,,,1460–1485,e6044843-d439-46ae-8453-b722495c967a,38724,Maddalena,Bulgarian,d3b57a91-3e55-4d34-89b7-5db6e259c5cb,31541,female,22,1463–1485,d25870bc-8704-4a03-b03e-c027e9e5d7da,39132,Ambrogio Lomellini,male,nobiles,,,1460–1485,64d1de39-0034-40b8-b4fa-e23b50749a27,23907,6,5,,80,,,"Tommaso Duracino, filza 25, series II, nr. 3",1485-01-04,1485,,Tommaso Duracino,0a68871e-78fd-4b75-9b96-fb63ad54979c,23448,Notai antichi 912,39c48376-ee91-4a27-91f5-204d9e21bad9,37851,Archivio di stato di Genova,bf208449-af39-492d-867d-374d357b11cb,Asecuratio sclave,,,,,,,,,,,,,,,,,,,,,,,,,,,
Tommaso Narixio,male,,,,1459–1484,f7379f41-20d0-4530-9ae0-647f51109916,38795,Lucia,Albanian,eff5f423-f260-4a5e-8a8b-42cdfc3b5f84,31272,female,24,1460–1484,39118b65-6b0a-4748-a9d4-47e91a16571b,39250,Ambrogio Lomellini,male,nobiles,,,1459–1484,64d1de39-0034-40b8-b4fa-e23b50749a27,23907,7,4,50,,,,"Tommaso Duracino, filza 25, series I, nr. 399",1484-09-22,1484,,Tommaso Duracino,0a68871e-78fd-4b75-9b96-fb63ad54979c,23448,Notai antichi 912,39c48376-ee91-4a27-91f5-204d9e21bad9,37851,Archivio di stato di Genova,5751ffc7-a903-4add-b1a7-45e4d798101a,Asecuratio sclave,,,,,,,,,,,,,,,,,,,,,,,,,,,
Gabriele Marchione,male,mercantes,,,1439–1464,59e6b989-0125-4bb5-856f-452d1f288a15,30336,Caterina,Circassian,4c3f093d-c427-4334-a5be-9d2985e0bb147,31361,female,20,1444–1464,d88c255a-1845-45f7-bcd4-895362afe3aa,34920,Baldassare Lomellini,male,nobiles,,,1431–1497,4990db49-1500-47dd-8a97-0e86573ec128,24010,4,7,200,,,,"Tommaso Duracino, filza 7, series II, nr. 133",1464-06-28,1464,,Tommaso Duracino,0a68871e-78fd-4b75-9b96-fb63ad54979c,23448,Notai antichi 894,a94058bf-7e65-489c-b6f0-8e5c16d11516,37838,Archivio di stato di Genova,e8a4300d-f071-4c28-ad26-f0bac968bb20,Asecuratio sclave,,,,,,,,,,,,,,,,,,,,,,,,,,,
Andrea Erene,male,,,,1431–1456,c2e58858-c6d1-495b-8ef3-4e5a71da8cc5,26510,Lucia,Abkhazan,2869f03d-235c-4513-981e-534da984124c,31268,female,26,1430–1456,f34a42af-0348-4fa7-9854-c766e64b9e8e,35233,Baldassare Lomellini,male,nobiles,,,1431–1497,4990db49-1500-47dd-8a97-0e86573ec128,24010,8,3,150,,,,"Tommaso Duracino, filza 2, series II, nr. 224",1456-09-03,1456,,Tommaso Duracino,0a68871e-78fd-4b75-9b96-fb63ad54979c,23448,Notai antichi 889,101c0bd8-a7ea-41d9-b9dc-62f2509bd4ac,37833,Archivio di stato di Genova,3b538572-bc98-4b4c-8708-921f37a33edc,Asecuratio sclave,,,,,,,,,,,,,,,,,,,,,,,,,,,
Giacomo Cicala,male,nobiles,,,1431–1468,668252ee-57a9-4958-bab4-8e504f148b13,30373,Lucia,Circassian,4c3f093d-c427-4334-a5be-9d2985e0bb147,31361,female,25,1443–1468,2d001d9b-7dcd-419e-bb06-85753ca7bf49,35300,Baldassare Lomellini,male,nobiles,,,1431–1497,4990db49-1500-47dd-8a97-0e86573ec128,24010,4,7,150,,,,"Tommaso Duracino, filza 11, nr. 448",1468-06-20,1468,,Tommaso Duracino,0a68871e-78fd-4b75-9b96-fb63ad54979c,23448,Notai antichi 898,058e1333-2cf5-4e59-89b5-4660111dd77a,39293,Archivio di stato di Genova,5ada0716-f29a-4175-9884-ee744a2f7268,Asecuratio sclave,,,,,,,,,,,,,,,,,,,,,,,,,,,
Barnaba Fieschi,male,nobiles,,,1443–1468,e757fac4-a8e2-455f-9344-95e47ecb3a23,30035,Lucia,Circassian,4c3f093d-c427-4334-a5be-9d2985e0bb147,31361,female,29,1439–1468,e6e11d16-c174-4d6c-aba7-eec20f6b65b1,35859,Baldassare Lomellini,male,nobiles,,,1431–1497,4990db49-1500-47dd-8a97-0e86573ec128,24010,3,8,200,,,,"Tommaso Duracino, filza 11, nr. 223",1468-03-22,1468,,Tommaso Duracino,0a68871e-78fd-4b75-9b96-fb63ad54979c,23448,Notai antichi 898,058e1333-2cf5-4e59-89b5-4660111dd77a,39293,Archivio di stato di Genova,d96f2feb-4b8f-4c4b-9e03-b7b961036877,Asecuratio sclave,,,,,,,,,,,,,,,,,,,,,,,,,,,
Andrea Spinola,male,nobiles,,,1440–1466,b40df6c7-5a37-4918-80bf-4b0fa61ecbc2,25603,Caterina,Circassian,4c3f093d-c427-4334-a5be-9d2985e0bb147,31361,female,40,1426–1466,96f31615-6638-45db-a097-4e68d6108208,39039,Baldassare Lomellini,male,nobiles,,,1431–1497,4990db49-1500-47dd-8a97-0e86573ec128,24010,4,7,150,,,,"Tommaso Duracino, filza 9, nr. 372",1466-07-10,1466,,Tommaso Duracino,0a68871e-78fd-4b75-9b96-fb63ad54979c,23448,Notai antichi 896,15625c91-55bf-493d-8d7e-8257de7905ed,37076,Archivio di stato di Genova,683afca8-832e-418a-85ae-26ac666a2e33,Asecuratio sclave,,,,,,,,,,,,,,,,,,,,,,,,,,,
Antonio Maciola,male,,,,1464–1489,8a9ee147-f81b-4a16-bf33-776a53e731f0,26598,Agnese,Moorish,04348640-60da-4bab-811c-6f34b0aef7a27,31559,female,24,1465–1489,0e870515-944a-4a4d-bb19-7786ad857b5f,39048,Baldassare Lomellini,male,nobiles,,,1431–1497,4990db49-1500-47dd-8a97-0e86573ec128,24010,,,250,,,,"Tommaso Duracino, filza 27, series II, nr. 10",1489-01-29,1489,,Tommaso Duracino,0a68871e-78fd-4b75-9b96-fb63ad54979c,23448,Notai antichi 914,11a212a2-86c1-4e3e-8c64-48384309ae67,37853,Archivio di stato di Genova,400e4a25-a981-431a-a43a-57c9849346c2,Asecuratio sclave,,,,,,,,,,,,,,,,,,,,,,,,,,,
Argentina Cicala,female,nobiles,,,1443–1468,26d574a2-3d57-4378-975c-790bc86223bd,38676,Maddalena,Circassian,4c3f093d-c427-4334-a5be-9d2985e0bb147,31361,female,20,1448–1468,4afa52bb-8777-4583-9514-4244dc8de419,39054,Baldassare Lomellini,male,nobiles,,,1431–1497,4990db49-1500-47dd-8a97-0e86573ec128,24010,4,7,200,,,,"Tommaso Duracino, filza 11, nr. 356",1468-05-04,1468,,Tommaso Duracino,0a68871e-78fd-4b75-9b96-fb63ad54979c,23448,Notai antichi 898,058e1333-2cf5-4e59-89b5-4660111dd77a,39293,Archivio di stato di Genova,33bdb6f3-4216-43e1-8c66-c5f343993a30,Asecuratio sclave,,,,,,,,,,,,,,,,,,,,,,,,,,,
Barnaba Revello,male,,,,1432–1457,c14933f6-5f7c-4e26-8a42-111bec0c822a,38678,Caterina,,,,female,25,1432–1457,84182171-a093-4c65-bc26-2d31073bc3a4,39057,Baldassare Lomellini,male,nobiles,,,1431–1497,4990db49-1500-47dd-8a97-0e86573ec128,24010,4,7,170,,,,"Tommaso Duracino, filza 3, series I, nr. 145",1457-05-13,1457,,Tommaso Duracino,0a68871e-78fd-4b75-9b96-fb63ad54979c,23448,Notai antichi 890,d7974564-3893-43a3-b47c-d5a67e9d9411,37834,Archivio di stato di Genova,3ba09e90-3896-498c-a5b8-d1c9d4d4a029,Asecuratio sclave,,,,,,,,,,,,,,,,,,,,,,,,,,,
Bartolomea Centurione,female,nobiles,,,1430–1455,df978239-8070-4eea-af2e-43ec5a241720,38679,Anna,Russian,2d4212b0-a07e-494a-a7ba-81f254f52363,31354,female,29,1426–1455,95465849-19c2-4ad8-9c13-d2dd917f6ea0,39058,Baldassare Lomellini,male,nobiles,,,1431–1497,4990db49-1500-47dd-8a97-0e86573ec128,24010,4,7,180,,,,"Tommaso Duracino, filza 2, series I, nr. 352",1455-11-05,1455,,Tommaso Duracino,0a68871e-78fd-4b75-9b96-fb63ad54979c,23448,Notai antichi 889,101c0bd8-a7ea-41d9-b9dc-62f2509bd4ac,37833,Archivio di stato di Genova,c81cbe44-4166-4988-8251-af59d394b8db,Asecuratio sclave,,,,,,,,,,,,,,,,,,,,,,,,,,,
Battina Grimaldi q. Grimaldo,female,nobiles,,,1442–1467,acc1909e-6d20-4595-b6dd-07ef2d22ee54,38684,Lucia,Dovagan,cb3b29fa-38b8-4853-9286-f1a5708b96ad,38647,female,22,1441–1467,229c03c8-a16a-488e-9a48-3658b5928ec8,39063,Baldassare Lomellini,male,nobiles,,,1431–1497,4990db49-1500-47dd-8a97-0e86573ec128,24010,7,4,225,,,,"Tommaso Duracino, filza 10, nr. 477",1467-07-13,1467,,Tommaso Duracino,0a68871e-78fd-4b75-9b96-fb63ad54979c,23448,Notai antichi 897,2458b59b-d165-499e-bed3-51f370165737,39292,Archivio di stato di Genova,18e7a4ec-a361-4bba-80db-5548f6815c6a,Asecuratio sclave,,,,,,,,,,,,,,,,,,,,,,,,,,,
Battista Costa,male,artefices,,,1438–1463,64862f9a-4ebe-4e60-a92f-c75912014f89,26438,Caterina,,,,female,20,1443–1463,47e403cc-a276-4b84-b313-4d969cb61700,39065,Baldassare Lomellini,male,nobiles,,,1431–1497,4990db49-1500-47dd-8a97-0e86573ec128,24010,5,6,225,,,,"Tommaso Duracino, filza 7, series I, nr. 167",1463-08-18,1463,,Tommaso Duracino,0a68871e-78fd-4b75-9b96-fb63ad54979c,23448,Notai antichi 894,a94058bf-7e65-489c-b6f0-8e5c16d11516,37838,Archivio di stato di Genova,03fed5de-fbc4-4cbf-bdb5-b41d6b3d4a1a,Asecuratio sclave,,,,,,,,,,,,,,,,,,,,,,,,,,,
Battista de Sancto Ulcixio,male,artefices,,26323,1432–1457,cca41d64-7b45-4e67-86db-4c3663bd68ac,26686,Lucia,,,,female,18,1439–1457,5e034898-b8dc-4611-a8fa-329bcc110e8c,39071,Baldassare Lomellini,male,nobiles,,,1431–1497,4990db49-1500-47dd-8a97-0e86573ec128,24010,3.5,7,125,,,,"Tommaso Duracino, filza 3, series I, nr. 188",1457-06-21,1457,,Tommaso Duracino,0a68871e-78fd-4b75-9b96-fb63ad54979c,23448,Notai antichi 890,d7974564-3893-43a3-b47c-d5a67e9d9411,37834,Archivio di stato di Genova,db525505-053f-4126-a4bb-f02eafefe21c,Asecuratio sclave,,,,,,,,,,,,,,,,,,,,,,,,,,,
Battista Garrone,male,artefices,,,1448–1473,12255575-a8bb-4052-9452-1b4281fd6bf5,26690,Margherita,Circassian,4c3f093d-c427-4334-a5be-9d2985e0bb147,31361,female,27,1446–1473,f47821d6-d109-4576-885b-a387f6488352,39072,Baldassare Lomellini,male,nobiles,,,1431–1497,4990db49-1500-47dd-8a97-0e86573ec128,24010,8,8,270,,,,"Tommaso Duracino, filza 16, nr. 712",1473-09-15,1473,,Tommaso Duracino,0a68871e-78fd-4b75-9b96-fb63ad54979c,23448,Notai antichi 903,973522a8-adbf-495e-a7bf-ccc3085049b5,37843,Archivio di stato di Genova,199892ac-312e-422f-961b-84b1ac6f9c0b,Asecuratio sclave,,,,,,,,,,,,,,,,,,,,,,,,,,,
Bernardo Buzalino,male,artefices,,27650,1439–1464,1a5dd32e-2137-47ec-a6c3-39a252732e3b,38692,Margherita,Circassian,4c3f093d-c427-4334-a5be-9d2985e0bb147,31361,female,36,1428–1464,c3f5637b-e6ef-4efd-a1e5-54ec3afd994b,39079,Baldassare Lomellini,male,nobiles,,,1431–1497,4990db49-1500-47dd-8a97-0e86573ec128,24010,3,8,150,,,,"Tommaso Duracino, filza 7, series II, nr. 209",1464-10-01,1464,,Tommaso Duracino,0a68871e-78fd-4b75-9b96-fb63ad54979c,23448,Notai antichi 894,a94058bf-7e65-489c-b6f0-8e5c16d11516,37838,Archivio di stato di Genova,7a5f358f-5b9c-4f03-aecf-b34449a96e8f,Asecuratio sclave,,,,,,,,,,,,,,,,,,,,,,,,,,,
Bianchina Spinola,female,nobiles,,,1439–1464,6abc65ed-9f88-424d-a7e1-39650334ca14,38695,Maddalena,Circassian,4c3f093d-c427-4334-a5be-9d2985e0bb147,31361,female,20,1444–1464,971ef7f8-1e16-428e-9d7a-a2f90f5f8147,39084,Baldassare Lomellini,male,nobiles,,,1431–1497,4990db49-1500-47dd-8a97-0e86573ec128,24010,3,8,200,,,,"Tommaso Duracino, filza 7, series II, nr. 320",1464-11-13,1464,,Tommaso Duracino,0a68871e-78fd-4b75-9b96-fb63ad54979c,23448,Notai antichi 894,a94058bf-7e65-489c-b6f0-8e5c16d11516,37838,Archivio di stato di Genova,8aef2a0b-e362-4dad-a16f-510ebaa35591,Asecuratio sclave,,,,,,,,,,,,,,,,,,,,,,,,,,,
Brigida Cibo,female,nobiles,,,1440–1465,9b79babc-7952-443c-86c2-ad36a0f7d3e6,38696,Caterina,Circassian,4c3f093d-c427-4334-a5be-9d2985e0bb147,31361,female,29,1436–1465,b9fb44cd-74d8-41b0-9181-893402dd33e0,39086,Baldassare Lomellini,male,nobiles,,,1431–1497,4990db49-1500-47dd-8a97-0e86573ec128,24010,4.5,7,150,,,,"Tommaso Duracino, filza 8, nr. 602",1465-11-04,1465,,Tommaso Duracino,0a68871e-78fd-4b75-9b96-fb63ad54979c,23448,Notai antichi 895,15625c91-55bf-493d-8d7e-8257de7905ed,37076,Archivio di stato di Genova,cba9b0c0-da07-4cbc-9c81-caecd495cca5,Asecuratio sclave,,,,,,,,,,,,,,,,,,,,,,,,,,,
Catarinetta de Riccobono,female,mercantes,,,1454–1479,5e3e36de-d430-4bb9-8875-b445c8eb1eea,38699,Maria,Abkhazan,2869f03d-235c-4513-981e-534da984124c,31268,female,25,1454–1479,45342e75-6313-43ea-86cd-3ce032ef72ee,39089,Baldassare Lomellini,male,nobiles,,,1431–1497,4990db49-1500-47dd-8a97-0e86573ec128,24010,,,250,,,,"Tommaso Duracino, filza 22, nr. 96",1479-02-15,1479,,Tommaso Duracino,0a68871e-78fd-4b75-9b96-fb63ad54979c,23448,Notai antichi 909,537f9c84-03f6-4414-97b3-bde8270f47a0,37849,Archivio di stato di Genova,70ff09bb-17eb-4770-9a58-596126c29485,Asecuratio sclave,,,,,,,,,,,,,,,,,,,,,,,,,,,
Caterina Guistiniani,female,mercantes,,,1445–1470,5d8653fd-bb96-4625-a51c-5f2f2e2bbbc9,38702,Margherita,Circassian,4c3f093d-c427-4334-a5be-9d2985e0bb147,31361,female,30,1440–1470,5c252491-d748-474c-a31d-4de0d0cb0c3f,39094,Baldassare Lomellini,male,nobiles,,,1431–1497,4990db49-1500-47dd-8a97-0e86573ec128,24010,7,4,200,,,,"Tommaso Duracino, filza 13, series I, nr. 412",1470-05-24,1470,,Tommaso Duracino,0a68871e-78fd-4b75-9b96-fb63ad54979c,23448,Notai antichi 900,3f5c1349-0119-426c-851b-912e066cc9f1,37840,Archivio di stato di Genova,c64f3a9b-9666-4e8c-9b17-b87485e2fc2f,Asecuratio sclave,,,,,,,,,,,,,,,,,,,,,,,,,,,
Cosmo de Diano,male,artefices,,,1437–1462,612717c3-dd54-4ae4-847a-fd328ad15319,38705,Elena,Russian,2d4212b0-a07e-494a-a7ba-81f254f52363,31354,female,20,1442–1462,c58b9d86-739e-4932-b9ea-f991654bec55,39098,Baldassare Lomellini,male,nobiles,,,1431–1497,4990db49-1500-47dd-8a97-0e86573ec128,24010,,,200,,,,"Tommaso Duracino, filza 6, series II, nr. 187",1462-08-30,1462,,Tommaso Duracino,0a68871e-78fd-4b75-9b96-fb63ad54979c,23448,Notai antichi 893,b4ce29bc-1c24-4f02-bd03-22ab84e5a8f1,37837,Archivio di stato di Genova,12c54794-08db-484c-b83b-dcc1d2f05e07,Asecuratio sclave,,,,,,,,,,,,,,,,,,,,,,,,,,,
Cristoforo Burnengo,male,,,,1445–1470,dfa774d7-62e0-4857-9b17-6022f5bfe9f7,38707,Maria,Russian,2d4212b0-a07e-494a-a7ba-81f254f52363,31354,female,21,1449–1470,53ccff26-6285-4181-affc-f6573121b281,39101,Baldassare Lomellini,male,nobiles,,,1431–1497,4990db49-1500-47dd-8a97-0e86573ec128,24010,5,6,225,,,,"Tommaso Duracino, filza 13, series I, nr. 142",1470-02-21,1470,,Tommaso Duracino,0a68871e-78fd-4b75-9b96-fb63ad54979c,23448,Notai antichi 900,3f5c1349-0119-426c-851b-912e066cc9f1,37840,Archivio di stato di Genova,e4054ff0-6a11-4455-a674-2ef97502c5a7,Asecuratio sclave,,,,,,,,,,,,,,,,,,,,,,,,,,,
Domenico Spinola,male,nobiles,,,1439–1464,b2419032-13a4-4cd1-9352-7def4cf9d42b,38712|38649,Caterina,Circassian,4c3f093d-c427-4334-a5be-9d2985e0bb147,31361,female,26,1438–1464,392898e0-42ba-4747-ae8f-dac8c931e7ed,39107,Baldassare Lomellini,male,nobiles,,,1431–1497,4990db49-1500-47dd-8a97-0e86573ec128,24010,4,8,200,,,,"Tommaso Duracino, filza 7, series II, nr. 111",1464-05-25,1464,,Tommaso Duracino,0a68871e-78fd-4b75-9b96-fb63ad54979c,23448,Notai antichi 894,a94058bf-7e65-489c-b6f0-8e5c16d11516,37838,Archivio di stato di Genova,dea8fcc0-552c-4ae6-9581-a98b25efc3bd,Asecuratio sclave,,,,,,,,,,,,,,,,,,,,,,,,,,,
Filippo Camilla,male,nobiles,,,1448–1473,2426c942-8838-4060-975b-fe32d318498a,38713,Maddalena,Circassian,4c3f093d-c427-4334-a5be-9d2985e0bb147,31361,female,19,1454–1473,f3128944-95a2-4c9a-84b5-ebccd8119db7,39111,Baldassare Lomellini,male,nobiles,,,1431–1497,4990db49-1500-47dd-8a97-0e86573ec128,24010,3,8,270,,,,"Tommaso Duracino, filza 16, nr. 914 (formerly nr. 924)",1473-12-16,1473,,Tommaso Duracino,0a68871e-78fd-4b75-9b96-fb63ad54979c,23448,Notai antichi 903,973522a8-adbf-495e-a7bf-ccc3085049b5,37843,Archivio di stato di Genova,81e959ca-683c-4265-af07-65451d3c2e1c,Asecuratio sclave,,,,,,,,,,,,,,,,,,,,,,,,,,,
Francesco de Fornari,male,mercantes,,,1442–1467,660e9f22-1359-4266-89dc-2e04dddd5865,38655,Caterina,Abkhazan,2869f03d-235c-4513-981e-534da984124c,31268,female,26,1441–1467,3efaf9cf-af26-494f-9922-74172a5f1749,39121,Baldassare Lomellini,male,nobiles,,,1431–1497,4990db49-1500-47dd-8a97-0e86573ec128,24010,,,200,,,,"Tommaso Duracino, filza 10, nr. 253",1467-04-12,1467,,Tommaso Duracino,0a68871e-78fd-4b75-9b96-fb63ad54979c,23448,Notai antichi 897,2458b59b-d165-499e-bed3-51f370165737,39292,Archivio di stato di Genova,1e98009f-fbe7-44d1-a820-a8aa558329d3,Asecuratio sclave,,,,,,,,,,,,,,,,,,,,,,,,,,,
Giorgio Spinola,male,formerly enslaved,,,1438–1463,e5ce2802-a963-4e9e-a7c0-b0910917adcd,38728,Lucia,Russian,2d4212b0-a07e-494a-a7ba-81f254f52363,31354,female,19,1444–1463,05decf49-6ced-4cdd-ba39-cb8521a184d8,39138,Baldassare Lomellini,male,nobiles,,,1431–1497,4990db49-1500-47dd-8a97-0e86573ec128,24010,9,2.5,200,,,,"Tommaso Duracino, filza 7, series I, nr. 71",1463-04-09,1463,,Tommaso Duracino,0a68871e-78fd-4b75-9b96-fb63ad54979c,23448,Notai antichi 894,a94058bf-7e65-489c-b6f0-8e5c16d11516,37838,Archivio di stato di Genova,03325f51-7ab0-4910-8c6e-5ba3c35abc31,Asecuratio sclave,,,,,,,,,,,,,,,,,,,,,,,,,,,
Giovanni Antonio Dentuto,male,nobiles,,,1437–1462,919f8f88-5a84-4178-b7bb-2371929db8d1,38729,Margherita,Circassian,4c3f093d-c427-4334-a5be-9d2985e0bb147,31361,female,19,1443–1462,6a3b4fb2-abbc-48fe-b0fc-fc3b17bbdc5c,39139,Baldassare Lomellini,male,nobiles,,,1431–1497,4990db49-1500-47dd-8a97-0e86573ec128,24010,5,6,200,,,,"Tommaso Duracino, filza 6, series II, nr. 49",1462-03-15,1462,,Tommaso Duracino,0a68871e-78fd-4b75-9b96-fb63ad54979c,23448,Notai antichi 893,b4ce29bc-1c24-4f02-bd03-22ab84e5a8f1,37837,Archivio di stato di Genova,6d1a2a79-f9dd-4ba3-8f66-6bf50d8e9f06,Asecuratio sclave,,,,,,,,,,,,,,,,,,,,,,,,,,,
Giovanni de Monelia,male,artefices,27596,27571,1439–1464,c32b88ad-d7c4-4cf4-8832-ad818ca21098,38734,Marta,Russian,2d4212b0-a07e-494a-a7ba-81f254f52363,31354,female,32,1432–1464,7de53ae3-807a-47ef-994b-975149890e67,39147,Baldassare Lomelllini,male,nobiles,,,1431–1497,4990db49-1500-47dd-8a97-0e86573ec128,24010,3.5,7,200,,,,"Tommaso Duracino, filza 7, series II, nr. 359",1464-11-19,1464,,Tommaso Duracino,0a68871e-78fd-4b75-9b96-fb63ad54979c,23448,Notai antichi 894,a94058bf-7e65-489c-b6f0-8e5c16d11516,37838,Archivio di stato di Genova,f2f2a077-d3b3-4a82-86d6-604b348f7472,Asecuratio sclave,,,,,,,,,,,,,,,,,,,,,,,,,,,
Giuliano Ricci,male,artefices,,,1440–1465,451f7698-5f4d-471e-a379-2b7f67c12a46,38741,Maria,Russian,2d4212b0-a07e-494a-a7ba-81f254f52363,31354,female,20,1445–1465,da061820-978c-4c5a-b60a-90ddb866ec2d,39156,Baldassare Lomellini,male,nobiles,,,1431–1497,4990db49-1500-47dd-8a97-0e86573ec128,24010,,,225,,,,"Tommaso Duracino, filza 8, nr. 343",1465-06-27,1465,,Tommaso Duracino,0a68871e-78fd-4b75-9b96-fb63ad54979c,23448,Notai antichi 895,15625c91-55bf-493d-8d7e-8257de7905ed,37076,Archivio di stato di Genova,2f978ca0-0eee-490e-a2a6-308f9b1eab9f,Asecuratio sclave,,,,,,,,,,,,,,,,,,,,,,,,,,,
Isabella Spinola,female,nobiles,,,1457–1482,8cf79e67-21f3-4bf5-8eb4-e880b32e77c2,38746,Caterina,Moorish,04348640-60da-4bab-811c-6f34b0aef7a27,31559,female,20,1462–1482,d1da269c-eed6-4a73-9450-05e5bcd88902,39164,Baldassare Lomellini,male,nobiles,,,1431–1497,4990db49-1500-47dd-8a97-0e86573ec128,24010,,,200,,,,"Tommaso Duracino, filza 24, series I, nr. 263",1482-06-02,1482,,Tommaso Duracino,0a68871e-78fd-4b75-9b96-fb63ad54979c,23448,Notai antichi 911,f8e745d3-fa92-47b2-b488-6662ee0e5a8b,39294,Archivio di stato di Genova,0897f6b6-7326-43f1-884a-2a267597af82,Asecuratio sclave,,,,,,,,,,,,,,,,,,,,,,,,,,,
Isanardo Mainero,male,mercantes,,,1452–1477,6bb44442-714f-46c1-a14e-a480c74d3acf,38747,Caterina,Moorish,04348640-60da-4bab-811c-6f34b0aef7a27,31559,female,22,1455–1477,78582589-c54b-43eb-9057-6fb4a10e5cc6,39165,Baldassare Lomellini,male,nobiles,,,1431–1497,4990db49-1500-47dd-8a97-0e86573ec128,24010,,,200,,,,"Tommaso Duracino, filza 20, nr. 353",1477-07-02,1477,,Tommaso Duracino,0a68871e-78fd-4b75-9b96-fb63ad54979c,23448,Notai antichi 907,2260d938-eb32-478e-a127-fac48683ed59,37847,Archivio di stato di Genova,de17bfc9-9749-478f-923d-6b6baec8e4ea,Asecuratio sclave,,,,,,,,,,,,,,,,,,,,,,,,,,,
Luca Cattaneo,male,nobiles,,,1438–1463,df0b30c5-bdad-4375-8b31-2b6d21f87dda,23215,Benedetta,Circassian,4c3f093d-c427-4334-a5be-9d2985e0bb147,31361,female,28,1435–1463,10a8859b-8198-4a77-8393-b530ed663706,39172,Baldassare Lomellini,male,nobiles,,,1431–1497,4990db49-1500-47dd-8a97-0e86573ec128,24010,4,6,180,,,,"Tommaso Duracino, filza 7, series I, nr. 241",1463-11-16,1463,,Tommaso Duracino,0a68871e-78fd-4b75-9b96-fb63ad54979c,23448,Notai antichi 894,a94058bf-7e65-489c-b6f0-8e5c16d11516,37838,Archivio di stato di Genova,8bf8046d-97db-4216-b4bd-35ac814a26f6,Asecuratio sclave,,,,,,,,,,,,,,,,,,,,,,,,,,,
Luca di Negro,male,nobiles,,,1439–1464,1a04d7c0-861b-4d2e-804d-cdb8324d9739,25366,Maddalena,Russian,2d4212b0-a07e-494a-a7ba-81f254f52363,31354,female,27,1437–1464,b4bfa34c-669e-4cee-9c47-5b44163ae6ae,39173,Baldassare Lomellini,male,nobiles,,,1431–1497,4990db49-1500-47dd-8a97-0e86573ec128,24010,5,6,,100,,,"Tommaso Duracino, filza 7, series II, nr. 30",1464-01-31,1464,,Tommaso Duracino,0a68871e-78fd-4b75-9b96-fb63ad54979c,23448,Notai antichi 894,a94058bf-7e65-489c-b6f0-8e5c16d11516,37838,Archivio di stato di Genova,c29b0d0e-0eb7-4f23-b11c-9c9fa2388fb5,Asecuratio sclave,,,,,,,,,,,,,,,,,,,,,,,,,,,
Marina de Marini,female,nobiles,,,1437–1462,6a3cba5a-53b4-4fa0-bb90-da2a9d4e2f34,38762,Margherita,Abkhazan,2869f03d-235c-4513-981e-534da984124c,31268,female,29,1433–1462,b5ddeb23-3bc5-4644-a32e-f485d9411d30,39189,Baldassare Lomellini,male,nobiles,,,1431–1497,4990db49-1500-47dd-8a97-0e86573ec128,24010,,,200,,,,"Tommaso Duracino, filza 6, series II, nr. 84",1462-04-15,1462,,Tommaso Duracino,0a68871e-78fd-4b75-9b96-fb63ad54979c,23448,Notai antichi 893,b4ce29bc-1c24-4f02-bd03-22ab84e5a8f1,37837,Archivio di stato di Genova,e155c8e7-3524-4b54-b4cc-6c9be66ba0c7,Asecuratio sclave,,,,,,,,,,,,,,,,,,,,,,,,,,,
Matteo Fieschi,male,nobiles,,,1434–1459,9c7fc449-6ab5-4882-b5bc-2801764c17df,38765,Caterina,Circassian,4c3f093d-c427-4334-a5be-9d2985e0bb147,31361,female,30,1429–1459,9dd4faf5-0817-4a59-925a-35d39efc55c6,39192,Baldassare Lomellini,male,nobiles,,,1431–1497,4990db49-1500-47dd-8a97-0e86573ec128,24010,3,8,170,,,,"Tommaso Duracino, filza 4, nr. 119",1459-03-19,1459,,Tommaso Duracino,0a68871e-78fd-4b75-9b96-fb63ad54979c,23448,Notai antichi 891,d9596fa2-5eb7-4ad3-90c3-3f78583e00e6,37835,Archivio di stato di Genova,07fa5ac8-e2eb-4f4a-93ce-5033f746cef9,Asecuratio sclave,,,,,,,,,,,,,,,,,,,,,,,,,,,
Matteo Giustiniani,male,mercantes,,,1439–1464,3cfba553-c37f-4dc0-bbc3-a560bb3eab49,38766,Lucia,Circassian,4c3f093d-c427-4334-a5be-9d2985e0bb147,31361,female,22,1442–1464,6c5779f1-20be-4a23-aab4-6a0bc58705a4,39193,Baldassare Lomellini,male,nobiles,,,1431–1497,4990db49-1500-47dd-8a97-0e86573ec128,24010,6,5,200,,,,"Tommaso Duracino, filza 7, series II, nr. 53",1464-02-24,1464,,Tommaso Duracino,0a68871e-78fd-4b75-9b96-fb63ad54979c,23448,Notai antichi 894,a94058bf-7e65-489c-b6f0-8e5c16d11516,37838,Archivio di stato di Genova,c9616075-b597-4828-ac6c-65ce2de44882,Asecuratio sclave,,,,,,,,,,,,,,,,,,,,,,,,,,,
Pancrazio Gentile,male,nobiles,,,1439–1464,051c6bbb-aa11-46f2-9f3d-efe892a0b344,37054,Maddalena,Hungarian,269bea4f-a063-4938-be5d-1cd25e1e07dd,31551,female,25,1439–1464,03126396-4586-422e-b016-8d38bf101047,39204,Baldassare Lomelllini,male,nobiles,,,1431–1497,4990db49-1500-47dd-8a97-0e86573ec128,24010,3.5,7,250,,,,"Tommaso Duracino, filza 7, series II, nr. 364",1464-12-01,1464,,Tommaso Duracino,0a68871e-78fd-4b75-9b96-fb63ad54979c,23448,Notai antichi 894,a94058bf-7e65-489c-b6f0-8e5c16d11516,37838,Archivio di stato di Genova,7403066a-a10f-4315-8b64-d455f183a505,Asecuratio sclave,,,,,,,,,,,,,,,,,,,,,,,,,,,
Pancrazio Gentile,male,nobiles,,,1441–1466,051c6bbb-aa11-46f2-9f3d-efe892a0b344,37054,Maddalena,Russian,2d4212b0-a07e-494a-a7ba-81f254f52363,31354,female,28,1438–1466,7ac59e72-bcc1-407f-a958-bfe5a6ef7dd4,39205,Baldassare Lomellini,male,nobiles,,,1431–1497,4990db49-1500-47dd-8a97-0e86573ec128,24010,4,7,200,,,,"Tommaso Duracino, filza 9, nr. 118",1466-03-17,1466,,Tommaso Duracino,0a68871e-78fd-4b75-9b96-fb63ad54979c,23448,Notai antichi 896,15625c91-55bf-493d-8d7e-8257de7905ed,37076,Archivio di stato di Genova,195f0e8b-c395-4f9d-8b2a-fcbde0a0b5a0,Asecuratio sclave,,,,,,,,,,,,,,,,,,,,,,,,,,,
Paolo de Mulassana,male,artefices,,31110,1457–1482,d41eb607-75b4-41c9-87c9-1ae2fe61d808,38775,Caterina,Moorish,04348640-60da-4bab-811c-6f34b0aef7a27,31559,female,20,1462–1482,2be63b0b-a14b-438e-9821-9932d2bf0437,39208,Baldassare Lomellini,male,nobiles,,,1431–1497,4990db49-1500-47dd-8a97-0e86573ec128,24010,,,160,,,,"Tommaso Duracino, filza 24, series I, nr. 90",1482-03-01,1482,,Tommaso Duracino,0a68871e-78fd-4b75-9b96-fb63ad54979c,23448,Notai antichi 911,f8e745d3-fa92-47b2-b488-6662ee0e5a8b,39294,Archivio di stato di Genova,c85fa0a3-db16-4ab3-af24-2406d029de74,Asecuratio sclave,,,,,,,,,,,,,,,,,,,,,,,,,,,
Peretta Arbuvin,female,foreign,,,1441–1466,45b20b6c-24e6-41ce-b727-2e9b462fcf23,38780,Margherita,Abkhazan,2869f03d-235c-4513-981e-534da984124c,31268,female,24,1442–1466,8736479d-3479-4da1-aa44-a89be196aa9e,39215,Baldassare Lomellini,male,nobiles,,,1431–1497,4990db49-1500-47dd-8a97-0e86573ec128,24010,3,8,200,,,,"Tommaso Duracino, filza 9, nr. 79",1466-03-07,1466,,Tommaso Duracino,0a68871e-78fd-4b75-9b96-fb63ad54979c,23448,Notai antichi 896,15625c91-55bf-493d-8d7e-8257de7905ed,37076,Archivio di stato di Genova,d4a193a4-c5ae-46e2-b814-028ba98085a2,Asecuratio sclave,,,,,,,,,,,,,,,,,,,,,,,,,,,
Pietro de Oliva,male,mercantes,,,1448–1473,444be174-a26e-4a8d-9bb2-8739f36c9f1c,38781,Margherita,Russian,2d4212b0-a07e-494a-a7ba-81f254f52363,31354,female,37,1436–1473,973500d2-8e99-4d2d-9351-7cba4f2543ab,39216,Baldassare Lomellini,male,nobiles,,,1431–1497,4990db49-1500-47dd-8a97-0e86573ec128,24010,4,7,200,,,,"Tommaso Duracino, filza 16, nr. 433",1473-05-11,1473,,Tommaso Duracino,0a68871e-78fd-4b75-9b96-fb63ad54979c,23448,Notai antichi 903,973522a8-adbf-495e-a7bf-ccc3085049b5,37843,Archivio di stato di Genova,c8768b4c-5076-4d8d-916c-6e80897324e4,Asecuratio sclave,,,,,,,,,,,,,,,,,,,,,,,,,,,
Pietro di Negro,male,nobiles,,,1438–1463,a76efe03-767b-4138-aed4-a994df997b31,38782,Marta,Circassian,4c3f093d-c427-4334-a5be-9d2985e0bb147,31361,female,30,1433–1463,f8fcc93a-22f0-4c23-98da-e69b7ca074fe,39217,Baldassare Lomellini,male,nobiles,,,1431–1497,4990db49-1500-47dd-8a97-0e86573ec128,24010,3,9,200,,,,"Tommaso Duracino, filza 7, series I, nr. 62",1463-03-11,1463,,Tommaso Duracino,0a68871e-78fd-4b75-9b96-fb63ad54979c,23448,Notai antichi 894,a94058bf-7e65-489c-b6f0-8e5c16d11516,37838,Archivio di stato di Genova,9e5a6624-6f38-4930-8f29-13096b6ba49c,Asecuratio sclave,,,,,,,,,,,,,,,,,,,,,,,,,,,
Simone de Ponte,male,artefices,,,1447–1472,f42e538e-d8d7-427d-846f-35de1ba39d07,38612,Anna,Circassian,4c3f093d-c427-4334-a5be-9d2985e0bb147,31361,female,35,1437–1472,8bda9086-23f3-422d-90d8-a6a687aaf89e,39234,Baldassare Lomellini,male,nobiles,,,1431–1497,4990db49-1500-47dd-8a97-0e86573ec128,24010,3,9,200,,,,"Tommaso Duracino, filza 15, nr. 346",1472-05-06,1472,,Tommaso Duracino,0a68871e-78fd-4b75-9b96-fb63ad54979c,23448,Notai antichi 902,2fe581dd-8e34-4a18-a37b-4a9fdbde88f0,37842,Archivio di stato di Genova,31381742-4f2d-47f1-b8ae-8e8c0e45fcba,Asecuratio sclave,,,,,,,,,,,,,,,,,,,,,,,,,,,
Simone Nigrone,male,nobiles,,,1437–1462,b778dfc0-b217-4867-825b-d21aea9da040,38789,Margherita,Circassian,4c3f093d-c427-4334-a5be-9d2985e0bb147,31361,female,24,1438–1462,ac4e07bb-3632-456b-ac5a-d24575693c99,39235,Baldassare Lomellini,male,nobiles,,,1431–1497,4990db49-1500-47dd-8a97-0e86573ec128,24010,3,8,200,,,,"Tommaso Duracino, filza 6, series II, nr. 212",1462-10-08,1462,,Tommaso Duracino,0a68871e-78fd-4b75-9b96-fb63ad54979c,23448,Notai antichi 893,b4ce29bc-1c24-4f02-bd03-22ab84e5a8f1,37837,Archivio di stato di Genova,c2bd3bea-6ee9-4056-8ad5-ced17c3be1a5,Asecuratio sclave,,,,,,,,,,,,,,,,,,,,,,,,,,,
Taddeo de Poliasca,male,artefices,,27774,1456–1481,5d24f2ba-d4f0-4885-a665-7185425fa8fa,27460,Maddalena,Circassian,4c3f093d-c427-4334-a5be-9d2985e0bb147,31361,female,30,1451–1481,01e0fe3b-0614-4133-95db-2b761daaa1bf,39239,Baldassare Lomellini,male,nobiles,,,1431–1497,4990db49-1500-47dd-8a97-0e86573ec128,24010,4,7,200,,,,"Tommaso Duracino, filza 23, series II, nr. 18",1481-01-09,1481,,Tommaso Duracino,0a68871e-78fd-4b75-9b96-fb63ad54979c,23448,Notai antichi 910,92178dce-9229-479d-8bcf-adf522cd5e8e,37850,Archivio di stato di Genova,ff7bc518-555c-4272-9224-d030ae52340c,Asecuratio sclave,,,,,,,,,,,,,,,,,,,,,,,,,,,
Teodoro Spinola,male,nobiles,,,1435–1460,aa663256-4598-494d-ac24-17af6e9d659b,38616,Margherita,Circassian,4c3f093d-c427-4334-a5be-9d2985e0bb147,31361,female,28,1432–1460,9633e253-2b44-44ef-970e-458e81069e9e,39243,Baldassare Lomellini,male,nobiles,,,1431–1497,4990db49-1500-47dd-8a97-0e86573ec128,24010,6,5,170,,,,"Tommaso Duracino, filza 5, nr. 179 (formerly nr. 402)",1460-04-04,1460,,Tommaso Duracino,0a68871e-78fd-4b75-9b96-fb63ad54979c,23448,Notai antichi 892,e7580816-b257-4dbe-a746-59ec6a20c56c,37836,Archivio di stato di Genova,90692b27-38cc-41ad-b83b-9acc82b1b32a,Asecuratio sclave,,,,,,,,,,,,,,,,,,,,,,,,,,,
Teramo de Recco,male,artefices,27622,27623,1439–1464,2bb55281-bf5a-4e38-a20a-72baf0d541f8,27472,Margherita,Russian,2d4212b0-a07e-494a-a7ba-81f254f52363,31354,female,20,1444–1464,fe7b3f74-057b-4514-a5a2-eaab4312f188,39245,Baldassare Lomellini,male,nobiles,,,1431–1497,4990db49-1500-47dd-8a97-0e86573ec128,24010,7,4,225,,,,"Tommaso Duracino, filza 7, series II, nr. 98",1464-05-11,1464,,Tommaso Duracino,0a68871e-78fd-4b75-9b96-fb63ad54979c,23448,Notai antichi 894,a94058bf-7e65-489c-b6f0-8e5c16d11516,37838,Archivio di stato di Genova,8d45f2b6-69c5-4257-a069-a07465eb0030,Asecuratio sclave,,,,,,,,,,,,,,,,,,,,,,,,,,,
The heirs of Gregorio Bonino,male,,,,1437–1462,3f28d317-4182-4036-84c0-ca6b749de6d0,38793,Margherita,Abkhazan,2869f03d-235c-4513-981e-534da984124c,31268,female,20,1442–1462,24b69b4e-bdc2-4d19-9c66-e419866c9a34,39246,Baldassare Lomellini,male,nobiles,,,1431–1497,4990db49-1500-47dd-8a97-0e86573ec128,24010,,,200,,,,"Tommaso Duracino, filza 6, series II, nr. 180",1462-08-27,1462,,Tommaso Duracino,0a68871e-78fd-4b75-9b96-fb63ad54979c,23448,Notai antichi 893,b4ce29bc-1c24-4f02-bd03-22ab84e5a8f1,37837,Archivio di stato di Genova,2aa73448-6d5c-4eff-be77-9573ad9f551e,Asecuratio sclave,,,,,,,,,,,,,,,,,,,,,,,,,,,
Giulio Grillo,male,nobiles,,,1428–1453,2d51dfeb-e8e8-4696-8e27-3839db6488e8,38743,Elena,Hungarian,269bea4f-a063-4938-be5d-1cd25e1e07dd,31551,female,,–1453,6810df54-73a2-4336-9f78-e1a6c2bb233a,39158,Gaspare Lomellini,male,nobiles,,,1428–1453,023b6d84-0f0f-435b-8a4c-02233b81d8fd,24390,,,170,,,,"Antonio Fazio, filza 15, series I, nr. 302",1453-10-02,1453,,Antonio Fazio,470ec411-000f-4a1a-a163-9d3bd5fd8e2a,23454,Notai antichi 589,b17198b2-4231-419c-b08b-eb498c842d89,37801,Archivio di stato di Genova,b295eb33-d086-43e0-ae1b-90b166adfeaa,Asecuratio sclave,,,,,,,,,,,,,,,,,,,,,,,,,,,
Girolamo Saluccio,male,,,,1466–1491,5af8e41b-0cfa-4876-a563-a6dd2bd2103e,38740,Margherita,,,,female,20,1471–1491,690c9b2d-c818-475a-a0c4-40912b3ea910,39154,Niccolò Lomellini,male,nobiles,,,1466–1491,c8c05479-0cdd-4c48-9360-f417e3b79d8d,24878,,,200,,,,"Tommaso Duracino, filza 28, series II, nr. 233",1491-10-07,1491,,Tommaso Duracino,0a68871e-78fd-4b75-9b96-fb63ad54979c,23448,Notai antichi 914bis,3b9a407f-2845-4fd0-a2e0-03136dc1af04,39295,Archivio di stato di Genova,ad57c32c-835c-4b39-9937-0cc3736cf3bd,Asecuratio sclave,,,,,,,,,,,,,,,,,,,,,,,,,,,
Ilario Squarciafico,male,nobiles,,,1445–1470,b974c49a-fadd-4158-a68c-13742cf0981b,37227,Melica,Bosnian,2131e175-08ff-4be0-bc8b-5c403d279c8e,31536,female,31,1439–1470,cd53672d-eda2-4278-a980-9b84d95afef9,37637,Giovanni de Marini,male,nobiles,,,1445–1470,4953ab7e-40b5-41d5-ac0b-d4f8cddf4de1,25308,2,8.5,200,,,,"Tommaso Duracino, filza 13, series II, nr. 455",1470-12-24,1470,,Tommaso Duracino,0a68871e-78fd-4b75-9b96-fb63ad54979c,23448,Notai antichi 900,3f5c1349-0119-426c-851b-912e066cc9f1,37840,Archivio di stato di Genova,348dc08e-d969-4a67-92c5-5098702b7bdd,Asecuratio sclave,,,,,,,,,,,,,,,,,,,,,,,,,,,
Andrea de Albario,male,artefices,,27772,1454–1479,8a5ba204-db1a-4fb5-8c8a-cabfe1475221,38666,Caterina,Bosnian,2131e175-08ff-4be0-bc8b-5c403d279c8e,31536,female,28,1451–1479,5e4630bc-c856-4b6b-853c-376d9f0ab008,39035,Giovanni de Marini,male,nobiles,,,1454–1479,4953ab7e-40b5-41d5-ac0b-d4f8cddf4de1,25308,3,9,200,,,,"Tommaso Duracino, filza 22, nr. 585 (formerly nr. 383)",1479-10-14,1479,,Tommaso Duracino,0a68871e-78fd-4b75-9b96-fb63ad54979c,23448,Notai antichi 909,537f9c84-03f6-4414-97b3-bde8270f47a0,37849,Archivio di stato di Genova,2b3c8f89-6720-4bb0-ac01-ae23705379be,Asecuratio sclave,,,,,,,,,,,,,,,,,,,,,,,,,,,
Antonio Maria Mainetto,male,artefices,27564,,1443–1468,ae2c9dcd-1b4c-4eb0-8251-62c05614d4cd,27245,Caterina,Russian,2d4212b0-a07e-494a-a7ba-81f254f52363,31354,female,25,1443–1468,06c4758a-079c-4919-ba0e-5f499a1d4f28,39049,Giovanni de Marini,male,nobiles,,,1443–1468,4953ab7e-40b5-41d5-ac0b-d4f8cddf4de1,25308,3,8,200,,,,"Tommaso Duracino, filza 11, nr. 648",1468-10-13,1468,,Tommaso Duracino,0a68871e-78fd-4b75-9b96-fb63ad54979c,23448,Notai antichi 898,058e1333-2cf5-4e59-89b5-4660111dd77a,39293,Archivio di stato di Genova,3bc8250f-362a-4b44-8950-8220bfab4ad1,Asecuratio sclave,,,,,,,,,,,,,,,,,,,,,,,,,,,
Galeazzo Ittaliano,male,nobiles,,,1456–1481,f314f8e0-d51b-49ec-9d4a-8b26081f05b2,38523,Elena,Bosnian,2131e175-08ff-4be0-bc8b-5c403d279c8e,31536,female,30,1451–1481,70890828-9576-4b6c-b846-8efa09f07596,39123,Giovanni de Marini,male,nobiles,,,1456–1481,4953ab7e-40b5-41d5-ac0b-d4f8cddf4de1,25308,,,200,,,,"Tommaso Duracino, filza 23, series II, nr. 22",1481-01-10,1481,,Tommaso Duracino,0a68871e-78fd-4b75-9b96-fb63ad54979c,23448,Notai antichi 910,92178dce-9229-479d-8bcf-adf522cd5e8e,37850,Archivio di stato di Genova,6a68e63d-7cf5-46bb-a822-ed48a20d0cd2,Asecuratio sclave,,,,,,,,,,,,,,,,,,,,,,,,,,,
Gentile Camilla,male,nobiles,,,1457–1482,cbd2a197-4c14-4ec5-a221-c536b73eae95,38719,Elena,Circassian,4c3f093d-c427-4334-a5be-9d2985e0bb147,31361,female,25,1457–1482,56ad18e7-da76-416a-83af-adc085d8481d,39127,Giovanni de Marini,male,nobiles,,,1457–1482,4953ab7e-40b5-41d5-ac0b-d4f8cddf4de1,25308,3,8,275,,,,"Tommaso Duracino, filza 24, series I, nr. 368",1482-08-07,1482,,Tommaso Duracino,0a68871e-78fd-4b75-9b96-fb63ad54979c,23448,Notai antichi 911,f8e745d3-fa92-47b2-b488-6662ee0e5a8b,39294,Archivio di stato di Genova,e50c4c24-4c90-47b5-a02e-459533532bd1,Asecuratio sclave,,,,,,,,,,,,,,,,,,,,,,,,,,,
Gregorio Ittaliano,male,nobiles,,,1448–1473,c85239eb-2630-4e18-9290-34245e211672,38744,Maria,Hungarian,269bea4f-a063-4938-be5d-1cd25e1e07dd,31551,female,32,1441–1473,f5009e66-46be-4d3f-9eda-f6a6c4944501,39162,Giovanni de Marini,male,nobiles,,,1448–1473,4953ab7e-40b5-41d5-ac0b-d4f8cddf4de1,25308,6,5,200,,,,"Tommaso Duracino, filza 16, nr. 789",1473-11-03,1473,,Tommaso Duracino,0a68871e-78fd-4b75-9b96-fb63ad54979c,23448,Notai antichi 903,973522a8-adbf-495e-a7bf-ccc3085049b5,37843,Archivio di stato di Genova,45b2227e-9e2c-4daf-8656-445f8e4dc9f2,Asecuratio sclave,,,,,,,,,,,,,,,,,,,,,,,,,,,
Nicolosia de Benigassio,female,mercantes,,,1445–1470,ea5d10fd-1ec3-403e-b50a-8b5b17c4e863,38771,Maddalena,Russian,2d4212b0-a07e-494a-a7ba-81f254f52363,31354,female,35,1435–1470,86f9af49-bf39-4a43-a66c-0478c9a99409,39202,Giovanni de Marini,male,nobiles,,,1445–1470,4953ab7e-40b5-41d5-ac0b-d4f8cddf4de1,25308,7,4,200,,,,"Tommaso Duracino, filza 13, series II, nr. 215",1470-09-19,1470,,Tommaso Duracino,0a68871e-78fd-4b75-9b96-fb63ad54979c,23448,Notai antichi 900,3f5c1349-0119-426c-851b-912e066cc9f1,37840,Archivio di stato di Genova,b96900d5-024f-4cf6-95a2-fd32bfac1876,Asecuratio sclave,,,,,,,,,,,,,,,,,,,,,,,,,,,
Paolo Doria,male,nobiles,,,1454–1479,430cda2e-fd4b-414e-9356-b8970f25181e,38776,Melica,Mingrelian,ae0730fa-f010-46b4-b941-3d87217205e18,31554,female,25,1454–1479,f9383bbe-78ef-4ced-804e-3210b1b88f5e,39209,Giovanni de Marini,male,nobiles,,,1454–1479,4953ab7e-40b5-41d5-ac0b-d4f8cddf4de1,25308,,,220,,,,"Tommaso Duracino, filza 22, nr. 370 (formerly nr. 569)",1479-06-20,1479,,Tommaso Duracino,0a68871e-78fd-4b75-9b96-fb63ad54979c,23448,Notai antichi 909,537f9c84-03f6-4414-97b3-bde8270f47a0,37849,Archivio di stato di Genova,52136916-aa22-4139-b000-4572ee10f228,Asecuratio sclave,,,,,,,,,,,,,,,,,,,,,,,,,,,
Paolo Giudice,male,mercantes,,,1449–1474,8695ec28-3526-4ba1-a51b-efa5d2c24c7d,38777,Melica,Bosnian,2131e175-08ff-4be0-bc8b-5c403d279c8e,31536,female,32,1442–1474,2825682b-3505-440f-aaf3-8620a3ffb39a,39210,Giovanni de Marini,male,nobiles,,,1449–1474,4953ab7e-40b5-41d5-ac0b-d4f8cddf4de1,25308,5,6,200,,,,"Tommaso Duracino, filza 17, nr. 284",1474-04-23,1474,,Tommaso Duracino,0a68871e-78fd-4b75-9b96-fb63ad54979c,23448,Notai antichi 904,3e8804eb-7476-4f4f-b6c6-6a040ba0611c,37844,Archivio di stato di Genova,a2ea7734-407a-4056-b71c-bfcc135dbe8a,Asecuratio sclave,,,,,,,,,,,,,,,,,,,,,,,,,,,
Peretta Arbicone,female,,,,1452–1477,324c9db2-3931-438a-a40d-296d95084142,38779,Margherita,Russian,2d4212b0-a07e-494a-a7ba-81f254f52363,31354,female,32,1445–1477,b3b36868-34cd-4b63-9f9f-2862e1a5a88e,39214,Giovanni de Marini,male,nobiles,,,1452–1477,4953ab7e-40b5-41d5-ac0b-d4f8cddf4de1,25308,5,6,150,,,,"Tommaso Duracino, filza 20, nr. 407",1477-08-04,1477,,Tommaso Duracino,0a68871e-78fd-4b75-9b96-fb63ad54979c,23448,Notai antichi 907,2260d938-eb32-478e-a127-fac48683ed59,37847,Archivio di stato di Genova,3fed607d-ecd2-40c5-bbc1-b53c23e91547,Asecuratio sclave,,,,,,,,,,,,,,,,,,,,,,,,,,,
Raffaele Cattaneo,male,nobiles,,,1444–1469,26117ef2-d9ba-4484-a71d-d327fff2bb06,38611,Maddalena,Circassian,4c3f093d-c427-4334-a5be-9d2985e0bb147,31361,female,29,1440–1469,45904c5b-799c-4d3b-a778-b16545b981e6,39226,Giovanni de Marini,male,nobiles,,,1444–1469,4953ab7e-40b5-41d5-ac0b-d4f8cddf4de1,25308,4,7,200,,,,"Tommaso Duracino, filza 12, nr. 255",1469-05-18,1469,,Tommaso Duracino,0a68871e-78fd-4b75-9b96-fb63ad54979c,23448,Notai antichi 899,e05cff03-36ed-4c62-8db9-78fb1f54be1d,37839,Archivio di stato di Genova,6fe4ca8a-90ac-4f62-94e9-486932bf75af,Asecuratio sclave,,,,,,,,,,,,,,,,,,,,,,,,,,,
Simone de Ponte,male,artefices,,,1445–1470,f42e538e-d8d7-427d-846f-35de1ba39d07,38612,Anna,Circassian,4c3f093d-c427-4334-a5be-9d2985e0bb147,31361,female,30,1440–1470,b24b8258-da27-41ef-8a7d-0db98aacbe31,39233,Giovanni de Marini,male,nobiles,,,1445–1470,4953ab7e-40b5-41d5-ac0b-d4f8cddf4de1,25308,5,6,200,,,,"Tommaso Duracino, filza 13, series II, nr. 407",1470-12-04,1470,,Tommaso Duracino,0a68871e-78fd-4b75-9b96-fb63ad54979c,23448,Notai antichi 900,3f5c1349-0119-426c-851b-912e066cc9f1,37840,Archivio di stato di Genova,435bca4c-80ab-4ac3-98e1-93a388de90a2,Asecuratio sclave,,,,,,,,,,,,,,,,,,,,,,,,,,,
Tobia Pinelli,male,nobiles,,,1446–1471,e5d9e907-2265-456a-8a16-688ccb1cf254,37482,Caterina,Circassian,4c3f093d-c427-4334-a5be-9d2985e0bb147,31361,female,28,1443–1471,3a0cfa78-07a6-4663-aed1-3c001093d23b,39247,Giovanni de Marini,male,nobiles,,,1446–1471,4953ab7e-40b5-41d5-ac0b-d4f8cddf4de1,25308,5,6,200,,,,"Tommaso Duracino, filza 14, series II, nr. 222",1471-09-27,1471,,Tommaso Duracino,0a68871e-78fd-4b75-9b96-fb63ad54979c,23448,Notai antichi 901,3106128b-3264-4863-b044-b24d19a8e72e,37841,Archivio di stato di Genova,10cd7623-b214-4216-852c-9d8e67274a91,Asecuratio sclave,,,,,,,,,,,,,,,,,,,,,,,,,,,
Tobietta Spinola,female,nobiles,,,1456–1481,ecc38f4e-c915-4dc2-b4ae-a8e027725554,38794,Melica,Bulgarian,d3b57a91-3e55-4d34-89b7-5db6e259c5cb,31541,female,27,1454–1481,70580ed3-4107-4f37-833b-c110c0924e76,39248,Giovanni de Marini,male,nobiles,,,1456–1481,4953ab7e-40b5-41d5-ac0b-d4f8cddf4de1,25308,4,7,200,,,,"Tommaso Duracino, filza 23, series II, nr. 122",1481-03-05,1481,,Tommaso Duracino,0a68871e-78fd-4b75-9b96-fb63ad54979c,23448,Notai antichi 910,92178dce-9229-479d-8bcf-adf522cd5e8e,37850,Archivio di stato di Genova,c4df0718-ce17-438d-9527-45ae8320fabd,Asecuratio sclave,,,,,,,,,,,,,,,,,,,,,,,,,,,
Damiano Spinacio,male,artefices,,,1449–1474,a4678913-268c-4930-bfd7-eed6c25628ac,38709,Caterina,Greek,a60cb7ee-a97d-42d1-b314-5fdc396b40f7,37490,female,25,1449–1474,c64476aa-648b-4ecf-b746-1533a2acf622,39103,Battista Spinola,male,nobiles,,,1449–1474,f3b19686-f72e-4be0-8bf5-8ee02dcda3ba,25620,5,6,200,,,,"Tommaso Duracino, filza 17, nr. 554",1474-08-28,1474,,Tommaso Duracino,0a68871e-78fd-4b75-9b96-fb63ad54979c,23448,Notai antichi 904,3e8804eb-7476-4f4f-b6c6-6a040ba0611c,37844,Archivio di stato di Genova,e392978c-8cdc-43ba-9f90-eb94d12a5b4a,Asecuratio sclave,,,,,,,,,,,,,,,,,,,,,,,,,,,
Marco Maruffo,male,mercantes,,,1440–1465,c083f8da-2032-4420-ad63-83b0eb8ff1bb,38755,Margherita,Circassian,4c3f093d-c427-4334-a5be-9d2985e0bb147,31361,female,27,1438–1465,80200725-0290-4a47-8971-1b32d8416313,39180,Battista Spinola,male,nobiles,,,1440–1465,f3b19686-f72e-4be0-8bf5-8ee02dcda3ba,25620,4,7,180,,,,"Tommaso Duracino, filza 8, nr. 341",1465-06-27,1465,,Tommaso Duracino,0a68871e-78fd-4b75-9b96-fb63ad54979c,23448,Notai antichi 895,15625c91-55bf-493d-8d7e-8257de7905ed,37076,Archivio di stato di Genova,9662b121-12df-4ffd-af95-5f69dc078098,Asecuratio sclave,,,,,,,,,,,,,,,,,,,,,,,,,,,
Martino de Petra,male,artefices,,27650,1443–1468,bff21e62-8d7e-49c9-91d1-99576a0e2a18,38764,Maria,Hungarian,269bea4f-a063-4938-be5d-1cd25e1e07dd,31551,female,20,1448–1468,f4f421e9-63c6-4516-8dc1-3bee5bd9b449,39191,Battista Spinola,male,nobiles,,,1443–1468,f3b19686-f72e-4be0-8bf5-8ee02dcda3ba,25620,2,9,200,,,,"Tommaso Duracino, filza 11, nr. 73",1468-01-23,1468,,Tommaso Duracino,0a68871e-78fd-4b75-9b96-fb63ad54979c,23448,Notai antichi 898,058e1333-2cf5-4e59-89b5-4660111dd77a,39293,Archivio di stato di Genova,b3a9375e-c3aa-4da3-bcf9-3643ee7cbde5,Asecuratio sclave,,,,,,,,,,,,,,,,,,,,,,,,,,,
Pellegro de Poliasca,male,artefices,27778,27774,1459–1484,db05def3-69ca-48dc-b703-69a3b5677da2,27367,Margherita,Turkish,cf223ecb-f243-491c-836e-823d5db2129c,31560,female,18,1466–1484,1fbc0759-9e12-48db-89d5-5f580a499a08,39212,Battista Spinola,male,nobiles,,,1459–1484,f3b19686-f72e-4be0-8bf5-8ee02dcda3ba,25620,3,9,,100,,,"Tommaso Duracino, filza 25, series I, nr. 327",1484-07-29,1484,,Tommaso Duracino,0a68871e-78fd-4b75-9b96-fb63ad54979c,23448,Notai antichi 912,39c48376-ee91-4a27-91f5-204d9e21bad9,37851,Archivio di stato di Genova,f5a15410-baf3-4c43-831f-e906c5aa8719,Asecuratio sclave,,,,,,,,,,,,,,,,,,,,,,,,,,,
Pietro Tommaso de Leonardo,male,artefices,26036,,1446–1471,cf408c59-d75b-4bf2-b0df-4926baf03c0e,38617,Caterina,Russian,2d4212b0-a07e-494a-a7ba-81f254f52363,31354,female,36,1435–1471,dbe9801d-5063-439c-b2ce-b928c83901e3,39222,Battista Spinola,male,nobiles,,,1446–1471,f3b19686-f72e-4be0-8bf5-8ee02dcda3ba,25620,2,9,200,,,,"Tommaso Duracino, filza 14, series II, nr. 257 (formerly nr. 331)",1471-10-11,1471,,Tommaso Duracino,0a68871e-78fd-4b75-9b96-fb63ad54979c,23448,Notai antichi 901,3106128b-3264-4863-b044-b24d19a8e72e,37841,Archivio di stato di Genova,935255ef-96c5-476b-8f86-f58dce248e85,Asecuratio sclave,,,,,,,,,,,,,,,,,,,,,,,,,,,
"Manferda, the wife of the deceased Giovanni Oliverio",female,,,,1406–1431,a0af1929-d873-46a1-af74-0d19cc8628bd,38754,Caterina,,,,female,22,1409–1431,31de5acf-ebba-41f0-89a9-7c6f341ff037,39177,Bartolomeo Cattaneo,male,nobiles,,,1406–1431,6269ce4d-7a40-46a9-b4f4-8b9f56f69004,26638,7,5,,,100,,"Branca Bagnara, register 4, 1429–1431, fol. 331r",1431-12-08,1431,,Branca Bagnara,2d251b92-d5ab-499a-80db-450e306ac801,23065,Notai antichi 509,693f2d6d-07cc-4316-a10f-f4fba65a8067,39286,Archivio di stato di Genova,35e0df93-9bd0-413c-9e08-4c534cd63a3b,Asecuratio sclave,,,,,,,,,,,,,,,,,,,,,,,,,,,
Raffaele Cattaneo,male,nobiles,,,1448–1473,26117ef2-d9ba-4484-a71d-d327fff2bb06,38611,Maddalena,Circassian,4c3f093d-c427-4334-a5be-9d2985e0bb147,31361,female,32,1441–1473,b588e354-1cc9-4ae4-96d6-c1862ec6793c,39227,Cattaneo de Cattaneis,male,nobiles,,,1448–1473,00e74852-5c12-4285-b3e2-cbacfeb35fab,26785,5,6,200,,,,"Tommaso Duracino, filza 16, nr. 406",1473-04-28,1473,,Tommaso Duracino,0a68871e-78fd-4b75-9b96-fb63ad54979c,23448,Notai antichi 903,973522a8-adbf-495e-a7bf-ccc3085049b5,37843,Archivio di stato di Genova,209d872b-e1dd-4a94-9f84-c9762b57f458,Asecuratio sclave,,,,,,,,,,,,,,,,,,,,,,,,,,,
Demetrio Cattaneo,male,nobiles,,,1433–1458,ff51a9dc-6b40-42f9-80a3-f02b3ab25a73,38710,Margherita,Tartaran,6c6e1e81-c3f3-4469-8c65-076e967ecfd100,26258,female,24,1434–1458,6e981291-f60c-42e2-bd02-836a709e36c3,39104,Giovanni de Levanto,male,mercantes,,,1433–1458,c95c0435-f413-4a53-81c2-678c086ca200,27047,3,8,150,,,,"Tommaso Duracino, filza 3, series II, nr. 79",1458-03-11,1458,,Tommaso Duracino,0a68871e-78fd-4b75-9b96-fb63ad54979c,23448,Notai antichi 890,d7974564-3893-43a3-b47c-d5a67e9d9411,37834,Archivio di stato di Genova,e4a5bb01-592e-4867-88e5-6e20f6107304,Asecuratio sclave,,,,,,,,,,,,,,,,,,,,,,,,,,,
Antonio de Mulassana,male,artefices,26195,31110,1378–1403,54b694ca-e3d3-48c5-b721-82e6334fc0ac,38669,Lucia,,,,female,,–1403,85c264cc-f9ae-4fd9-b73c-c74d1fcb645a,39044,Niccolò di Ser Pietro,male,foreign,,26130,1378–1403,16dcd057-1219-4211-a33c-6e02b5033253,27296,,,100,,,,"Giovanni de Allegro, register 2, 1400–1407, fol. 161r",1403-09-26,1403,,Giovanni de Allegro,bcb79a1a-c2e8-42f1-9f5a-38a143a67307,23058,Notai antichi 471,bc45c94e-a9f0-4947-94e2-f4556978c253,37781,Archivio di stato di Genova,c61e8fdd-a8dc-42ba-a771-7d87ccf3359c,Asecuratio sclave,,,,,,,,,,,,,,,,,,,,,,,,,,,
Battista Cerrino,male,artefices,,,1451–1476,0d4cad02-5880-405c-8fac-6c1a0cbd3951,38685,Maria,Abkhazan,2869f03d-235c-4513-981e-534da984124c,31268,female,32,1444–1476,f397a1f9-cf17-4e54-bb8f-2b7ea6f3276a,39064,Francesco Spinola,male,nobiles,,,1451–1476,27b3d8d6-9b9f-4152-9a38-fd2aa649e96a,27653,,,200,,,,"Tommaso Duracino, filza 19, series I, nr. 120",1476-01-25,1476,,Tommaso Duracino,0a68871e-78fd-4b75-9b96-fb63ad54979c,23448,Notai antichi 906,52b5aab4-11dc-40bd-b327-fedfb7dbbe90,37846,Archivio di stato di Genova,2bc78ccc-a65a-40c1-94c3-bbef7e7ab97d,Asecuratio sclave,,,,,,,,,,,,,,,,,,,,,,,,,,,
Antonio de Tacio,male,artefices,27564,,1435–1460,14b6bc24-0141-4ca1-94dd-90e027160805,26586,Margherita,Circassian,4c3f093d-c427-4334-a5be-9d2985e0bb147,31361,female,25,1433–1468,6dbe2b2d-17ad-4910-8ef3-d1b538f21008,35437,Gaspare Spinola,male,nobiles,,,1435–1460,86a87e41-42a7-400c-a85f-d6123f219ce9,30363,4,7,180,,,,"Tommaso Duracino, filza 5, nr. 50 (formerly nr. 365)",1460-01-24,1460,,Tommaso Duracino,0a68871e-78fd-4b75-9b96-fb63ad54979c,23448,Notai antichi 892,e7580816-b257-4dbe-a746-59ec6a20c56c,37836,Archivio di stato di Genova,c3c4087f-d038-4a87-9310-6daaa5722aa9,Asecuratio sclave,,,,,,,,,,,,,,,,,,,,,,,,,,,
Bianca de Fornari,female,mercantes,,,1432–1457,023942dd-0f92-48d0-b55e-5d87ac8b107f,38693,Maddalena,,,,female,28,1429–1457,f796f163-99e7-4365-a720-d814dd04089a,39080,Gaspare Spinola,male,nobiles,,,1432–1457,86a87e41-42a7-400c-a85f-d6123f219ce9,30363,4,7,150,,,,"Tommaso Duracino, filza 3, series I, nr. 80",1457-03-05,1457,,Tommaso Duracino,0a68871e-78fd-4b75-9b96-fb63ad54979c,23448,Notai antichi 890,d7974564-3893-43a3-b47c-d5a67e9d9411,37834,Archivio di stato di Genova,6b3be260-3392-492a-ab6d-b0f0d50b5659,Asecuratio sclave,,,,,,,,,,,,,,,,,,,,,,,,,,,
Caracosa Malocello,female,nobiles,,,1434–1459,f9f2767d-d6a3-41c5-b9b1-189d1b670cfa,38698,Marta,Russian,2d4212b0-a07e-494a-a7ba-81f254f52363,31354,female,33,1426–1459,4f107bd4-725d-4a1d-bdb7-62383cd7360d,39088,Gaspare Spinola,male,nobiles,,,1434–1459,86a87e41-42a7-400c-a85f-d6123f219ce9,30363,3,9,150,,,,"Tommaso Duracino, filza 4, nr. 360",1459-07-04,1459,,Tommaso Duracino,0a68871e-78fd-4b75-9b96-fb63ad54979c,23448,Notai antichi 891,d9596fa2-5eb7-4ad3-90c3-3f78583e00e6,37835,Archivio di stato di Genova,758a7e07-08b4-40d0-bedc-af33e7bc53d4,Asecuratio sclave,,,,,,,,,,,,,,,,,,,,,,,,,,,
Gianno Grillo,male,nobiles,,,1435–1460,62c7d66c-f358-4a2c-ba22-709b0fdc7b26,38725,Caterina,Abkhazan,2869f03d-235c-4513-981e-534da984124c,31268,female,28,1432–1460,a82b894e-5a56-4c3d-9d53-2df120198f2c,39135,Gaspare Spinola,male,nobiles,,,1435–1460,86a87e41-42a7-400c-a85f-d6123f219ce9,30363,,,150,,,,"Tommaso Duracino, filza 5, nr. 9 (formerly nr. 326)",1460-01-02,1460,,Tommaso Duracino,0a68871e-78fd-4b75-9b96-fb63ad54979c,23448,Notai antichi 892,e7580816-b257-4dbe-a746-59ec6a20c56c,37836,Archivio di stato di Genova,f4358092-25c2-4166-8b92-da1f8245249e,Asecuratio sclave,,,,,,,,,,,,,,,,,,,,,,,,,,,
Giuliano Ittaliano,male,nobiles,,,1434–1459,08038794-e065-4cbd-a694-e3175487e400,23782,Agnes,Circassian,4c3f093d-c427-4334-a5be-9d2985e0bb147,31361,female,28,1431–1459,f547f4b3-c1e5-493d-ae89-4a78a7f2d2ee,39155,Gaspare Spinola,male,nobiles,,,1434–1459,86a87e41-42a7-400c-a85f-d6123f219ce9,30363,4,7,187.5,,,,"Tommaso Duracino, filza 4, nr. 407",1459-08-02,1459,,Tommaso Duracino,0a68871e-78fd-4b75-9b96-fb63ad54979c,23448,Notai antichi 891,d9596fa2-5eb7-4ad3-90c3-3f78583e00e6,37835,Archivio di stato di Genova,8cbda2f8-670f-43da-9b42-de21d88643e2,Asecuratio sclave,,,,,,,,,,,,,,,,,,,,,,,,,,,
Isolta Ittaliano,female,religious,27575,,1432–1457,16c6d1fd-6f17-442f-86ce-9d43bc0b8d34,38748,Anastasia,,,,female,25,1432–1457,2f63d983-a460-487f-b543-374786c9b777,39166,Gaspare Spinola,male,nobiles,,,1432–1457,86a87e41-42a7-400c-a85f-d6123f219ce9,30363,,7,150,,,,"Tommaso Duracino, filza 3, series I, nr. 68",1457-02-21,1457,,Tommaso Duracino,0a68871e-78fd-4b75-9b96-fb63ad54979c,23448,Notai antichi 890,d7974564-3893-43a3-b47c-d5a67e9d9411,37834,Archivio di stato di Genova,842957a4-098a-4eb0-adc1-bfd78d512797,Asecuratio sclave,,,,,,,,,,,,,,,,,,,,,,,,,,,
Morvello Adorno,male,mercantes,,,1433–1458,8750ecfe-2edf-4081-868d-0f68d5fde18b,38768,Maddalena,,,,female,28,1430–1458,019b5341-57bd-46c2-a7ce-56c0c7793492,39198,Gaspare Spinola,male,nobiles,,,1434–1459,86a87e41-42a7-400c-a85f-d6123f219ce9,30363,8,3,150,,,,"Tommaso Duracino, filza 3, series II, nr. 239",1458-11-23,1458,,Tommaso Duracino,0a68871e-78fd-4b75-9b96-fb63ad54979c,23448,Notai antichi 890,d7974564-3893-43a3-b47c-d5a67e9d9411,37834,Archivio di stato di Genova,2abe9004-bbd7-47ce-a51d-ceb592dd8303,Asecuratio sclave,,,,,,,,,,,,,,,,,,,,,,,,,,,
Raffaele de Monterubeo,male,artefices,,26334,1435–1460,02264c0a-8a46-45ad-81ec-199d8e0ad3b8,38786,Caterina,Tartaran,6c6e1e81-c3f3-4469-8c65-076e967ecfd100,26258,female,45,1415–1460,733b8a03-1284-49b5-a312-b6a72458031c,39228,Gaspare Spinola,male,nobiles,,,1435–1460,86a87e41-42a7-400c-a85f-d6123f219ce9,30363,,,60,,,,"Tommaso Duracino, filza 5, nr. 40",1460-01-19,1460,,Tommaso Duracino,0a68871e-78fd-4b75-9b96-fb63ad54979c,23448,Notai antichi 892,e7580816-b257-4dbe-a746-59ec6a20c56c,37836,Archivio di stato di Genova,2bd8a007-d7e9-40dd-9d74-272d2b8a0da8,Asecuratio sclave,,,,,,,,,,,,,,,,,,,,,,,,,,,
Stefano Rodino,male,artefices,,38613,1434–1459,33c76b23-7063-47d3-b9ce-5244f28f106b,38791,Lucia,Russian,2d4212b0-a07e-494a-a7ba-81f254f52363,31354,female,24,1435–1459,fd11f2b2-5201-4bf2-a424-37244b1518a3,39238,Gaspare Spinola,male,nobiles,,,1434–1459,86a87e41-42a7-400c-a85f-d6123f219ce9,30363,2,9,125,,,,"Tommaso Duracino, filza 4, nr. 30",1459-01-23,1459,,Tommaso Duracino,0a68871e-78fd-4b75-9b96-fb63ad54979c,23448,Notai antichi 891,d9596fa2-5eb7-4ad3-90c3-3f78583e00e6,37835,Archivio di stato di Genova,f5411daa-f0cf-4ed8-b23a-8158c4103591,Asecuratio sclave,,,,,,,,,,,,,,,,,,,,,,,,,,,
Bartolomeo Salvago,male,nobiles,,,1437–1462,8003dc01-c350-467a-a7db-70356c8fec88,38682,Melica,Tartaran,6c6e1e81-c3f3-4469-8c65-076e967ecfd100,26258,female,35,1427–1462,ab912ca9-8107-4383-bc52-6a45a5b85f45,39061,Girolamo Vivaldi,male,nobiles,,,1437–1462,4625496c-d67e-40ad-87c0-e8c9a521603c,30553,3,8,150,,,,"Tommaso Duracino, filza 6, series II, nr. 195",1462-09-15,1462,,Tommaso Duracino,0a68871e-78fd-4b75-9b96-fb63ad54979c,23448,Notai antichi 893,b4ce29bc-1c24-4f02-bd03-22ab84e5a8f1,37837,Archivio di stato di Genova,a309b713-2f5a-404a-9e72-518b9b2aa5a6,Asecuratio sclave,,,,,,,,,,,,,,,,,,,,,,,,,,,
Andrea Gentile,male,nobiles,,,1431–1456,c09697f5-ce9e-4c1d-9cd3-50b1239adfa2,31378,Marta,Tartaran,6c6e1e81-c3f3-4469-8c65-076e967ecfd100,26258,female,32,1424–1456,ba70ed31-babb-4101-99ae-b7c1f7f6af8c,39036,Imperiale Grillo,male,nobiles,,,1431–1456,221e6558-e44d-44d1-9e05-a46f9c5e9dc0,31503,,,150,,,,"Tommaso Duracino, filza 2, series II, nr. 68",1456-03-22,1456,,Tommaso Duracino,0a68871e-78fd-4b75-9b96-fb63ad54979c,23448,Notai antichi 889,101c0bd8-a7ea-41d9-b9dc-62f2509bd4ac,37833,Archivio di stato di Genova,498cf6ea-82d5-4ad0-b903-72226d70e131,Asecuratio sclave,,,,,,,,,,,,,,,,,,,,,,,,,,,
Francesco Ardimento,male,mercantes,,,1430–1455,bab487af-6c99-4367-891f-c6f02b6c6d43,31515,Marta,Tartaran,6c6e1e81-c3f3-4469-8c65-076e967ecfd100,26258,female,21,1434–1455,82e713de-b347-482d-9b01-d84dbbd7239b,39115,Imperiale Grillo,male,nobiles,,,1430–1455,221e6558-e44d-44d1-9e05-a46f9c5e9dc0,31503,4,7,150,,,,"Tommaso Duracino, filza 2, series I, nr. 321",1455-09-20,1455,,Tommaso Duracino,0a68871e-78fd-4b75-9b96-fb63ad54979c,23448,Notai antichi 889,101c0bd8-a7ea-41d9-b9dc-62f2509bd4ac,37833,Archivio di stato di Genova,74cb0f32-134f-4bcf-93f5-770336ce5d70,Asecuratio sclave,,,,,,,,,,,,,,,,,,,,,,,,,,,
Maria de Guarco,female,artefices,,,1431–1456,87fc5f44-d04d-4672-a1fd-f315fadde246,38759,Maddalena,,,,female,38,1418–1456,ea19e8d3-2ee7-4a6e-ac5b-ac7b1fa08e8f,39184,Imperiale Grillo,male,nobiles,,,1431–1456,221e6558-e44d-44d1-9e05-a46f9c5e9dc0,31503,3,8,150,,,,"Tommaso Duracino, filza 2, series II, nr. 7",1456-01-07,1456,,Tommaso Duracino,0a68871e-78fd-4b75-9b96-fb63ad54979c,23448,Notai antichi 889,101c0bd8-a7ea-41d9-b9dc-62f2509bd4ac,37833,Archivio di stato di Genova,76489122-9ab1-4c36-b0c9-b3857ef980d9,Asecuratio sclave,,,,,,,,,,,,,,,,,,,,,,,,,,,
Battista de Franchi,male,mercantes,,,1433–1458,9c40941d-6426-4407-bb0c-afdd871fc4c6,38686,Margarita,Russian,2d4212b0-a07e-494a-a7ba-81f254f52363,31354,female,26,1432–1458,31ea0199-89ab-47f8-a941-3d16a22d0ddf,39069,Damiano Giustiniani,male,mercantes,,,1433–1458,d6466bd0-3109-4db2-90b8-1ae20491fd5e,31525,7,4,150,,,,"Tommaso Duracino, filza 3, series II, nr. 144",1458-04-10,1458,,Tommaso Duracino,0a68871e-78fd-4b75-9b96-fb63ad54979c,23448,Notai antichi 890,d7974564-3893-43a3-b47c-d5a67e9d9411,37834,Archivio di stato di Genova,1f94d4d4-d0cb-4417-8d76-7f45840070a1,Asecuratio sclave,,,,,,,,,,,,,,,,,,,,,,,,,,,
Melchiorre de Insula,male,mercantes,,,1433–1458,e04e64d8-bf42-452e-a6d7-4a7aa2edbd54,38609,Maria,,,,female,23,1432–1458,7a782a87-6b0f-4fb9-b402-14a80df68b07,39196,Damiano Giustiniani,male,nobiles,,,1433–1458,d6466bd0-3109-4db2-90b8-1ae20491fd5e,31525,8,3,190,,,,"Tommaso Duracino, filza 3, series II, nr. 146",1458-04-12,1458,,Tommaso Duracino,0a68871e-78fd-4b75-9b96-fb63ad54979c,23448,Notai antichi 890,d7974564-3893-43a3-b47c-d5a67e9d9411,37834,Archivio di stato di Genova,9d77b1c0-d77a-4524-956d-790689ae828b,Asecuratio sclave,,,,,,,,,,,,,,,,,,,,,,,,,,,
Pietro Tommaso de Leonardo,male,artefices,26036,,1429–1454,cf408c59-d75b-4bf2-b0df-4926baf03c0e,38617,Caterina,Russian,2d4212b0-a07e-494a-a7ba-81f254f52363,31354,female,20,1434–1454,fd444ccc-c5c1-4e4d-afb6-bd9b869ac9fa,39221,Damiano Giustiniani,male,mercantes,,,1429–1454,d6466bd0-3109-4db2-90b8-1ae20491fd5e,31525,,,150,,,,"Paolo de Recco, filza 5, series II, nr. 228",1454-09-25,1454,,Paolo de Recco,c1f85949-1d93-46d1-ac79-9ed0b90c2ffe,25510,Notai antichi 700,22bfe28d-4bed-4d37-a3e1-d1c9bbc096f5,37819,Archivio di stato di Genova,e1297b13-2392-422a-988e-95a112e8ed65,Asecuratio sclave,,,,,,,,,,,,,,,,,,,,,,,,,,,
Giovanni de Marini,male,nobiles,,,1453–1478,edcb8616-15ab-42b6-a064-984378b88348,38733,Margherita,Abkhazan,2869f03d-235c-4513-981e-534da984124c,31268,female,20,1458–1478,a7f95960-2052-4191-989a-7840e552304f,39146,Giovanno Antonio de Prato,male,artefices,27565,27610,1453–1478,13a55285-2bd6-48a3-95fe-e0b36f388be7,37033,,,200,,,,"Tommaso Duracino, filza 21, nr. 186",1478-04-10,1478,,Tommaso Duracino,0a68871e-78fd-4b75-9b96-fb63ad54979c,23448,Notai antichi 908,d52a7097-753f-4b96-a0bf-177541134979,37848,Archivio di stato di Genova,de86de19-5662-404c-9ec0-82c57794ea52,Asecuratio sclave,,,,,,,,,,,,,,,,,,,,,,,,,,,
Marco de Cassina,male,mercantes,,,1433–1458,3736e377-9a68-481a-88cc-40555b5e2fb3,30676,Lucia,Tartaran,6c6e1e81-c3f3-4469-8c65-076e967ecfd100,26258,female,34,1424–1458,36cb57cc-277e-487e-8842-203f1afb9e7e,39178,Pancrazio Gentile,male,nobiles,,,1433–1458,051c6bbb-aa11-46f2-9f3d-efe892a0b344,37054,,,,60,,,"Bartolomeo Risso, filza 5, series II, nr. 97b",1458-03-29,1458,,Bartolomeo Risso,327f6750-eb71-41b2-9c5a-deb15e5e0785,25517,Notai antichi 719,b6aa2ee9-3d86-4073-bdab-aa5b88cf304a,37824,Archivio di stato di Genova,8b8bf816-fda6-417a-b86d-4a2f8a926c5a,Asecuratio sclave,,,,,,,,,,,,,,,,,,,,,,,,,,,
Paolo de Franchi,male,mercantes,,,1440–1465,91dd5756-9523-41fa-87b4-90c2b9764186,38774,Caterina,Circassian,4c3f093d-c427-4334-a5be-9d2985e0bb147,31361,female,28,1437–1465,f3ae0b85-cc3c-408e-a9a2-9c6aac28cd51,39207,Giovanni Battista Grimaldi,male,nobiles,,,1440–1465,f6b37c45-f7bb-4434-b895-40614623856d,37402,3,8,200,,,,"Tommaso Duracino, filza 8, nr. 606",1465-11-05,1465,,Tommaso Duracino,0a68871e-78fd-4b75-9b96-fb63ad54979c,23448,Notai antichi 895,15625c91-55bf-493d-8d7e-8257de7905ed,37076,Archivio di stato di Genova,a2f105c5-fffb-4f3c-8489-3e8e0b7e15c0,Asecuratio sclave,,,,,,,,,,,,,,,,,,,,,,,,,,,
Battista Garrone,male,artefices,,,1449–1474,12255575-a8bb-4052-9452-1b4281fd6bf5,26690,Margherita,Mingrelian,ae0730fa-f010-46b4-b941-3d87217205e18,31554,female,20,1454–1474,e4bb16f3-1291-4b20-9c82-c0bf6f0e0d40,39073,Leonardo di Negro,male,nobiles,,,1449–1474,47c8126c-0bac-4845-b5eb-ec5821033fa0,37428,7,4,250,,,,"Tommaso Duracino, filza 17, nr. 352",1474-05-18,1474,,Tommaso Duracino,0a68871e-78fd-4b75-9b96-fb63ad54979c,23448,Notai antichi 904,3e8804eb-7476-4f4f-b6c6-6a040ba0611c,37844,Archivio di stato di Genova,7320b981-00eb-4c0a-acac-ea84174f8c23,Asecuratio sclave,,,,,,,,,,,,,,,,,,,,,,,,,,,
Damiano de Franchi,male,mercantes,,,1441–1466,011006d4-db3d-4c29-8531-5860016b4807,38708,Cazina,Canaries,13ff152a-e74e-44c6-a7e7-c00eb6d60f7b,31544,female,26,1440–1466,8340ea94-6e99-42cd-bd9f-62f2da76b4a0,39102,Leonardo di Negro,male,nobiles,,,1441–1466,47c8126c-0bac-4845-b5eb-ec5821033fa0,37428,6,5,175,,,,"Tommaso Duracino, filza 9, nr. 72",1466-03-03,1466,,Tommaso Duracino,0a68871e-78fd-4b75-9b96-fb63ad54979c,23448,Notai antichi 896,15625c91-55bf-493d-8d7e-8257de7905ed,37076,Archivio di stato di Genova,e641e3ea-dcac-434a-8c8a-a33d60b16452,Asecuratio sclave,,,,,,,,,,,,,,,,,,,,,,,,,,,
Girolamo Illione,male,artefices,,,1441–1466,ca5e036c-1b45-452e-abf1-954891644954,38739,Lucia,Abkhazan,2869f03d-235c-4513-981e-534da984124c,31268,female,26,1440–1466,d560764c-f9c0-46a4-9c11-eabc6c8adb59,39153,Leonardo di Negro,male,nobiles,,,1441–1466,47c8126c-0bac-4845-b5eb-ec5821033fa0,37428,,,180,,,,"Tommaso Duracino, filza 9, nr. 130",1466-03-27,1466,,Tommaso Duracino,0a68871e-78fd-4b75-9b96-fb63ad54979c,23448,Notai antichi 896,15625c91-55bf-493d-8d7e-8257de7905ed,37076,Archivio di stato di Genova,7e8ba49d-b3e0-44d9-a468-df72ad5e4ef1,Asecuratio sclave,,,,,,,,,,,,,,,,,,,,,,,,,,,
Lodisio Buscheto,male,foreign,,26142,1439–1464,cd7f0e13-17a9-4836-bc9a-a70bce7f3009,38751,Maddalena,Russian,2d4212b0-a07e-494a-a7ba-81f254f52363,31354,female,33,1431–1464,67f8a80d-0e49-4064-aee9-7e1a6698cf70,39169,Leonardo di Negro,male,nobiles,,,1439–1464,47c8126c-0bac-4845-b5eb-ec5821033fa0,37428,6.5,4,150,,,,"Tommaso Duracino, filza 7, series II, nr. 60",1464-03-02,1464,,Tommaso Duracino,0a68871e-78fd-4b75-9b96-fb63ad54979c,23448,Notai antichi 894,a94058bf-7e65-489c-b6f0-8e5c16d11516,37838,Archivio di stato di Genova,60906cbe-e731-4cc6-92c9-73e6a6e8e728,Asecuratio sclave,,,,,,,,,,,,,,,,,,,,,,,,,,,
Lodisio de Franchi,male,mercantes,,,1443–1468,4bfa8140-4555-4627-8d89-b48040d9f8c1,38752|37358|29985,Satismade,Russian,2d4212b0-a07e-494a-a7ba-81f254f52363,31354,female,29,1439–1468,22b5a201-d9ed-4d0f-9e89-900c232c549b,39170,Leonardo di Negro,male,nobiles,,,1443–1468,47c8126c-0bac-4845-b5eb-ec5821033fa0,37428,4,7,200,,,,"Tommaso Duracino, filza 11, nr. 100",1468-01-28,1468,,Tommaso Duracino,0a68871e-78fd-4b75-9b96-fb63ad54979c,23448,Notai antichi 898,058e1333-2cf5-4e59-89b5-4660111dd77a,39293,Archivio di stato di Genova,875a685d-3ccf-49b8-9369-266f79fda8dd,Asecuratio sclave,,,,,,,,,,,,,,,,,,,,,,,,,,,
Paolo de Andoria,male,artefices,26194,31183,1440–1465,39c672a8-9135-44bc-a7e5-8939524366c1,38773,Maria,Bulgarian,d3b57a91-3e55-4d34-89b7-5db6e259c5cb,31541,female,25,1440–1465,7ca38557-1fe3-45ea-aa19-ba7e31f9b703,39206,Leonardo di Negro,male,nobiles,,,1440–1465,47c8126c-0bac-4845-b5eb-ec5821033fa0,37428,3,8,100,,,,"Tommaso Duracino, filza 8, nr. 6",1465-01-01,1465,,Tommaso Duracino,0a68871e-78fd-4b75-9b96-fb63ad54979c,23448,Notai antichi 895,15625c91-55bf-493d-8d7e-8257de7905ed,37076,Archivio di stato di Genova,3b05109f-59d2-4008-9417-1f627079dc2b,Asecuratio sclave,,,,,,,,,,,,,,,,,,,,,,,,,,,
Pietro Tiralacorda,male,foreign,,27552,1441–1466,501b4eae-c27f-409e-80d3-27e0a8b64128,38785,Onesta,Russian,2d4212b0-a07e-494a-a7ba-81f254f52363,31354,female,22,1444–1466,ab20a61c-3a00-4966-b1a5-d6c75dd7508b,39220,Leonardo di Negro,male,nobiles,,,1441–1466,47c8126c-0bac-4845-b5eb-ec5821033fa0,37428,5,6,200,,,,"Tommaso Duracino, filza 9, nr. 567",1466-11-15,1466,,Tommaso Duracino,0a68871e-78fd-4b75-9b96-fb63ad54979c,23448,Notai antichi 896,15625c91-55bf-493d-8d7e-8257de7905ed,37076,Archivio di stato di Genova,172bac0a-c721-4f60-998d-04422a42277e,Asecuratio sclave,,,,,,,,,,,,,,,,,,,,,,,,,,,
Francesco de Borlasca,male,artefices,26036,38605,1438–1463,c47cde2e-aaed-4dbc-b9d5-841033464041,38715,Giacobina,Circassian,4c3f093d-c427-4334-a5be-9d2985e0bb147,31361,female,23,1440–1463,18d58baa-c635-47fb-b637-5dad3195f304,39119,Niccolò de Varixio,male,mercantes,,31024,1438–1463,134b91ec-097b-4d4e-a714-28bc89c88465,37449,5,6,240,,,,"Tommaso Duracino, filza 7, series I, nr. 129",1463-06-17,1463,,Tommaso Duracino,0a68871e-78fd-4b75-9b96-fb63ad54979c,23448,Notai antichi 894,a94058bf-7e65-489c-b6f0-8e5c16d11516,37838,Archivio di stato di Genova,56da0dcc-6abe-48e2-85b4-bf174303b8ee,Asecuratio sclave,,,,,,,,,,,,,,,,,,,,,,,,,,,
Giacomo Spinola,male,nobiles,,,1437–1462,18205e31-9047-493b-b38d-e8d767cdc21a,38656,Margherita,Abkhazan,2869f03d-235c-4513-981e-534da984124c,31268,female,27,1435–1462,30139a51-5a66-4686-8b06-47b5ea538820,39134,Niccolò de Varixio,male,mercantes,,,1437–1462,134b91ec-097b-4d4e-a714-28bc89c88465,37449,,,190,,,,"Tommaso Duracino, filza 6, series II, nr. 31",1462-02-27,1462,,Tommaso Duracino,0a68871e-78fd-4b75-9b96-fb63ad54979c,23448,Notai antichi 893,b4ce29bc-1c24-4f02-bd03-22ab84e5a8f1,37837,Archivio di stato di Genova,66d70349-7c96-4616-8525-586a9be8b3dd,Asecuratio sclave,,,,,,,,,,,,,,,,,,,,,,,,,,,
Luca Pinelli,male,nobiles,,,1438–1463,a6b66f5c-af48-4679-8e17-91b767bc5e3f,38519,Melica,Mingrelian,ae0730fa-f010-46b4-b941-3d87217205e18,31554,female,24,1439–1463,d64fe5db-d49b-483d-82f7-0ba126bbae48,39175,Niccolò de Varixio,male,mercantes,,31024,1438–1463,134b91ec-097b-4d4e-a714-28bc89c88465,37449,,,150,,,,"Tommaso Duracino, filza 7, series I, nr. 201",1463-09-30,1463,,Tommaso Duracino,0a68871e-78fd-4b75-9b96-fb63ad54979c,23448,Notai antichi 894,a94058bf-7e65-489c-b6f0-8e5c16d11516,37838,Archivio di stato di Genova,dc81393d-1e31-4576-a5a6-783ccf30a795,Asecuratio sclave,,,,,,,,,,,,,,,,,,,,,,,,,,,
Andrea Spinola,male,nobiles,,,1442–1467,549b3caa-dfb0-4735-b83f-6a81097e3c5e,38649,Caterina,Circassian,4c3f093d-c427-4334-a5be-9d2985e0bb147,31361,female,25,1442–1467,446341bc-2c74-49d7-a33a-bae3d6542025,39037,Bartolomeo Sauli,male,mercantes,,,1442–1467,eb659e62-6b7b-4ff0-abc7-5176165d313e,38591,2,9,200,,,,"Tommaso Duracino, filza 10, nr. 50",1467-01-23,1467,,Tommaso Duracino,0a68871e-78fd-4b75-9b96-fb63ad54979c,23448,Notai antichi 897,2458b59b-d165-499e-bed3-51f370165737,39292,Archivio di stato di Genova,0ef3801e-1d4c-482e-abee-7df062eff31c,Asecuratio sclave,,,,,,,,,,,,,,,,,,,,,,,,,,,
Antonio Barbazelata,male,artefices,27589,,1441–1466,5ef48ce3-bc17-4048-b109-0f38330ff7b7,38668|38769,Mara,Circassian,4c3f093d-c427-4334-a5be-9d2985e0bb147,31361,female,34,1432–1466,254338b8-01a5-4c73-a3c8-8e82e1eb3d64,39041,Antonio de Tacio,male,artefices,27564,,1441–1466,44c4c776-9fea-4c3c-9abd-b491bb3f0f63,38625,4,7,150,,,,"Tommaso Duracino, filza 9, nr. 177",1466-04-18,1466,,Tommaso Duracino,0a68871e-78fd-4b75-9b96-fb63ad54979c,23448,Notai antichi 896,15625c91-55bf-493d-8d7e-8257de7905ed,37076,Archivio di stato di Genova,15c82fb8-0fd1-4b7e-a07b-609dfd988348,Asecuratio sclave,,,,,,,,,,,,,,,,,,,,,,,,,,,
Argenta Garbarino,female,artefices,,,1433–1458,21b55bf5-37c1-4390-8d08-516b41cba8e1,38675,Margherita,Tartaran,6c6e1e81-c3f3-4469-8c65-076e967ecfd100,26258,female,30,1428–1458,3de2e4fd-0912-46d3-a1b8-cc5495cd4ca5,39053,Gaspare Spinola,male,nobiles,,,1433–1458,523f759f-4bf6-4106-9c52-b36babb010f0,38628,3,8,150,,,,"Tommaso Duracino, filza 3, series II, nr. 236",1458-11-21,1458,,Tommaso Duracino,0a68871e-78fd-4b75-9b96-fb63ad54979c,23448,Notai antichi 890,d7974564-3893-43a3-b47c-d5a67e9d9411,37834,Archivio di stato di Genova,7f3bea84-755f-4148-999a-c35e77e1bf2b,Asecuratio sclave,,,,,,,,,,,,,,,,,,,,,,,,,,,
Agostino Zucca,male,artefices,,,1433–1458,d8879d37-8b18-4487-85c7-3201763627e8,38663,Lucia,Tartaran,6c6e1e81-c3f3-4469-8c65-076e967ecfd100,26258,female,16,1442–1458,bf9e145c-2faa-4ca8-880e-c3adcca6f9e4,39028,Giacomo Grimaldi,male,nobiles,,,1433–1458,c9ff917e-e696-4aa6-8f9f-9e1652668156,38629,,,200,,,,"Bartolomeo Risso, filza 5, series III, nr. 97a",1458-02-15,1458,,Bartolomeo Risso,327f6750-eb71-41b2-9c5a-deb15e5e0785,25517,Notai antichi 719,b6aa2ee9-3d86-4073-bdab-aa5b88cf304a,37824,Archivio di stato di Genova,09f3b3bf-391a-4033-88ca-a8e2e7f7f897,Asecuratio sclave,,,,,,,,,,,,,,,,,,,,,,,,,,,
Cesare Doria,male,nobiles,,,1439–1464,c190573b-16c8-4062-9e8b-e52ed88299f3,38704,Melica,Mingrelian,ae0730fa-f010-46b4-b941-3d87217205e18,31554,female,28,1436–1464,0d2aad42-7dfb-4b73-aaba-b98b3b96cd66,39096,Giacomo Grimaldi,male,nobiles,,,1439–1464,c9ff917e-e696-4aa6-8f9f-9e1652668156,38629,,,250,,,,"Tommaso Duracino, filza 7, series II, nr. 124",1464-06-16,1464,,Tommaso Duracino,0a68871e-78fd-4b75-9b96-fb63ad54979c,23448,Notai antichi 894,a94058bf-7e65-489c-b6f0-8e5c16d11516,37838,Archivio di stato di Genova,1ad89b46-75e2-4ef6-8b4d-77cc747cf083,Asecuratio sclave,,,,,,,,,,,,,,,,,,,,,,,,,,,
Ambrogio Lomellini,male,nobiles,,,1431–1456,806a9714-8c3e-4396-a356-9cea0ff9c8fe,23910,Marta,Circassian,4c3f093d-c427-4334-a5be-9d2985e0bb147,31361,female,22,1434–1456,ddecdc8b-9829-4150-8442-a9cfd99fc182,39030,Giovanni di Negro,male,nobiles,,,1431–1456,89a65e61-2ca4-4cd5-b80a-b9573d3b0b5e,38632,2,9,150,,,,"Tommaso Duracino, filza 2, series II, nr. 206",1456-08-12,1456,,Tommaso Duracino,0a68871e-78fd-4b75-9b96-fb63ad54979c,23448,Notai antichi 889,101c0bd8-a7ea-41d9-b9dc-62f2509bd4ac,37833,Archivio di stato di Genova,2ec7306e-1b96-47de-8fc1-531574725a04,Asecuratio sclave,,,,,,,,,,,,,,,,,,,,,,,,,,,
Antonio Tivenga,male,,,,1436–1461,79f8ae2c-c7c4-48ab-96d7-f0ee43644b46,38674,Marta,Tartaran,6c6e1e81-c3f3-4469-8c65-076e967ecfd100,26258,female,26,1435–1461,f64b203d-96e6-4955-b9cd-f98739cb4915,39052,Giovanni di Negro,male,nobiles,,,1436–1461,89a65e61-2ca4-4cd5-b80a-b9573d3b0b5e,38632,,,170,,,,"Tommaso Duracino, filza 6, series I, nr. 289",1461-08-31,1461,,Tommaso Duracino,0a68871e-78fd-4b75-9b96-fb63ad54979c,23448,Notai antichi 889,101c0bd8-a7ea-41d9-b9dc-62f2509bd4ac,37833,Archivio di stato di Genova,d16f1bd7-be76-4d31-a5cd-bc1bb56ffe01,Asecuratio sclave,,,,,,,,,,,,,,,,,,,,,,,,,,,
Benedetto Pinelli,male,nobiles,,,1430–1455,d2b0d73e-03bd-41bc-bbb2-fb9fa7e86ea8,38690,Marta,Tartaran,6c6e1e81-c3f3-4469-8c65-076e967ecfd100,26258,female,30,1425–1455,00596042-51a9-49b8-bf68-2d8c9ac81c49,39077,Giovanni di Negro,male,nobiles,,,1430–1455,89a65e61-2ca4-4cd5-b80a-b9573d3b0b5e,38632,3,8,180,,,,"Tommaso Duracino, filza 2, series I, nr. 64",1455-02-12,1455,,Tommaso Duracino,0a68871e-78fd-4b75-9b96-fb63ad54979c,23448,Notai antichi 889,101c0bd8-a7ea-41d9-b9dc-62f2509bd4ac,37833,Archivio di stato di Genova,02c78966-c530-4277-b582-c652bb9d4b1a,Asecuratio sclave,,,,,,,,,,,,,,,,,,,,,,,,,,,
Bianca Gentile,female,nobiles,,,1432–1457,adb4b6fa-01c7-47a8-8d43-54d977954bb5,38694,Maria,,,,female,33,1424–1457,89318c0e-0289-43a0-b932-05aca4b1da58,39081,Giovanni di Negro,male,nobiles,,,1432–1457,89a65e61-2ca4-4cd5-b80a-b9573d3b0b5e,38632,3,8,170,,,,"Tommaso Duracino, filza 3, series I, nr. 89",1457-03-15,1457,,Tommaso Duracino,0a68871e-78fd-4b75-9b96-fb63ad54979c,23448,Notai antichi 890,d7974564-3893-43a3-b47c-d5a67e9d9411,37834,Archivio di stato di Genova,d2f556cf-4faa-4086-a610-09df8d199563,Asecuratio sclave,,,,,,,,,,,,,,,,,,,,,,,,,,,
Enrico Squarciafico,male,nobiles,,,1432–1457,782653ed-4213-4ffb-b20f-6fffb17fb181,38653,Agnese,,,,female,32,1425–1457,d4e87082-62c7-42ed-a8aa-34c9287cd3b6,39109,Giovanni di Negro,male,nobiles,,,1432–1457,89a65e61-2ca4-4cd5-b80a-b9573d3b0b5e,38632,3,8,150,,,,"Tommaso Duracino, filza 3, series I, nr. 108",1457-04-05,1457,,Tommaso Duracino,0a68871e-78fd-4b75-9b96-fb63ad54979c,23448,Notai antichi 890,d7974564-3893-43a3-b47c-d5a67e9d9411,37834,Archivio di stato di Genova,ffa44521-dffd-4b50-a4bf-ab2dcd8831a7,Asecuratio sclave,,,,,,,,,,,,,,,,,,,,,,,,,,,
Galvano Adorno,male,mercantes,,,1432–1457,4b48d54c-9b44-47a9-a475-800abbbc0dd1,38718,Margherita,,,,female,32,1425–1457,0b2dd9dd-e664-4ea0-88d4-a9ac57086fda,39125,Giovanni di Negro,male,nobiles,,,1432–1457,89a65e61-2ca4-4cd5-b80a-b9573d3b0b5e,38632,4,7,150,,,,"Tommaso Duracino, filza 3, series I, nr. 84",1457-03-08,1457,,Tommaso Duracino,0a68871e-78fd-4b75-9b96-fb63ad54979c,23448,Notai antichi 890,d7974564-3893-43a3-b47c-d5a67e9d9411,37834,Archivio di stato di Genova,0454f7e7-a793-47ac-8a38-811fada2deaa,Asecuratio sclave,,,,,,,,,,,,,,,,,,,,,,,,,,,
Giovanni Bracelli,male,artefices,27576,,1431–1456,292a4f21-4bcc-4558-88ad-9d70fd961e68,38731,Marta,Tartaran,6c6e1e81-c3f3-4469-8c65-076e967ecfd100,26258,female,20,1436–1456,733398a9-62e5-44fd-9b3c-e589551621ca,39141,Giovanni di Negro,male,nobiles,,,1431–1456,89a65e61-2ca4-4cd5-b80a-b9573d3b0b5e,38632,4,7,150,,,,"Tommaso Duracino, filza 2, series II, nr. 167",1456-06-22,1456,,Tommaso Duracino,0a68871e-78fd-4b75-9b96-fb63ad54979c,23448,Notai antichi 889,101c0bd8-a7ea-41d9-b9dc-62f2509bd4ac,37833,Archivio di stato di Genova,0f47a98b-c6d1-47ce-a472-aa7cd1c944fc,Asecuratio sclave,,,,,,,,,,,,,,,,,,,,,,,,,,,
Giulio de Signorio,male,nobiles,,,1432–1457,1a1a223c-a433-4c72-85cd-fe4764e1992a,38742,Lucia,,,,female,27,1430–1457,af05543a-cd5d-49c3-9ab6-0e669834eb9d,39157,Giovanni di Negro,male,nobiles,,,1432–1457,89a65e61-2ca4-4cd5-b80a-b9573d3b0b5e,38632,7,4,200,,,,"Tommaso Duracino, filza 3, series I, nr. 39",1457-02-01,1457,,Tommaso Duracino,0a68871e-78fd-4b75-9b96-fb63ad54979c,23448,Notai antichi 890,d7974564-3893-43a3-b47c-d5a67e9d9411,37834,Archivio di stato di Genova,24061af2-5dd4-4326-bc57-b2033922ae7f,Asecuratio sclave,,,,,,,,,,,,,,,,,,,,,,,,,,,
Lodisio Ravario,male,artefices,,,1431–1456,1da8bd4d-a7f6-430f-9159-d75e29677d8a,38753,Melica,,,,female,26,1430–1456,316665cb-9178-481c-aecf-ceed8b24c30c,39171,Giovanni di Negro,male,nobiles,,,1431–1456,89a65e61-2ca4-4cd5-b80a-b9573d3b0b5e,38632,6,5,170,,,,"Tommaso Duracino, filza 2, series II, nr. 237",1456-09-27,1456,,Tommaso Duracino,0a68871e-78fd-4b75-9b96-fb63ad54979c,23448,Notai antichi 889,101c0bd8-a7ea-41d9-b9dc-62f2509bd4ac,37833,Archivio di stato di Genova,ee02a9cc-c5bb-4332-8486-c122b3c25aae,Asecuratio sclave,,,,,,,,,,,,,,,,,,,,,,,,,,,
Stefano de Sopranis,male,mercantes,,,1431–1456,f8eaf545-837d-4042-922b-c1f8bbc59470,38790,Marta,Tartaran,6c6e1e81-c3f3-4469-8c65-076e967ecfd100,26258,female,20,1436–1456,60fb8ee0-04f5-4a02-8c60-91ec7e994e86,39236,Giovanni di Negro,male,nobiles,,,1431–1456,89a65e61-2ca4-4cd5-b80a-b9573d3b0b5e,38632,,,,,,,"Tommaso Duracino, filza 2, series II, nr. 146",1456-05-24,1456,,Tommaso Duracino,0a68871e-78fd-4b75-9b96-fb63ad54979c,23448,Notai antichi 889,101c0bd8-a7ea-41d9-b9dc-62f2509bd4ac,37833,Archivio di stato di Genova,8abc533f-2852-462f-88a7-fd1d46136584,Asecuratio sclave,,,,,,,,,,,,,,,,,,,,,,,,,,,
Teodoro Spinola,male,nobiles,,,1432–1457,aa663256-4598-494d-ac24-17af6e9d659b,38616,Margherita,,,,female,26,1431–1457,fe8cb9cf-c0ab-4a90-997c-bffa750ad5e0,39242,Giovanni di Negro,male,nobiles,,,1432–1457,89a65e61-2ca4-4cd5-b80a-b9573d3b0b5e,38632,3,8,160,,,,"Tommaso Duracino, filza 3, series I, nr. 262",1457-09-16,1457,,Tommaso Duracino,0a68871e-78fd-4b75-9b96-fb63ad54979c,23448,Notai antichi 890,d7974564-3893-43a3-b47c-d5a67e9d9411,37834,Archivio di stato di Genova,c5db1427-e866-4556-b429-5031090f341a,Asecuratio sclave,,,,,,,,,,,,,,,,,,,,,,,,,,,
Teramo Cattaneo,male,nobiles,,,1431–1456,b645f9d2-8051-4548-8365-04faf1938cd8,38792,Caterina,Circassian,4c3f093d-c427-4334-a5be-9d2985e0bb147,31361,female,27,1429–1456,cd76bb95-76a5-4e73-ab61-0987bb7afcc3,39244,Giovanni di Negro,male,nobiles,,,1431–1456,89a65e61-2ca4-4cd5-b80a-b9573d3b0b5e,38632,4,7,170,,,,"Tommaso Duracino, filza 2, series II, nr. 44",1456-02-17,1456,,Tommaso Duracino,0a68871e-78fd-4b75-9b96-fb63ad54979c,23448,Notai antichi 889,101c0bd8-a7ea-41d9-b9dc-62f2509bd4ac,37833,Archivio di stato di Genova,5e653267-6e77-40d1-b3f4-4c64211c1f93,Asecuratio sclave,,,,,,,,,,,,,,,,,,,,,,,,,,,
Vincenzo de Guirardis,male,artefices,,,1431–1456,f2cdccd1-20ee-4b43-bddc-f0a4294e0dc4,27510,Margherita,,,,female,30,1426–1456,1a95c581-44a4-4392-9eb6-8a8aee386c28,39252,Giovanni di Negro,male,nobiles,,,1431–1456,89a65e61-2ca4-4cd5-b80a-b9573d3b0b5e,38632,3,8,150,,,,"Tommaso Duracino, filza 2, series II, nr. 157",1456-06-09,1456,,Tommaso Duracino,0a68871e-78fd-4b75-9b96-fb63ad54979c,23448,Notai antichi 889,101c0bd8-a7ea-41d9-b9dc-62f2509bd4ac,37833,Archivio di stato di Genova,07c43a22-860e-4aed-a7ed-087950440683,Asecuratio sclave,,,,,,,,,,,,,,,,,,,,,,,,,,,
Ambrogio de Curlis,male,artefices,,,1440–1465,e5589edc-3111-4301-8d2d-8261a623e441,38664|38745,Lucia,Russian,2d4212b0-a07e-494a-a7ba-81f254f52363,31354,female,31,1434–1465,452b9bc9-259c-4c5b-8c8e-bba606b9a291,39029,Onorato de Papia,male,artefices,26345,,1440–1465,6e448d81-8185-4f65-b0ba-208292741205,38636,3,8,150,,,,"Tommaso Duracino, filza 8, nr. 62",1465-01-29,1465,,Tommaso Duracino,0a68871e-78fd-4b75-9b96-fb63ad54979c,23448,Notai antichi 895,15625c91-55bf-493d-8d7e-8257de7905ed,37076,Archivio di stato di Genova,e1f224e4-b9fc-45cd-a098-3d1eafe303c7,Asecuratio sclave,,,,,,,,,,,,,,,,,,,,,,,,,,,
Angelo Marchesio,male,mercantes,,,1431–1456,1a83ca45-cae4-46e5-8425-febdc3de2280,26531,Maria,Tartaran,6c6e1e81-c3f3-4469-8c65-076e967ecfd100,26258,female,22,1434–1456,62eec41b-aa3b-4b22-ae22-e6692b67ebf1,35561,Paolo Spinola,male,noblies,,,1431–1456,60171bb6-7e66-4e11-8dca-910fe539fc53,38638,5,6,,,100,,"Tommaso Duracino, filza 2, series II, nr. 218",1456-08-30,1456,,Tommaso Duracino,0a68871e-78fd-4b75-9b96-fb63ad54979c,23448,Notai antichi 889,101c0bd8-a7ea-41d9-b9dc-62f2509bd4ac,37833,Archivio di stato di Genova,88fc76ec-8b46-40b2-b475-83944faee7a3,Asecuratio sclave,,,,,,,,,,,,,,,,,,,,,,,,,,,
Francesco Centurione,male,nobiles,,,1452–1477,54e42dfd-e6d4-49f4-a028-f3a0d48e0f1d,37384,Margherita,Moorish,04348640-60da-4bab-811c-6f34b0aef7a27,31559,female,20,1457–1477,f132a12d-5320-4623-9097-99be52aadacf,39118,Paolo Spinola,male,nobiles,,,1452–1477,60171bb6-7e66-4e11-8dca-910fe539fc53,38638,,,200,,,,"Tommaso Duracino, filza 20, nr. 533",1477-09-30,1477,,Tommaso Duracino,0a68871e-78fd-4b75-9b96-fb63ad54979c,23448,Notai antichi 907,2260d938-eb32-478e-a127-fac48683ed59,37847,Archivio di stato di Genova,e364eada-9bee-4eb3-a4d9-fc7702582ec6,Asecuratio sclave,,,,,,,,,,,,,,,,,,,,,,,,,,,
Giacomo de Puteo,male,artefices,,,1434–1459,0c0d18d3-1019-431b-8656-6aad8515632e,38723,Anna,Russian,2d4212b0-a07e-494a-a7ba-81f254f52363,31354,female,22,1437–1459,215ab601-124e-4d44-93d7-98ebb885fa52,39131,Paolo Spinola,male,nobiles,,,1434–1459,60171bb6-7e66-4e11-8dca-910fe539fc53,38638,5,6,150,,,,"Tommaso Duracino, filza 4, nr. 85",1459-03-03,1459,,Tommaso Duracino,0a68871e-78fd-4b75-9b96-fb63ad54979c,23448,Notai antichi 891,d9596fa2-5eb7-4ad3-90c3-3f78583e00e6,37835,Archivio di stato di Genova,ce0a192b-ff4c-4b56-b47d-cef15a0b6b08,Asecuratio sclave,,,,,,,,,,,,,,,,,,,,,,,,,,,
Giovanni de Clavaro,male,artefices,26036,27655,1435–1460,73e23b30-7c4f-4592-929d-4e658e9a122c,38732,Maddalena,Russian,2d4212b0-a07e-494a-a7ba-81f254f52363,31354,female,19,1441–1460,8da3c9cc-b5f7-40ef-b527-98b0cf8bb2ca,39142,Paolo Spinola,male,nobiles,,,1435–1460,60171bb6-7e66-4e11-8dca-910fe539fc53,38638,,,180,,,,"Tommaso Duracino, filza 5, nr. 434 (formerly nr. 205)",1460-08-31,1460,,Tommaso Duracino,0a68871e-78fd-4b75-9b96-fb63ad54979c,23448,Notai antichi 892,e7580816-b257-4dbe-a746-59ec6a20c56c,37836,Archivio di stato di Genova,07467b71-1188-4f1c-94f9-1a3097750ecb,Asecuratio sclave,,,,,,,,,,,,,,,,,,,,,,,,,,,
Andriolo Marcheto,male,,,,1416–1441,f635ca30-85d6-47aa-bbc6-443d484937bb,38667,Melica,,,,female,26,1415–1441,1a0dbac8-b7df-4ffd-b124-ed609a35e5f8,39040,Pellegro Sucha,male,foreign,,,1416–1441,25af7f72-36d3-41c0-b28f-a91d032c9e80,38640,,,150,,,,"Branca Bagnara, filza 6, series II, nr. 19",1441-01-23,1441,,Branca Bagnara,2d251b92-d5ab-499a-80db-450e306ac801,23065,Notai antichi 653,4b3a98d6-378e-4228-8350-e7e1e0da1b40,39288,Archivio di stato di Genova,011c5251-d109-4a9b-98e1-c7e1ab59e39b,Asecuratio sclave,,,,,,,,,,,,,,,,,,,,,,,,,,,
Bartolomeo Giustiniani,male,mercantes,,,1415–1440,d816f38d-3787-46d4-b3d4-25128c512f01,38681,Melica,,,,female,29,1411–1440,28d668e1-7abe-4896-bc01-bf5ec141a4b1,39060,Pellegro Sucha,male,foreign,,,1415–1440,25af7f72-36d3-41c0-b28f-a91d032c9e80,38640,,,160,,,,"Branca Bagnara, filza 6, series I, nr. 37",1440-02-19,1440,,Branca Bagnara,2d251b92-d5ab-499a-80db-450e306ac801,23065,Notai antichi 653,4b3a98d6-378e-4228-8350-e7e1e0da1b40,39288,Archivio di stato di Genova,902ab04a-c89a-44c7-a447-a32349293623,Asecuratio sclave,,,,,,,,,,,,,,,,,,,,,,,,,,,
Bastiano de Sancto Donato,male,artefices,,31016,1415–1440,12725f55-23ba-4510-859b-772947929550,38683,Maddalena,,,,female,28,1412–1440,99e84c05-5dcc-4fc4-80a9-67a8514e64e8,39062,Pellegro Sucha,male,foreign,,,1415–1440,25af7f72-36d3-41c0-b28f-a91d032c9e80,38640,,,150,,,,"Branca Bagnara, filza 6, series I, nr. 258",1440-11-19,1440,,Branca Bagnara,2d251b92-d5ab-499a-80db-450e306ac801,23065,Notai antichi 653,4b3a98d6-378e-4228-8350-e7e1e0da1b40,39288,Archivio di stato di Genova,ae16cded-ef81-44a8-93f5-00ebe6fa26f3,Asecuratio sclave,,,,,,,,,,,,,,,,,,,,,,,,,,,
Battista Crosa,male,artefices,26036,,1416–1441,c2fa935f-c9fa-4094-b8d5-e728981dbc07,31225,Caterina,,,,female,40,1401–1441,6812b4fe-67a2-4ade-8129-d0da55f803ba,39066,Pellegro Sucha,male,foreign,,,1416–1441,25af7f72-36d3-41c0-b28f-a91d032c9e80,38640,,,100,,,,"Branca Bagnara, filza 6, series II, nr. 126",1441-05-08,1441,,Branca Bagnara,2d251b92-d5ab-499a-80db-450e306ac801,23065,Notai antichi 653,4b3a98d6-378e-4228-8350-e7e1e0da1b40,39288,Archivio di stato di Genova,fba0c7cf-0b07-4178-9e5d-048c7206ef72,Asecuratio sclave,,,,,,,,,,,,,,,,,,,,,,,,,,,
Benedetta Fieschi,female,nobiles,,,1416–1441,331d9f42-04a1-4029-9d59-cc9def746775,38688,Maria,,,,female,23,1418–1441,887f46a5-0582-48b0-ad03-8fb7840fd583,39074,Pellegro Sucha,male,foreign,,,1416–1441,25af7f72-36d3-41c0-b28f-a91d032c9e80,38640,3,7,150,,,,"Branca Bagnara, filza 6, series II, nr. 249",1441-10-23,1441,,Branca Bagnara,2d251b92-d5ab-499a-80db-450e306ac801,23065,Notai antichi 653,4b3a98d6-378e-4228-8350-e7e1e0da1b40,39288,Archivio di stato di Genova,3ce43fd6-af29-409a-88ef-2f79cefb7ac2,Asecuratio sclave,,,,,,,,,,,,,,,,,,,,,,,,,,,
Brancaleone Maruffo,male,mercantes,,,1416–1441,75779bd1-b61d-4b00-bf88-c73a75ac6b31,26764,Lucia,,,,female,30,1411–1441,4edb25bd-c3db-45fd-8675-3fd27e9c588e,39085,Pellegro Sucha,male,foreign,,,1416–1441,25af7f72-36d3-41c0-b28f-a91d032c9e80,38640,6,5,160,,,,"Branca Bagnara, filza 6, series II, nr. 227",1441-09-21,1441,,Branca Bagnara,2d251b92-d5ab-499a-80db-450e306ac801,23065,Notai antichi 653,4b3a98d6-378e-4228-8350-e7e1e0da1b40,39288,Archivio di stato di Genova,de4552df-2dee-4834-82f2-b9554f8e6445,Asecuratio sclave,,,,,,,,,,,,,,,,,,,,,,,,,,,
Caracosa Canicia,female,artefices,,,1416–1441,608e05c4-add4-4d8e-b646-e4c7383e4f47,38697,Lucia,,,,female,24,1417–1441,e0fecd5f-ee29-46b6-93d4-8679c51c996c,39087,Pellegro Sucha,male,foreign,,,1416–1441,25af7f72-36d3-41c0-b28f-a91d032c9e80,38640,,,150,,,,"Branca Bagnara, filza 6, series II, nr. 288",1441-12-02,1441,,Branca Bagnara,2d251b92-d5ab-499a-80db-450e306ac801,23065,Notai antichi 653,4b3a98d6-378e-4228-8350-e7e1e0da1b40,39288,Archivio di stato di Genova,b3594eb4-b97a-422a-9974-de8f5f5da08e,Asecuratio sclave,,,,,,,,,,,,,,,,,,,,,,,,,,,
Caterina de Marini,male,nobiles,,,1415–1440,68cd53d9-fa1c-4472-869f-f16c0840034a,38700,Maria,,,,female,22,1418–1440,f3269549-acd9-4aff-8041-e801a2c5b5f4,39090,Pellegro Sucha,male,foreign,,,1415–1440,25af7f72-36d3-41c0-b28f-a91d032c9e80,38640,6,4,150,,,,"Branca Bagnara, filza 6, series I, nr. 266",1440-11-26,1440,,Branca Bagnara,2d251b92-d5ab-499a-80db-450e306ac801,23065,Notai antichi 653,4b3a98d6-378e-4228-8350-e7e1e0da1b40,39288,Archivio di stato di Genova,9c892505-e01b-4102-8be6-1d21eb24f331,Asecuratio sclave,,,,,,,,,,,,,,,,,,,,,,,,,,,
Cattaneo Grillo,male,nobiles,,,1416–1441,dfe366b6-6ef9-4cd0-849e-545ca4027f44,38703,Margherita,,,,female,17,1424–1441,5e334b5f-aee2-46fa-8d3c-de8099cd5533,39095,Pellegro Sucha,male,foreign,,,1416–1441,25af7f72-36d3-41c0-b28f-a91d032c9e80,38640,7,4,150,,,,"Branca Bagnara, filza 6, series II, nr. 130",1441-05-09,1441,,Branca Bagnara,2d251b92-d5ab-499a-80db-450e306ac801,23065,Notai antichi 653,4b3a98d6-378e-4228-8350-e7e1e0da1b40,39288,Archivio di stato di Genova,8852a976-2fc0-4710-9e59-efe711e04f3e,Asecuratio sclave,,,,,,,,,,,,,,,,,,,,,,,,,,,
Francesco de Fornari,male,mercantes,,,1416–1441,660e9f22-1359-4266-89dc-2e04dddd5865,38655,Giovanna,,,,female,22,1419–1441,bdec262d-95e9-4812-804e-a6ccada0e70e,39120,Pellegro Sucha,male,foreign,,,1416–1441,25af7f72-36d3-41c0-b28f-a91d032c9e80,38640,6,5,150,,,,"Branca Bagnara, filza 6, series II, nr. 111",1441-05-02,1441,,Branca Bagnara,2d251b92-d5ab-499a-80db-450e306ac801,23065,Notai antichi 653,4b3a98d6-378e-4228-8350-e7e1e0da1b40,39288,Archivio di stato di Genova,ccbe1f6e-71d6-49b4-a917-5700f0440e5d,Asecuratio sclave,,,,,,,,,,,,,,,,,,,,,,,,,,,
Gaspare Gentile,male,nobiles,,,1401–1441,fb3587f5-f611-40f8-9cb9-09d0c4cef813,30358,Marta,,,,female,24,1417–1441,e6bddfd8-a725-4df4-a226-4ee3469f9c38,39126,Pellegro Sucha,male,foreign,,,1416–1441,25af7f72-36d3-41c0-b28f-a91d032c9e80,38640,3,8,150,,,,"Branca Bagnara, filza 6, series II, nr. 118",1441-05-04,1441,,Branca Bagnara,2d251b92-d5ab-499a-80db-450e306ac801,23065,Notai antichi 653,4b3a98d6-378e-4228-8350-e7e1e0da1b40,39288,Archivio di stato di Genova,ce34c4c7-46e2-4ae4-86db-f5fc5cf83d1f,Asecuratio sclave,,,,,,,,,,,,,,,,,,,,,,,,,,,
Giacomo de Pinu,male,artefices,,,1415–1440,c6c2ee7a-9aba-4389-95d4-822ff1592a60,38722,Maria,,,,female,30,1410–1440,47e79161-b86a-46fb-a63a-aea79676988a,39130,Pellegro Sucha,male,foreign,,,1415–1440,25af7f72-36d3-41c0-b28f-a91d032c9e80,38640,3,8,150,,,,"Branca Bagnara, filza 6, series I, nr. 277",1440-12-05,1440,,Branca Bagnara,2d251b92-d5ab-499a-80db-450e306ac801,23065,Notai antichi 653,4b3a98d6-378e-4228-8350-e7e1e0da1b40,39288,Archivio di stato di Genova,4737033d-3533-40fa-ac50-5d92eaa908db,Asecuratio sclave,,,,,,,,,,,,,,,,,,,,,,,,,,,
Giano Pinelli,male,nobiles,,,1416–1441,f92bd2bb-4e1f-417d-9969-1b0e75a5476d,38726,Antonina,,,,female,28,1413–1441,9c7519c2-7992-4957-950c-436bcf54b8f7,39136,Pellegro Sucha,male,foreign,,,1416–1441,25af7f72-36d3-41c0-b28f-a91d032c9e80,38640,5,6,150,,,,"Branca Bagnara, filza 6, series II, nr. 263",1441-11-13,1441,,Branca Bagnara,2d251b92-d5ab-499a-80db-450e306ac801,23065,Notai antichi 653,4b3a98d6-378e-4228-8350-e7e1e0da1b40,39288,Archivio di stato di Genova,a18720b2-3d36-4c69-9d62-23e0499cfae6,Asecuratio sclave,,,,,,,,,,,,,,,,,,,,,,,,,,,
Giovanni de Guisulfis,male,religious,31045,,1416–1441,2cc74024-08f8-4b16-962f-be1304c0a29c,31353,Lucia,,,,female,31,1410–1441,70fb8939-913a-4d34-b1d8-2bfc557eb8fe,39145,Pellegro Sucha,male,foreign,,,1416–1441,25af7f72-36d3-41c0-b28f-a91d032c9e80,38640,3,8,150,,,,"Branca Bagnara, filza 6, series II, nr. 248",1441-10-20,1441,,Branca Bagnara,2d251b92-d5ab-499a-80db-450e306ac801,23065,Notai antichi 653,4b3a98d6-378e-4228-8350-e7e1e0da1b40,39288,Archivio di stato di Genova,985e013f-7726-47de-9539-a8ef0b827e4a,Asecuratio sclave,,,,,,,,,,,,,,,,,,,,,,,,,,,
Giovanni de Viterbo,male,artefices,,,1415–1440,47cec337-fc12-4b8f-a38f-fa148a00cd61,38735,Maria,Russian,2d4212b0-a07e-494a-a7ba-81f254f52363,31354,female,20,1420–1440,60cdb231-bd44-462c-a613-b6fcb48059ca,39148,Pellegro Sucha,male,foreign,,,1415–1440,25af7f72-36d3-41c0-b28f-a91d032c9e80,38640,,,150,,,,"Branca Bagnara, filza 6, series I, nr. 186",1440-08-10,1440,,Branca Bagnara,2d251b92-d5ab-499a-80db-450e306ac801,23065,Notai antichi 653,4b3a98d6-378e-4228-8350-e7e1e0da1b40,39288,Archivio di stato di Genova,3b41f877-5a2d-4e78-96d1-60088927abf5,Asecuratio sclave,,,,,,,,,,,,,,,,,,,,,,,,,,,
Giovanni Romeo,male,nobiles,,,1416–1441,14fa8a78-c54f-46c8-bc70-c4077b6d69db,38737,Caterina,,,,female,21,1420–1441,35b4dce5-3b95-4d05-a37e-135acb47c83d,39151,Pellegro Sucha,male,foreign,,,1416–1441,25af7f72-36d3-41c0-b28f-a91d032c9e80,38640,5,6,150,,,,"Branca Bagnara, filza 6, series II, nr. 101",1441-04-26,1441,,Branca Bagnara,2d251b92-d5ab-499a-80db-450e306ac801,23065,Notai antichi 653,4b3a98d6-378e-4228-8350-e7e1e0da1b40,39288,Archivio di stato di Genova,8afe05fc-f8a3-475a-9eb7-0dd0093b605b,Asecuratio sclave,,,,,,,,,,,,,,,,,,,,,,,,,,,
Gregorio Doria,male,nobiles,,,1415–1440,929450cd-66ef-4583-82d7-930c455cca0f,38659,Maddalena,,,,female,25,1415–1440,669a7716-bb14-470c-892e-4ea2934f4f71,39160,Pellegro Sucha,male,foreign,,,1415–1440,25af7f72-36d3-41c0-b28f-a91d032c9e80,38640,4,6,150,,,,"Branca Bagnara, filza 6, series I, nr. 257",1440-11-19,1440,,Branca Bagnara,2d251b92-d5ab-499a-80db-450e306ac801,23065,Notai antichi 653,4b3a98d6-378e-4228-8350-e7e1e0da1b40,39288,Archivio di stato di Genova,06d997fd-d2ae-4d3a-bc86-824d484b9603,Asecuratio sclave,,,,,,,,,,,,,,,,,,,,,,,,,,,
Leonardo Barnabino,male,artefices,27730,,1416–1441,b6350da9-f56b-4b73-8964-01e05d7c9522,38749,Maria,,,,female,26,1415–1441,1d8eeb7e-f6cc-442a-80b2-1f9e51826708,39167,Pellegro Sucha,male,foreign,,,1416–1441,25af7f72-36d3-41c0-b28f-a91d032c9e80,38640,8,3,150,,,,"Branca Bagnara, filza 6, series II, nr. 218",1441-09-07,1441,,Branca Bagnara,2d251b92-d5ab-499a-80db-450e306ac801,23065,Notai antichi 653,4b3a98d6-378e-4228-8350-e7e1e0da1b40,39288,Archivio di stato di Genova,3a38f1f6-ee8d-49d7-99a7-0fd4b8f0c3e0,Asecuratio sclave,,,,,,,,,,,,,,,,,,,,,,,,,,,
Luca Grimaldi,male,nobiles,,,1416–1441,9946dfa8-f9db-4fdc-883d-94a773ead65d,30983,Margherita,,,,female,25,1416–1441,8f4d8d2e-2816-45c7-9391-21538527de37,39174,Pellegro Sucha,male,foreign,,,1416–1441,25af7f72-36d3-41c0-b28f-a91d032c9e80,38640,6,5,150,,,,"Branca Bagnara, filza 6, series II, nr. 273",1441-11-21,1441,,Branca Bagnara,2d251b92-d5ab-499a-80db-450e306ac801,23065,Notai antichi 653,4b3a98d6-378e-4228-8350-e7e1e0da1b40,39288,Archivio di stato di Genova,b5dd949d-a693-42de-887a-b6570fd28414,Asecuratio sclave,,,,,,,,,,,,,,,,,,,,,,,,,,,
Marco Lomellini,male,nobiles,,,1415–1440,a1441c85-3b60-47f5-8eef-04f6a00e788c,24755,Lucia,,,,female,22,1418–1440,4dccf445-d751-4c0c-99c7-1c89b93a9d4f,39179,Pellegro Sucha,male,foreign,,,1416–1441,25af7f72-36d3-41c0-b28f-a91d032c9e80,38640,,,160,,,,"Branca Bagnara, filza 6, series I, nr. 171",1440-07-27,1440,,Branca Bagnara,2d251b92-d5ab-499a-80db-450e306ac801,23065,Notai antichi 653,4b3a98d6-378e-4228-8350-e7e1e0da1b40,39288,Archivio di stato di Genova,cc36dfd1-4234-4ef5-81c7-a2c9b04adfe9,Asecuratio sclave,,,,,,,,,,,,,,,,,,,,,,,,,,,
Maria Lomellini,female,nobiles,,,1415–1440,18cfbddf-3826-4ef7-b367-a04e67cc325d,24787,Lucia,,,,female,20,1420–1440,0ddc82e6-2d96-4dab-9828-9c7e2f87acc7,39186,Pellegro Sucha,male,foreign,,,1415–1440,25af7f72-36d3-41c0-b28f-a91d032c9e80,38640,3,8,150,,,,"Branca Bagnara, filza 6, series I, nr. 202",1440-09-01,1440,,Branca Bagnara,2d251b92-d5ab-499a-80db-450e306ac801,23065,Notai antichi 653,4b3a98d6-378e-4228-8350-e7e1e0da1b40,39288,Archivio di stato di Genova,4f628866-f4bd-4dce-8534-7a9e6232c7f3,Asecuratio sclave,,,,,,,,,,,,,,,,,,,,,,,,,,,
Maria Lomellini,female,nobiles,,,1415–1440,18cfbddf-3826-4ef7-b367-a04e67cc325d,24787,Lucia,,,,female,20,1420–1440,ca82601d-d2c6-4f04-af15-490b90e35301,39187,Pellegro Sucha,male,foreign,,,1415–1440,25af7f72-36d3-41c0-b28f-a91d032c9e80,38640,,,187.5,,,,"Branca Bagnara, filza 6, series I, nr. 22",1440-02-06,1440,,Branca Bagnara,2d251b92-d5ab-499a-80db-450e306ac801,23065,Notai antichi 653,4b3a98d6-378e-4228-8350-e7e1e0da1b40,39288,Archivio di stato di Genova,bc543f77-fa83-48a2-bfd9-4e4f97d71675,Asecuratio sclave,,,,,,,,,,,,,,,,,,,,,,,,,,,
Maria Negrone,female,nobiles,,,1415–1440,0e7bb0e8-27ef-4fdc-918c-041d6ba459b6,38761,Lucia,Abkhazan,2869f03d-235c-4513-981e-534da984124c,31268,female,30,1410–1440,6ddf7a0b-296f-4809-ad6d-97cad7205fce,39188,Pellegro Sucha,male,foreign,,,1415–1440,25af7f72-36d3-41c0-b28f-a91d032c9e80,38640,,,150,,,,"Branca Bagnara, filza 6, series I, nr. 161",1440-07-15,1440,,Branca Bagnara,2d251b92-d5ab-499a-80db-450e306ac801,23065,Notai antichi 653,4b3a98d6-378e-4228-8350-e7e1e0da1b40,39288,Archivio di stato di Genova,096223db-369d-4bcc-98e3-d70ca216fabb,Asecuratio sclave,,,,,,,,,,,,,,,,,,,,,,,,,,,
Matteo Lomellini,male,nobiles,,,1415–1440,12b13176-0d70-4fea-8ac9-d142db866871,24839,Margherita,,,,female,22,1418–1440,366c02cc-ea21-42bd-907f-30290e67558e,39194,Pellegro Sucha,male,foreign,,,1415–1440,25af7f72-36d3-41c0-b28f-a91d032c9e80,38640,3,8,160,,,,"Branca Bagnara, filza 6, series I, nr. 53",1440-03-02,1440,,Branca Bagnara,2d251b92-d5ab-499a-80db-450e306ac801,23065,Notai antichi 653,4b3a98d6-378e-4228-8350-e7e1e0da1b40,39288,Archivio di stato di Genova,be547d91-b3d0-47b6-ba85-2bfc388271e6,Asecuratio sclave,,,,,,,,,,,,,,,,,,,,,,,,,,,
Oberto Giustiniani,male,mercantes,,27571,1416–1441,a8c00ec7-7e88-41c7-8bd6-61241c7d5645,38772,Maddalena,,,,female,24,1417–1441,11ca425f-e0e7-481f-8332-3a493a2a099a,39203,Pellegro Sucha,male,foreign,,,1416–1441,25af7f72-36d3-41c0-b28f-a91d032c9e80,38640,4,7,150,,,,"Branca Bagnara, filza 6, series II, nr. 33",1441-02-09,1441,,Branca Bagnara,2d251b92-d5ab-499a-80db-450e306ac801,23065,Notai antichi 653,4b3a98d6-378e-4228-8350-e7e1e0da1b40,39288,Archivio di stato di Genova,8ae04798-2d95-42fa-9635-7da7c764bc28,Asecuratio sclave,,,,,,,,,,,,,,,,,,,,,,,,,,,
Percivale Cattaneo,male,nobiles,,,1415–1440,2573253b-9426-466e-85a1-76f26eadbdbc,27372,Maria,,,,female,30,1410–1440,04f8cc97-0d20-46ff-b15e-82e33f9d2df1,39213,Pellegro Sucha,male,foreign,,,1415–1440,25af7f72-36d3-41c0-b28f-a91d032c9e80,38640,3,7,150,,,,"Branca Bagnara, filza 6, series I, nr. 126",1440-07-07,1440,,Branca Bagnara,2d251b92-d5ab-499a-80db-450e306ac801,23065,Notai antichi 653,4b3a98d6-378e-4228-8350-e7e1e0da1b40,39288,Archivio di stato di Genova,a4e577ec-4aee-4e18-8c4e-a4b369984adf,Asecuratio sclave,,,,,,,,,,,,,,,,,,,,,,,,,,,
Saracina Falamonica,female,mercantes,,,1416–1441,fc3f5164-b8a4-4438-9dc6-ca960ed78b28,38788,Margherita,,,,female,29,1412–1441,ef649ce6-e489-4931-949e-3373b79f114e,39230,Pellegro Sucha,male,foreign,,,1416–1441,25af7f72-36d3-41c0-b28f-a91d032c9e80,38640,4,7,150,,,,"Branca Bagnara, filza 6, series II, nr. 262",1441-11-13,1441,,Branca Bagnara,2d251b92-d5ab-499a-80db-450e306ac801,23065,Notai antichi 653,4b3a98d6-378e-4228-8350-e7e1e0da1b40,39288,Archivio di stato di Genova,f91b90f4-7cfb-493a-9c8f-dc22d34bfef2,Asecuratio sclave,,,,,,,,,,,,,,,,,,,,,,,,,,,
Stefano Rebuffo,male,mercantes,,,1416–1441,965e4ba5-97ec-4af2-bcd2-ec2288695b48,26307,Maria,,,,female,25,1416–1441,dce48b22-559a-456f-8909-55c65a12d6c3,39237,Pellegro Sucha,male,foreign,,,1416–1441,25af7f72-36d3-41c0-b28f-a91d032c9e80,38640,6,5,150,,,,"Branca Bagnara, filza 6, series II, nr. 168",1441-06-23,1441,,Branca Bagnara,2d251b92-d5ab-499a-80db-450e306ac801,23065,Notai antichi 653,4b3a98d6-378e-4228-8350-e7e1e0da1b40,39288,Archivio di stato di Genova,16adca61-a6a1-4572-bedb-12262501f485,Asecuratio sclave,,,,,,,,,,,,,,,,,,,,,,,,,,,
Tommaso de Zoalio,male,artefices,27564,30996,1415–1457,dd763eca-38cf-4f82-adee-84e2b422a6da,27488,Margherita,,,,female,20,1420–1440,4e11d636-bb92-4daf-8336-26217db447b2,39249,Pellegro Sucha,male,foreign,,,1415–1440,25af7f72-36d3-41c0-b28f-a91d032c9e80,38640,7,3.5,150,,,,"Branca Bagnara, filza 6, series I, nr. 118",1440-06-02,1440,,Branca Bagnara,2d251b92-d5ab-499a-80db-450e306ac801,23065,Notai antichi 653,4b3a98d6-378e-4228-8350-e7e1e0da1b40,39288,Archivio di stato di Genova,848dd619-c180-4524-931a-d73185b9ea9b,Asecuratio sclave,,,,,,,,,,,,,,,,,,,,,,,,,,,
Giovanni Picio,male,artefices,38607,,1450–1475,55debcf3-5042-46e3-b0df-ac7ac73de666,38736,Maddalena,Circassian,4c3f093d-c427-4334-a5be-9d2985e0bb147,31361,female,30,1445–1475,8170cebd-8c27-4ec8-9bc3-fca678cc1914,39150,Pietro Gentile,male,nobiles,,,1450–1475,6f2f77ed-1bd7-4614-8f3e-bf639042a088,38642,6,5,275,,,,"Tommaso Duracino, filza 18, nr. 282 (formerly nr. 98)",1475-05-12,1475,,Tommaso Duracino,0a68871e-78fd-4b75-9b96-fb63ad54979c,23448,Notai antichi 905,a3df6402-1b42-421a-afd6-caf0fe36cd74,37845,Archivio di stato di Genova,71b4928b-31a7-4863-aa1a-4146618451be,Asecuratio sclave,,,,,,,,,,,,,,,,,,,,,,,,,,,
Antonio Ihosoro,male,artefices,,26048,1432–1457,3917638a-c4b7-45af-a74d-42d9762b745c,38671,Marta,,,,female,32,1425–1457,26a83de7-bf85-41df-88a9-4f379c6a4ae0,39047,Pietro Spinola,male,nobiles,,,1432–1457,b0417171-390e-4fb3-be45-64a5922e31d3,38643,4,7,150,,,,"Tommaso Duracino, filza 3, series I, nr. 244",1457-09-01,1457,,Tommaso Duracino,0a68871e-78fd-4b75-9b96-fb63ad54979c,23448,Notai antichi 890,d7974564-3893-43a3-b47c-d5a67e9d9411,37834,Archivio di stato di Genova,b94c05d5-d0d1-4fe6-b218-02b3c37190b0,Asecuratio sclave,,,,,,,,,,,,,,,,,,,,,,,,,,,
Martino de Dernixio,male,artefices,,,1430–1455,9748e677-a2b1-4130-8d6d-7381f9d6a99a,38763,Maria,Russian,2d4212b0-a07e-494a-a7ba-81f254f52363,31354,female,26,1429–1455,f67f0a6b-e00b-4462-83dc-9e5e9fba2cc1,39190,Pietro Spinola,male,nobiles,,,1430–1455,b0417171-390e-4fb3-be45-64a5922e31d3,38643,,,200,,,,"Antonio Fazio, filza 14, series III, nr. 37",1455-02-10,1455,,Antonio Fazio,470ec411-000f-4a1a-a163-9d3bd5fd8e2a,23454,Notai antichi 588,ed64de2e-d672-4325-9da7-d57122d0f215,37800,Archivio di stato di Genova,4f5ed188-d2fc-4c32-894c-dd9e4780eb85,Asecuratio sclave,,,,,,,,,,,,,,,,,,,,,,,,,,,
Abrayno de Lecho,male,artefices,,,1435–1460,19990d26-0b2f-4dde-b903-d03adaf14ce1,29917,Lucia,Circassian,4c3f093d-c427-4334-a5be-9d2985e0bb147,31361,female,23,1437–1460,de7a8744-1e23-4d88-9144-99ad5256dc9c,39027,Quirico Cattaneo,male,nobiles,,,1435–1460,1e12a9e6-a537-4353-868b-b53b55948b3c,38646,4,7,190,,,,"Tommaso Duracino, filza 5, nr. 623 (formerly nr. 618)",1460-12-20,1460,,Tommaso Duracino,0a68871e-78fd-4b75-9b96-fb63ad54979c,23448,Notai antichi 892,e7580816-b257-4dbe-a746-59ec6a20c56c,37836,Archivio di stato di Genova,0a19f200-855b-47d2-9177-e4e512094816,Asecuratio sclave,,,,,,,,,,,,,,,,,,,,,,,,,,,
Benedetto Torre,male,artefices,,,1435–1460,5c0a4483-922e-476f-bf22-2d9d2a5a6d8a,38691,Caterina,,,,female,26,1434–1460,06a62c30-642e-4b1d-a8e3-70898755751e,39078,Quirico Cattaneo,male,nobiles,,,1435–1460,1e12a9e6-a537-4353-868b-b53b55948b3c,38646,5,6,200,,,,"Tommaso Duracino, filza 5, nr. 174 (formerly nr. 397)",1460-04-02,1460,,Tommaso Duracino,0a68871e-78fd-4b75-9b96-fb63ad54979c,23448,Notai antichi 892,e7580816-b257-4dbe-a746-59ec6a20c56c,37836,Archivio di stato di Genova,b770c100-c54a-4c7d-af07-bc1a17497c89,Asecuratio sclave,,,,,,,,,,,,,,,,,,,,,,,,,,,
Corrado Gentile,male,nobiles,,,1435–1460,5de77d4c-bbac-4f27-ba29-715acf6216d4,30214,Maddalena,Russian,2d4212b0-a07e-494a-a7ba-81f254f52363,31354,female,26,1434–1460,4bc52d53-72d4-4141-8eba-2a101eb43411,39097,Quirico Cattaneo,male,nobiles,,,1435–1460,1e12a9e6-a537-4353-868b-b53b55948b3c,38646,3,8,200,,,,"Tommaso Duracino, filza 5, nr. 390 (formerly nr. 169)",1460-08-09,1460,,Tommaso Duracino,0a68871e-78fd-4b75-9b96-fb63ad54979c,23448,Notai antichi 892,e7580816-b257-4dbe-a746-59ec6a20c56c,37836,Archivio di stato di Genova,d3b7fc6d-6b34-4b45-a8ef-9b905b3358ad,Asecuratio sclave,,,,,,,,,,,,,,,,,,,,,,,,,,,
Gottardo Stella,male,artefices,26036,,1435–1460,1bdd7efa-9bd4-453a-ae61-56143b0f67f0,27132,Margherita,Circassian,4c3f093d-c427-4334-a5be-9d2985e0bb147,31361,female,30,1430–1460,68d34a64-6a6c-4162-aa17-f9abab0ee206,39159,Quirico Cattaneo,male,nobiles,,,1435–1460,1e12a9e6-a537-4353-868b-b53b55948b3c,38646,5,6,150,,,,"Tommaso Duracino, filza 5, nr. 477 (formerly nr. 265)",1460-09-18,1460,,Tommaso Duracino,0a68871e-78fd-4b75-9b96-fb63ad54979c,23448,Notai antichi 892,e7580816-b257-4dbe-a746-59ec6a20c56c,37836,Archivio di stato di Genova,d7f028e4-4677-4b9d-9404-1eafd218576a,Asecuratio sclave,,,,,,,,,,,,,,,,,,,,,,,,,,,
Melchiorre de Varixio,male,artefices,27565,31024,1435–1460,dd68d6bb-ceaf-4266-8a63-933aec31cd06,38767,Maddelana,Circassian,4c3f093d-c427-4334-a5be-9d2985e0bb147,31361,female,29,1431–1460,dd056b21-2a2e-4d8c-b29a-0eb536e118b4,39197,Quirico Cattaneo,male,nobiles,,,1435–1460,1e12a9e6-a537-4353-868b-b53b55948b3c,38646,3,8,125,,,,"Tommaso Duracino, filza 5, nr. 235 (formerly nr. 470)",1460-05-12,1460,,Tommaso Duracino,0a68871e-78fd-4b75-9b96-fb63ad54979c,23448,Notai antichi 892,e7580816-b257-4dbe-a746-59ec6a20c56c,37836,Archivio di stato di Genova,0e5c4ef4-148a-4e5b-a83f-6a9784677f91,Asecuratio sclave,,,,,,,,,,,,,,,,,,,,,,,,,,,
"Costantina, wife of the deceased Domenico Spinola",female,nobiles,,,1403–1428,aac2689c-a911-4e79-b6f6-1c2b6e130db1,38706,Dinicia,,,,female,20,1408–1428,f2606527-ec5f-411c-ab0c-495ffd978a53,39100,Agostino ---,male,,,,1403–1428,7db2074a-9c06-41ff-8707-804014b5198b,39253,3,7,,,100,,"Branca Bagnara, filza 19, series I, nr. 16a",1428-01-14,1428,,Branca Bagnara,2d251b92-d5ab-499a-80db-450e306ac801,23065,Notai antichi 666,fd5f6c32-135f-49d1-9949-eaa0f7d6679a,39289,Archivio di stato di Genova,f393f0c9-d0cc-494d-a83a-94d7d7184396,Asecuratio sclave,,,,,,,,,,,,,,,,,,,,,,,,,,,
Battista Palamide,male,,,,1462–1487,0fc9c6a4-9ead-4e55-b52a-93895d65d864,37161,Maddalena,Russian,2d4212b0-a07e-494a-a7ba-81f254f52363,31354,female,37,1450–1487,42eedd52-b043-4073-9601-8bd08c556c46,37541,an unnamed underwriter,male,,,,1462–1487,8d4949e0-294f-48dc-be8a-f410b78d4a1b,39255,,,,,,,"Niccolò Raggi, filza 17, nr. 328",1487-04-22,1487,,Nicolò Raggi,36f8b974-03c1-4387-a286-cc847b0b1f36,25500,Notai antichi 1029,ccc6cc45-f67b-4bea-8015-34fe70313578,37745,Archivio di stato di Genova,7bb137e2-f9fb-491e-ade2-1a466c67e07f,Asecuratio sclave,,,,,,,,,,,,,,,,,,,,,,,,,,,
Antonio Cattaneo,male,nobiles,,,1401–1426,c92e76d1-ee0d-4a89-bc6d-8e76e9c32853,37332,Lucia,,,,female,34,1392–1426,68b0ddee-0195-4a82-a767-66a414262023,39042,an unnamed underwriter,male,,,,1401–1426,3b9a3460-f6a2-4a15-ac25-aa1bfaa116e3,39256,,,,,,,"Branca Bagnara, register 3, 1426–1428, fols. 21r–22r",1426-06-17,1426,,Branca Bagnara,2d251b92-d5ab-499a-80db-450e306ac801,23065,Notai antichi 508,8c7b8433-45ba-4286-ba8e-6afc10e1139a,37788,Archivio di stato di Genova,71766d36-3af2-4c30-b1de-e5a183efff92,Asecuratio sclave,,,,,,,,,,,,,,,,,,,,,,,,,,,
Barnaba Boneto,male,,,,1385–1410,28de41ad-ba08-4d97-8b18-441e96fc4eae,38677,Mingrela,Mingrelian,ae0730fa-f010-46b4-b941-3d87217205e18,31554,female,,–1410,1829b8de-0885-4108-bb85-c1ad8f3d3090,39056,an unnamed underwriter,male,,,,1385–1410,73b95f11-aa47-4f5b-a4d2-0fb969cd6d09,39257,,,100,,,,"Giuliano Canella, register 2, volume I, 1408–1410, fol. 212v *",1410-03-20,1410,,Giuliano Canella,58fcf64f-9636-45cc-adf8-35cbb550026c,23161,Notai antichi 479,d9dd1bdd-9035-4670-ba6f-955da6c7304f,39285,Archivio di stato di Genova,ea251668-8d17-4dd3-8344-7241c8f68070,Asecuratio sclave,,,,,,,,,,,,,,,,,,,,,,,,,,,
Giovanni Battista Garbarino,male,artefices,,,1481–1506,b9f65c13-60a7-4e55-bc91-4879944f0930,38730,Maria,Moorish,04348640-60da-4bab-811c-6f34b0aef7a27,31559,female,,–1506,32e16a77-65c7-400d-a4c7-9eda1dcb5c38,39140,an unnamed underwriter,male,,,,1481–1506,22d13fc6-f617-40a0-aea4-e9a64982c66b,39258,,,200,,,,"Giovanni de Benedetti, filza 9, nr. 878",1506-07-15,1506,,Giovanni de Benedetti,8fbc171c-ce6a-4d31-a332-c5749c585a34,31239,Notai antichi 1177,fca24e55-95a9-415e-8c72-6f29e179758f,39284,Archivio di stato di Genova,bd9561ad-493c-4ce2-a391-b5da8d24260a,Asecuratio sclave,,,,,,,,,,,,,,,,,,,,,,,,,,,
Maria de Mari,female,nobiles,,,1432–1457,8722d3d1-a653-4c3c-a58f-8b8ba86e41a0,38760,Maddalena,,,,female,35,1422–1457,f5030f7e-138c-4923-8b10-6a847e6386e0,39185,Andrea Castagna,male,nobiles,,,1432–1457,bb64fc73-f6c9-4c4f-b778-43e2656e23d1,39259,3,8,150,,,,"Tommaso Duracino, filza 3, series I, nr. 254",1457-09-12,1457,,Tommaso Duracino,0a68871e-78fd-4b75-9b96-fb63ad54979c,23448,Notai antichi 890,d7974564-3893-43a3-b47c-d5a67e9d9411,37834,Archivio di stato di Genova,d1d1f6ce-8e8e-426e-8e23-5615ded5f5d0,Asecuratio sclave,,,,,,,,,,,,,,,,,,,,,,,,,,,
Marco Pansano,male,nobiles,,,1391–1416,dacea5f1-3a10-4625-9125-fe06d25a734a,38756,Margherita,Circassian,4c3f093d-c427-4334-a5be-9d2985e0bb147,31361,female,,–1416,7039f0b7-3082-4f27-b48b-2058d10a72a9,39181,Andrea de Pisa,male,artefices,26437,26144,1391–1416,ede681fa-7fd6-4398-b500-b20de0f5623f,39261,,,,,,,"Andrea Medianotte, filza 1, series I, nr. 204",1416,1416,,Andrea Medianotte,8e70fdbc-335b-4ac8-85df-273361b1badf,31221,Notai antichi 547,5ec4d5e0-9fb4-4f72-ac64-81eccb404e02,37790,Archivio di stato di Genova,6bdf6f8b-54da-458d-8a62-c44bfa66e49f,Asecuratio sclave,,,,,,,,,,,,,,,,,,,,,,,,,,,
Abrayno de Lecho,male,mercantes,,,1432–1457,19990d26-0b2f-4dde-b903-d03adaf14ce1,29917,Lucia,Circassian,4c3f093d-c427-4334-a5be-9d2985e0bb147,31361,female,20,1437–1457,494a187d-2fd4-4713-b706-6f3f4da3cc3c,39026,Antonio de Cassina,male,mercantes,,,1432–1457,a3b5ac50-6b08-4674-94a4-6db78ab8aa1a,39262,4,7,100,,,,"Tommaso Duracino, filza 3, series I, nr. 267",1457-09-22,1457,,Tommaso Duracino,0a68871e-78fd-4b75-9b96-fb63ad54979c,23448,Notai antichi 890,d7974564-3893-43a3-b47c-d5a67e9d9411,37834,Archivio di stato di Genova,8f2f69a2-4eb2-4e4f-8e43-cd7cfb218ac1,Asecuratio sclave,,,,,,,,,,,,,,,,,,,,,,,,,,,
Urbano Paterna,male,artefices,38618,,1419–1444,11d07ffd-4530-47d2-b409-5208601d3a32,38796,Maria,Russian,2d4212b0-a07e-494a-a7ba-81f254f52363,31354,female,25,1419–1444,16a37bf2-b196-4d23-830d-eba8c36dce75,39251,Antonio de Quarto,male,artefices,38618,,1419–1444,17c57fa4-bbbc-499e-9b5d-3962b8e6395d,39263,7,5,150,,,,"Andrea de Cairo, filza 2, nr. 202",1444-03-31,1444,,Andrea de Cairo,bd07a964-a2cd-48a0-8401-f4a21ba7ac3e,23121,Notai antichi 782,56dddd37-8057-4c76-9a5a-ef8ab8c21634,39291,Archivio di stato di Genova,6b51210e-a01d-46df-ad12-87820da4a0e3,Asecuratio sclave,,,,,,,,,,,,,,,,,,,,,,,,,,,
Niccolò de Columnis,male,,,,1425–1450,2c38104b-26a4-405f-8903-9bb74d8d7c14,38770,Giannina,Circassian,4c3f093d-c427-4334-a5be-9d2985e0bb147,31361,female,30,1420–1450,1353a320-c48e-4770-9f64-54e6bf2750a7,39200,Basilio Petrini,male,artefices,27582,,1425–1450,cb788caf-fe8f-4bf3-9a23-6ffb90d48d7f,39264,,,150,,,,"Bartolomeo Risso, filza 6, nr. 68",1450-07-03,1450,,Bartolomeo Risso,327f6750-eb71-41b2-9c5a-deb15e5e0785,25517,Notai antichi 720,4854ac18-b4d7-4341-b46f-7a6aa7360364,37825,Archivio di stato di Genova,cf653613-bf5c-4811-9ef7-85693b427eb7,Asecuratio sclave,,,,,,,,,,,,,,,,,,,,,,,,,,,
Benedetto di Negro,male,nobiles,,,1431–1456,61dbd558-3052-4e92-b313-f9db82e32930,38689,Anna,Circassian,4c3f093d-c427-4334-a5be-9d2985e0bb147,31361,female,18,1438–1456,53d09063-7b7d-4864-b5a2-20e1b3fdbb05,39076,Battista Grimaldi,male,nobiles,,,1431–1456,7e463605-3e23-41ec-b241-cc3296c80103,39265,,,,,,,"Tommaso Duracino, filza 2, series II, nr. 40",1456-02-11,1456,,Tommaso Duracino,0a68871e-78fd-4b75-9b96-fb63ad54979c,23448,Notai antichi 889,101c0bd8-a7ea-41d9-b9dc-62f2509bd4ac,37833,Archivio di stato di Genova,e11d7865-f0e9-46ee-aa83-92baf03dc96b,Asecuratio sclave,,,,,,,,,,,,,,,,,,,,,,,,,,,
Pellegrina Cattaneo,female,nobiles,,,1434–1459,7daf0f91-f497-4dbf-a5d1-56722dc8f8fd,38778,Nestasia,Russian,2d4212b0-a07e-494a-a7ba-81f254f52363,31354,female,27,1432–1459,c52d3c1f-2236-4db6-9177-5b8c6daa9cb2,39211,Demetrio Fieschi,male,nobiles,,,1434–1459,a74513d2-3ff9-41bd-b8d4-b033f9db7dd2,39266,3,8,150,,,,"Tommaso Duracino, filza 4, nr. 489",1459-09-29,1459,,Tommaso Duracino,0a68871e-78fd-4b75-9b96-fb63ad54979c,23448,Notai antichi 891,d9596fa2-5eb7-4ad3-90c3-3f78583e00e6,37835,Archivio di stato di Genova,38d72fc9-e30f-455b-bca7-06ed968cc7f9,Asecuratio sclave,,,,,,,,,,,,,,,,,,,,,,,,,,,
Antonio de Oliva,male,mercantes,,,1455–1480,61b9e716-075a-4927-8f67-a6fa2c3dd192,25402,Maria,,,,female,22,1458–1480,cdee0b66-7ae2-42e2-ab00-b331925e75e9,39045,Enrico Pinelli,male,nobiles,,,1455–1480,917eb84f-43e9-4719-b067-8c54181cb091,39267,3,8,215,,,,"Simone Canella, filza 2, series I, nr. 38",1480-05-02,1480,,Simone Canella,cdf8188d-eacd-4f39-b4ff-3c19792d068f,23162,Notai antichi 870,b798b3b8-c738-414d-b5e0-07a4e7773137,38526,Archivio di stato di Genova,4ee18418-c1f3-4dea-80ad-6649eb5a7942,Asecuratio sclave,,,,,,,,,,,,,,,,,,,,,,,,,,,
Antonio Sbarraia,male,,,,1400–1425,92d612e1-63fc-4718-8f5f-dc36e478d4c7,38673,an unnamed enslaved woman,,,,female,,–1425,56845925-4bbf-4030-a620-e7e17b8560e0,39051,Francesco Cicala,male,nobiles,,,1400–1425,374cabd1-fbba-4743-936f-e8798816bbf1,39268,,,,,,,"Francesco Casanova, filza 3, series I, nr. 24",1425-02-02,1425,,Francesco Casanova,517dc099-aa52-4907-805b-d3b09e82bb31,31232,Notai antichi 602,d32180e6-2beb-46eb-9de9-f68397549dda,39287,Archivio di stato di Genova,90a148a6-c0e0-49f6-8b32-b461f89b3a0a,Asecuratio sclave,,,,,,,,,,,,,,,,,,,,,,,,,,,
Pietro Tommaso de Leonardo,male,artefices,26036,,1441–1466,cf408c59-d75b-4bf2-b0df-4926baf03c0e,38617,Caterina,Russian,2d4212b0-a07e-494a-a7ba-81f254f52363,31354,female,31,1435–1466,e1967229-e9ea-402c-ae55-bbacf8ba5bd1,39223,Francesco de Bartolomei,male,,,,1441–1466,088504e7-e4dc-42b4-94b4-d6a8aba01277,39269,3,8,,130,,,"Tommaso Duracino, filza 9, nr. 509",1466-09-25,1466,,Tommaso Duracino,0a68871e-78fd-4b75-9b96-fb63ad54979c,23448,Notai antichi 896,15625c91-55bf-493d-8d7e-8257de7905ed,37076,Archivio di stato di Genova,6c5f6462-9add-4f85-8e3e-599e3a64f9ec,Asecuratio sclave,,,,,,,,,,,,,,,,,,,,,,,,,,,
Raffaele de Villanova,male,artefices,,27728,1432–1457,c409be1d-edb2-4210-b8e8-bef125b5eb66,38787,Lucia,Tartaran,6c6e1e81-c3f3-4469-8c65-076e967ecfd100,26258,female,28,1429–1457,7f9bd548-40eb-4979-9900-60bdc5b82bcd,39229,Giano Lercari,male,nobiles,,,1432–1457,ed97d9d6-1fd4-41ac-bf56-d416d1b80e4d,39270,2,9,150,,,,"Tommaso Duracino, filza 3, series I, nr. 266",1457-09-22,1457,,Tommaso Duracino,0a68871e-78fd-4b75-9b96-fb63ad54979c,23448,Notai antichi 890,d7974564-3893-43a3-b47c-d5a67e9d9411,37834,Archivio di stato di Genova,8b742e9a-ad98-4444-8c39-a114370730ea,Asecuratio sclave,,,,,,,,,,,,,,,,,,,,,,,,,,,
Luciano Ittaliano,male,nobiles,,,1443–1468,53a55748-b00c-46f6-abe9-bf781ce1fd4f,23789,Caterina,Circassian,4c3f093d-c427-4334-a5be-9d2985e0bb147,31361,female,18,1450–1468,72a7d2a8-93d4-4fad-8460-9fdcaa595837,39176,Giuliano de Cazamauri,male,artefices,,,1443–1468,68a1e50e-8c19-4f84-8b9e-7ee557c921a8,39272,7,4,235,,,,"Tommaso Duracino, filza 11, nr. 485",1468-07-04,1468,,Tommaso Duracino,0a68871e-78fd-4b75-9b96-fb63ad54979c,23448,Notai antichi 898,058e1333-2cf5-4e59-89b5-4660111dd77a,39293,Archivio di stato di Genova,065d3eae-23ad-4f15-852f-9aaf90774618,Asecuratio sclave,,,,,,,,,,,,,,,,,,,,,,,,,,,
Niccolò Spinola,male,nobiles,,,1404–1429,8ec82e9d-44f4-438d-aeb0-a461628ab110,25748,Margarita,,,,female,26,1403–1429,aa4d6cc5-42b7-4519-b057-fcd9c4ff5802,39201,Giuliano Dondo,male,,,,1404–1429,07e0fa8c-fd99-4e63-a5a7-0dfbbeb47a12,39273,,,120,,,,"Branca Bagnara, filza 19, series II, nr. 6a",1429-01-05,1429,,Branca Bagnara,2d251b92-d5ab-499a-80db-450e306ac801,23065,Notai antichi 666,fd5f6c32-135f-49d1-9949-eaa0f7d6679a,39289,Archivio di stato di Genova,22820eab-e91e-46cb-b1d6-c8eda4c5082a,Asecuratio sclave,,,,,,,,,,,,,,,,,,,,,,,,,,,
Battista de Ianello,male,artefices,26110,31027,1435–1460,5eeb10a8-5e36-466a-af68-bdaa8962f012,38687,an unnamed enslaved boy,,,,male,14,1446–1460,c2815e8f-dbb6-424b-9557-2dd7ca06a5d3,39070,Lanfranco de Lacu,male,,,30976,1435–1460,a6c72632-84f8-4f51-85e0-2b73814c787b,39276,,,,,,,"Tommaso Duracino, filza 5, nr. 96 (formerly nr. 570)",1460-03-04,1460,,Tommaso Duracino,0a68871e-78fd-4b75-9b96-fb63ad54979c,23448,Notai antichi 892,e7580816-b257-4dbe-a746-59ec6a20c56c,37836,Archivio di stato di Genova,4edffc82-d1dc-45f5-a9c8-73536afca725,Asecuratio,,,,,,,,,,,,,,,,,,,,,,,,,,,
Domenico de Simone,male,artefices,,,1461–1486,b76edec7-e9d5-4284-8e4b-f26885cdbe51,38711,Melica,Moorish,04348640-60da-4bab-811c-6f34b0aef7a27,31559,female,16,1470–1486,69508f11-5395-48c3-b98c-4a7a5183dc1d,39105,Manfredo de Mari,male,nobiles,,,1461–1486,e906af6e-350c-4c54-9de2-7c9ad87cae16,39277,,,,55,,,"Tommaso Duracino, filza 26, series I, nr. 288",1486-11-17,1486,,Tommaso Duracino,0a68871e-78fd-4b75-9b96-fb63ad54979c,23448,Notai antichi 913,40f99e6c-92cc-4599-832b-e39bf2093206,37852,Archivio di stato di Genova,f8a18acf-5c0e-4376-be5d-3ed2801f22c7,Asecuratio sclave,,,,,,,,,,,,,,,,,,,,,,,,,,,
Margarita Lercari,female,nobiles,,,1467–1492,9341d325-0cc1-402f-99f5-bd91601f973f,38757,Maddalena,Moorish,04348640-60da-4bab-811c-6f34b0aef7a27,31559,female,15,1477–1492,e6a05801-02a9-4cce-be60-a7ca62bb6db9,39182,Marcello Galliano,male,,,,1467–1492,dcd57e09-fd4c-40bd-9143-ba694dac7158,39278,,,200,,,,"Lorenzo Costa, filza 15, nr. 309",1492-12-05,1492,,Lorenzo Costa,114bb456-e4db-42db-a1d0-8e66f53996b4,23313,Notai antichi 1001,ea56ef33-72d7-4a29-a4da-d49cf9a822ad,37740,Archivio di stato di Genova,7c39c58d-5388-42b5-a2c9-dc56b7fdb3ce,Asecuratio sclave,,,,,,,,,,,,,,,,,,,,,,,,,,,
"Argentina Salvago, abbess of the monastery of San Sepolcro in Sampierdarena",female,nobiles,27521,27650,1434–1459,e9d3ada5-2aab-4998-983c-8ab8065c66fa,30018,Caterina,Russian,2d4212b0-a07e-494a-a7ba-81f254f52363,31354,female,30,1429–1459,5f3e7849-2310-4649-a032-ee697b57a055,39055,Merualdo Grimaldi,male,nobiles,,,1434–1459,7a02ffa6-6513-4a78-b301-a55bc207fb9d,39279,7,4,170,,,,"Tommaso Duracino, filza 4, nr. 274",1459-05-29,1459,,Tommaso Duracino,0a68871e-78fd-4b75-9b96-fb63ad54979c,23448,Notai antichi 891,d9596fa2-5eb7-4ad3-90c3-3f78583e00e6,37835,Archivio di stato di Genova,8154f617-edac-4406-b3e9-c352e97f2919,Asecuratio sclave,,,,,,,,,,,,,,,,,,,,,,,,,,,
Bartolomeo ---,male,,,,1403–1428,fed930d7-0ed2-4768-8893-6e7d20b2cbc4,38680,Marta,,,,female,17,1411–1428,fe36e2d3-ae20-4604-8481-f3f2945c654f,39059,Quiliano ---,male,,,,1403–1428,4b4184fa-fd44-4cb8-a762-8fadcde04717,39280,2,8,110,,,,"Branca Bagnara, filza 19, series I, nr. 15a",1428-01-14,1428,,Branca Bagnara,2d251b92-d5ab-499a-80db-450e306ac801,23065,Notai antichi 666,fd5f6c32-135f-49d1-9949-eaa0f7d6679a,39289,Archivio di stato di Genova,f0ab4f43-4b6d-4ea4-afdc-45ef67aafc34,Asecuratio sclave,,,,,,,,,,,,,,,,,,,,,,,,,,,
Caterina di Negro,female,nobiles,,,1436–1461,a09760e5-15d3-466d-b707-eb5c8683a3ef,38701,Anna,Circassian,4c3f093d-c427-4334-a5be-9d2985e0bb147,31361,female,25,1436–1461,15dd4c38-4bca-41de-936d-749b451f1a17,39091,Tommaso Sofia,male,mercantes,,,1436–1461,fa517609-4ecf-46c0-9bbb-2b513345d1ac,39282,4,7,150,,,,"Tommaso Duracino, filza 6, series I, nr. 357",1461-10-14,1461,,Tommaso Duracino,0a68871e-78fd-4b75-9b96-fb63ad54979c,23448,Notai antichi 893,b4ce29bc-1c24-4f02-bd03-22ab84e5a8f1,37837,Archivio di stato di Genova,800cf581-9393-4c0b-8cbc-d4c8660f1aee,Asecuratio sclave,,,,,,,,,,,,,,,,,,,,,,,,,,,
Girolamo de Vineis,male,artefices,27694,,1447–1472,563231ec-6951-4698-aa96-2551dd677905,38738,Maddalena,Bosnian,2131e175-08ff-4be0-bc8b-5c403d279c8e,31536,female,22,1450–1472,02e50a7b-c656-40b0-92d6-49182baf2fe5,39152,Vincenzo de Vineis,male,artefices,27694,,1447–1472,60943526-1f2f-473b-b0d4-c667fcbf5775,39283,4,7,250,,,,"Tommaso Duracino, filza 15, nr. 607",1472-11-03,1472,,Tommaso Duracino,0a68871e-78fd-4b75-9b96-fb63ad54979c,23448,Notai antichi 902,2fe581dd-8e34-4a18-a37b-4a9fdbde88f0,37842,Archivio di stato di Genova,2645f957-2b60-436f-a468-f893c3da3099,Asecuratio sclave,,,,,,,,,,,,,,,,,,,,,,,,,,,
Agostino de Cazerio,male,artefices,,,1439–1464,1b5767a9-61e9-4b7b-b329-b76bd3197bfb,29922,Lucia,Circassian,4c3f093d-c427-4334-a5be-9d2985e0bb147,31361,female,22,1442–1464,73e1f171-3446-4463-82bc-302b185503e5,35232,Giovanni de Marini,male,nobiles,,,1439–1464,4953ab7e-40b5-41d5-ac0b-d4f8cddf4de1,25308|37428,8,3,200,,,,"Tommaso Duracino, filza 7, series II, nr. 51",1464-02-21,1464,,Tommaso Duracino,0a68871e-78fd-4b75-9b96-fb63ad54979c,23448,Notai antichi 894,a94058bf-7e65-489c-b6f0-8e5c16d11516,37838,Archivio di stato di Genova,007b78b5-51fc-497a-9ab3-56ebfeec30f5,Asecuratio sclave,,,,,,,,,,,,,,,,,,,,,,,,,,,
Battista de Fornari,male,mercantes,,,1404–1429,c3919036-4f89-4092-8937-962b505397eb,26677,Lucia,Abkhazan,2869f03d-235c-4513-981e-534da984124c,31268,female,26,1403–1429,018458e3-c6ba-4df7-9609-5babcfd5e60a,39067,Ciriaco de Oliva,male,mercantes,,,1404–1429,2e9708ee-7419-4d5e-a9f0-5ee9c9bf8f6f,25404|39281,,6,,,120,,"Branca Bagnara, filza 19, series II, nr. 6b",1429-01-05,1429,,Branca Bagnara,2d251b92-d5ab-499a-80db-450e306ac801,23065,Notai antichi 666,fd5f6c32-135f-49d1-9949-eaa0f7d6679a,39289,Archivio di stato di Genova,d435dad5-6e41-4e92-a021-59b96670a4d5,Asecuratio sclave,,,,,,,,,,,,,,,,,,,,,,,,,,,
Selvagia de Monelia,female,artefices,,27591,1436–1461,dd72fe2a-553b-4f45-a61c-0c28e66313a7,38661,Iarchasia,Circassian,4c3f093d-c427-4334-a5be-9d2985e0bb147,31361,female,25,1436–1461,295dc8bc-db15-412e-a84b-452154217eac,39231,Antonio Maciola,male,artefices,,,1436–1461,8a9ee147-f81b-4a16-bf33-776a53e731f0,26598|25620,3,,,,200,,"Tommaso Duracino, filza 6, series I, nr. 293",1461-09-05,1461,,Tommaso Duracino,0a68871e-78fd-4b75-9b96-fb63ad54979c,23448,Notai antichi 893,b4ce29bc-1c24-4f02-bd03-22ab84e5a8f1,37837,Archivio di stato di Genova,d2538286-68b3-4152-a743-a412d714b2b9,Asecuratio sclave,,,,,,,,,,,,,,,,,,,,,,,,,,,
Andrea Argirofo,male,artefices,,27655,1437–1462,cb1c328a-5131-4737-abcf-119c29b179bf,38648,Caterina,,,,female,26,1436–1462,a6df2a5e-3a5d-4fc3-a507-63213493874b,39033,Antonio Maciola,male,artefices,,,1437–1462,8a9ee147-f81b-4a16-bf33-776a53e731f0,26598|39271,3,8,170,,,,"Tommaso Duracino, filza 6, series II, nr. 131",1462-06-26,1462,,Tommaso Duracino,0a68871e-78fd-4b75-9b96-fb63ad54979c,23448,Notai antichi 893,b4ce29bc-1c24-4f02-bd03-22ab84e5a8f1,37837,Archivio di stato di Genova,1407ce31-e239-4afd-888b-19e345075ede,Asecuratio sclave,,,,,,,,,,,,,,,,,,,,,,,,,,,
Quirico Cattaneo,male,nobiles,,,1436–1461,1e12a9e6-a537-4353-868b-b53b55948b3c,38646,Maddalena,Tartaran,6c6e1e81-c3f3-4469-8c65-076e967ecfd100,26258,female,24,1437–1461,95d6928b-321c-46d0-9975-ee775cb1a48a,39224,Ambrogio Cattaneo,male,nobiles,,,1436–1461,8ebf9262-7d4a-4864-8249-0d524a1a5325,29939|38635,3,9,225,,,,"Tommaso Duracino, filza 6, series I, nr. 361",1461-10-16,1461,,Tommaso Duracino,0a68871e-78fd-4b75-9b96-fb63ad54979c,23448,Notai antichi 893,b4ce29bc-1c24-4f02-bd03-22ab84e5a8f1,37837,Archivio di stato di Genova,d94f8cfd-301a-43b4-843c-fd99f3db94d0,Asecuratio sclave,,,,,,,,,,,,,,,,,,,,,,,,,,,
Francesco Ardimento,male,mercantes,,,1428–1453,bab487af-6c99-4367-891f-c6f02b6c6d43,31515,Marta,Tartaran,6c6e1e81-c3f3-4469-8c65-076e967ecfd100,26258,female,24,1429–1453,058ca67b-3e8a-4f55-815b-74d053c86125,39113,Antonio de Franchi,male,mercantes,,,1428–1453,40d6ef79-a161-4771-9b89-8f16faac8135,38620|27191,5,6,150,,,,"Tommaso Duracino, filza 1, series I, nr. 103",1453-07-28,1453,,Tommaso Duracino,0a68871e-78fd-4b75-9b96-fb63ad54979c,23448,Notai antichi 888,af120abc-a312-41b7-8b93-49985584cbe0,26211,Archivio di stato di Genova,fc150576-d20c-496f-a8ce-5257c7a7a6f8,Asecuratio sclave,,,,,,,,,,,,,,,,,,,,,,,,,,,
Bianchina de Ponte,female,artefices,,,1429–1454,855a29d4-d0f9-41d8-9773-3e2685cd9778,38651,Margherita,Abkhazan,2869f03d-235c-4513-981e-534da984124c,31268,female,30,1424–1454,e6869ca2-ef05-4688-969c-aac5823e77cb,39082,Anfreone Spinola,male,nobiles,,,1429–1454,54d35a84-b614-45e2-a73a-46415d2b0a99,38624|27191,,,100,,,,"Tommaso Duracino, filza 1, series II, nr. 102",1454-06-01,1454,,Tommaso Duracino,0a68871e-78fd-4b75-9b96-fb63ad54979c,23448,Notai antichi 888,af120abc-a312-41b7-8b93-49985584cbe0,26211,Archivio di stato di Genova,eae6a447-f6f2-4d4e-b3aa-6b3dc81443f7,Asecuratio sclave,,,,,,,,,,,,,,,,,,,,,,,,,,,
Antonio de Semino,male,artefices,,,1429–1454,eb349b9d-23e0-49f2-af41-6796ed814985,38670|38662,Marta,Russian,2d4212b0-a07e-494a-a7ba-81f254f52363,31354,female,28,1426–1454,adada06b-2fb2-4d89-8f34-2725f704cd51,39046,Anfreone Spinola,male,nobiles,,,1429–1454,54d35a84-b614-45e2-a73a-46415d2b0a99,38624|39260,,,150,,,,"Paolo de Recco, filza 5, series II, nr. 106",1454-01-20,1454,,Paolo de Recco,c1f85949-1d93-46d1-ac79-9ed0b90c2ffe,25510,Notai antichi 700,22bfe28d-4bed-4d37-a3e1-d1c9bbc096f5,37819,Archivio di stato di Genova,1a3cf561-d327-448b-8936-95dbd9042d44,Asecuratio sclave,,,,,,,,,,,,,,,,,,,,,,,,,,,
Giacomo de Leone,male,mercantes,,,1430–1455,af561a6e-a888-4315-a43f-361bc58fd442,38720,Agnese,Circassian,4c3f093d-c427-4334-a5be-9d2985e0bb147,31361,female,21,1434–1455,d86c4d0e-f9a7-4909-aaf2-beb408215ee2,39128,Agostino Gentile,male,nobiles,,,1430–1455,ab999b09-0548-4c26-a419-14073aa6ace8,39254|38643,5,6,200,,,,"Tommaso Duracino, filza 2, series I, nr. 60",1455-02-10,1455,,Tommaso Duracino,0a68871e-78fd-4b75-9b96-fb63ad54979c,23448,Notai antichi 889,101c0bd8-a7ea-41d9-b9dc-62f2509bd4ac,37833,Archivio di stato di Genova,89ace923-3718-43de-b0d7-f57fddd260e2,Asecuratio sclave,,,,,,,,,,,,,,,,,,,,,,,,,,,
Teodoro de Blaxia,male,nobiles,,,1412–1437,d3c8f051-0a36-450a-b331-2ba82f2bf1b3,38615,Maddalena,,,,female,,–1437,c726ce71-be27-49b5-b0c8-de5a6fb8cb12,39240,Gregorio de Fossatello,male,artefices,,,1412–1437,223c92f7-1887-4d4d-aa9e-f05515305c01,39274|27473,,,150,,,,"Gabriele Salvarezza, register 1, 1406–1437, fol. 141r",1437-06-20,1437,,Gabriele Salvarezza,de08665b-7ce9-4147-bc92-4ad1590546fb,30333,Notai antichi 761,e66b0c74-7125-4f75-9f6d-0771759a946e,39290,Archivio di stato di Genova,2eff2fa4-d5fd-4642-b8ed-41b2aa081389,Asecuratio sclave,,,,,,,,,,,,,,,,,,,,,,,,,,,
Francesco Cavalorto,male,mercantes,,,1430–1455,0c274526-9885-492f-b985-0ebd904c439b,38654,Sofia,Tartaran,6c6e1e81-c3f3-4469-8c65-076e967ecfd100,26258,female,31,1424–1455,16304ba9-64c4-4f24-b514-b578e384c92a,39117,Gregorio Usodimare,male,nobiles,,,1430–1455,e8e80c62-9f83-4c14-9d9c-e6ee0bfcbb16,39275|38620,5,6,180,,,,"Tommaso Duracino, filza 2, series I, nr. 253",1455-07-19,1455,,Tommaso Duracino,0a68871e-78fd-4b75-9b96-fb63ad54979c,23448,Notai antichi 889,101c0bd8-a7ea-41d9-b9dc-62f2509bd4ac,37833,Archivio di stato di Genova,63eb62db-d327-4db2-8732-bf43af15705c,Asecuratio sclave,,,,,,,,,,,,,,,,,,,,,,,,,,,
,,,,,,,,,,,,,,,,,,,,,,,,,,,,,,,,,,,,,,,,,,,,,,,,,,,,,,,,,,,,,,,,,,,,,,
,,,,,,,,,,,,,,,,,,,,,,,,,,,,,,,,,,,,,,,,,,,,,,,,,,,,,,,,,,,,,,,,,,,,,,
,,,,,,,,,,,,,,,,,,,,,,,,,,,,,,,,,,,,,,,,,,,,,,,,,,,,,,,,,,,,,,,,,,,,,,
,,,,,,,,,,,,,,,,,,,,,,,,,,,,,,,,,,,,,,,,,,,,,,,,,,,,,,,,,,,,,,,,,,,,,,
,,,,,,,,,,,,,,,,,,,,,,,,,,,,,,,,,,,,,,,,,,,,,,,,,,,,,,,,,,,,,,,,,,,,,,
,,,,,,,,,,,,,,,,,,,,,,,,,,,,,,,,,,,,,,,,,,,,,,,,,,,,,,,,,,,,,,,,,,,,,,
,,,,,,,,,,,,,,,,,,,,,,,,,,,,,,,,,,,,,,,,,,,,,,,,,,,,,,,,,,,,,,,,,,,,,,
,,,,,,,,,,,,,,,,,,,,,,,,,,,,,,,,,,,,,,,,,,,,,,,,,,,,,,,,,,,,,,,,,,,,,,
,,,,,,,,,,,,,,,,,,,,,,,,,,,,,,,,,,,,,,,,,,,,,,,,,,,,,,,,,,,,,,,,,,,,,,
,,,,,,,,,,,,,,,,,,,,,,,,,,,,,,,,,,,,,,,,,,,,,,,,,,,,,,,,,,,,,,,,,,,,,,
,,,,,,,,,,,,,,,,,,,,,,,,,,,,,,,,,,,,,,,,,,,,,,,,,,,,,,,,,,,,,,,,,,,,,,
,,,,,,,,,,,,,,,,,,,,,,,,,,,,,,,,,,,,,,,,,,,,,,,,,,,,,,,,,,,,,,,,,,,,,,
,,,,,,,,,,,,,,,,,,,,,,,,,,,,,,,,,,,,,,,,,,,,,,,,,,,,,,,,,,,,,,,,,,,,,,
,,,,,,,,,,,,,,,,,,,,,,,,,,,,,,,,,,,,,,,,,,,,,,,,,,,,,,,,,,,,,,,,,,,,,,
,,,,,,,,,,,,,,,,,,,,,,,,,,,,,,,,,,,,,,,,,,,,,,,,,,,,,,,,,,,,,,,,,,,,,,
,,,,,,,,,,,,,,,,,,,,,,,,,,,,,,,,,,,,,,,,,,,,,,,,,,,,,,,,,,,,,,,,,,,,,,
,,,,,,,,,,,,,,,,,,,,,,,,,,,,,,,,,,,,,,,,,,,,,,,,,,,,,,,,,,,,,,,,,,,,,,
,,,,,,,,,,,,,,,,,,,,,,,,,,,,,,,,,,,,,,,,,,,,,,,,,,,,,,,,,,,,,,,,,,,,,,
,,,,,,,,,,,,,,,,,,,,,,,,,,,,,,,,,,,,,,,,,,,,,,,,,,,,,,,,,,,,,,,,,,,,,,
,,,,,,,,,,,,,,,,,,,,,,,,,,,,,,,,,,,,,,,,,,,,,,,,,,,,,,,,,,,,,,,,,,,,,,
,,,,,,,,,,,,,,,,,,,,,,,,,,,,,,,,,,,,,,,,,,,,,,,,,,,,,,,,,,,,,,,,,,,,,,
,,,,,,,,,,,,,,,,,,,,,,,,,,,,,,,,,,,,,,,,,,,,,,,,,,,,,,,,,,,,,,,,,,,,,,
,,,,,,,,,,,,,,,,,,,,,,,,,,,,,,,,,,,,,,,,,,,,,,,,,,,,,,,,,,,,,,,,,,,,,,
,,,,,,,,,,,,,,,,,,,,,,,,,,,,,,,,,,,,,,,,,,,,,,,,,,,,,,,,,,,,,,,,,,,,,,
,,,,,,,,,,,,,,,,,,,,,,,,,,,,,,,,,,,,,,,,,,,,,,,,,,,,,,,,,,,,,,,,,,,,,,
,,,,,,,,,,,,,,,,,,,,,,,,,,,,,,,,,,,,,,,,,,,,,,,,,,,,,,,,,,,,,,,,,,,,,,
,,,,,,,,,,,,,,,,,,,,,,,,,,,,,,,,,,,,,,,,,,,,,,,,,,,,,,,,,,,,,,,,,,,,,,
,,,,,,,,,,,,,,,,,,,,,,,,,,,,,,,,,,,,,,,,,,,,,,,,,,,,,,,,,,,,,,,,,,,,,,
,,,,,,,,,,,,,,,,,,,,,,,,,,,,,,,,,,,,,,,,,,,,,,,,,,,,,,,,,,,,,,,,,,,,,,
,,,,,,,,,,,,,,,,,,,,,,,,,,,,,,,,,,,,,,,,,,,,,,,,,,,,,,,,,,,,,,,,,,,,,,
,,,,,,,,,,,,,,,,,,,,,,,,,,,,,,,,,,,,,,,,,,,,,,,,,,,,,,,,,,,,,,,,,,,,,,
,,,,,,,,,,,,,,,,,,,,,,,,,,,,,,,,,,,,,,,,,,,,,,,,,,,,,,,,,,,,,,,,,,,,,,
,,,,,,,,,,,,,,,,,,,,,,,,,,,,,,,,,,,,,,,,,,,,,,,,,,,,,,,,,,,,,,,,,,,,,,
,,,,,,,,,,,,,,,,,,,,,,,,,,,,,,,,,,,,,,,,,,,,,,,,,,,,,,,,,,,,,,,,,,,,,,
,,,,,,,,,,,,,,,,,,,,,,,,,,,,,,,,,,,,,,,,,,,,,,,,,,,,,,,,,,,,,,,,,,,,,,
,,,,,,,,,,,,,,,,,,,,,,,,,,,,,,,,,,,,,,,,,,,,,,,,,,,,,,,,,,,,,,,,,,,,,,
,,,,,,,,,,,,,,,,,,,,,,,,,,,,,,,,,,,,,,,,,,,,,,,,,,,,,,,,,,,,,,,,,,,,,,
,,,,,,,,,,,,,,,,,,,,,,,,,,,,,,,,,,,,,,,,,,,,,,,,,,,,,,,,,,,,,,,,,,,,,,
,,,,,,,,,,,,,,,,,,,,,,,,,,,,,,,,,,,,,,,,,,,,,,,,,,,,,,,,,,,,,,,,,,,,,,
,,,,,,,,,,,,,,,,,,,,,,,,,,,,,,,,,,,,,,,,,,,,,,,,,,,,,,,,,,,,,,,,,,,,,,
,,,,,,,,,,,,,,,,,,,,,,,,,,,,,,,,,,,,,,,,,,,,,,,,,,,,,,,,,,,,,,,,,,,,,,
,,,,,,,,,,,,,,,,,,,,,,,,,,,,,,,,,,,,,,,,,,,,,,,,,,,,,,,,,,,,,,,,,,,,,,
,,,,,,,,,,,,,,,,,,,,,,,,,,,,,,,,,,,,,,,,,,,,,,,,,,,,,,,,,,,,,,,,,,,,,,
,,,,,,,,,,,,,,,,,,,,,,,,,,,,,,,,,,,,,,,,,,,,,,,,,,,,,,,,,,,,,,,,,,,,,,
,,,,,,,,,,,,,,,,,,,,,,,,,,,,,,,,,,,,,,,,,,,,,,,,,,,,,,,,,,,,,,,,,,,,,,
,,,,,,,,,,,,,,,,,,,,,,,,,,,,,,,,,,,,,,,,,,,,,,,,,,,,,,,,,,,,,,,,,,,,,,
,,,,,,,,,,,,,,,,,,,,,,,,,,,,,,,,,,,,,,,,,,,,,,,,,,,,,,,,,,,,,,,,,,,,,,
,,,,,,,,,,,,,,,,,,,,,,,,,,,,,,,,,,,,,,,,,,,,,,,,,,,,,,,,,,,,,,,,,,,,,,
,,,,,,,,,,,,,,,,,,,,,,,,,,,,,,,,,,,,,,,,,,,,,,,,,,,,,,,,,,,,,,,,,,,,,,
,,,,,,,,,,,,,,,,,,,,,,,,,,,,,,,,,,,,,,,,,,,,,,,,,,,,,,,,,,,,,,,,,,,,,,
,,,,,,,,,,,,,,,,,,,,,,,,,,,,,,,,,,,,,,,,,,,,,,,,,,,,,,,,,,,,,,,,,,,,,,
,,,,,,,,,,,,,,,,,,,,,,,,,,,,,,,,,,,,,,,,,,,,,,,,,,,,,,,,,,,,,,,,,,,,,,
,,,,,,,,,,,,,,,,,,,,,,,,,,,,,,,,,,,,,,,,,,,,,,,,,,,,,,,,,,,,,,,,,,,,,,
,,,,,,,,,,,,,,,,,,,,,,,,,,,,,,,,,,,,,,,,,,,,,,,,,,,,,,,,,,,,,,,,,,,,,,
,,,,,,,,,,,,,,,,,,,,,,,,,,,,,,,,,,,,,,,,,,,,,,,,,,,,,,,,,,,,,,,,,,,,,,
,,,,,,,,,,,,,,,,,,,,,,,,,,,,,,,,,,,,,,,,,,,,,,,,,,,,,,,,,,,,,,,,,,,,,,
,,,,,,,,,,,,,,,,,,,,,,,,,,,,,,,,,,,,,,,,,,,,,,,,,,,,,,,,,,,,,,,,,,,,,,
,,,,,,,,,,,,,,,,,,,,,,,,,,,,,,,,,,,,,,,,,,,,,,,,,,,,,,,,,,,,,,,,,,,,,,
,,,,,,,,,,,,,,,,,,,,,,,,,,,,,,,,,,,,,,,,,,,,,,,,,,,,,,,,,,,,,,,,,,,,,,
,,,,,,,,,,,,,,,,,,,,,,,,,,,,,,,,,,,,,,,,,,,,,,,,,,,,,,,,,,,,,,,,,,,,,,
,,,,,,,,,,,,,,,,,,,,,,,,,,,,,,,,,,,,,,,,,,,,,,,,,,,,,,,,,,,,,,,,,,,,,,
,,,,,,,,,,,,,,,,,,,,,,,,,,,,,,,,,,,,,,,,,,,,,,,,,,,,,,,,,,,,,,,,,,,,,,
,,,,,,,,,,,,,,,,,,,,,,,,,,,,,,,,,,,,,,,,,,,,,,,,,,,,,,,,,,,,,,,,,,,,,,
,,,,,,,,,,,,,,,,,,,,,,,,,,,,,,,,,,,,,,,,,,,,,,,,,,,,,,,,,,,,,,,,,,,,,,
,,,,,,,,,,,,,,,,,,,,,,,,,,,,,,,,,,,,,,,,,,,,,,,,,,,,,,,,,,,,,,,,,,,,,,
,,,,,,,,,,,,,,,,,,,,,,,,,,,,,,,,,,,,,,,,,,,,,,,,,,,,,,,,,,,,,,,,,,,,,,
,,,,,,,,,,,,,,,,,,,,,,,,,,,,,,,,,,,,,,,,,,,,,,,,,,,,,,,,,,,,,,,,,,,,,,
,,,,,,,,,,,,,,,,,,,,,,,,,,,,,,,,,,,,,,,,,,,,,,,,,,,,,,,,,,,,,,,,,,,,,,
,,,,,,,,,,,,,,,,,,,,,,,,,,,,,,,,,,,,,,,,,,,,,,,,,,,,,,,,,,,,,,,,,,,,,,
,,,,,,,,,,,,,,,,,,,,,,,,,,,,,,,,,,,,,,,,,,,,,,,,,,,,,,,,,,,,,,,,,,,,,,
,,,,,,,,,,,,,,,,,,,,,,,,,,,,,,,,,,,,,,,,,,,,,,,,,,,,,,,,,,,,,,,,,,,,,,
,,,,,,,,,,,,,,,,,,,,,,,,,,,,,,,,,,,,,,,,,,,,,,,,,,,,,,,,,,,,,,,,,,,,,,
,,,,,,,,,,,,,,,,,,,,,,,,,,,,,,,,,,,,,,,,,,,,,,,,,,,,,,,,,,,,,,,,,,,,,,
,,,,,,,,,,,,,,,,,,,,,,,,,,,,,,,,,,,,,,,,,,,,,,,,,,,,,,,,,,,,,,,,,,,,,,
,,,,,,,,,,,,,,,,,,,,,,,,,,,,,,,,,,,,,,,,,,,,,,,,,,,,,,,,,,,,,,,,,,,,,,
,,,,,,,,,,,,,,,,,,,,,,,,,,,,,,,,,,,,,,,,,,,,,,,,,,,,,,,,,,,,,,,,,,,,,,
,,,,,,,,,,,,,,,,,,,,,,,,,,,,,,,,,,,,,,,,,,,,,,,,,,,,,,,,,,,,,,,,,,,,,,
,,,,,,,,,,,,,,,,,,,,,,,,,,,,,,,,,,,,,,,,,,,,,,,,,,,,,,,,,,,,,,,,,,,,,,
,,,,,,,,,,,,,,,,,,,,,,,,,,,,,,,,,,,,,,,,,,,,,,,,,,,,,,,,,,,,,,,,,,,,,,
,,,,,,,,,,,,,,,,,,,,,,,,,,,,,,,,,,,,,,,,,,,,,,,,,,,,,,,,,,,,,,,,,,,,,,
,,,,,,,,,,,,,,,,,,,,,,,,,,,,,,,,,,,,,,,,,,,,,,,,,,,,,,,,,,,,,,,,,,,,,,
,,,,,,,,,,,,,,,,,,,,,,,,,,,,,,,,,,,,,,,,,,,,,,,,,,,,,,,,,,,,,,,,,,,,,,
,,,,,,,,,,,,,,,,,,,,,,,,,,,,,,,,,,,,,,,,,,,,,,,,,,,,,,,,,,,,,,,,,,,,,,
,,,,,,,,,,,,,,,,,,,,,,,,,,,,,,,,,,,,,,,,,,,,,,,,,,,,,,,,,,,,,,,,,,,,,,
,,,,,,,,,,,,,,,,,,,,,,,,,,,,,,,,,,,,,,,,,,,,,,,,,,,,,,,,,,,,,,,,,,,,,,
,,,,,,,,,,,,,,,,,,,,,,,,,,,,,,,,,,,,,,,,,,,,,,,,,,,,,,,,,,,,,,,,,,,,,,
,,,,,,,,,,,,,,,,,,,,,,,,,,,,,,,,,,,,,,,,,,,,,,,,,,,,,,,,,,,,,,,,,,,,,,
,,,,,,,,,,,,,,,,,,,,,,,,,,,,,,,,,,,,,,,,,,,,,,,,,,,,,,,,,,,,,,,,,,,,,,
,,,,,,,,,,,,,,,,,,,,,,,,,,,,,,,,,,,,,,,,,,,,,,,,,,,,,,,,,,,,,,,,,,,,,,
,,,,,,,,,,,,,,,,,,,,,,,,,,,,,,,,,,,,,,,,,,,,,,,,,,,,,,,,,,,,,,,,,,,,,,
,,,,,,,,,,,,,,,,,,,,,,,,,,,,,,,,,,,,,,,,,,,,,,,,,,,,,,,,,,,,,,,,,,,,,,
,,,,,,,,,,,,,,,,,,,,,,,,,,,,,,,,,,,,,,,,,,,,,,,,,,,,,,,,,,,,,,,,,,,,,,
,,,,,,,,,,,,,,,,,,,,,,,,,,,,,,,,,,,,,,,,,,,,,,,,,,,,,,,,,,,,,,,,,,,,,,
,,,,,,,,,,,,,,,,,,,,,,,,,,,,,,,,,,,,,,,,,,,,,,,,,,,,,,,,,,,,,,,,,,,,,,
,,,,,,,,,,,,,,,,,,,,,,,,,,,,,,,,,,,,,,,,,,,,,,,,,,,,,,,,,,,,,,,,,,,,,,
,,,,,,,,,,,,,,,,,,,,,,,,,,,,,,,,,,,,,,,,,,,,,,,,,,,,,,,,,,,,,,,,,,,,,,
,,,,,,,,,,,,,,,,,,,,,,,,,,,,,,,,,,,,,,,,,,,,,,,,,,,,,,,,,,,,,,,,,,,,,,
,,,,,,,,,,,,,,,,,,,,,,,,,,,,,,,,,,,,,,,,,,,,,,,,,,,,,,,,,,,,,,,,,,,,,,
,,,,,,,,,,,,,,,,,,,,,,,,,,,,,,,,,,,,,,,,,,,,,,,,,,,,,,,,,,,,,,,,,,,,,,
,,,,,,,,,,,,,,,,,,,,,,,,,,,,,,,,,,,,,,,,,,,,,,,,,,,,,,,,,,,,,,,,,,,,,,
,,,,,,,,,,,,,,,,,,,,,,,,,,,,,,,,,,,,,,,,,,,,,,,,,,,,,,,,,,,,,,,,,,,,,,
,,,,,,,,,,,,,,,,,,,,,,,,,,,,,,,,,,,,,,,,,,,,,,,,,,,,,,,,,,,,,,,,,,,,,,
,,,,,,,,,,,,,,,,,,,,,,,,,,,,,,,,,,,,,,,,,,,,,,,,,,,,,,,,,,,,,,,,,,,,,,
,,,,,,,,,,,,,,,,,,,,,,,,,,,,,,,,,,,,,,,,,,,,,,,,,,,,,,,,,,,,,,,,,,,,,,
,,,,,,,,,,,,,,,,,,,,,,,,,,,,,,,,,,,,,,,,,,,,,,,,,,,,,,,,,,,,,,,,,,,,,,
,,,,,,,,,,,,,,,,,,,,,,,,,,,,,,,,,,,,,,,,,,,,,,,,,,,,,,,,,,,,,,,,,,,,,,
,,,,,,,,,,,,,,,,,,,,,,,,,,,,,,,,,,,,,,,,,,,,,,,,,,,,,,,,,,,,,,,,,,,,,,
,,,,,,,,,,,,,,,,,,,,,,,,,,,,,,,,,,,,,,,,,,,,,,,,,,,,,,,,,,,,,,,,,,,,,,
,,,,,,,,,,,,,,,,,,,,,,,,,,,,,,,,,,,,,,,,,,,,,,,,,,,,,,,,,,,,,,,,,,,,,,
,,,,,,,,,,,,,,,,,,,,,,,,,,,,,,,,,,,,,,,,,,,,,,,,,,,,,,,,,,,,,,,,,,,,,,
,,,,,,,,,,,,,,,,,,,,,,,,,,,,,,,,,,,,,,,,,,,,,,,,,,,,,,,,,,,,,,,,,,,,,,
,,,,,,,,,,,,,,,,,,,,,,,,,,,,,,,,,,,,,,,,,,,,,,,,,,,,,,,,,,,,,,,,,,,,,,
,,,,,,,,,,,,,,,,,,,,,,,,,,,,,,,,,,,,,,,,,,,,,,,,,,,,,,,,,,,,,,,,,,,,,,
,,,,,,,,,,,,,,,,,,,,,,,,,,,,,,,,,,,,,,,,,,,,,,,,,,,,,,,,,,,,,,,,,,,,,,
,,,,,,,,,,,,,,,,,,,,,,,,,,,,,,,,,,,,,,,,,,,,,,,,,,,,,,,,,,,,,,,,,,,,,,
,,,,,,,,,,,,,,,,,,,,,,,,,,,,,,,,,,,,,,,,,,,,,,,,,,,,,,,,,,,,,,,,,,,,,,
,,,,,,,,,,,,,,,,,,,,,,,,,,,,,,,,,,,,,,,,,,,,,,,,,,,,,,,,,,,,,,,,,,,,,,
,,,,,,,,,,,,,,,,,,,,,,,,,,,,,,,,,,,,,,,,,,,,,,,,,,,,,,,,,,,,,,,,,,,,,,
,,,,,,,,,,,,,,,,,,,,,,,,,,,,,,,,,,,,,,,,,,,,,,,,,,,,,,,,,,,,,,,,,,,,,,
,,,,,,,,,,,,,,,,,,,,,,,,,,,,,,,,,,,,,,,,,,,,,,,,,,,,,,,,,,,,,,,,,,,,,,
,,,,,,,,,,,,,,,,,,,,,,,,,,,,,,,,,,,,,,,,,,,,,,,,,,,,,,,,,,,,,,,,,,,,,,
,,,,,,,,,,,,,,,,,,,,,,,,,,,,,,,,,,,,,,,,,,,,,,,,,,,,,,,,,,,,,,,,,,,,,,
,,,,,,,,,,,,,,,,,,,,,,,,,,,,,,,,,,,,,,,,,,,,,,,,,,,,,,,,,,,,,,,,,,,,,,
,,,,,,,,,,,,,,,,,,,,,,,,,,,,,,,,,,,,,,,,,,,,,,,,,,,,,,,,,,,,,,,,,,,,,,
,,,,,,,,,,,,,,,,,,,,,,,,,,,,,,,,,,,,,,,,,,,,,,,,,,,,,,,,,,,,,,,,,,,,,,
,,,,,,,,,,,,,,,,,,,,,,,,,,,,,,,,,,,,,,,,,,,,,,,,,,,,,,,,,,,,,,,,,,,,,,
,,,,,,,,,,,,,,,,,,,,,,,,,,,,,,,,,,,,,,,,,,,,,,,,,,,,,,,,,,,,,,,,,,,,,,
,,,,,,,,,,,,,,,,,,,,,,,,,,,,,,,,,,,,,,,,,,,,,,,,,,,,,,,,,,,,,,,,,,,,,,
,,,,,,,,,,,,,,,,,,,,,,,,,,,,,,,,,,,,,,,,,,,,,,,,,,,,,,,,,,,,,,,,,,,,,,
,,,,,,,,,,,,,,,,,,,,,,,,,,,,,,,,,,,,,,,,,,,,,,,,,,,,,,,,,,,,,,,,,,,,,,
,,,,,,,,,,,,,,,,,,,,,,,,,,,,,,,,,,,,,,,,,,,,,,,,,,,,,,,,,,,,,,,,,,,,,,
,,,,,,,,,,,,,,,,,,,,,,,,,,,,,,,,,,,,,,,,,,,,,,,,,,,,,,,,,,,,,,,,,,,,,,
,,,,,,,,,,,,,,,,,,,,,,,,,,,,,,,,,,,,,,,,,,,,,,,,,,,,,,,,,,,,,,,,,,,,,,
,,,,,,,,,,,,,,,,,,,,,,,,,,,,,,,,,,,,,,,,,,,,,,,,,,,,,,,,,,,,,,,,,,,,,,
,,,,,,,,,,,,,,,,,,,,,,,,,,,,,,,,,,,,,,,,,,,,,,,,,,,,,,,,,,,,,,,,,,,,,,
,,,,,,,,,,,,,,,,,,,,,,,,,,,,,,,,,,,,,,,,,,,,,,,,,,,,,,,,,,,,,,,,,,,,,,
,,,,,,,,,,,,,,,,,,,,,,,,,,,,,,,,,,,,,,,,,,,,,,,,,,,,,,,,,,,,,,,,,,,,,,
,,,,,,,,,,,,,,,,,,,,,,,,,,,,,,,,,,,,,,,,,,,,,,,,,,,,,,,,,,,,,,,,,,,,,,
,,,,,,,,,,,,,,,,,,,,,,,,,,,,,,,,,,,,,,,,,,,,,,,,,,,,,,,,,,,,,,,,,,,,,,
,,,,,,,,,,,,,,,,,,,,,,,,,,,,,,,,,,,,,,,,,,,,,,,,,,,,,,,,,,,,,,,,,,,,,,
,,,,,,,,,,,,,,,,,,,,,,,,,,,,,,,,,,,,,,,,,,,,,,,,,,,,,,,,,,,,,,,,,,,,,,
,,,,,,,,,,,,,,,,,,,,,,,,,,,,,,,,,,,,,,,,,,,,,,,,,,,,,,,,,,,,,,,,,,,,,,
,,,,,,,,,,,,,,,,,,,,,,,,,,,,,,,,,,,,,,,,,,,,,,,,,,,,,,,,,,,,,,,,,,,,,,
,,,,,,,,,,,,,,,,,,,,,,,,,,,,,,,,,,,,,,,,,,,,,,,,,,,,,,,,,,,,,,,,,,,,,,
,,,,,,,,,,,,,,,,,,,,,,,,,,,,,,,,,,,,,,,,,,,,,,,,,,,,,,,,,,,,,,,,,,,,,,
,,,,,,,,,,,,,,,,,,,,,,,,,,,,,,,,,,,,,,,,,,,,,,,,,,,,,,,,,,,,,,,,,,,,,,
,,,,,,,,,,,,,,,,,,,,,,,,,,,,,,,,,,,,,,,,,,,,,,,,,,,,,,,,,,,,,,,,,,,,,,
,,,,,,,,,,,,,,,,,,,,,,,,,,,,,,,,,,,,,,,,,,,,,,,,,,,,,,,,,,,,,,,,,,,,,,
,,,,,,,,,,,,,,,,,,,,,,,,,,,,,,,,,,,,,,,,,,,,,,,,,,,,,,,,,,,,,,,,,,,,,,
,,,,,,,,,,,,,,,,,,,,,,,,,,,,,,,,,,,,,,,,,,,,,,,,,,,,,,,,,,,,,,,,,,,,,,
,,,,,,,,,,,,,,,,,,,,,,,,,,,,,,,,,,,,,,,,,,,,,,,,,,,,,,,,,,,,,,,,,,,,,,
,,,,,,,,,,,,,,,,,,,,,,,,,,,,,,,,,,,,,,,,,,,,,,,,,,,,,,,,,,,,,,,,,,,,,,
,,,,,,,,,,,,,,,,,,,,,,,,,,,,,,,,,,,,,,,,,,,,,,,,,,,,,,,,,,,,,,,,,,,,,,
,,,,,,,,,,,,,,,,,,,,,,,,,,,,,,,,,,,,,,,,,,,,,,,,,,,,,,,,,,,,,,,,,,,,,,
,,,,,,,,,,,,,,,,,,,,,,,,,,,,,,,,,,,,,,,,,,,,,,,,,,,,,,,,,,,,,,,,,,,,,,
,,,,,,,,,,,,,,,,,,,,,,,,,,,,,,,,,,,,,,,,,,,,,,,,,,,,,,,,,,,,,,,,,,,,,,
,,,,,,,,,,,,,,,,,,,,,,,,,,,,,,,,,,,,,,,,,,,,,,,,,,,,,,,,,,,,,,,,,,,,,,
,,,,,,,,,,,,,,,,,,,,,,,,,,,,,,,,,,,,,,,,,,,,,,,,,,,,,,,,,,,,,,,,,,,,,,
,,,,,,,,,,,,,,,,,,,,,,,,,,,,,,,,,,,,,,,,,,,,,,,,,,,,,,,,,,,,,,,,,,,,,,
,,,,,,,,,,,,,,,,,,,,,,,,,,,,,,,,,,,,,,,,,,,,,,,,,,,,,,,,,,,,,,,,,,,,,,
,,,,,,,,,,,,,,,,,,,,,,,,,,,,,,,,,,,,,,,,,,,,,,,,,,,,,,,,,,,,,,,,,,,,,,
,,,,,,,,,,,,,,,,,,,,,,,,,,,,,,,,,,,,,,,,,,,,,,,,,,,,,,,,,,,,,,,,,,,,,,
,,,,,,,,,,,,,,,,,,,,,,,,,,,,,,,,,,,,,,,,,,,,,,,,,,,,,,,,,,,,,,,,,,,,,,
,,,,,,,,,,,,,,,,,,,,,,,,,,,,,,,,,,,,,,,,,,,,,,,,,,,,,,,,,,,,,,,,,,,,,,
,,,,,,,,,,,,,,,,,,,,,,,,,,,,,,,,,,,,,,,,,,,,,,,,,,,,,,,,,,,,,,,,,,,,,,
,,,,,,,,,,,,,,,,,,,,,,,,,,,,,,,,,,,,,,,,,,,,,,,,,,,,,,,,,,,,,,,,,,,,,,
,,,,,,,,,,,,,,,,,,,,,,,,,,,,,,,,,,,,,,,,,,,,,,,,,,,,,,,,,,,,,,,,,,,,,,
,,,,,,,,,,,,,,,,,,,,,,,,,,,,,,,,,,,,,,,,,,,,,,,,,,,,,,,,,,,,,,,,,,,,,,
,,,,,,,,,,,,,,,,,,,,,,,,,,,,,,,,,,,,,,,,,,,,,,,,,,,,,,,,,,,,,,,,,,,,,,
,,,,,,,,,,,,,,,,,,,,,,,,,,,,,,,,,,,,,,,,,,,,,,,,,,,,,,,,,,,,,,,,,,,,,,
,,,,,,,,,,,,,,,,,,,,,,,,,,,,,,,,,,,,,,,,,,,,,,,,,,,,,,,,,,,,,,,,,,,,,,
,,,,,,,,,,,,,,,,,,,,,,,,,,,,,,,,,,,,,,,,,,,,,,,,,,,,,,,,,,,,,,,,,,,,,,
,,,,,,,,,,,,,,,,,,,,,,,,,,,,,,,,,,,,,,,,,,,,,,,,,,,,,,,,,,,,,,,,,,,,,,
,,,,,,,,,,,,,,,,,,,,,,,,,,,,,,,,,,,,,,,,,,,,,,,,,,,,,,,,,,,,,,,,,,,,,,
,,,,,,,,,,,,,,,,,,,,,,,,,,,,,,,,,,,,,,,,,,,,,,,,,,,,,,,,,,,,,,,,,,,,,,
,,,,,,,,,,,,,,,,,,,,,,,,,,,,,,,,,,,,,,,,,,,,,,,,,,,,,,,,,,,,,,,,,,,,,,
,,,,,,,,,,,,,,,,,,,,,,,,,,,,,,,,,,,,,,,,,,,,,,,,,,,,,,,,,,,,,,,,,,,,,,
,,,,,,,,,,,,,,,,,,,,,,,,,,,,,,,,,,,,,,,,,,,,,,,,,,,,,,,,,,,,,,,,,,,,,,
,,,,,,,,,,,,,,,,,,,,,,,,,,,,,,,,,,,,,,,,,,,,,,,,,,,,,,,,,,,,,,,,,,,,,,
,,,,,,,,,,,,,,,,,,,,,,,,,,,,,,,,,,,,,,,,,,,,,,,,,,,,,,,,,,,,,,,,,,,,,,
,,,,,,,,,,,,,,,,,,,,,,,,,,,,,,,,,,,,,,,,,,,,,,,,,,,,,,,,,,,,,,,,,,,,,,
,,,,,,,,,,,,,,,,,,,,,,,,,,,,,,,,,,,,,,,,,,,,,,,,,,,,,,,,,,,,,,,,,,,,,,
,,,,,,,,,,,,,,,,,,,,,,,,,,,,,,,,,,,,,,,,,,,,,,,,,,,,,,,,,,,,,,,,,,,,,,
,,,,,,,,,,,,,,,,,,,,,,,,,,,,,,,,,,,,,,,,,,,,,,,,,,,,,,,,,,,,,,,,,,,,,,
,,,,,,,,,,,,,,,,,,,,,,,,,,,,,,,,,,,,,,,,,,,,,,,,,,,,,,,,,,,,,,,,,,,,,,
,,,,,,,,,,,,,,,,,,,,,,,,,,,,,,,,,,,,,,,,,,,,,,,,,,,,,,,,,,,,,,,,,,,,,,
,,,,,,,,,,,,,,,,,,,,,,,,,,,,,,,,,,,,,,,,,,,,,,,,,,,,,,,,,,,,,,,,,,,,,,
,,,,,,,,,,,,,,,,,,,,,,,,,,,,,,,,,,,,,,,,,,,,,,,,,,,,,,,,,,,,,,,,,,,,,,
,,,,,,,,,,,,,,,,,,,,,,,,,,,,,,,,,,,,,,,,,,,,,,,,,,,,,,,,,,,,,,,,,,,,,,
,,,,,,,,,,,,,,,,,,,,,,,,,,,,,,,,,,,,,,,,,,,,,,,,,,,,,,,,,,,,,,,,,,,,,,
,,,,,,,,,,,,,,,,,,,,,,,,,,,,,,,,,,,,,,,,,,,,,,,,,,,,,,,,,,,,,,,,,,,,,,
,,,,,,,,,,,,,,,,,,,,,,,,,,,,,,,,,,,,,,,,,,,,,,,,,,,,,,,,,,,,,,,,,,,,,,
,,,,,,,,,,,,,,,,,,,,,,,,,,,,,,,,,,,,,,,,,,,,,,,,,,,,,,,,,,,,,,,,,,,,,,
,,,,,,,,,,,,,,,,,,,,,,,,,,,,,,,,,,,,,,,,,,,,,,,,,,,,,,,,,,,,,,,,,,,,,,
,,,,,,,,,,,,,,,,,,,,,,,,,,,,,,,,,,,,,,,,,,,,,,,,,,,,,,,,,,,,,,,,,,,,,,
,,,,,,,,,,,,,,,,,,,,,,,,,,,,,,,,,,,,,,,,,,,,,,,,,,,,,,,,,,,,,,,,,,,,,,
,,,,,,,,,,,,,,,,,,,,,,,,,,,,,,,,,,,,,,,,,,,,,,,,,,,,,,,,,,,,,,,,,,,,,,
,,,,,,,,,,,,,,,,,,,,,,,,,,,,,,,,,,,,,,,,,,,,,,,,,,,,,,,,,,,,,,,,,,,,,,
,,,,,,,,,,,,,,,,,,,,,,,,,,,,,,,,,,,,,,,,,,,,,,,,,,,,,,,,,,,,,,,,,,,,,,
,,,,,,,,,,,,,,,,,,,,,,,,,,,,,,,,,,,,,,,,,,,,,,,,,,,,,,,,,,,,,,,,,,,,,,
,,,,,,,,,,,,,,,,,,,,,,,,,,,,,,,,,,,,,,,,,,,,,,,,,,,,,,,,,,,,,,,,,,,,,,
,,,,,,,,,,,,,,,,,,,,,,,,,,,,,,,,,,,,,,,,,,,,,,,,,,,,,,,,,,,,,,,,,,,,,,
,,,,,,,,,,,,,,,,,,,,,,,,,,,,,,,,,,,,,,,,,,,,,,,,,,,,,,,,,,,,,,,,,,,,,,
,,,,,,,,,,,,,,,,,,,,,,,,,,,,,,,,,,,,,,,,,,,,,,,,,,,,,,,,,,,,,,,,,,,,,,
,,,,,,,,,,,,,,,,,,,,,,,,,,,,,,,,,,,,,,,,,,,,,,,,,,,,,,,,,,,,,,,,,,,,,,
,,,,,,,,,,,,,,,,,,,,,,,,,,,,,,,,,,,,,,,,,,,,,,,,,,,,,,,,,,,,,,,,,,,,,,
,,,,,,,,,,,,,,,,,,,,,,,,,,,,,,,,,,,,,,,,,,,,,,,,,,,,,,,,,,,,,,,,,,,,,,
,,,,,,,,,,,,,,,,,,,,,,,,,,,,,,,,,,,,,,,,,,,,,,,,,,,,,,,,,,,,,,,,,,,,,,
,,,,,,,,,,,,,,,,,,,,,,,,,,,,,,,,,,,,,,,,,,,,,,,,,,,,,,,,,,,,,,,,,,,,,,
,,,,,,,,,,,,,,,,,,,,,,,,,,,,,,,,,,,,,,,,,,,,,,,,,,,,,,,,,,,,,,,,,,,,,,
,,,,,,,,,,,,,,,,,,,,,,,,,,,,,,,,,,,,,,,,,,,,,,,,,,,,,,,,,,,,,,,,,,,,,,
,,,,,,,,,,,,,,,,,,,,,,,,,,,,,,,,,,,,,,,,,,,,,,,,,,,,,,,,,,,,,,,,,,,,,,
,,,,,,,,,,,,,,,,,,,,,,,,,,,,,,,,,,,,,,,,,,,,,,,,,,,,,,,,,,,,,,,,,,,,,,
,,,,,,,,,,,,,,,,,,,,,,,,,,,,,,,,,,,,,,,,,,,,,,,,,,,,,,,,,,,,,,,,,,,,,,
,,,,,,,,,,,,,,,,,,,,,,,,,,,,,,,,,,,,,,,,,,,,,,,,,,,,,,,,,,,,,,,,,,,,,,
,,,,,,,,,,,,,,,,,,,,,,,,,,,,,,,,,,,,,,,,,,,,,,,,,,,,,,,,,,,,,,,,,,,,,,
,,,,,,,,,,,,,,,,,,,,,,,,,,,,,,,,,,,,,,,,,,,,,,,,,,,,,,,,,,,,,,,,,,,,,,
,,,,,,,,,,,,,,,,,,,,,,,,,,,,,,,,,,,,,,,,,,,,,,,,,,,,,,,,,,,,,,,,,,,,,,
,,,,,,,,,,,,,,,,,,,,,,,,,,,,,,,,,,,,,,,,,,,,,,,,,,,,,,,,,,,,,,,,,,,,,,
,,,,,,,,,,,,,,,,,,,,,,,,,,,,,,,,,,,,,,,,,,,,,,,,,,,,,,,,,,,,,,,,,,,,,,
,,,,,,,,,,,,,,,,,,,,,,,,,,,,,,,,,,,,,,,,,,,,,,,,,,,,,,,,,,,,,,,,,,,,,,
,,,,,,,,,,,,,,,,,,,,,,,,,,,,,,,,,,,,,,,,,,,,,,,,,,,,,,,,,,,,,,,,,,,,,,
,,,,,,,,,,,,,,,,,,,,,,,,,,,,,,,,,,,,,,,,,,,,,,,,,,,,,,,,,,,,,,,,,,,,,,
,,,,,,,,,,,,,,,,,,,,,,,,,,,,,,,,,,,,,,,,,,,,,,,,,,,,,,,,,,,,,,,,,,,,,,
,,,,,,,,,,,,,,,,,,,,,,,,,,,,,,,,,,,,,,,,,,,,,,,,,,,,,,,,,,,,,,,,,,,,,,
,,,,,,,,,,,,,,,,,,,,,,,,,,,,,,,,,,,,,,,,,,,,,,,,,,,,,,,,,,,,,,,,,,,,,,
,,,,,,,,,,,,,,,,,,,,,,,,,,,,,,,,,,,,,,,,,,,,,,,,,,,,,,,,,,,,,,,,,,,,,,
,,,,,,,,,,,,,,,,,,,,,,,,,,,,,,,,,,,,,,,,,,,,,,,,,,,,,,,,,,,,,,,,,,,,,,
,,,,,,,,,,,,,,,,,,,,,,,,,,,,,,,,,,,,,,,,,,,,,,,,,,,,,,,,,,,,,,,,,,,,,,
,,,,,,,,,,,,,,,,,,,,,,,,,,,,,,,,,,,,,,,,,,,,,,,,,,,,,,,,,,,,,,,,,,,,,,
,,,,,,,,,,,,,,,,,,,,,,,,,,,,,,,,,,,,,,,,,,,,,,,,,,,,,,,,,,,,,,,,,,,,,,
,,,,,,,,,,,,,,,,,,,,,,,,,,,,,,,,,,,,,,,,,,,,,,,,,,,,,,,,,,,,,,,,,,,,,,
,,,,,,,,,,,,,,,,,,,,,,,,,,,,,,,,,,,,,,,,,,,,,,,,,,,,,,,,,,,,,,,,,,,,,,
,,,,,,,,,,,,,,,,,,,,,,,,,,,,,,,,,,,,,,,,,,,,,,,,,,,,,,,,,,,,,,,,,,,,,,
,,,,,,,,,,,,,,,,,,,,,,,,,,,,,,,,,,,,,,,,,,,,,,,,,,,,,,,,,,,,,,,,,,,,,,
,,,,,,,,,,,,,,,,,,,,,,,,,,,,,,,,,,,,,,,,,,,,,,,,,,,,,,,,,,,,,,,,,,,,,,
,,,,,,,,,,,,,,,,,,,,,,,,,,,,,,,,,,,,,,,,,,,,,,,,,,,,,,,,,,,,,,,,,,,,,,
,,,,,,,,,,,,,,,,,,,,,,,,,,,,,,,,,,,,,,,,,,,,,,,,,,,,,,,,,,,,,,,,,,,,,,
,,,,,,,,,,,,,,,,,,,,,,,,,,,,,,,,,,,,,,,,,,,,,,,,,,,,,,,,,,,,,,,,,,,,,,
,,,,,,,,,,,,,,,,,,,,,,,,,,,,,,,,,,,,,,,,,,,,,,,,,,,,,,,,,,,,,,,,,,,,,,
,,,,,,,,,,,,,,,,,,,,,,,,,,,,,,,,,,,,,,,,,,,,,,,,,,,,,,,,,,,,,,,,,,,,,,
,,,,,,,,,,,,,,,,,,,,,,,,,,,,,,,,,,,,,,,,,,,,,,,,,,,,,,,,,,,,,,,,,,,,,,
,,,,,,,,,,,,,,,,,,,,,,,,,,,,,,,,,,,,,,,,,,,,,,,,,,,,,,,,,,,,,,,,,,,,,,
,,,,,,,,,,,,,,,,,,,,,,,,,,,,,,,,,,,,,,,,,,,,,,,,,,,,,,,,,,,,,,,,,,,,,,
,,,,,,,,,,,,,,,,,,,,,,,,,,,,,,,,,,,,,,,,,,,,,,,,,,,,,,,,,,,,,,,,,,,,,,
,,,,,,,,,,,,,,,,,,,,,,,,,,,,,,,,,,,,,,,,,,,,,,,,,,,,,,,,,,,,,,,,,,,,,,
,,,,,,,,,,,,,,,,,,,,,,,,,,,,,,,,,,,,,,,,,,,,,,,,,,,,,,,,,,,,,,,,,,,,,,
,,,,,,,,,,,,,,,,,,,,,,,,,,,,,,,,,,,,,,,,,,,,,,,,,,,,,,,,,,,,,,,,,,,,,,
,,,,,,,,,,,,,,,,,,,,,,,,,,,,,,,,,,,,,,,,,,,,,,,,,,,,,,,,,,,,,,,,,,,,,,
,,,,,,,,,,,,,,,,,,,,,,,,,,,,,,,,,,,,,,,,,,,,,,,,,,,,,,,,,,,,,,,,,,,,,,
,,,,,,,,,,,,,,,,,,,,,,,,,,,,,,,,,,,,,,,,,,,,,,,,,,,,,,,,,,,,,,,,,,,,,,
,,,,,,,,,,,,,,,,,,,,,,,,,,,,,,,,,,,,,,,,,,,,,,,,,,,,,,,,,,,,,,,,,,,,,,
,,,,,,,,,,,,,,,,,,,,,,,,,,,,,,,,,,,,,,,,,,,,,,,,,,,,,,,,,,,,,,,,,,,,,,
,,,,,,,,,,,,,,,,,,,,,,,,,,,,,,,,,,,,,,,,,,,,,,,,,,,,,,,,,,,,,,,,,,,,,,
,,,,,,,,,,,,,,,,,,,,,,,,,,,,,,,,,,,,,,,,,,,,,,,,,,,,,,,,,,,,,,,,,,,,,,
,,,,,,,,,,,,,,,,,,,,,,,,,,,,,,,,,,,,,,,,,,,,,,,,,,,,,,,,,,,,,,,,,,,,,,
,,,,,,,,,,,,,,,,,,,,,,,,,,,,,,,,,,,,,,,,,,,,,,,,,,,,,,,,,,,,,,,,,,,,,,
,,,,,,,,,,,,,,,,,,,,,,,,,,,,,,,,,,,,,,,,,,,,,,,,,,,,,,,,,,,,,,,,,,,,,,
,,,,,,,,,,,,,,,,,,,,,,,,,,,,,,,,,,,,,,,,,,,,,,,,,,,,,,,,,,,,,,,,,,,,,,
,,,,,,,,,,,,,,,,,,,,,,,,,,,,,,,,,,,,,,,,,,,,,,,,,,,,,,,,,,,,,,,,,,,,,,
,,,,,,,,,,,,,,,,,,,,,,,,,,,,,,,,,,,,,,,,,,,,,,,,,,,,,,,,,,,,,,,,,,,,,,
,,,,,,,,,,,,,,,,,,,,,,,,,,,,,,,,,,,,,,,,,,,,,,,,,,,,,,,,,,,,,,,,,,,,,,
,,,,,,,,,,,,,,,,,,,,,,,,,,,,,,,,,,,,,,,,,,,,,,,,,,,,,,,,,,,,,,,,,,,,,,
,,,,,,,,,,,,,,,,,,,,,,,,,,,,,,,,,,,,,,,,,,,,,,,,,,,,,,,,,,,,,,,,,,,,,,
,,,,,,,,,,,,,,,,,,,,,,,,,,,,,,,,,,,,,,,,,,,,,,,,,,,,,,,,,,,,,,,,,,,,,,
,,,,,,,,,,,,,,,,,,,,,,,,,,,,,,,,,,,,,,,,,,,,,,,,,,,,,,,,,,,,,,,,,,,,,,
,,,,,,,,,,,,,,,,,,,,,,,,,,,,,,,,,,,,,,,,,,,,,,,,,,,,,,,,,,,,,,,,,,,,,,
,,,,,,,,,,,,,,,,,,,,,,,,,,,,,,,,,,,,,,,,,,,,,,,,,,,,,,,,,,,,,,,,,,,,,,
,,,,,,,,,,,,,,,,,,,,,,,,,,,,,,,,,,,,,,,,,,,,,,,,,,,,,,,,,,,,,,,,,,,,,,
,,,,,,,,,,,,,,,,,,,,,,,,,,,,,,,,,,,,,,,,,,,,,,,,,,,,,,,,,,,,,,,,,,,,,,
,,,,,,,,,,,,,,,,,,,,,,,,,,,,,,,,,,,,,,,,,,,,,,,,,,,,,,,,,,,,,,,,,,,,,,
,,,,,,,,,,,,,,,,,,,,,,,,,,,,,,,,,,,,,,,,,,,,,,,,,,,,,,,,,,,,,,,,,,,,,,
,,,,,,,,,,,,,,,,,,,,,,,,,,,,,,,,,,,,,,,,,,,,,,,,,,,,,,,,,,,,,,,,,,,,,,
,,,,,,,,,,,,,,,,,,,,,,,,,,,,,,,,,,,,,,,,,,,,,,,,,,,,,,,,,,,,,,,,,,,,,,
,,,,,,,,,,,,,,,,,,,,,,,,,,,,,,,,,,,,,,,,,,,,,,,,,,,,,,,,,,,,,,,,,,,,,,
,,,,,,,,,,,,,,,,,,,,,,,,,,,,,,,,,,,,,,,,,,,,,,,,,,,,,,,,,,,,,,,,,,,,,,
,,,,,,,,,,,,,,,,,,,,,,,,,,,,,,,,,,,,,,,,,,,,,,,,,,,,,,,,,,,,,,,,,,,,,,
,,,,,,,,,,,,,,,,,,,,,,,,,,,,,,,,,,,,,,,,,,,,,,,,,,,,,,,,,,,,,,,,,,,,,,
,,,,,,,,,,,,,,,,,,,,,,,,,,,,,,,,,,,,,,,,,,,,,,,,,,,,,,,,,,,,,,,,,,,,,,
,,,,,,,,,,,,,,,,,,,,,,,,,,,,,,,,,,,,,,,,,,,,,,,,,,,,,,,,,,,,,,,,,,,,,,
,,,,,,,,,,,,,,,,,,,,,,,,,,,,,,,,,,,,,,,,,,,,,,,,,,,,,,,,,,,,,,,,,,,,,,
,,,,,,,,,,,,,,,,,,,,,,,,,,,,,,,,,,,,,,,,,,,,,,,,,,,,,,,,,,,,,,,,,,,,,,
,,,,,,,,,,,,,,,,,,,,,,,,,,,,,,,,,,,,,,,,,,,,,,,,,,,,,,,,,,,,,,,,,,,,,,
,,,,,,,,,,,,,,,,,,,,,,,,,,,,,,,,,,,,,,,,,,,,,,,,,,,,,,,,,,,,,,,,,,,,,,
,,,,,,,,,,,,,,,,,,,,,,,,,,,,,,,,,,,,,,,,,,,,,,,,,,,,,,,,,,,,,,,,,,,,,,
,,,,,,,,,,,,,,,,,,,,,,,,,,,,,,,,,,,,,,,,,,,,,,,,,,,,,,,,,,,,,,,,,,,,,,
,,,,,,,,,,,,,,,,,,,,,,,,,,,,,,,,,,,,,,,,,,,,,,,,,,,,,,,,,,,,,,,,,,,,,,
,,,,,,,,,,,,,,,,,,,,,,,,,,,,,,,,,,,,,,,,,,,,,,,,,,,,,,,,,,,,,,,,,,,,,,
,,,,,,,,,,,,,,,,,,,,,,,,,,,,,,,,,,,,,,,,,,,,,,,,,,,,,,,,,,,,,,,,,,,,,,
,,,,,,,,,,,,,,,,,,,,,,,,,,,,,,,,,,,,,,,,,,,,,,,,,,,,,,,,,,,,,,,,,,,,,,
,,,,,,,,,,,,,,,,,,,,,,,,,,,,,,,,,,,,,,,,,,,,,,,,,,,,,,,,,,,,,,,,,,,,,,
,,,,,,,,,,,,,,,,,,,,,,,,,,,,,,,,,,,,,,,,,,,,,,,,,,,,,,,,,,,,,,,,,,,,,,
,,,,,,,,,,,,,,,,,,,,,,,,,,,,,,,,,,,,,,,,,,,,,,,,,,,,,,,,,,,,,,,,,,,,,,
,,,,,,,,,,,,,,,,,,,,,,,,,,,,,,,,,,,,,,,,,,,,,,,,,,,,,,,,,,,,,,,,,,,,,,
,,,,,,,,,,,,,,,,,,,,,,,,,,,,,,,,,,,,,,,,,,,,,,,,,,,,,,,,,,,,,,,,,,,,,,
,,,,,,,,,,,,,,,,,,,,,,,,,,,,,,,,,,,,,,,,,,,,,,,,,,,,,,,,,,,,,,,,,,,,,,
,,,,,,,,,,,,,,,,,,,,,,,,,,,,,,,,,,,,,,,,,,,,,,,,,,,,,,,,,,,,,,,,,,,,,,
,,,,,,,,,,,,,,,,,,,,,,,,,,,,,,,,,,,,,,,,,,,,,,,,,,,,,,,,,,,,,,,,,,,,,,
,,,,,,,,,,,,,,,,,,,,,,,,,,,,,,,,,,,,,,,,,,,,,,,,,,,,,,,,,,,,,,,,,,,,,,
,,,,,,,,,,,,,,,,,,,,,,,,,,,,,,,,,,,,,,,,,,,,,,,,,,,,,,,,,,,,,,,,,,,,,,
,,,,,,,,,,,,,,,,,,,,,,,,,,,,,,,,,,,,,,,,,,,,,,,,,,,,,,,,,,,,,,,,,,,,,,
,,,,,,,,,,,,,,,,,,,,,,,,,,,,,,,,,,,,,,,,,,,,,,,,,,,,,,,,,,,,,,,,,,,,,,
,,,,,,,,,,,,,,,,,,,,,,,,,,,,,,,,,,,,,,,,,,,,,,,,,,,,,,,,,,,,,,,,,,,,,,
,,,,,,,,,,,,,,,,,,,,,,,,,,,,,,,,,,,,,,,,,,,,,,,,,,,,,,,,,,,,,,,,,,,,,,
,,,,,,,,,,,,,,,,,,,,,,,,,,,,,,,,,,,,,,,,,,,,,,,,,,,,,,,,,,,,,,,,,,,,,,
,,,,,,,,,,,,,,,,,,,,,,,,,,,,,,,,,,,,,,,,,,,,,,,,,,,,,,,,,,,,,,,,,,,,,,
,,,,,,,,,,,,,,,,,,,,,,,,,,,,,,,,,,,,,,,,,,,,,,,,,,,,,,,,,,,,,,,,,,,,,,
,,,,,,,,,,,,,,,,,,,,,,,,,,,,,,,,,,,,,,,,,,,,,,,,,,,,,,,,,,,,,,,,,,,,,,
,,,,,,,,,,,,,,,,,,,,,,,,,,,,,,,,,,,,,,,,,,,,,,,,,,,,,,,,,,,,,,,,,,,,,,
,,,,,,,,,,,,,,,,,,,,,,,,,,,,,,,,,,,,,,,,,,,,,,,,,,,,,,,,,,,,,,,,,,,,,,
,,,,,,,,,,,,,,,,,,,,,,,,,,,,,,,,,,,,,,,,,,,,,,,,,,,,,,,,,,,,,,,,,,,,,,
,,,,,,,,,,,,,,,,,,,,,,,,,,,,,,,,,,,,,,,,,,,,,,,,,,,,,,,,,,,,,,,,,,,,,,
,,,,,,,,,,,,,,,,,,,,,,,,,,,,,,,,,,,,,,,,,,,,,,,,,,,,,,,,,,,,,,,,,,,,,,
,,,,,,,,,,,,,,,,,,,,,,,,,,,,,,,,,,,,,,,,,,,,,,,,,,,,,,,,,,,,,,,,,,,,,,
,,,,,,,,,,,,,,,,,,,,,,,,,,,,,,,,,,,,,,,,,,,,,,,,,,,,,,,,,,,,,,,,,,,,,,
,,,,,,,,,,,,,,,,,,,,,,,,,,,,,,,,,,,,,,,,,,,,,,,,,,,,,,,,,,,,,,,,,,,,,,
,,,,,,,,,,,,,,,,,,,,,,,,,,,,,,,,,,,,,,,,,,,,,,,,,,,,,,,,,,,,,,,,,,,,,,
,,,,,,,,,,,,,,,,,,,,,,,,,,,,,,,,,,,,,,,,,,,,,,,,,,,,,,,,,,,,,,,,,,,,,,
,,,,,,,,,,,,,,,,,,,,,,,,,,,,,,,,,,,,,,,,,,,,,,,,,,,,,,,,,,,,,,,,,,,,,,
,,,,,,,,,,,,,,,,,,,,,,,,,,,,,,,,,,,,,,,,,,,,,,,,,,,,,,,,,,,,,,,,,,,,,,
,,,,,,,,,,,,,,,,,,,,,,,,,,,,,,,,,,,,,,,,,,,,,,,,,,,,,,,,,,,,,,,,,,,,,,
,,,,,,,,,,,,,,,,,,,,,,,,,,,,,,,,,,,,,,,,,,,,,,,,,,,,,,,,,,,,,,,,,,,,,,
,,,,,,,,,,,,,,,,,,,,,,,,,,,,,,,,,,,,,,,,,,,,,,,,,,,,,,,,,,,,,,,,,,,,,,
,,,,,,,,,,,,,,,,,,,,,,,,,,,,,,,,,,,,,,,,,,,,,,,,,,,,,,,,,,,,,,,,,,,,,,
,,,,,,,,,,,,,,,,,,,,,,,,,,,,,,,,,,,,,,,,,,,,,,,,,,,,,,,,,,,,,,,,,,,,,,
,,,,,,,,,,,,,,,,,,,,,,,,,,,,,,,,,,,,,,,,,,,,,,,,,,,,,,,,,,,,,,,,,,,,,,
,,,,,,,,,,,,,,,,,,,,,,,,,,,,,,,,,,,,,,,,,,,,,,,,,,,,,,,,,,,,,,,,,,,,,,
,,,,,,,,,,,,,,,,,,,,,,,,,,,,,,,,,,,,,,,,,,,,,,,,,,,,,,,,,,,,,,,,,,,,,,
,,,,,,,,,,,,,,,,,,,,,,,,,,,,,,,,,,,,,,,,,,,,,,,,,,,,,,,,,,,,,,,,,,,,,,
,,,,,,,,,,,,,,,,,,,,,,,,,,,,,,,,,,,,,,,,,,,,,,,,,,,,,,,,,,,,,,,,,,,,,,
,,,,,,,,,,,,,,,,,,,,,,,,,,,,,,,,,,,,,,,,,,,,,,,,,,,,,,,,,,,,,,,,,,,,,,
,,,,,,,,,,,,,,,,,,,,,,,,,,,,,,,,,,,,,,,,,,,,,,,,,,,,,,,,,,,,,,,,,,,,,,
,,,,,,,,,,,,,,,,,,,,,,,,,,,,,,,,,,,,,,,,,,,,,,,,,,,,,,,,,,,,,,,,,,,,,,
,,,,,,,,,,,,,,,,,,,,,,,,,,,,,,,,,,,,,,,,,,,,,,,,,,,,,,,,,,,,,,,,,,,,,,
,,,,,,,,,,,,,,,,,,,,,,,,,,,,,,,,,,,,,,,,,,,,,,,,,,,,,,,,,,,,,,,,,,,,,,
,,,,,,,,,,,,,,,,,,,,,,,,,,,,,,,,,,,,,,,,,,,,,,,,,,,,,,,,,,,,,,,,,,,,,,
,,,,,,,,,,,,,,,,,,,,,,,,,,,,,,,,,,,,,,,,,,,,,,,,,,,,,,,,,,,,,,,,,,,,,,
,,,,,,,,,,,,,,,,,,,,,,,,,,,,,,,,,,,,,,,,,,,,,,,,,,,,,,,,,,,,,,,,,,,,,,
,,,,,,,,,,,,,,,,,,,,,,,,,,,,,,,,,,,,,,,,,,,,,,,,,,,,,,,,,,,,,,,,,,,,,,
,,,,,,,,,,,,,,,,,,,,,,,,,,,,,,,,,,,,,,,,,,,,,,,,,,,,,,,,,,,,,,,,,,,,,,
,,,,,,,,,,,,,,,,,,,,,,,,,,,,,,,,,,,,,,,,,,,,,,,,,,,,,,,,,,,,,,,,,,,,,,
,,,,,,,,,,,,,,,,,,,,,,,,,,,,,,,,,,,,,,,,,,,,,,,,,,,,,,,,,,,,,,,,,,,,,,
,,,,,,,,,,,,,,,,,,,,,,,,,,,,,,,,,,,,,,,,,,,,,,,,,,,,,,,,,,,,,,,,,,,,,,
,,,,,,,,,,,,,,,,,,,,,,,,,,,,,,,,,,,,,,,,,,,,,,,,,,,,,,,,,,,,,,,,,,,,,,
,,,,,,,,,,,,,,,,,,,,,,,,,,,,,,,,,,,,,,,,,,,,,,,,,,,,,,,,,,,,,,,,,,,,,,
,,,,,,,,,,,,,,,,,,,,,,,,,,,,,,,,,,,,,,,,,,,,,,,,,,,,,,,,,,,,,,,,,,,,,,
,,,,,,,,,,,,,,,,,,,,,,,,,,,,,,,,,,,,,,,,,,,,,,,,,,,,,,,,,,,,,,,,,,,,,,
,,,,,,,,,,,,,,,,,,,,,,,,,,,,,,,,,,,,,,,,,,,,,,,,,,,,,,,,,,,,,,,,,,,,,,
,,,,,,,,,,,,,,,,,,,,,,,,,,,,,,,,,,,,,,,,,,,,,,,,,,,,,,,,,,,,,,,,,,,,,,
,,,,,,,,,,,,,,,,,,,,,,,,,,,,,,,,,,,,,,,,,,,,,,,,,,,,,,,,,,,,,,,,,,,,,,
,,,,,,,,,,,,,,,,,,,,,,,,,,,,,,,,,,,,,,,,,,,,,,,,,,,,,,,,,,,,,,,,,,,,,,
,,,,,,,,,,,,,,,,,,,,,,,,,,,,,,,,,,,,,,,,,,,,,,,,,,,,,,,,,,,,,,,,,,,,,,
,,,,,,,,,,,,,,,,,,,,,,,,,,,,,,,,,,,,,,,,,,,,,,,,,,,,,,,,,,,,,,,,,,,,,,
,,,,,,,,,,,,,,,,,,,,,,,,,,,,,,,,,,,,,,,,,,,,,,,,,,,,,,,,,,,,,,,,,,,,,,
,,,,,,,,,,,,,,,,,,,,,,,,,,,,,,,,,,,,,,,,,,,,,,,,,,,,,,,,,,,,,,,,,,,,,,
,,,,,,,,,,,,,,,,,,,,,,,,,,,,,,,,,,,,,,,,,,,,,,,,,,,,,,,,,,,,,,,,,,,,,,
,,,,,,,,,,,,,,,,,,,,,,,,,,,,,,,,,,,,,,,,,,,,,,,,,,,,,,,,,,,,,,,,,,,,,,
,,,,,,,,,,,,,,,,,,,,,,,,,,,,,,,,,,,,,,,,,,,,,,,,,,,,,,,,,,,,,,,,,,,,,,
,,,,,,,,,,,,,,,,,,,,,,,,,,,,,,,,,,,,,,,,,,,,,,,,,,,,,,,,,,,,,,,,,,,,,,
,,,,,,,,,,,,,,,,,,,,,,,,,,,,,,,,,,,,,,,,,,,,,,,,,,,,,,,,,,,,,,,,,,,,,,
,,,,,,,,,,,,,,,,,,,,,,,,,,,,,,,,,,,,,,,,,,,,,,,,,,,,,,,,,,,,,,,,,,,,,,
,,,,,,,,,,,,,,,,,,,,,,,,,,,,,,,,,,,,,,,,,,,,,,,,,,,,,,,,,,,,,,,,,,,,,,
,,,,,,,,,,,,,,,,,,,,,,,,,,,,,,,,,,,,,,,,,,,,,,,,,,,,,,,,,,,,,,,,,,,,,,
,,,,,,,,,,,,,,,,,,,,,,,,,,,,,,,,,,,,,,,,,,,,,,,,,,,,,,,,,,,,,,,,,,,,,,
,,,,,,,,,,,,,,,,,,,,,,,,,,,,,,,,,,,,,,,,,,,,,,,,,,,,,,,,,,,,,,,,,,,,,,
,,,,,,,,,,,,,,,,,,,,,,,,,,,,,,,,,,,,,,,,,,,,,,,,,,,,,,,,,,,,,,,,,,,,,,
,,,,,,,,,,,,,,,,,,,,,,,,,,,,,,,,,,,,,,,,,,,,,,,,,,,,,,,,,,,,,,,,,,,,,,
,,,,,,,,,,,,,,,,,,,,,,,,,,,,,,,,,,,,,,,,,,,,,,,,,,,,,,,,,,,,,,,,,,,,,,
,,,,,,,,,,,,,,,,,,,,,,,,,,,,,,,,,,,,,,,,,,,,,,,,,,,,,,,,,,,,,,,,,,,,,,
,,,,,,,,,,,,,,,,,,,,,,,,,,,,,,,,,,,,,,,,,,,,,,,,,,,,,,,,,,,,,,,,,,,,,,
,,,,,,,,,,,,,,,,,,,,,,,,,,,,,,,,,,,,,,,,,,,,,,,,,,,,,,,,,,,,,,,,,,,,,,
,,,,,,,,,,,,,,,,,,,,,,,,,,,,,,,,,,,,,,,,,,,,,,,,,,,,,,,,,,,,,,,,,,,,,,
,,,,,,,,,,,,,,,,,,,,,,,,,,,,,,,,,,,,,,,,,,,,,,,,,,,,,,,,,,,,,,,,,,,,,,
,,,,,,,,,,,,,,,,,,,,,,,,,,,,,,,,,,,,,,,,,,,,,,,,,,,,,,,,,,,,,,,,,,,,,,
,,,,,,,,,,,,,,,,,,,,,,,,,,,,,,,,,,,,,,,,,,,,,,,,,,,,,,,,,,,,,,,,,,,,,,
,,,,,,,,,,,,,,,,,,,,,,,,,,,,,,,,,,,,,,,,,,,,,,,,,,,,,,,,,,,,,,,,,,,,,,
,,,,,,,,,,,,,,,,,,,,,,,,,,,,,,,,,,,,,,,,,,,,,,,,,,,,,,,,,,,,,,,,,,,,,,
,,,,,,,,,,,,,,,,,,,,,,,,,,,,,,,,,,,,,,,,,,,,,,,,,,,,,,,,,,,,,,,,,,,,,,
,,,,,,,,,,,,,,,,,,,,,,,,,,,,,,,,,,,,,,,,,,,,,,,,,,,,,,,,,,,,,,,,,,,,,,
,,,,,,,,,,,,,,,,,,,,,,,,,,,,,,,,,,,,,,,,,,,,,,,,,,,,,,,,,,,,,,,,,,,,,,
,,,,,,,,,,,,,,,,,,,,,,,,,,,,,,,,,,,,,,,,,,,,,,,,,,,,,,,,,,,,,,,,,,,,,,
,,,,,,,,,,,,,,,,,,,,,,,,,,,,,,,,,,,,,,,,,,,,,,,,,,,,,,,,,,,,,,,,,,,,,,
,,,,,,,,,,,,,,,,,,,,,,,,,,,,,,,,,,,,,,,,,,,,,,,,,,,,,,,,,,,,,,,,,,,,,,
,,,,,,,,,,,,,,,,,,,,,,,,,,,,,,,,,,,,,,,,,,,,,,,,,,,,,,,,,,,,,,,,,,,,,,
,,,,,,,,,,,,,,,,,,,,,,,,,,,,,,,,,,,,,,,,,,,,,,,,,,,,,,,,,,,,,,,,,,,,,,
,,,,,,,,,,,,,,,,,,,,,,,,,,,,,,,,,,,,,,,,,,,,,,,,,,,,,,,,,,,,,,,,,,,,,,
,,,,,,,,,,,,,,,,,,,,,,,,,,,,,,,,,,,,,,,,,,,,,,,,,,,,,,,,,,,,,,,,,,,,,,
,,,,,,,,,,,,,,,,,,,,,,,,,,,,,,,,,,,,,,,,,,,,,,,,,,,,,,,,,,,,,,,,,,,,,,
,,,,,,,,,,,,,,,,,,,,,,,,,,,,,,,,,,,,,,,,,,,,,,,,,,,,,,,,,,,,,,,,,,,,,,
,,,,,,,,,,,,,,,,,,,,,,,,,,,,,,,,,,,,,,,,,,,,,,,,,,,,,,,,,,,,,,,,,,,,,,
,,,,,,,,,,,,,,,,,,,,,,,,,,,,,,,,,,,,,,,,,,,,,,,,,,,,,,,,,,,,,,,,,,,,,,
,,,,,,,,,,,,,,,,,,,,,,,,,,,,,,,,,,,,,,,,,,,,,,,,,,,,,,,,,,,,,,,,,,,,,,
,,,,,,,,,,,,,,,,,,,,,,,,,,,,,,,,,,,,,,,,,,,,,,,,,,,,,,,,,,,,,,,,,,,,,,
,,,,,,,,,,,,,,,,,,,,,,,,,,,,,,,,,,,,,,,,,,,,,,,,,,,,,,,,,,,,,,,,,,,,,,
,,,,,,,,,,,,,,,,,,,,,,,,,,,,,,,,,,,,,,,,,,,,,,,,,,,,,,,,,,,,,,,,,,,,,,
,,,,,,,,,,,,,,,,,,,,,,,,,,,,,,,,,,,,,,,,,,,,,,,,,,,,,,,,,,,,,,,,,,,,,,
,,,,,,,,,,,,,,,,,,,,,,,,,,,,,,,,,,,,,,,,,,,,,,,,,,,,,,,,,,,,,,,,,,,,,,
,,,,,,,,,,,,,,,,,,,,,,,,,,,,,,,,,,,,,,,,,,,,,,,,,,,,,,,,,,,,,,,,,,,,,,
,,,,,,,,,,,,,,,,,,,,,,,,,,,,,,,,,,,,,,,,,,,,,,,,,,,,,,,,,,,,,,,,,,,,,,
,,,,,,,,,,,,,,,,,,,,,,,,,,,,,,,,,,,,,,,,,,,,,,,,,,,,,,,,,,,,,,,,,,,,,,
,,,,,,,,,,,,,,,,,,,,,,,,,,,,,,,,,,,,,,,,,,,,,,,,,,,,,,,,,,,,,,,,,,,,,,
,,,,,,,,,,,,,,,,,,,,,,,,,,,,,,,,,,,,,,,,,,,,,,,,,,,,,,,,,,,,,,,,,,,,,,
,,,,,,,,,,,,,,,,,,,,,,,,,,,,,,,,,,,,,,,,,,,,,,,,,,,,,,,,,,,,,,,,,,,,,,
,,,,,,,,,,,,,,,,,,,,,,,,,,,,,,,,,,,,,,,,,,,,,,,,,,,,,,,,,,,,,,,,,,,,,,
,,,,,,,,,,,,,,,,,,,,,,,,,,,,,,,,,,,,,,,,,,,,,,,,,,,,,,,,,,,,,,,,,,,,,,
,,,,,,,,,,,,,,,,,,,,,,,,,,,,,,,,,,,,,,,,,,,,,,,,,,,,,,,,,,,,,,,,,,,,,,
,,,,,,,,,,,,,,,,,,,,,,,,,,,,,,,,,,,,,,,,,,,,,,,,,,,,,,,,,,,,,,,,,,,,,,
,,,,,,,,,,,,,,,,,,,,,,,,,,,,,,,,,,,,,,,,,,,,,,,,,,,,,,,,,,,,,,,,,,,,,,
,,,,,,,,,,,,,,,,,,,,,,,,,,,,,,,,,,,,,,,,,,,,,,,,,,,,,,,,,,,,,,,,,,,,,,
,,,,,,,,,,,,,,,,,,,,,,,,,,,,,,,,,,,,,,,,,,,,,,,,,,,,,,,,,,,,,,,,,,,,,,
,,,,,,,,,,,,,,,,,,,,,,,,,,,,,,,,,,,,,,,,,,,,,,,,,,,,,,,,,,,,,,,,,,,,,,
,,,,,,,,,,,,,,,,,,,,,,,,,,,,,,,,,,,,,,,,,,,,,,,,,,,,,,,,,,,,,,,,,,,,,,
,,,,,,,,,,,,,,,,,,,,,,,,,,,,,,,,,,,,,,,,,,,,,,,,,,,,,,,,,,,,,,,,,,,,,,
,,,,,,,,,,,,,,,,,,,,,,,,,,,,,,,,,,,,,,,,,,,,,,,,,,,,,,,,,,,,,,,,,,,,,,
,,,,,,,,,,,,,,,,,,,,,,,,,,,,,,,,,,,,,,,,,,,,,,,,,,,,,,,,,,,,,,,,,,,,,,
,,,,,,,,,,,,,,,,,,,,,,,,,,,,,,,,,,,,,,,,,,,,,,,,,,,,,,,,,,,,,,,,,,,,,,
,,,,,,,,,,,,,,,,,,,,,,,,,,,,,,,,,,,,,,,,,,,,,,,,,,,,,,,,,,,,,,,,,,,,,,
,,,,,,,,,,,,,,,,,,,,,,,,,,,,,,,,,,,,,,,,,,,,,,,,,,,,,,,,,,,,,,,,,,,,,,
,,,,,,,,,,,,,,,,,,,,,,,,,,,,,,,,,,,,,,,,,,,,,,,,,,,,,,,,,,,,,,,,,,,,,,
,,,,,,,,,,,,,,,,,,,,,,,,,,,,,,,,,,,,,,,,,,,,,,,,,,,,,,,,,,,,,,,,,,,,,,
,,,,,,,,,,,,,,,,,,,,,,,,,,,,,,,,,,,,,,,,,,,,,,,,,,,,,,,,,,,,,,,,,,,,,,
,,,,,,,,,,,,,,,,,,,,,,,,,,,,,,,,,,,,,,,,,,,,,,,,,,,,,,,,,,,,,,,,,,,,,,
,,,,,,,,,,,,,,,,,,,,,,,,,,,,,,,,,,,,,,,,,,,,,,,,,,,,,,,,,,,,,,,,,,,,,,
,,,,,,,,,,,,,,,,,,,,,,,,,,,,,,,,,,,,,,,,,,,,,,,,,,,,,,,,,,,,,,,,,,,,,,
,,,,,,,,,,,,,,,,,,,,,,,,,,,,,,,,,,,,,,,,,,,,,,,,,,,,,,,,,,,,,,,,,,,,,,
,,,,,,,,,,,,,,,,,,,,,,,,,,,,,,,,,,,,,,,,,,,,,,,,,,,,,,,,,,,,,,,,,,,,,,
,,,,,,,,,,,,,,,,,,,,,,,,,,,,,,,,,,,,,,,,,,,,,,,,,,,,,,,,,,,,,,,,,,,,,,
,,,,,,,,,,,,,,,,,,,,,,,,,,,,,,,,,,,,,,,,,,,,,,,,,,,,,,,,,,,,,,,,,,,,,,
,,,,,,,,,,,,,,,,,,,,,,,,,,,,,,,,,,,,,,,,,,,,,,,,,,,,,,,,,,,,,,,,,,,,,,
,,,,,,,,,,,,,,,,,,,,,,,,,,,,,,,,,,,,,,,,,,,,,,,,,,,,,,,,,,,,,,,,,,,,,,
,,,,,,,,,,,,,,,,,,,,,,,,,,,,,,,,,,,,,,,,,,,,,,,,,,,,,,,,,,,,,,,,,,,,,,
,,,,,,,,,,,,,,,,,,,,,,,,,,,,,,,,,,,,,,,,,,,,,,,,,,,,,,,,,,,,,,,,,,,,,,
,,,,,,,,,,,,,,,,,,,,,,,,,,,,,,,,,,,,,,,,,,,,,,,,,,,,,,,,,,,,,,,,,,,,,,
,,,,,,,,,,,,,,,,,,,,,,,,,,,,,,,,,,,,,,,,,,,,,,,,,,,,,,,,,,,,,,,,,,,,,,
,,,,,,,,,,,,,,,,,,,,,,,,,,,,,,,,,,,,,,,,,,,,,,,,,,,,,,,,,,,,,,,,,,,,,,
,,,,,,,,,,,,,,,,,,,,,,,,,,,,,,,,,,,,,,,,,,,,,,,,,,,,,,,,,,,,,,,,,,,,,,
,,,,,,,,,,,,,,,,,,,,,,,,,,,,,,,,,,,,,,,,,,,,,,,,,,,,,,,,,,,,,,,,,,,,,,
,,,,,,,,,,,,,,,,,,,,,,,,,,,,,,,,,,,,,,,,,,,,,,,,,,,,,,,,,,,,,,,,,,,,,,
,,,,,,,,,,,,,,,,,,,,,,,,,,,,,,,,,,,,,,,,,,,,,,,,,,,,,,,,,,,,,,,,,,,,,,
,,,,,,,,,,,,,,,,,,,,,,,,,,,,,,,,,,,,,,,,,,,,,,,,,,,,,,,,,,,,,,,,,,,,,,
,,,,,,,,,,,,,,,,,,,,,,,,,,,,,,,,,,,,,,,,,,,,,,,,,,,,,,,,,,,,,,,,,,,,,,
,,,,,,,,,,,,,,,,,,,,,,,,,,,,,,,,,,,,,,,,,,,,,,,,,,,,,,,,,,,,,,,,,,,,,,
,,,,,,,,,,,,,,,,,,,,,,,,,,,,,,,,,,,,,,,,,,,,,,,,,,,,,,,,,,,,,,,,,,,,,,
,,,,,,,,,,,,,,,,,,,,,,,,,,,,,,,,,,,,,,,,,,,,,,,,,,,,,,,,,,,,,,,,,,,,,,
,,,,,,,,,,,,,,,,,,,,,,,,,,,,,,,,,,,,,,,,,,,,,,,,,,,,,,,,,,,,,,,,,,,,,,
,,,,,,,,,,,,,,,,,,,,,,,,,,,,,,,,,,,,,,,,,,,,,,,,,,,,,,,,,,,,,,,,,,,,,,
,,,,,,,,,,,,,,,,,,,,,,,,,,,,,,,,,,,,,,,,,,,,,,,,,,,,,,,,,,,,,,,,,,,,,,
,,,,,,,,,,,,,,,,,,,,,,,,,,,,,,,,,,,,,,,,,,,,,,,,,,,,,,,,,,,,,,,,,,,,,,
,,,,,,,,,,,,,,,,,,,,,,,,,,,,,,,,,,,,,,,,,,,,,,,,,,,,,,,,,,,,,,,,,,,,,,
,,,,,,,,,,,,,,,,,,,,,,,,,,,,,,,,,,,,,,,,,,,,,,,,,,,,,,,,,,,,,,,,,,,,,,
,,,,,,,,,,,,,,,,,,,,,,,,,,,,,,,,,,,,,,,,,,,,,,,,,,,,,,,,,,,,,,,,,,,,,,
,,,,,,,,,,,,,,,,,,,,,,,,,,,,,,,,,,,,,,,,,,,,,,,,,,,,,,,,,,,,,,,,,,,,,,
,,,,,,,,,,,,,,,,,,,,,,,,,,,,,,,,,,,,,,,,,,,,,,,,,,,,,,,,,,,,,,,,,,,,,,
,,,,,,,,,,,,,,,,,,,,,,,,,,,,,,,,,,,,,,,,,,,,,,,,,,,,,,,,,,,,,,,,,,,,,,
,,,,,,,,,,,,,,,,,,,,,,,,,,,,,,,,,,,,,,,,,,,,,,,,,,,,,,,,,,,,,,,,,,,,,,
,,,,,,,,,,,,,,,,,,,,,,,,,,,,,,,,,,,,,,,,,,,,,,,,,,,,,,,,,,,,,,,,,,,,,,
,,,,,,,,,,,,,,,,,,,,,,,,,,,,,,,,,,,,,,,,,,,,,,,,,,,,,,,,,,,,,,,,,,,,,,
,,,,,,,,,,,,,,,,,,,,,,,,,,,,,,,,,,,,,,,,,,,,,,,,,,,,,,,,,,,,,,,,,,,,,,
,,,,,,,,,,,,,,,,,,,,,,,,,,,,,,,,,,,,,,,,,,,,,,,,,,,,,,,,,,,,,,,,,,,,,,
,,,,,,,,,,,,,,,,,,,,,,,,,,,,,,,,,,,,,,,,,,,,,,,,,,,,,,,,,,,,,,,,,,,,,,
,,,,,,,,,,,,,,,,,,,,,,,,,,,,,,,,,,,,,,,,,,,,,,,,,,,,,,,,,,,,,,,,,,,,,,
,,,,,,,,,,,,,,,,,,,,,,,,,,,,,,,,,,,,,,,,,,,,,,,,,,,,,,,,,,,,,,,,,,,,,,
,,,,,,,,,,,,,,,,,,,,,,,,,,,,,,,,,,,,,,,,,,,,,,,,,,,,,,,,,,,,,,,,,,,,,,
,,,,,,,,,,,,,,,,,,,,,,,,,,,,,,,,,,,,,,,,,,,,,,,,,,,,,,,,,,,,,,,,,,,,,,
,,,,,,,,,,,,,,,,,,,,,,,,,,,,,,,,,,,,,,,,,,,,,,,,,,,,,,,,,,,,,,,,,,,,,,
,,,,,,,,,,,,,,,,,,,,,,,,,,,,,,,,,,,,,,,,,,,,,,,,,,,,,,,,,,,,,,,,,,,,,,
,,,,,,,,,,,,,,,,,,,,,,,,,,,,,,,,,,,,,,,,,,,,,,,,,,,,,,,,,,,,,,,,,,,,,,
,,,,,,,,,,,,,,,,,,,,,,,,,,,,,,,,,,,,,,,,,,,,,,,,,,,,,,,,,,,,,,,,,,,,,,
,,,,,,,,,,,,,,,,,,,,,,,,,,,,,,,,,,,,,,,,,,,,,,,,,,,,,,,,,,,,,,,,,,,,,,
,,,,,,,,,,,,,,,,,,,,,,,,,,,,,,,,,,,,,,,,,,,,,,,,,,,,,,,,,,,,,,,,,,,,,,
,,,,,,,,,,,,,,,,,,,,,,,,,,,,,,,,,,,,,,,,,,,,,,,,,,,,,,,,,,,,,,,,,,,,,,
,,,,,,,,,,,,,,,,,,,,,,,,,,,,,,,,,,,,,,,,,,,,,,,,,,,,,,,,,,,,,,,,,,,,,,
,,,,,,,,,,,,,,,,,,,,,,,,,,,,,,,,,,,,,,,,,,,,,,,,,,,,,,,,,,,,,,,,,,,,,,
,,,,,,,,,,,,,,,,,,,,,,,,,,,,,,,,,,,,,,,,,,,,,,,,,,,,,,,,,,,,,,,,,,,,,,
,,,,,,,,,,,,,,,,,,,,,,,,,,,,,,,,,,,,,,,,,,,,,,,,,,,,,,,,,,,,,,,,,,,,,,
,,,,,,,,,,,,,,,,,,,,,,,,,,,,,,,,,,,,,,,,,,,,,,,,,,,,,,,,,,,,,,,,,,,,,,
,,,,,,,,,,,,,,,,,,,,,,,,,,,,,,,,,,,,,,,,,,,,,,,,,,,,,,,,,,,,,,,,,,,,,,
,,,,,,,,,,,,,,,,,,,,,,,,,,,,,,,,,,,,,,,,,,,,,,,,,,,,,,,,,,,,,,,,,,,,,,
,,,,,,,,,,,,,,,,,,,,,,,,,,,,,,,,,,,,,,,,,,,,,,,,,,,,,,,,,,,,,,,,,,,,,,
,,,,,,,,,,,,,,,,,,,,,,,,,,,,,,,,,,,,,,,,,,,,,,,,,,,,,,,,,,,,,,,,,,,,,,
,,,,,,,,,,,,,,,,,,,,,,,,,,,,,,,,,,,,,,,,,,,,,,,,,,,,,,,,,,,,,,,,,,,,,,
,,,,,,,,,,,,,,,,,,,,,,,,,,,,,,,,,,,,,,,,,,,,,,,,,,,,,,,,,,,,,,,,,,,,,,
,,,,,,,,,,,,,,,,,,,,,,,,,,,,,,,,,,,,,,,,,,,,,,,,,,,,,,,,,,,,,,,,,,,,,,
,,,,,,,,,,,,,,,,,,,,,,,,,,,,,,,,,,,,,,,,,,,,,,,,,,,,,,,,,,,,,,,,,,,,,,
,,,,,,,,,,,,,,,,,,,,,,,,,,,,,,,,,,,,,,,,,,,,,,,,,,,,,,,,,,,,,,,,,,,,,,
,,,,,,,,,,,,,,,,,,,,,,,,,,,,,,,,,,,,,,,,,,,,,,,,,,,,,,,,,,,,,,,,,,,,,,
,,,,,,,,,,,,,,,,,,,,,,,,,,,,,,,,,,,,,,,,,,,,,,,,,,,,,,,,,,,,,,,,,,,,,,
,,,,,,,,,,,,,,,,,,,,,,,,,,,,,,,,,,,,,,,,,,,,,,,,,,,,,,,,,,,,,,,,,,,,,,
,,,,,,,,,,,,,,,,,,,,,,,,,,,,,,,,,,,,,,,,,,,,,,,,,,,,,,,,,,,,,,,,,,,,,,
,,,,,,,,,,,,,,,,,,,,,,,,,,,,,,,,,,,,,,,,,,,,,,,,,,,,,,,,,,,,,,,,,,,,,,
,,,,,,,,,,,,,,,,,,,,,,,,,,,,,,,,,,,,,,,,,,,,,,,,,,,,,,,,,,,,,,,,,,,,,,
,,,,,,,,,,,,,,,,,,,,,,,,,,,,,,,,,,,,,,,,,,,,,,,,,,,,,,,,,,,,,,,,,,,,,,
,,,,,,,,,,,,,,,,,,,,,,,,,,,,,,,,,,,,,,,,,,,,,,,,,,,,,,,,,,,,,,,,,,,,,,
,,,,,,,,,,,,,,,,,,,,,,,,,,,,,,,,,,,,,,,,,,,,,,,,,,,,,,,,,,,,,,,,,,,,,,
,,,,,,,,,,,,,,,,,,,,,,,,,,,,,,,,,,,,,,,,,,,,,,,,,,,,,,,,,,,,,,,,,,,,,,
,,,,,,,,,,,,,,,,,,,,,,,,,,,,,,,,,,,,,,,,,,,,,,,,,,,,,,,,,,,,,,,,,,,,,,
,,,,,,,,,,,,,,,,,,,,,,,,,,,,,,,,,,,,,,,,,,,,,,,,,,,,,,,,,,,,,,,,,,,,,,
,,,,,,,,,,,,,,,,,,,,,,,,,,,,,,,,,,,,,,,,,,,,,,,,,,,,,,,,,,,,,,,,,,,,,,
,,,,,,,,,,,,,,,,,,,,,,,,,,,,,,,,,,,,,,,,,,,,,,,,,,,,,,,,,,,,,,,,,,,,,,
,,,,,,,,,,,,,,,,,,,,,,,,,,,,,,,,,,,,,,,,,,,,,,,,,,,,,,,,,,,,,,,,,,,,,,
,,,,,,,,,,,,,,,,,,,,,,,,,,,,,,,,,,,,,,,,,,,,,,,,,,,,,,,,,,,,,,,,,,,,,,
,,,,,,,,,,,,,,,,,,,,,,,,,,,,,,,,,,,,,,,,,,,,,,,,,,,,,,,,,,,,,,,,,,,,,,
,,,,,,,,,,,,,,,,,,,,,,,,,,,,,,,,,,,,,,,,,,,,,,,,,,,,,,,,,,,,,,,,,,,,,,
,,,,,,,,,,,,,,,,,,,,,,,,,,,,,,,,,,,,,,,,,,,,,,,,,,,,,,,,,,,,,,,,,,,,,,
,,,,,,,,,,,,,,,,,,,,,,,,,,,,,,,,,,,,,,,,,,,,,,,,,,,,,,,,,,,,,,,,,,,,,,
,,,,,,,,,,,,,,,,,,,,,,,,,,,,,,,,,,,,,,,,,,,,,,,,,,,,,,,,,,,,,,,,,,,,,,
,,,,,,,,,,,,,,,,,,,,,,,,,,,,,,,,,,,,,,,,,,,,,,,,,,,,,,,,,,,,,,,,,,,,,,
,,,,,,,,,,,,,,,,,,,,,,,,,,,,,,,,,,,,,,,,,,,,,,,,,,,,,,,,,,,,,,,,,,,,,,
,,,,,,,,,,,,,,,,,,,,,,,,,,,,,,,,,,,,,,,,,,,,,,,,,,,,,,,,,,,,,,,,,,,,,,
,,,,,,,,,,,,,,,,,,,,,,,,,,,,,,,,,,,,,,,,,,,,,,,,,,,,,,,,,,,,,,,,,,,,,,
,,,,,,,,,,,,,,,,,,,,,,,,,,,,,,,,,,,,,,,,,,,,,,,,,,,,,,,,,,,,,,,,,,,,,,
,,,,,,,,,,,,,,,,,,,,,,,,,,,,,,,,,,,,,,,,,,,,,,,,,,,,,,,,,,,,,,,,,,,,,,
,,,,,,,,,,,,,,,,,,,,,,,,,,,,,,,,,,,,,,,,,,,,,,,,,,,,,,,,,,,,,,,,,,,,,,
,,,,,,,,,,,,,,,,,,,,,,,,,,,,,,,,,,,,,,,,,,,,,,,,,,,,,,,,,,,,,,,,,,,,,,
,,,,,,,,,,,,,,,,,,,,,,,,,,,,,,,,,,,,,,,,,,,,,,,,,,,,,,,,,,,,,,,,,,,,,,
,,,,,,,,,,,,,,,,,,,,,,,,,,,,,,,,,,,,,,,,,,,,,,,,,,,,,,,,,,,,,,,,,,,,,,
,,,,,,,,,,,,,,,,,,,,,,,,,,,,,,,,,,,,,,,,,,,,,,,,,,,,,,,,,,,,,,,,,,,,,,
,,,,,,,,,,,,,,,,,,,,,,,,,,,,,,,,,,,,,,,,,,,,,,,,,,,,,,,,,,,,,,,,,,,,,,
,,,,,,,,,,,,,,,,,,,,,,,,,,,,,,,,,,,,,,,,,,,,,,,,,,,,,,,,,,,,,,,,,,,,,,
,,,,,,,,,,,,,,,,,,,,,,,,,,,,,,,,,,,,,,,,,,,,,,,,,,,,,,,,,,,,,,,,,,,,,,
,,,,,,,,,,,,,,,,,,,,,,,,,,,,,,,,,,,,,,,,,,,,,,,,,,,,,,,,,,,,,,,,,,,,,,
,,,,,,,,,,,,,,,,,,,,,,,,,,,,,,,,,,,,,,,,,,,,,,,,,,,,,,,,,,,,,,,,,,,,,,
,,,,,,,,,,,,,,,,,,,,,,,,,,,,,,,,,,,,,,,,,,,,,,,,,,,,,,,,,,,,,,,,,,,,,,
,,,,,,,,,,,,,,,,,,,,,,,,,,,,,,,,,,,,,,,,,,,,,,,,,,,,,,,,,,,,,,,,,,,,,,
,,,,,,,,,,,,,,,,,,,,,,,,,,,,,,,,,,,,,,,,,,,,,,,,,,,,,,,,,,,,,,,,,,,,,,
,,,,,,,,,,,,,,,,,,,,,,,,,,,,,,,,,,,,,,,,,,,,,,,,,,,,,,,,,,,,,,,,,,,,,,
,,,,,,,,,,,,,,,,,,,,,,,,,,,,,,,,,,,,,,,,,,,,,,,,,,,,,,,,,,,,,,,,,,,,,,
,,,,,,,,,,,,,,,,,,,,,,,,,,,,,,,,,,,,,,,,,,,,,,,,,,,,,,,,,,,,,,,,,,,,,,
,,,,,,,,,,,,,,,,,,,,,,,,,,,,,,,,,,,,,,,,,,,,,,,,,,,,,,,,,,,,,,,,,,,,,,
,,,,,,,,,,,,,,,,,,,,,,,,,,,,,,,,,,,,,,,,,,,,,,,,,,,,,,,,,,,,,,,,,,,,,,
,,,,,,,,,,,,,,,,,,,,,,,,,,,,,,,,,,,,,,,,,,,,,,,,,,,,,,,,,,,,,,,,,,,,,,
,,,,,,,,,,,,,,,,,,,,,,,,,,,,,,,,,,,,,,,,,,,,,,,,,,,,,,,,,,,,,,,,,,,,,,
,,,,,,,,,,,,,,,,,,,,,,,,,,,,,,,,,,,,,,,,,,,,,,,,,,,,,,,,,,,,,,,,,,,,,,
,,,,,,,,,,,,,,,,,,,,,,,,,,,,,,,,,,,,,,,,,,,,,,,,,,,,,,,,,,,,,,,,,,,,,,
,,,,,,,,,,,,,,,,,,,,,,,,,,,,,,,,,,,,,,,,,,,,,,,,,,,,,,,,,,,,,,,,,,,,,,
,,,,,,,,,,,,,,,,,,,,,,,,,,,,,,,,,,,,,,,,,,,,,,,,,,,,,,,,,,,,,,,,,,,,,,
,,,,,,,,,,,,,,,,,,,,,,,,,,,,,,,,,,,,,,,,,,,,,,,,,,,,,,,,,,,,,,,,,,,,,,
,,,,,,,,,,,,,,,,,,,,,,,,,,,,,,,,,,,,,,,,,,,,,,,,,,,,,,,,,,,,,,,,,,,,,,
,,,,,,,,,,,,,,,,,,,,,,,,,,,,,,,,,,,,,,,,,,,,,,,,,,,,,,,,,,,,,,,,,,,,,,
,,,,,,,,,,,,,,,,,,,,,,,,,,,,,,,,,,,,,,,,,,,,,,,,,,,,,,,,,,,,,,,,,,,,,,
,,,,,,,,,,,,,,,,,,,,,,,,,,,,,,,,,,,,,,,,,,,,,,,,,,,,,,,,,,,,,,,,,,,,,,
,,,,,,,,,,,,,,,,,,,,,,,,,,,,,,,,,,,,,,,,,,,,,,,,,,,,,,,,,,,,,,,,,,,,,,
,,,,,,,,,,,,,,,,,,,,,,,,,,,,,,,,,,,,,,,,,,,,,,,,,,,,,,,,,,,,,,,,,,,,,,
,,,,,,,,,,,,,,,,,,,,,,,,,,,,,,,,,,,,,,,,,,,,,,,,,,,,,,,,,,,,,,,,,,,,,,
,,,,,,,,,,,,,,,,,,,,,,,,,,,,,,,,,,,,,,,,,,,,,,,,,,,,,,,,,,,,,,,,,,,,,,
,,,,,,,,,,,,,,,,,,,,,,,,,,,,,,,,,,,,,,,,,,,,,,,,,,,,,,,,,,,,,,,,,,,,,,
,,,,,,,,,,,,,,,,,,,,,,,,,,,,,,,,,,,,,,,,,,,,,,,,,,,,,,,,,,,,,,,,,,,,,,
,,,,,,,,,,,,,,,,,,,,,,,,,,,,,,,,,,,,,,,,,,,,,,,,,,,,,,,,,,,,,,,,,,,,,,
,,,,,,,,,,,,,,,,,,,,,,,,,,,,,,,,,,,,,,,,,,,,,,,,,,,,,,,,,,,,,,,,,,,,,,
,,,,,,,,,,,,,,,,,,,,,,,,,,,,,,,,,,,,,,,,,,,,,,,,,,,,,,,,,,,,,,,,,,,,,,
,,,,,,,,,,,,,,,,,,,,,,,,,,,,,,,,,,,,,,,,,,,,,,,,,,,,,,,,,,,,,,,,,,,,,,
,,,,,,,,,,,,,,,,,,,,,,,,,,,,,,,,,,,,,,,,,,,,,,,,,,,,,,,,,,,,,,,,,,,,,,
,,,,,,,,,,,,,,,,,,,,,,,,,,,,,,,,,,,,,,,,,,,,,,,,,,,,,,,,,,,,,,,,,,,,,,
,,,,,,,,,,,,,,,,,,,,,,,,,,,,,,,,,,,,,,,,,,,,,,,,,,,,,,,,,,,,,,,,,,,,,,
,,,,,,,,,,,,,,,,,,,,,,,,,,,,,,,,,,,,,,,,,,,,,,,,,,,,,,,,,,,,,,,,,,,,,,
,,,,,,,,,,,,,,,,,,,,,,,,,,,,,,,,,,,,,,,,,,,,,,,,,,,,,,,,,,,,,,,,,,,,,,
,,,,,,,,,,,,,,,,,,,,,,,,,,,,,,,,,,,,,,,,,,,,,,,,,,,,,,,,,,,,,,,,,,,,,,
,,,,,,,,,,,,,,,,,,,,,,,,,,,,,,,,,,,,,,,,,,,,,,,,,,,,,,,,,,,,,,,,,,,,,,
,,,,,,,,,,,,,,,,,,,,,,,,,,,,,,,,,,,,,,,,,,,,,,,,,,,,,,,,,,,,,,,,,,,,,,
,,,,,,,,,,,,,,,,,,,,,,,,,,,,,,,,,,,,,,,,,,,,,,,,,,,,,,,,,,,,,,,,,,,,,,
,,,,,,,,,,,,,,,,,,,,,,,,,,,,,,,,,,,,,,,,,,,,,,,,,,,,,,,,,,,,,,,,,,,,,,
,,,,,,,,,,,,,,,,,,,,,,,,,,,,,,,,,,,,,,,,,,,,,,,,,,,,,,,,,,,,,,,,,,,,,,
,,,,,,,,,,,,,,,,,,,,,,,,,,,,,,,,,,,,,,,,,,,,,,,,,,,,,,,,,,,,,,,,,,,,,,
,,,,,,,,,,,,,,,,,,,,,,,,,,,,,,,,,,,,,,,,,,,,,,,,,,,,,,,,,,,,,,,,,,,,,,
,,,,,,,,,,,,,,,,,,,,,,,,,,,,,,,,,,,,,,,,,,,,,,,,,,,,,,,,,,,,,,,,,,,,,,
,,,,,,,,,,,,,,,,,,,,,,,,,,,,,,,,,,,,,,,,,,,,,,,,,,,,,,,,,,,,,,,,,,,,,,
,,,,,,,,,,,,,,,,,,,,,,,,,,,,,,,,,,,,,,,,,,,,,,,,,,,,,,,,,,,,,,,,,,,,,,
,,,,,,,,,,,,,,,,,,,,,,,,,,,,,,,,,,,,,,,,,,,,,,,,,,,,,,,,,,,,,,,,,,,,,,
,,,,,,,,,,,,,,,,,,,,,,,,,,,,,,,,,,,,,,,,,,,,,,,,,,,,,,,,,,,,,,,,,,,,,,
,,,,,,,,,,,,,,,,,,,,,,,,,,,,,,,,,,,,,,,,,,,,,,,,,,,,,,,,,,,,,,,,,,,,,,
,,,,,,,,,,,,,,,,,,,,,,,,,,,,,,,,,,,,,,,,,,,,,,,,,,,,,,,,,,,,,,,,,,,,,,
,,,,,,,,,,,,,,,,,,,,,,,,,,,,,,,,,,,,,,,,,,,,,,,,,,,,,,,,,,,,,,,,,,,,,,
,,,,,,,,,,,,,,,,,,,,,,,,,,,,,,,,,,,,,,,,,,,,,,,,,,,,,,,,,,,,,,,,,,,,,,
,,,,,,,,,,,,,,,,,,,,,,,,,,,,,,,,,,,,,,,,,,,,,,,,,,,,,,,,,,,,,,,,,,,,,,
,,,,,,,,,,,,,,,,,,,,,,,,,,,,,,,,,,,,,,,,,,,,,,,,,,,,,,,,,,,,,,,,,,,,,,
,,,,,,,,,,,,,,,,,,,,,,,,,,,,,,,,,,,,,,,,,,,,,,,,,,,,,,,,,,,,,,,,,,,,,,
,,,,,,,,,,,,,,,,,,,,,,,,,,,,,,,,,,,,,,,,,,,,,,,,,,,,,,,,,,,,,,,,,,,,,,
,,,,,,,,,,,,,,,,,,,,,,,,,,,,,,,,,,,,,,,,,,,,,,,,,,,,,,,,,,,,,,,,,,,,,,
,,,,,,,,,,,,,,,,,,,,,,,,,,,,,,,,,,,,,,,,,,,,,,,,,,,,,,,,,,,,,,,,,,,,,,
,,,,,,,,,,,,,,,,,,,,,,,,,,,,,,,,,,,,,,,,,,,,,,,,,,,,,,,,,,,,,,,,,,,,,,
,,,,,,,,,,,,,,,,,,,,,,,,,,,,,,,,,,,,,,,,,,,,,,,,,,,,,,,,,,,,,,,,,,,,,,
,,,,,,,,,,,,,,,,,,,,,,,,,,,,,,,,,,,,,,,,,,,,,,,,,,,,,,,,,,,,,,,,,,,,,,
,,,,,,,,,,,,,,,,,,,,,,,,,,,,,,,,,,,,,,,,,,,,,,,,,,,,,,,,,,,,,,,,,,,,,,
,,,,,,,,,,,,,,,,,,,,,,,,,,,,,,,,,,,,,,,,,,,,,,,,,,,,,,,,,,,,,,,,,,,,,,
,,,,,,,,,,,,,,,,,,,,,,,,,,,,,,,,,,,,,,,,,,,,,,,,,,,,,,,,,,,,,,,,,,,,,,
,,,,,,,,,,,,,,,,,,,,,,,,,,,,,,,,,,,,,,,,,,,,,,,,,,,,,,,,,,,,,,,,,,,,,,
,,,,,,,,,,,,,,,,,,,,,,,,,,,,,,,,,,,,,,,,,,,,,,,,,,,,,,,,,,,,,,,,,,,,,,
,,,,,,,,,,,,,,,,,,,,,,,,,,,,,,,,,,,,,,,,,,,,,,,,,,,,,,,,,,,,,,,,,,,,,,
,,,,,,,,,,,,,,,,,,,,,,,,,,,,,,,,,,,,,,,,,,,,,,,,,,,,,,,,,,,,,,,,,,,,,,
,,,,,,,,,,,,,,,,,,,,,,,,,,,,,,,,,,,,,,,,,,,,,,,,,,,,,,,,,,,,,,,,,,,,,,
,,,,,,,,,,,,,,,,,,,,,,,,,,,,,,,,,,,,,,,,,,,,,,,,,,,,,,,,,,,,,,,,,,,,,,
,,,,,,,,,,,,,,,,,,,,,,,,,,,,,,,,,,,,,,,,,,,,,,,,,,,,,,,,,,,,,,,,,,,,,,
,,,,,,,,,,,,,,,,,,,,,,,,,,,,,,,,,,,,,,,,,,,,,,,,,,,,,,,,,,,,,,,,,,,,,,
,,,,,,,,,,,,,,,,,,,,,,,,,,,,,,,,,,,,,,,,,,,,,,,,,,,,,,,,,,,,,,,,,,,,,,
,,,,,,,,,,,,,,,,,,,,,,,,,,,,,,,,,,,,,,,,,,,,,,,,,,,,,,,,,,,,,,,,,,,,,,
,,,,,,,,,,,,,,,,,,,,,,,,,,,,,,,,,,,,,,,,,,,,,,,,,,,,,,,,,,,,,,,,,,,,,,
,,,,,,,,,,,,,,,,,,,,,,,,,,,,,,,,,,,,,,,,,,,,,,,,,,,,,,,,,,,,,,,,,,,,,,
,,,,,,,,,,,,,,,,,,,,,,,,,,,,,,,,,,,,,,,,,,,,,,,,,,,,,,,,,,,,,,,,,,,,,,
,,,,,,,,,,,,,,,,,,,,,,,,,,,,,,,,,,,,,,,,,,,,,,,,,,,,,,,,,,,,,,,,,,,,,,
,,,,,,,,,,,,,,,,,,,,,,,,,,,,,,,,,,,,,,,,,,,,,,,,,,,,,,,,,,,,,,,,,,,,,,
,,,,,,,,,,,,,,,,,,,,,,,,,,,,,,,,,,,,,,,,,,,,,,,,,,,,,,,,,,,,,,,,,,,,,,
,,,,,,,,,,,,,,,,,,,,,,,,,,,,,,,,,,,,,,,,,,,,,,,,,,,,,,,,,,,,,,,,,,,,,,
,,,,,,,,,,,,,,,,,,,,,,,,,,,,,,,,,,,,,,,,,,,,,,,,,,,,,,,,,,,,,,,,,,,,,,
,,,,,,,,,,,,,,,,,,,,,,,,,,,,,,,,,,,,,,,,,,,,,,,,,,,,,,,,,,,,,,,,,,,,,,
,,,,,,,,,,,,,,,,,,,,,,,,,,,,,,,,,,,,,,,,,,,,,,,,,,,,,,,,,,,,,,,,,,,,,,
,,,,,,,,,,,,,,,,,,,,,,,,,,,,,,,,,,,,,,,,,,,,,,,,,,,,,,,,,,,,,,,,,,,,,,
,,,,,,,,,,,,,,,,,,,,,,,,,,,,,,,,,,,,,,,,,,,,,,,,,,,,,,,,,,,,,,,,,,,,,,
,,,,,,,,,,,,,,,,,,,,,,,,,,,,,,,,,,,,,,,,,,,,,,,,,,,,,,,,,,,,,,,,,,,,,,
,,,,,,,,,,,,,,,,,,,,,,,,,,,,,,,,,,,,,,,,,,,,,,,,,,,,,,,,,,,,,,,,,,,,,,
,,,,,,,,,,,,,,,,,,,,,,,,,,,,,,,,,,,,,,,,,,,,,,,,,,,,,,,,,,,,,,,,,,,,,,
,,,,,,,,,,,,,,,,,,,,,,,,,,,,,,,,,,,,,,,,,,,,,,,,,,,,,,,,,,,,,,,,,,,,,,
,,,,,,,,,,,,,,,,,,,,,,,,,,,,,,,,,,,,,,,,,,,,,,,,,,,,,,,,,,,,,,,,,,,,,,
,,,,,,,,,,,,,,,,,,,,,,,,,,,,,,,,,,,,,,,,,,,,,,,,,,,,,,,,,,,,,,,,,,,,,,
,,,,,,,,,,,,,,,,,,,,,,,,,,,,,,,,,,,,,,,,,,,,,,,,,,,,,,,,,,,,,,,,,,,,,,
,,,,,,,,,,,,,,,,,,,,,,,,,,,,,,,,,,,,,,,,,,,,,,,,,,,,,,,,,,,,,,,,,,,,,,
,,,,,,,,,,,,,,,,,,,,,,,,,,,,,,,,,,,,,,,,,,,,,,,,,,,,,,,,,,,,,,,,,,,,,,
,,,,,,,,,,,,,,,,,,,,,,,,,,,,,,,,,,,,,,,,,,,,,,,,,,,,,,,,,,,,,,,,,,,,,,
,,,,,,,,,,,,,,,,,,,,,,,,,,,,,,,,,,,,,,,,,,,,,,,,,,,,,,,,,,,,,,,,,,,,,,
,,,,,,,,,,,,,,,,,,,,,,,,,,,,,,,,,,,,,,,,,,,,,,,,,,,,,,,,,,,,,,,,,,,,,,
,,,,,,,,,,,,,,,,,,,,,,,,,,,,,,,,,,,,,,,,,,,,,,,,,,,,,,,,,,,,,,,,,,,,,,
,,,,,,,,,,,,,,,,,,,,,,,,,,,,,,,,,,,,,,,,,,,,,,,,,,,,,,,,,,,,,,,,,,,,,,
,,,,,,,,,,,,,,,,,,,,,,,,,,,,,,,,,,,,,,,,,,,,,,,,,,,,,,,,,,,,,,,,,,,,,,
,,,,,,,,,,,,,,,,,,,,,,,,,,,,,,,,,,,,,,,,,,,,,,,,,,,,,,,,,,,,,,,,,,,,,,
,,,,,,,,,,,,,,,,,,,,,,,,,,,,,,,,,,,,,,,,,,,,,,,,,,,,,,,,,,,,,,,,,,,,,,
,,,,,,,,,,,,,,,,,,,,,,,,,,,,,,,,,,,,,,,,,,,,,,,,,,,,,,,,,,,,,,,,,,,,,,
,,,,,,,,,,,,,,,,,,,,,,,,,,,,,,,,,,,,,,,,,,,,,,,,,,,,,,,,,,,,,,,,,,,,,,
,,,,,,,,,,,,,,,,,,,,,,,,,,,,,,,,,,,,,,,,,,,,,,,,,,,,,,,,,,,,,,,,,,,,,,
,,,,,,,,,,,,,,,,,,,,,,,,,,,,,,,,,,,,,,,,,,,,,,,,,,,,,,,,,,,,,,,,,,,,,,
,,,,,,,,,,,,,,,,,,,,,,,,,,,,,,,,,,,,,,,,,,,,,,,,,,,,,,,,,,,,,,,,,,,,,,
,,,,,,,,,,,,,,,,,,,,,,,,,,,,,,,,,,,,,,,,,,,,,,,,,,,,,,,,,,,,,,,,,,,,,,
,,,,,,,,,,,,,,,,,,,,,,,,,,,,,,,,,,,,,,,,,,,,,,,,,,,,,,,,,,,,,,,,,,,,,,
,,,,,,,,,,,,,,,,,,,,,,,,,,,,,,,,,,,,,,,,,,,,,,,,,,,,,,,,,,,,,,,,,,,,,,
,,,,,,,,,,,,,,,,,,,,,,,,,,,,,,,,,,,,,,,,,,,,,,,,,,,,,,,,,,,,,,,,,,,,,,
,,,,,,,,,,,,,,,,,,,,,,,,,,,,,,,,,,,,,,,,,,,,,,,,,,,,,,,,,,,,,,,,,,,,,,
,,,,,,,,,,,,,,,,,,,,,,,,,,,,,,,,,,,,,,,,,,,,,,,,,,,,,,,,,,,,,,,,,,,,,,
,,,,,,,,,,,,,,,,,,,,,,,,,,,,,,,,,,,,,,,,,,,,,,,,,,,,,,,,,,,,,,,,,,,,,,
,,,,,,,,,,,,,,,,,,,,,,,,,,,,,,,,,,,,,,,,,,,,,,,,,,,,,,,,,,,,,,,,,,,,,,
,,,,,,,,,,,,,,,,,,,,,,,,,,,,,,,,,,,,,,,,,,,,,,,,,,,,,,,,,,,,,,,,,,,,,,
,,,,,,,,,,,,,,,,,,,,,,,,,,,,,,,,,,,,,,,,,,,,,,,,,,,,,,,,,,,,,,,,,,,,,,
,,,,,,,,,,,,,,,,,,,,,,,,,,,,,,,,,,,,,,,,,,,,,,,,,,,,,,,,,,,,,,,,,,,,,,
,,,,,,,,,,,,,,,,,,,,,,,,,,,,,,,,,,,,,,,,,,,,,,,,,,,,,,,,,,,,,,,,,,,,,,
,,,,,,,,,,,,,,,,,,,,,,,,,,,,,,,,,,,,,,,,,,,,,,,,,,,,,,,,,,,,,,,,,,,,,,
,,,,,,,,,,,,,,,,,,,,,,,,,,,,,,,,,,,,,,,,,,,,,,,,,,,,,,,,,,,,,,,,,,,,,,
,,,,,,,,,,,,,,,,,,,,,,,,,,,,,,,,,,,,,,,,,,,,,,,,,,,,,,,,,,,,,,,,,,,,,,
,,,,,,,,,,,,,,,,,,,,,,,,,,,,,,,,,,,,,,,,,,,,,,,,,,,,,,,,,,,,,,,,,,,,,,
,,,,,,,,,,,,,,,,,,,,,,,,,,,,,,,,,,,,,,,,,,,,,,,,,,,,,,,,,,,,,,,,,,,,,,
,,,,,,,,,,,,,,,,,,,,,,,,,,,,,,,,,,,,,,,,,,,,,,,,,,,,,,,,,,,,,,,,,,,,,,
,,,,,,,,,,,,,,,,,,,,,,,,,,,,,,,,,,,,,,,,,,,,,,,,,,,,,,,,,,,,,,,,,,,,,,
,,,,,,,,,,,,,,,,,,,,,,,,,,,,,,,,,,,,,,,,,,,,,,,,,,,,,,,,,,,,,,,,,,,,,,
,,,,,,,,,,,,,,,,,,,,,,,,,,,,,,,,,,,,,,,,,,,,,,,,,,,,,,,,,,,,,,,,,,,,,,
,,,,,,,,,,,,,,,,,,,,,,,,,,,,,,,,,,,,,,,,,,,,,,,,,,,,,,,,,,,,,,,,,,,,,,
,,,,,,,,,,,,,,,,,,,,,,,,,,,,,,,,,,,,,,,,,,,,,,,,,,,,,,,,,,,,,,,,,,,,,,
,,,,,,,,,,,,,,,,,,,,,,,,,,,,,,,,,,,,,,,,,,,,,,,,,,,,,,,,,,,,,,,,,,,,,,
,,,,,,,,,,,,,,,,,,,,,,,,,,,,,,,,,,,,,,,,,,,,,,,,,,,,,,,,,,,,,,,,,,,,,,
,,,,,,,,,,,,,,,,,,,,,,,,,,,,,,,,,,,,,,,,,,,,,,,,,,,,,,,,,,,,,,,,,,,,,,
,,,,,,,,,,,,,,,,,,,,,,,,,,,,,,,,,,,,,,,,,,,,,,,,,,,,,,,,,,,,,,,,,,,,,,
,,,,,,,,,,,,,,,,,,,,,,,,,,,,,,,,,,,,,,,,,,,,,,,,,,,,,,,,,,,,,,,,,,,,,,
,,,,,,,,,,,,,,,,,,,,,,,,,,,,,,,,,,,,,,,,,,,,,,,,,,,,,,,,,,,,,,,,,,,,,,
,,,,,,,,,,,,,,,,,,,,,,,,,,,,,,,,,,,,,,,,,,,,,,,,,,,,,,,,,,,,,,,,,,,,,,
,,,,,,,,,,,,,,,,,,,,,,,,,,,,,,,,,,,,,,,,,,,,,,,,,,,,,,,,,,,,,,,,,,,,,,
,,,,,,,,,,,,,,,,,,,,,,,,,,,,,,,,,,,,,,,,,,,,,,,,,,,,,,,,,,,,,,,,,,,,,,
,,,,,,,,,,,,,,,,,,,,,,,,,,,,,,,,,,,,,,,,,,,,,,,,,,,,,,,,,,,,,,,,,,,,,,
,,,,,,,,,,,,,,,,,,,,,,,,,,,,,,,,,,,,,,,,,,,,,,,,,,,,,,,,,,,,,,,,,,,,,,
,,,,,,,,,,,,,,,,,,,,,,,,,,,,,,,,,,,,,,,,,,,,,,,,,,,,,,,,,,,,,,,,,,,,,,
,,,,,,,,,,,,,,,,,,,,,,,,,,,,,,,,,,,,,,,,,,,,,,,,,,,,,,,,,,,,,,,,,,,,,,
,,,,,,,,,,,,,,,,,,,,,,,,,,,,,,,,,,,,,,,,,,,,,,,,,,,,,,,,,,,,,,,,,,,,,,
,,,,,,,,,,,,,,,,,,,,,,,,,,,,,,,,,,,,,,,,,,,,,,,,,,,,,,,,,,,,,,,,,,,,,,
,,,,,,,,,,,,,,,,,,,,,,,,,,,,,,,,,,,,,,,,,,,,,,,,,,,,,,,,,,,,,,,,,,,,,,
,,,,,,,,,,,,,,,,,,,,,,,,,,,,,,,,,,,,,,,,,,,,,,,,,,,,,,,,,,,,,,,,,,,,,,
,,,,,,,,,,,,,,,,,,,,,,,,,,,,,,,,,,,,,,,,,,,,,,,,,,,,,,,,,,,,,,,,,,,,,,
,,,,,,,,,,,,,,,,,,,,,,,,,,,,,,,,,,,,,,,,,,,,,,,,,,,,,,,,,,,,,,,,,,,,,,
,,,,,,,,,,,,,,,,,,,,,,,,,,,,,,,,,,,,,,,,,,,,,,,,,,,,,,,,,,,,,,,,,,,,,,
,,,,,,,,,,,,,,,,,,,,,,,,,,,,,,,,,,,,,,,,,,,,,,,,,,,,,,,,,,,,,,,,,,,,,,
,,,,,,,,,,,,,,,,,,,,,,,,,,,,,,,,,,,,,,,,,,,,,,,,,,,,,,,,,,,,,,,,,,,,,,
,,,,,,,,,,,,,,,,,,,,,,,,,,,,,,,,,,,,,,,,,,,,,,,,,,,,,,,,,,,,,,,,,,,,,,
,,,,,,,,,,,,,,,,,,,,,,,,,,,,,,,,,,,,,,,,,,,,,,,,,,,,,,,,,,,,,,,,,,,,,,
,,,,,,,,,,,,,,,,,,,,,,,,,,,,,,,,,,,,,,,,,,,,,,,,,,,,,,,,,,,,,,,,,,,,,,
,,,,,,,,,,,,,,,,,,,,,,,,,,,,,,,,,,,,,,,,,,,,,,,,,,,,,,,,,,,,,,,,,,,,,,
,,,,,,,,,,,,,,,,,,,,,,,,,,,,,,,,,,,,,,,,,,,,,,,,,,,,,,,,,,,,,,,,,,,,,,
,,,,,,,,,,,,,,,,,,,,,,,,,,,,,,,,,,,,,,,,,,,,,,,,,,,,,,,,,,,,,,,,,,,,,,
,,,,,,,,,,,,,,,,,,,,,,,,,,,,,,,,,,,,,,,,,,,,,,,,,,,,,,,,,,,,,,,,,,,,,,
,,,,,,,,,,,,,,,,,,,,,,,,,,,,,,,,,,,,,,,,,,,,,,,,,,,,,,,,,,,,,,,,,,,,,,
,,,,,,,,,,,,,,,,,,,,,,,,,,,,,,,,,,,,,,,,,,,,,,,,,,,,,,,,,,,,,,,,,,,,,,
,,,,,,,,,,,,,,,,,,,,,,,,,,,,,,,,,,,,,,,,,,,,,,,,,,,,,,,,,,,,,,,,,,,,,,
,,,,,,,,,,,,,,,,,,,,,,,,,,,,,,,,,,,,,,,,,,,,,,,,,,,,,,,,,,,,,,,,,,,,,,
,,,,,,,,,,,,,,,,,,,,,,,,,,,,,,,,,,,,,,,,,,,,,,,,,,,,,,,,,,,,,,,,,,,,,,
,,,,,,,,,,,,,,,,,,,,,,,,,,,,,,,,,,,,,,,,,,,,,,,,,,,,,,,,,,,,,,,,,,,,,,
,,,,,,,,,,,,,,,,,,,,,,,,,,,,,,,,,,,,,,,,,,,,,,,,,,,,,,,,,,,,,,,,,,,,,,
,,,,,,,,,,,,,,,,,,,,,,,,,,,,,,,,,,,,,,,,,,,,,,,,,,,,,,,,,,,,,,,,,,,,,,
,,,,,,,,,,,,,,,,,,,,,,,,,,,,,,,,,,,,,,,,,,,,,,,,,,,,,,,,,,,,,,,,,,,,,,
,,,,,,,,,,,,,,,,,,,,,,,,,,,,,,,,,,,,,,,,,,,,,,,,,,,,,,,,,,,,,,,,,,,,,,
,,,,,,,,,,,,,,,,,,,,,,,,,,,,,,,,,,,,,,,,,,,,,,,,,,,,,,,,,,,,,,,,,,,,,,
,,,,,,,,,,,,,,,,,,,,,,,,,,,,,,,,,,,,,,,,,,,,,,,,,,,,,,,,,,,,,,,,,,,,,,
,,,,,,,,,,,,,,,,,,,,,,,,,,,,,,,,,,,,,,,,,,,,,,,,,,,,,,,,,,,,,,,,,,,,,,
,,,,,,,,,,,,,,,,,,,,,,,,,,,,,,,,,,,,,,,,,,,,,,,,,,,,,,,,,,,,,,,,,,,,,,
,,,,,,,,,,,,,,,,,,,,,,,,,,,,,,,,,,,,,,,,,,,,,,,,,,,,,,,,,,,,,,,,,,,,,,
,,,,,,,,,,,,,,,,,,,,,,,,,,,,,,,,,,,,,,,,,,,,,,,,,,,,,,,,,,,,,,,,,,,,,,
,,,,,,,,,,,,,,,,,,,,,,,,,,,,,,,,,,,,,,,,,,,,,,,,,,,,,,,,,,,,,,,,,,,,,,
,,,,,,,,,,,,,,,,,,,,,,,,,,,,,,,,,,,,,,,,,,,,,,,,,,,,,,,,,,,,,,,,,,,,,,
,,,,,,,,,,,,,,,,,,,,,,,,,,,,,,,,,,,,,,,,,,,,,,,,,,,,,,,,,,,,,,,,,,,,,,
,,,,,,,,,,,,,,,,,,,,,,,,,,,,,,,,,,,,,,,,,,,,,,,,,,,,,,,,,,,,,,,,,,,,,,
,,,,,,,,,,,,,,,,,,,,,,,,,,,,,,,,,,,,,,,,,,,,,,,,,,,,,,,,,,,,,,,,,,,,,,
,,,,,,,,,,,,,,,,,,,,,,,,,,,,,,,,,,,,,,,,,,,,,,,,,,,,,,,,,,,,,,,,,,,,,,
,,,,,,,,,,,,,,,,,,,,,,,,,,,,,,,,,,,,,,,,,,,,,,,,,,,,,,,,,,,,,,,,,,,,,,
,,,,,,,,,,,,,,,,,,,,,,,,,,,,,,,,,,,,,,,,,,,,,,,,,,,,,,,,,,,,,,,,,,,,,,
,,,,,,,,,,,,,,,,,,,,,,,,,,,,,,,,,,,,,,,,,,,,,,,,,,,,,,,,,,,,,,,,,,,,,,
,,,,,,,,,,,,,,,,,,,,,,,,,,,,,,,,,,,,,,,,,,,,,,,,,,,,,,,,,,,,,,,,,,,,,,
,,,,,,,,,,,,,,,,,,,,,,,,,,,,,,,,,,,,,,,,,,,,,,,,,,,,,,,,,,,,,,,,,,,,,,
,,,,,,,,,,,,,,,,,,,,,,,,,,,,,,,,,,,,,,,,,,,,,,,,,,,,,,,,,,,,,,,,,,,,,,
,,,,,,,,,,,,,,,,,,,,,,,,,,,,,,,,,,,,,,,,,,,,,,,,,,,,,,,,,,,,,,,,,,,,,,
,,,,,,,,,,,,,,,,,,,,,,,,,,,,,,,,,,,,,,,,,,,,,,,,,,,,,,,,,,,,,,,,,,,,,,
,,,,,,,,,,,,,,,,,,,,,,,,,,,,,,,,,,,,,,,,,,,,,,,,,,,,,,,,,,,,,,,,,,,,,,
,,,,,,,,,,,,,,,,,,,,,,,,,,,,,,,,,,,,,,,,,,,,,,,,,,,,,,,,,,,,,,,,,,,,,,
,,,,,,,,,,,,,,,,,,,,,,,,,,,,,,,,,,,,,,,,,,,,,,,,,,,,,,,,,,,,,,,,,,,,,,
,,,,,,,,,,,,,,,,,,,,,,,,,,,,,,,,,,,,,,,,,,,,,,,,,,,,,,,,,,,,,,,,,,,,,,
,,,,,,,,,,,,,,,,,,,,,,,,,,,,,,,,,,,,,,,,,,,,,,,,,,,,,,,,,,,,,,,,,,,,,,
,,,,,,,,,,,,,,,,,,,,,,,,,,,,,,,,,,,,,,,,,,,,,,,,,,,,,,,,,,,,,,,,,,,,,,
,,,,,,,,,,,,,,,,,,,,,,,,,,,,,,,,,,,,,,,,,,,,,,,,,,,,,,,,,,,,,,,,,,,,,,
,,,,,,,,,,,,,,,,,,,,,,,,,,,,,,,,,,,,,,,,,,,,,,,,,,,,,,,,,,,,,,,,,,,,,,
